page,slug,query,clicks,impressions,ctr,position
"https://studionol.co.kr/ko/practice-room",,"음악작업실 월세",21,181,11.60,4.5
"https://studionol.co.kr/ko/stories/practice-room-vocal-falsetto-technique1",practice-room-vocal-falsetto-technique1,"팔세토",21,1445,1.45,4.4
"https://studionol.co.kr/ko",,"스튜디오 놀",20,56,35.71,1.3
"https://studionol.co.kr/ko/stories/eq1",eq1,"eq 설정",19,120,15.83,3.3
"https://studionol.co.kr/ko/stories/headvoice1",headvoice1,"두성",19,1990,0.95,6.9
"https://studionol.co.kr/ko/stories/highnote1",highnote1,"고음 내는법",19,1210,1.57,6.9
"https://studionol.co.kr/ko/stories/producer1",producer1,"프로듀서 되는법",18,225,8.00,2.4
"https://studionol.co.kr/ko/stories/headvoice1",headvoice1,"두성 내는법",17,706,2.41,6.1
"https://studionol.co.kr/ko/stories/mixvoice1",mixvoice1,"믹스보이스 내는법",17,281,6.05,5.4
"https://studionol.co.kr/ko/stories/producer1",producer1,"음악 프로듀서 되는 법",17,140,12.14,1.7
"https://studionol.co.kr/ko/stories/eq1",eq1,"보컬 eq",15,168,8.93,5.4
"https://studionol.co.kr/ko/stories/bass-mixing1",bass-mixing1,"베이스 eq",14,167,8.38,4.7
"https://studionol.co.kr/ko/stories/chord-progression1",chord-progression1,"코드진행",13,491,2.65,4.7
"https://studionol.co.kr/ko/stories/copyright-cover1",copyright-cover1,"커버곡 저작권",13,357,3.64,3.3
"https://studionol.co.kr/ko/stories/daw-choice1",daw-choice1,"daw 추천",13,419,3.10,4.9
"https://studionol.co.kr/ko/practice-room",,"음악 작업실",12,223,5.38,7.7
"https://studionol.co.kr/ko/stories/chord-progression1",chord-progression1,"코드 진행",12,347,3.46,4.9
"https://studionol.co.kr/ko/stories/practice-room-monthly1",practice-room-monthly1,"음악작업실 월세",12,154,7.79,7.0
"https://studionol.co.kr/ko/stories/practice-room-vocal1",practice-room-vocal1,"보컬 연습실",12,207,5.80,6.0
"https://studionol.co.kr/ko/stories/vocal-microphone1",vocal-microphone1,"콘덴서 마이크 추천",12,327,3.67,4.7
"https://studionol.co.kr/ko/practice-room",,"음악 작업실 월세",11,116,9.48,4.0
"https://studionol.co.kr/ko/stories/copyright-cover1",copyright-cover1,"유튜브 커버곡 저작권",11,146,7.53,4.0
"https://studionol.co.kr/ko/stories/mixvoice1",mixvoice1,"믹스보이스",11,804,1.37,6.2
"https://studionol.co.kr/ko/stories/practice-room-bass-tapping1",practice-room-bass-tapping1,"베이스 태핑",11,102,10.78,3.7
"https://studionol.co.kr/ko/practice-room",,"음악연습실 월세",10,105,9.52,3.4
"https://studionol.co.kr/ko/stories/plugins1",plugins1,"보컬 플러그인 추천",10,50,20.00,4.9
"https://studionol.co.kr/ko/stories/practice-room-vocal-soul1",practice-room-vocal-soul1,"멜리즈마",10,950,1.05,4.1
"https://studionol.co.kr/ko/stories/vocal-compression1",vocal-compression1,"보컬 컴프레서",10,81,12.35,4.3
"https://studionol.co.kr/ko/stories/eq1",eq1,"보컬 eq 세팅",9,74,12.16,4.6
"https://studionol.co.kr/ko/stories/music-marketing1",music-marketing1,"음악 마케팅",9,70,12.86,3.9
"https://studionol.co.kr/ko/stories/plugins1",plugins1,"보컬 플러그인",9,66,13.64,6.5
"https://studionol.co.kr/ko/stories/practice-room-monthly1",practice-room-monthly1,"음악 작업실 월세",9,99,9.09,6.4
"https://studionol.co.kr/ko/stories/single-release1",single-release1,"음원 발매 방법",9,109,8.26,4.9
"https://studionol.co.kr/ko/stories/song-key1",song-key1,"노래방 키",9,73,12.33,3.7
"https://studionol.co.kr/ko/stories/copyright-cover1",copyright-cover1,"노래 커버 저작권",8,90,8.89,4.1
"https://studionol.co.kr/ko/stories/drum-mixing1",drum-mixing1,"드럼 믹싱",8,64,12.50,5.1
"https://studionol.co.kr/ko/stories/flstudio1",flstudio1,"fl studio 녹음",8,37,21.62,5.8
"https://studionol.co.kr/ko/stories/practice-room-piano-sight-play1",practice-room-piano-sight-play1,"피아노 코드 반주 패턴",8,188,4.26,6.8
"https://studionol.co.kr/ko/stories/practice-room-vocal-falsetto-technique1",practice-room-vocal-falsetto-technique1,"팔세토 창법",8,351,2.28,5.2
"https://studionol.co.kr/ko/stories/songstructure1",songstructure1,"송폼",8,919,0.87,6.7
"https://studionol.co.kr/ko/stories/epk1",epk1,"epk",7,752,0.93,5.8
"https://studionol.co.kr/ko/stories/melodyne1",melodyne1,"멜로다인 사용법",7,157,4.46,7.0
"https://studionol.co.kr/ko/stories/practice-room-drum-rudiments1",practice-room-drum-rudiments1,"루디먼트",7,247,2.83,6.2
"https://studionol.co.kr/ko/stories/practice-room-guitar-tremolo-picking1",practice-room-guitar-tremolo-picking1,"트레몰로 피킹",7,98,7.14,4.9
"https://studionol.co.kr/ko/stories/practice-room-saxophone1",practice-room-saxophone1,"색소폰 연습실",7,64,10.94,4.3
"https://studionol.co.kr/ko/stories/song-key1",song-key1,"노래 키 찾는법",7,64,10.94,6.1
"https://studionol.co.kr/ko/stories/song-key1",song-key1,"노래방 키 찾는 법",7,48,14.58,3.5
"https://studionol.co.kr/ko/stories/vocal-range1",vocal-range1,"고음확장기 효과",7,87,8.05,4.6
"https://studionol.co.kr/ko/stories/vocalrange1",vocalrange1,"음역대",7,678,1.03,7.2
"https://studionol.co.kr/ko/practice-room",,"숙식 연습실",6,57,10.53,5.6
"https://studionol.co.kr/ko/stories/daw-choice1",daw-choice1,"로직 에이블톤",6,27,22.22,5.0
"https://studionol.co.kr/ko/stories/delay-types1",delay-types1,"슬랩백 딜레이",6,65,9.23,3.6
"https://studionol.co.kr/ko/stories/distribution1",distribution1,"음원 유통사 추천",6,181,3.31,6.4
"https://studionol.co.kr/ko/stories/loudness1",loudness1,"lufs",6,508,1.18,5.8
"https://studionol.co.kr/ko/stories/music-marketing1",music-marketing1,"음원 홍보",6,34,17.65,9.5
"https://studionol.co.kr/ko/stories/plugins1",plugins1,"컴프레서 플러그인 추천",6,52,11.54,5.1
"https://studionol.co.kr/ko/stories/practice-room-monthly1",practice-room-monthly1,"방음 작업실 월세",6,55,10.91,6.1
"https://studionol.co.kr/ko/stories/practice-room-transfer1",practice-room-transfer1,"연습실 매매",6,43,13.95,8.3
"https://studionol.co.kr/ko/stories/producer1",producer1,"음악 프로듀서",6,794,0.76,7.0
"https://studionol.co.kr/ko/stories/recording-price1",recording-price1,"믹싱 마스터링 비용",6,70,8.57,6.6
"https://studionol.co.kr/ko/stories/singapp1",singapp1,"노래 연습 앱",6,55,10.91,3.9
"https://studionol.co.kr/ko/stories/vocal-chain1",vocal-chain1,"보컬 믹싱 순서",6,102,5.88,5.8
"https://studionol.co.kr/ko/stories/vocal-compression1",vocal-compression1,"보컬 컴프레서 세팅",6,46,13.04,3.7
"https://studionol.co.kr/ko/stories/vocal-range1",vocal-range1,"고음확장기 사용법",6,39,15.38,5.4
"https://studionol.co.kr/ko/practice-room",,"방음 연습실 월세",5,79,6.33,3.4
"https://studionol.co.kr/ko/practice-room",,"방음 작업실 월세",5,99,5.05,6.6
"https://studionol.co.kr/ko/practice-room",,"서울 음악작업실 월세",5,96,5.21,3.6
"https://studionol.co.kr/ko/practice-room",,"음악작업실",5,111,4.50,8.3
"https://studionol.co.kr/ko/stories/autotune1",autotune1,"오토튠 사용법",5,211,2.37,7.1
"https://studionol.co.kr/ko/stories/bass-mixing1",bass-mixing1,"베이스 eq 설정",5,60,8.33,5.3
"https://studionol.co.kr/ko/stories/chord-progression1",chord-progression1,"코드 진행 패턴",5,61,8.20,4.6
"https://studionol.co.kr/ko/stories/coverrecording1",coverrecording1,"노래 커버 하는법",5,44,11.36,5.7
"https://studionol.co.kr/ko/stories/delay1",delay1,"딜레이 리버브 순서",5,73,6.85,4.2
"https://studionol.co.kr/ko/stories/distribution1",distribution1,"distrokid 사용법",5,70,7.14,4.5
"https://studionol.co.kr/ko/stories/headvoice1",headvoice1,"두성내는법",5,88,5.68,5.8
"https://studionol.co.kr/ko/stories/practice-room-drum-snare-tuning1",practice-room-drum-snare-tuning1,"스네어 튜닝",5,70,7.14,5.5
"https://studionol.co.kr/ko/stories/practice-room-guitar-blues-licks1",practice-room-guitar-blues-licks1,"블루스 릭",5,77,6.49,6.4
"https://studionol.co.kr/ko/stories/practice-room-monthly1",practice-room-monthly1,"방음 연습실 월세",5,45,11.11,7.4
"https://studionol.co.kr/ko/stories/practice-room-monthly1",practice-room-monthly1,"음악 작업실",5,54,9.26,9.3
"https://studionol.co.kr/ko/stories/practice-room-transfer1",practice-room-transfer1,"녹음실 매매",5,31,16.13,5.5
"https://studionol.co.kr/ko/stories/producer1",producer1,"힙합 프로듀서 되는법",5,68,7.35,2.7
"https://studionol.co.kr/ko/stories/reverb-types1",reverb-types1,"리버브 종류",5,128,3.91,4.9
"https://studionol.co.kr/ko/stories/singapp1",singapp1,"노래 연습 프로그램",5,24,20.83,4.1
"https://studionol.co.kr/ko/stories/song-key1",song-key1,"노래방 키 기준",5,59,8.47,4.6
"https://studionol.co.kr/ko/stories/vocal-microphone1",vocal-microphone1,"보컬 녹음용 마이크 추천",5,324,1.54,5.4
"https://studionol.co.kr/ko/stories/vocal1",vocal1,"보컬 독학",5,91,5.49,4.9
"https://studionol.co.kr/ko/stories/vocalrange1",vocalrange1,"바리톤 음역대",5,310,1.61,4.4
"https://studionol.co.kr/ko/stories/voiceactor1",voiceactor1,"성우 오디션",5,88,5.68,7.0
"https://studionol.co.kr/ko/practice-room",,"서울 작업실 월세",4,59,6.78,4.6
"https://studionol.co.kr/ko/practice-room",,"숙식연습실",4,31,12.90,5.7
"https://studionol.co.kr/ko/practice-room",,"숙식작업실",4,50,8.00,6.2
"https://studionol.co.kr/ko/practice-room",,"연습실 월세",4,61,6.56,4.5
"https://studionol.co.kr/ko/practice-room",,"작업실 월세",4,146,2.74,7.0
"https://studionol.co.kr/ko/stories/condenser-mic1",condenser-mic1,"콘덴서 마이크 추천",4,72,5.56,11.2
"https://studionol.co.kr/ko/stories/coverrecording1",coverrecording1,"커버곡 만드는법",4,65,6.15,6.8
"https://studionol.co.kr/ko/stories/deesser1",deesser1,"디에서",4,120,3.33,5.7
"https://studionol.co.kr/ko/stories/distribution1",distribution1,"국내 음원 유통사 추천",4,61,6.56,6.8
"https://studionol.co.kr/ko/stories/frequency-spectrum1",frequency-spectrum1,"악기별 주파수 대역",4,70,5.71,4.9
"https://studionol.co.kr/ko/stories/lyrics-memo1",lyrics-memo1,"가사 빨리 외우는 법",4,32,12.50,3.7
"https://studionol.co.kr/ko/stories/mic-placement1",mic-placement1,"콘덴서 마이크 위치",4,95,4.21,4.6
"https://studionol.co.kr/ko/stories/mixing-complete-guide",mixing-complete-guide,"믹싱 강의",4,58,6.90,5.9
"https://studionol.co.kr/ko/stories/mixing-complete-guide",mixing-complete-guide,"믹싱 순서",4,36,11.11,5.9
"https://studionol.co.kr/ko/stories/music-marketing1",music-marketing1,"음악 홍보",4,44,9.09,4.2
"https://studionol.co.kr/ko/stories/music-marketing1",music-marketing1,"음원 마케팅",4,40,10.00,5.5
"https://studionol.co.kr/ko/stories/practice-room-bass-detuning1",practice-room-bass-detuning1,"베이스 다운튜닝",4,57,7.02,5.3
"https://studionol.co.kr/ko/stories/practice-room-bass-fingering1",practice-room-bass-fingering1,"베이스 핑거링",4,155,2.58,6.7
"https://studionol.co.kr/ko/stories/practice-room-guitar-clean-tone1",practice-room-guitar-clean-tone1,"기타 클린톤",4,30,13.33,5.6
"https://studionol.co.kr/ko/stories/practice-room-guitar-double-stop1",practice-room-guitar-double-stop1,"더블스탑 기타",4,35,11.43,3.6
"https://studionol.co.kr/ko/stories/practice-room-guitar-economy-picking1",practice-room-guitar-economy-picking1,"이코노미 피킹",4,207,1.93,6.2
"https://studionol.co.kr/ko/stories/practice-room-price1",practice-room-price1,"연습실 한달 대여 가격",4,65,6.15,5.6
"https://studionol.co.kr/ko/stories/practice-room-startup1",practice-room-startup1,"연습실 창업",4,48,8.33,3.6
"https://studionol.co.kr/ko/stories/practice-room-vocal-range1",practice-room-vocal-range1,"고음확장기 사용법",4,224,1.79,5.0
"https://studionol.co.kr/ko/stories/practice-room-vocal-scatting1",practice-room-vocal-scatting1,"스캣 발음",4,24,16.67,5.5
"https://studionol.co.kr/ko/stories/practice-room-vocal-soul1",practice-room-vocal-soul1,"멜리스마",4,192,2.08,4.9
"https://studionol.co.kr/ko/stories/revenue1",revenue1,"음원수익",4,70,5.71,4.9
"https://studionol.co.kr/ko/stories/singapp1",singapp1,"노래 연습 어플",4,33,12.12,3.3
"https://studionol.co.kr/ko/stories/song-key1",song-key1,"내 목소리에 맞는 노래 찾기",4,69,5.80,5.3
"https://studionol.co.kr/ko/stories/songstructure1",songstructure1,"송 폼",4,61,6.56,5.6
"https://studionol.co.kr/ko/stories/songstructure1",songstructure1,"프리코러스",4,981,0.41,7.7
"https://studionol.co.kr/ko/stories/studio-compare1",studio-compare1,"서울 녹음실",4,42,9.52,8.9
"https://studionol.co.kr/ko/stories/vocal-posture1",vocal-posture1,"올바른 발성",4,63,6.35,4.8
"https://studionol.co.kr/ko/voice-acting",,"성우 녹음실",4,38,10.53,16.4
"https://studionol.co.kr/ko/practice-room",,"음악 연습실 월세",3,28,10.71,2.6
"https://studionol.co.kr/ko/stories/autotune1",autotune1,"오토튠 쓰는법",3,289,1.04,6.7
"https://studionol.co.kr/ko/stories/bass-mixing1",bass-mixing1,"베이스 이퀄라이저 설정 추천",3,26,11.54,6.3
"https://studionol.co.kr/ko/stories/chord-progression1",chord-progression1,"재즈 코드진행",3,67,4.48,6.3
"https://studionol.co.kr/ko/stories/chordprog1",chordprog1,"발라드 코드",3,78,3.85,4.6
"https://studionol.co.kr/ko/stories/daw-choice1",daw-choice1,"큐베이스 로직",3,52,5.77,5.5
"https://studionol.co.kr/ko/stories/daw1",daw1,"daw 가격",3,60,5.00,3.5
"https://studionol.co.kr/ko/stories/distribution1",distribution1,"distrokid",3,1043,0.29,8.0
"https://studionol.co.kr/ko/stories/distribution1",distribution1,"음원 유통사 순위",3,25,12.00,10.8
"https://studionol.co.kr/ko/stories/drum-mixing1",drum-mixing1,"드럼 eq",3,58,5.17,5.0
"https://studionol.co.kr/ko/stories/fabfilter1",fabfilter1,"fabfilter pro q3",3,95,3.16,7.9
"https://studionol.co.kr/ko/stories/falsetto1",falsetto1,"가성",3,514,0.58,5.7
"https://studionol.co.kr/ko/stories/falsetto1",falsetto1,"팔세토",3,648,0.46,9.1
"https://studionol.co.kr/ko/stories/highnote1",highnote1,"두성 내는법",3,48,6.25,13.9
"https://studionol.co.kr/ko/stories/hiphop-vocal1",hiphop-vocal1,"보컬플로우",3,285,1.05,5.5
"https://studionol.co.kr/ko/stories/lyric-writing1",lyric-writing1,"작사 하는법",3,57,5.26,7.6
"https://studionol.co.kr/ko/stories/mic-placement1",mic-placement1,"마이크 위치",3,155,1.94,5.7
"https://studionol.co.kr/ko/stories/mixing-complete-guide",mixing-complete-guide,"마스터링 순서",3,21,14.29,8.9
"https://studionol.co.kr/ko/stories/mixing-complete-guide",mixing-complete-guide,"믹싱 레슨",3,22,13.64,9.8
"https://studionol.co.kr/ko/stories/mixing11",mixing11,"에디팅",3,317,0.95,3.5
"https://studionol.co.kr/ko/stories/original-song1",original-song1,"자작곡 만들기",3,52,5.77,6.6
"https://studionol.co.kr/ko/stories/plugins1",plugins1,"보컬 컴프레서 추천",3,42,7.14,4.4
"https://studionol.co.kr/ko/stories/plugins1",plugins1,"플러그인 추천",3,76,3.95,6.6
"https://studionol.co.kr/ko/stories/practice-room-bass-pentatonic1",practice-room-bass-pentatonic1,"베이스 펜타토닉",3,42,7.14,5.5
"https://studionol.co.kr/ko/stories/practice-room-bass1",practice-room-bass1,"베이스 연습실",3,39,7.69,4.9
"https://studionol.co.kr/ko/stories/practice-room-drum-rudiments1",practice-room-drum-rudiments1,"드럼 루디먼트",3,94,3.19,6.1
"https://studionol.co.kr/ko/stories/practice-room-drum-snare1",practice-room-drum-snare1,"림샷",3,400,0.75,5.7
"https://studionol.co.kr/ko/stories/practice-room-drum-snare1",practice-room-drum-snare1,"림샷 드럼",3,15,20.00,3.9
"https://studionol.co.kr/ko/stories/practice-room-guitar-archtop1",practice-room-guitar-archtop1,"아치탑 기타",3,83,3.61,9.0
"https://studionol.co.kr/ko/stories/practice-room-guitar-capo-techniques1",practice-room-guitar-capo-techniques1,"카포 코드 변환",3,86,3.49,4.5
"https://studionol.co.kr/ko/stories/practice-room-guitar-double-stop1",practice-room-guitar-double-stop1,"기타 더블스탑",3,42,7.14,3.7
"https://studionol.co.kr/ko/stories/practice-room-guitar-flamenco1",practice-room-guitar-flamenco1,"라스게아도",3,124,2.42,6.3
"https://studionol.co.kr/ko/stories/practice-room-guitar-harmonics1",practice-room-guitar-harmonics1,"태핑 하모닉스",3,48,6.25,5.0
"https://studionol.co.kr/ko/stories/practice-room-guitar-jazz-chords1",practice-room-guitar-jazz-chords1,"기타 코드 보이싱",3,41,7.32,8.6
"https://studionol.co.kr/ko/stories/practice-room-midi1",practice-room-midi1,"미디 작업실",3,45,6.67,6.8
"https://studionol.co.kr/ko/stories/practice-room-monthly1",practice-room-monthly1,"음악연습실 월세",3,55,5.45,5.5
"https://studionol.co.kr/ko/stories/practice-room-piano-classical-technique1",practice-room-piano-classical-technique1,"피아노 테크닉 종류",3,26,11.54,5.4
"https://studionol.co.kr/ko/stories/practice-room-piano-technique1",practice-room-piano-technique1,"손가락 독립 훈련",3,60,5.00,5.8
"https://studionol.co.kr/ko/stories/practice-room-piano-technique31",practice-room-piano-technique31,"피아노 옥타브",3,119,2.52,8.2
"https://studionol.co.kr/ko/stories/practice-room-price1",practice-room-price1,"음악연습실 대여 가격",3,40,7.50,5.6
"https://studionol.co.kr/ko/stories/practice-room-rental1",practice-room-rental1,"기타 연습실 대여",3,36,8.33,8.2
"https://studionol.co.kr/ko/stories/practice-room-transfer1",practice-room-transfer1,"연습실 양도",3,27,11.11,3.8
"https://studionol.co.kr/ko/stories/practice-room-vocal-diction1",practice-room-vocal-diction1,"딕션",3,1883,0.16,5.7
"https://studionol.co.kr/ko/stories/practice-room-vocal-range1",practice-room-vocal-range1,"고음확장기",3,272,1.10,10.0
"https://studionol.co.kr/ko/stories/practice-room-vocal-soul1",practice-room-vocal-soul1,"멜리스마 연습",3,18,16.67,2.4
"https://studionol.co.kr/ko/stories/practice-room-vocal1",practice-room-vocal1,"보컬연습실",3,84,3.57,6.5
"https://studionol.co.kr/ko/stories/recording-environment1",recording-environment1,"홈레코딩 방음",3,48,6.25,6.9
"https://studionol.co.kr/ko/stories/recording-price1",recording-price1,"마스터링 비용",3,55,5.45,5.9
"https://studionol.co.kr/ko/stories/recording-price1",recording-price1,"믹싱 비용",3,57,5.26,6.5
"https://studionol.co.kr/ko/stories/revenue1",revenue1,"스포티파이 수익",3,101,2.97,6.5
"https://studionol.co.kr/ko/stories/revenue1",revenue1,"음원 수익 분배 구조",3,26,11.54,9.7
"https://studionol.co.kr/ko/stories/singapp1",singapp1,"노래 실력 평가 앱",3,20,15.00,6.3
"https://studionol.co.kr/ko/stories/song-key1",song-key1,"내 음역대 찾기",3,20,15.00,10.9
"https://studionol.co.kr/ko/stories/song-key1",song-key1,"노래 키 찾는 법",3,35,8.57,5.8
"https://studionol.co.kr/ko/stories/song-key1",song-key1,"목소리 키 찾는 법",3,24,12.50,4.3
"https://studionol.co.kr/ko/stories/songstructure1",songstructure1,"pre chorus",3,85,3.53,8.8
"https://studionol.co.kr/ko/stories/songwriting1",songwriting1,"작곡법",3,51,5.88,4.9
"https://studionol.co.kr/ko/stories/streaming-platforms1",streaming-platforms1,"멜론 애플뮤직",3,21,14.29,5.4
"https://studionol.co.kr/ko/stories/streaming-platforms1",streaming-platforms1,"스트리밍 사이트 비교",3,77,3.90,3.8
"https://studionol.co.kr/ko/stories/streaming-platforms1",streaming-platforms1,"음악 스트리밍 비교",3,33,9.09,5.0
"https://studionol.co.kr/ko/stories/studio-compare1",studio-compare1,"서울 레코딩 스튜디오",3,7,42.86,4.7
"https://studionol.co.kr/ko/stories/vocal-microphone1",vocal-microphone1,"보컬용 다이나믹 마이크 추천",3,91,3.30,7.5
"https://studionol.co.kr/ko/stories/vocal-microphone1",vocal-microphone1,"보컬용 콘덴서 마이크 추천",3,50,6.00,5.9
"https://studionol.co.kr/ko/stories/vocal-nutrition1",vocal-nutrition1,"가수 목 관리 음식",3,60,5.00,2.5
"https://studionol.co.kr/ko",,"studio nol",2,8,25.00,1.4
"https://studionol.co.kr/ko/about",,"studio nol",2,8,25.00,4.0
"https://studionol.co.kr/ko/practice-room",,"방음 스튜디오 월세",2,41,4.88,5.4
"https://studionol.co.kr/ko/practice-room",,"숙식 작업실",2,63,3.17,6.5
"https://studionol.co.kr/ko/practice-room",,"음악작업실 임대",2,23,8.70,6.7
"https://studionol.co.kr/ko/stories/ableton1",ableton1,"에이블톤 녹음",2,45,4.44,6.8
"https://studionol.co.kr/ko/stories/ai-music1",ai-music1,"ai 보컬 믹싱",2,19,10.53,7.5
"https://studionol.co.kr/ko/stories/audioformat1",audioformat1,"mp3 wav 차이",2,236,0.85,6.9
"https://studionol.co.kr/ko/stories/autotune1",autotune1,"retune speed",2,7,28.57,3.1
"https://studionol.co.kr/ko/stories/autotune1",autotune1,"오토튠 설정",2,41,4.88,5.5
"https://studionol.co.kr/ko/stories/autotune1",autotune1,"오토튠 세팅",2,42,4.76,5.4
"https://studionol.co.kr/ko/stories/background-vocal1",background-vocal1,"백코러스",2,53,3.77,4.8
"https://studionol.co.kr/ko/stories/bass-mixing1",bass-mixing1,"베이스 eq 추천",2,46,4.35,7.2
"https://studionol.co.kr/ko/stories/bass-mixing1",bass-mixing1,"베이스 컴프레서 세팅",2,38,5.26,4.7
"https://studionol.co.kr/ko/stories/chest-voice1",chest-voice1,"흉성",2,1235,0.16,5.7
"https://studionol.co.kr/ko/stories/chord-progression1",chord-progression1,"감성 코드 진행",2,19,10.53,8.0
"https://studionol.co.kr/ko/stories/chordprog1",chordprog1,"발라드 코드진행",2,31,6.45,7.3
"https://studionol.co.kr/ko/stories/condenser-mic1",condenser-mic1,"보컬용 콘덴서 마이크 추천",2,15,13.33,6.3
"https://studionol.co.kr/ko/stories/condenser-mic1",condenser-mic1,"콘덴서 마이크",2,852,0.23,7.8
"https://studionol.co.kr/ko/stories/copyright-cover1",copyright-cover1,"커버곡 수익",2,131,1.53,8.2
"https://studionol.co.kr/ko/stories/cover1",cover1,"커버곡 만드는법",2,33,6.06,8.2
"https://studionol.co.kr/ko/stories/daw-choice1",daw-choice1,"daw 비교",2,18,11.11,3.5
"https://studionol.co.kr/ko/stories/daw-choice1",daw-choice1,"daw 큐베이스",2,5,40.00,7.8
"https://studionol.co.kr/ko/stories/daw-choice1",daw-choice1,"큐베이스 vs 에이블톤",2,25,8.00,5.8
"https://studionol.co.kr/ko/stories/daw1",daw1,"daw 비교",2,18,11.11,7.3
"https://studionol.co.kr/ko/stories/de-esser1",de-esser1,"디에서",2,112,1.79,6.5
"https://studionol.co.kr/ko/stories/deesser1",deesser1,"치찰음 대역",2,44,4.55,3.3
"https://studionol.co.kr/ko/stories/delay-types1",delay-types1,"슬랩백",2,89,2.25,3.6
"https://studionol.co.kr/ko/stories/delay1",delay1,"리버브 딜레이 순서",2,57,3.51,3.0
"https://studionol.co.kr/ko/stories/distribution1",distribution1,"음악 유통사 추천",2,14,14.29,5.8
"https://studionol.co.kr/ko/stories/drum1",drum1,"드럼 녹음",2,61,3.28,5.8
"https://studionol.co.kr/ko/stories/drum1",drum1,"드럼 녹음 스튜디오",2,44,4.55,7.9
"https://studionol.co.kr/ko/stories/epk1",epk1,"epk 뜻",2,133,1.50,3.1
"https://studionol.co.kr/ko/stories/eq1",eq1,"eq 주파수 대역",2,20,10.00,1.8
"https://studionol.co.kr/ko/stories/eq1",eq1,"이퀄라이저 설정",2,31,6.45,4.2
"https://studionol.co.kr/ko/stories/headphone-mixing1",headphone-mixing1,"tb isone",2,7,28.57,3.9
"https://studionol.co.kr/ko/stories/headvoice1",headvoice1,"가성 두성",2,15,13.33,6.5
"https://studionol.co.kr/ko/stories/headvoice1",headvoice1,"두성 가성 차이",2,28,7.14,8.6
"https://studionol.co.kr/ko/stories/headvoice1",headvoice1,"두성 내는 법",2,51,3.92,5.8
"https://studionol.co.kr/ko/stories/headvoice1",headvoice1,"두성 느낌",2,28,7.14,7.8
"https://studionol.co.kr/ko/stories/highnote1",highnote1,"고음 발성",2,76,2.63,6.5
"https://studionol.co.kr/ko/stories/highnote1",highnote1,"고음내는법",2,145,1.38,6.5
"https://studionol.co.kr/ko/stories/highnote1",highnote1,"고음내는법 남자",2,61,3.28,6.5
"https://studionol.co.kr/ko/stories/highnote1",highnote1,"고음확장기 사용법",2,37,5.41,7.4
"https://studionol.co.kr/ko/stories/hiphop-vocal1",hiphop-vocal1,"랩 딕션 좋아지는 법",2,50,4.00,8.0
"https://studionol.co.kr/ko/stories/indie-label1",indie-label1,"인디 레이블",2,66,3.03,7.5
"https://studionol.co.kr/ko/stories/jazz-harmony1",jazz-harmony1,"재즈 화성학",2,10,20.00,5.0
"https://studionol.co.kr/ko/stories/karaoke-vs-studio1",karaoke-vs-studio1,"녹음실",2,30,6.67,19.2
"https://studionol.co.kr/ko/stories/la2a1",la2a1,"la-2a",2,103,1.94,8.9
"https://studionol.co.kr/ko/stories/la2a1",la2a1,"la2a 컴프레서",2,144,1.39,6.6
"https://studionol.co.kr/ko/stories/loudness1",loudness1,"lufs 기준",2,91,2.20,3.3
"https://studionol.co.kr/ko/stories/loudness1",loudness1,"마스터링 lufs",2,17,11.76,6.6
"https://studionol.co.kr/ko/stories/lyric-writing1",lyric-writing1,"가사 쓰는 법",2,60,3.33,7.7
"https://studionol.co.kr/ko/stories/melodyne1",melodyne1,"로직 멜로다인 사용법",2,10,20.00,8.5
"https://studionol.co.kr/ko/stories/mic-placement1",mic-placement1,"마이크 위치 세팅",2,7,28.57,2.1
"https://studionol.co.kr/ko/stories/microphone-types1",microphone-types1,"마이크 종류",2,412,0.49,8.0
"https://studionol.co.kr/ko/stories/microphone1",microphone1,"보컬 녹음용 마이크",2,3,66.67,6.3
"https://studionol.co.kr/ko/stories/mixing-complete-guide",mixing-complete-guide,"믹싱",2,97,2.06,10.0
"https://studionol.co.kr/ko/stories/mixing-complete-guide",mixing-complete-guide,"믹싱 마스터링 독학",2,15,13.33,7.2
"https://studionol.co.kr/ko/stories/mixing-complete-guide",mixing-complete-guide,"믹싱 배우기",2,15,13.33,5.6
"https://studionol.co.kr/ko/stories/mixing8",mixing8,"게인 스테이징",2,102,1.96,6.0
"https://studionol.co.kr/ko/stories/music-management1",music-management1,"아티스트 매니지먼트",2,20,10.00,6.8
"https://studionol.co.kr/ko/stories/music-producer1",music-producer1,"음악 프로듀서 하는 일",2,103,1.94,8.1
"https://studionol.co.kr/ko/stories/narration1",narration1,"광고 나레이션 대본",2,12,16.67,6.8
"https://studionol.co.kr/ko/stories/noise-gate1",noise-gate1,"노이즈 게이트 설정",2,21,9.52,6.6
"https://studionol.co.kr/ko/stories/original-song1",original-song1,"자작곡 만드는법",2,63,3.17,4.7
"https://studionol.co.kr/ko/stories/parametric-eq1",parametric-eq1,"파라메트릭 eq",2,74,2.70,7.3
"https://studionol.co.kr/ko/stories/playlist-pitch1",playlist-pitch1,"스포티파이 피칭",2,17,11.76,4.8
"https://studionol.co.kr/ko/stories/plugins1",plugins1,"보컬 리버브 추천",2,7,28.57,6.9
"https://studionol.co.kr/ko/stories/practice-room-bass-5string1",practice-room-bass-5string1,"5현 베이스 코드표",2,12,16.67,3.9
"https://studionol.co.kr/ko/stories/practice-room-bass-5string1",practice-room-bass-5string1,"5현 베이스 튜닝",2,103,1.94,5.5
"https://studionol.co.kr/ko/stories/practice-room-bass-5string1",practice-room-bass-5string1,"5현베이스 튜닝",2,47,4.26,6.2
"https://studionol.co.kr/ko/stories/practice-room-bass-5string1",practice-room-bass-5string1,"베이스 연습 루틴",2,17,11.76,10.4
"https://studionol.co.kr/ko/stories/practice-room-bass-fingering1",practice-room-bass-fingering1,"베이스 오른손",2,19,10.53,6.3
"https://studionol.co.kr/ko/stories/practice-room-bass-harmonics1",practice-room-bass-harmonics1,"베이스 하모닉스",2,110,1.82,6.7
"https://studionol.co.kr/ko/stories/practice-room-bass-metal-rock1",practice-room-bass-metal-rock1,"메탈 베이스",2,18,11.11,5.4
"https://studionol.co.kr/ko/stories/practice-room-bass-pentatonic1",practice-room-bass-pentatonic1,"베이스 펜타토닉 스케일 표",2,77,2.60,5.7
"https://studionol.co.kr/ko/stories/practice-room-busking1",practice-room-busking1,"버스킹 준비물",2,38,5.26,7.7
"https://studionol.co.kr/ko/stories/practice-room-drum-ghost-notes1",practice-room-drum-ghost-notes1,"고스트노트",2,232,0.86,7.7
"https://studionol.co.kr/ko/stories/practice-room-drum-ghost-notes1",practice-room-drum-ghost-notes1,"드럼 고스트노트",2,89,2.25,6.9
"https://studionol.co.kr/ko/stories/practice-room-drum-paradiddle1",practice-room-drum-paradiddle1,"드럼 루디먼트",2,5,40.00,16.0
"https://studionol.co.kr/ko/stories/practice-room-drum-snare-tuning1",practice-room-drum-snare-tuning1,"스네어 튜닝 음정",2,11,18.18,7.8
"https://studionol.co.kr/ko/stories/practice-room-drum1",practice-room-drum1,"드럼 연습실",2,147,1.36,9.1
"https://studionol.co.kr/ko/stories/practice-room-ear-training1",practice-room-ear-training1,"상대음감 훈련",2,37,5.41,5.7
"https://studionol.co.kr/ko/stories/practice-room-electric-bass1",practice-room-electric-bass1,"베이스 기초",2,65,3.08,8.0
"https://studionol.co.kr/ko/stories/practice-room-electric-bass1",practice-room-electric-bass1,"베이스 입문",2,68,2.94,8.5
"https://studionol.co.kr/ko/stories/practice-room-guitar-blues-scale1",practice-room-guitar-blues-scale1,"기타 블루스 스케일",2,49,4.08,5.8
"https://studionol.co.kr/ko/stories/practice-room-guitar-clean-tone1",practice-room-guitar-clean-tone1,"클린톤",2,96,2.08,5.6
"https://studionol.co.kr/ko/stories/practice-room-guitar-double-stop1",practice-room-guitar-double-stop1,"더블스탑",2,68,2.94,5.9
"https://studionol.co.kr/ko/stories/practice-room-guitar-whammy-bar1",practice-room-guitar-whammy-bar1,"와미바",2,84,2.38,4.0
"https://studionol.co.kr/ko/stories/practice-room-monthly1",practice-room-monthly1,"개인 작업실 월세",2,55,3.64,7.3
"https://studionol.co.kr/ko/stories/practice-room-monthly1",practice-room-monthly1,"방음 스튜디오 월세",2,26,7.69,6.2
"https://studionol.co.kr/ko/stories/practice-room-monthly1",practice-room-monthly1,"연습실 월대여",2,7,28.57,10.1
"https://studionol.co.kr/ko/stories/practice-room-monthly1",practice-room-monthly1,"연습실 월세",2,31,6.45,4.7
"https://studionol.co.kr/ko/stories/practice-room-piano-jazz-voicings1",practice-room-piano-jazz-voicings1,"피아노 보이싱",2,24,8.33,6.9
"https://studionol.co.kr/ko/stories/practice-room-piano-sight-play1",practice-room-piano-sight-play1,"피아노 코드 반주",2,10,20.00,9.0
"https://studionol.co.kr/ko/stories/practice-room-piano-sight-play1",practice-room-piano-sight-play1,"피아노 코드 반주법",2,9,22.22,9.3
"https://studionol.co.kr/ko/stories/practice-room-piano-technique1",practice-room-piano-technique1,"피아노 손가락 독립",2,54,3.70,6.3
"https://studionol.co.kr/ko/stories/practice-room-price1",practice-room-price1,"노래 연습실 대여",2,16,12.50,8.3
"https://studionol.co.kr/ko/stories/practice-room-price1",practice-room-price1,"보컬연습실 대여 가격",2,51,3.92,5.9
"https://studionol.co.kr/ko/stories/practice-room-price1",practice-room-price1,"연습실 대여 가격",2,103,1.94,5.4
"https://studionol.co.kr/ko/stories/practice-room-vocal-power1",practice-room-vocal-power1,"성량 키우기",2,170,1.18,5.9
"https://studionol.co.kr/ko/stories/practice-room-vocal-register1",practice-room-vocal-register1,"성구전환",2,328,0.61,7.4
"https://studionol.co.kr/ko/stories/practice-room-vocal-scatting1",practice-room-vocal-scatting1,"스캣 하는 법",2,32,6.25,6.0
"https://studionol.co.kr/ko/stories/practice-room-vocal-soul1",practice-room-vocal-soul1,"멜리스마 창법",2,72,2.78,4.1
"https://studionol.co.kr/ko/stories/practice-schedule1",practice-schedule1,"보컬 연습",2,79,2.53,5.7
"https://studionol.co.kr/ko/stories/practice-schedule1",practice-schedule1,"보컬트레이닝",2,2,100.00,26.0
"https://studionol.co.kr/ko/stories/recording-price1",recording-price1,"믹싱 가격",2,74,2.70,7.3
"https://studionol.co.kr/ko/stories/revenue1",revenue1,"스포티파이 수익 구조",2,26,7.69,7.2
"https://studionol.co.kr/ko/stories/reverb-mixing1",reverb-mixing1,"보컬 리버브 세팅",2,29,6.90,6.2
"https://studionol.co.kr/ko/stories/sample-rate1",sample-rate1,"비트뎁스",2,110,1.82,4.8
"https://studionol.co.kr/ko/stories/session-musician1",session-musician1,"세션 뜻",2,1484,0.13,7.5
"https://studionol.co.kr/ko/stories/single-release1",single-release1,"음원 내는법",2,49,4.08,4.7
"https://studionol.co.kr/ko/stories/single-release1",single-release1,"음원 발매",2,68,2.94,8.5
"https://studionol.co.kr/ko/stories/siryummusic1",siryummusic1,"실용음악과 보컬 입시",2,12,16.67,7.3
"https://studionol.co.kr/ko/stories/song-key1",song-key1,"노래 키",2,91,2.20,8.8
"https://studionol.co.kr/ko/stories/song-key1",song-key1,"노래방 키 순서",2,26,7.69,3.9
"https://studionol.co.kr/ko/stories/songwriting1",songwriting1,"작사 작곡 하는법",2,51,3.92,7.5
"https://studionol.co.kr/ko/stories/sound-engineer1",sound-engineer1,"음향 엔지니어 되는 법",2,46,4.35,8.1
"https://studionol.co.kr/ko/stories/streaming-platforms1",streaming-platforms1,"애플뮤직 멜론 비교",2,27,7.41,5.2
"https://studionol.co.kr/ko/stories/streaming-platforms1",streaming-platforms1,"음악 스트리밍 가격 비교 2026",2,63,3.17,7.5
"https://studionol.co.kr/ko/stories/studio-compare1",studio-compare1,"레코딩 스튜디오",2,49,4.08,9.3
"https://studionol.co.kr/ko/stories/transpose1",transpose1,"노래방 키 기준",2,52,3.85,4.1
"https://studionol.co.kr/ko/stories/twang1",twang1,"twang",2,25,8.00,6.1
"https://studionol.co.kr/ko/stories/twang1",twang1,"twang 뜻",2,132,1.52,6.2
"https://studionol.co.kr/ko/stories/vocal-chain1",vocal-chain1,"보컬 체인",2,18,11.11,6.9
"https://studionol.co.kr/ko/stories/vocal-directing1",vocal-directing1,"디렉팅",2,689,0.29,6.6
"https://studionol.co.kr/ko/stories/vocal-directing1",vocal-directing1,"보컬 디렉터",2,65,3.08,4.9
"https://studionol.co.kr/ko/stories/vocal-directing1",vocal-directing1,"보컬 디렉팅",2,84,2.38,2.8
"https://studionol.co.kr/ko/stories/vocal-microphone1",vocal-microphone1,"녹음용 마이크 추천",2,264,0.76,6.4
"https://studionol.co.kr/ko/stories/vocal-microphone1",vocal-microphone1,"홈 레코딩 마이크 추천",2,100,2.00,5.4
"https://studionol.co.kr/ko/stories/vocal-microphone1",vocal-microphone1,"홈레코딩 마이크 추천",2,72,2.78,5.5
"https://studionol.co.kr/ko/stories/vocal-mixing1",vocal-mixing1,"보컬 리버브 세팅",2,45,4.44,6.4
"https://studionol.co.kr/ko/stories/vocal-posture1",vocal-posture1,"올바른 발성법",2,39,5.13,4.7
"https://studionol.co.kr/ko/stories/vocal-range-extension1",vocal-range-extension1,"고음확장기 사용법",2,31,6.45,3.3
"https://studionol.co.kr/ko/stories/vocal1",vocal1,"보컬트레이닝 독학",2,28,7.14,5.0
"https://studionol.co.kr/ko/stories/vocalfeedback1",vocalfeedback1,"노래 피드백",2,29,6.90,5.1
"https://studionol.co.kr/ko/stories/vocalrange1",vocalrange1,"보컬 음역대",2,38,5.26,7.6
"https://studionol.co.kr/ko/stories/vocalrange1",vocalrange1,"소프라노 음역대",2,88,2.27,6.0
"https://studionol.co.kr/ko/stories/vocalrange1",vocalrange1,"여자 음역대",2,5,40.00,8.6
"https://studionol.co.kr/ko/stories/vst-guide1",vst-guide1,"보컬 플러그인",2,19,10.53,7.5
"http://studionol.co.kr/",,"studio nol",1,1,100.00,1.0
"http://studionol.co.kr/",,"스튜디오",1,4,25.00,2.8
"https://studionol.co.kr/",,"구파발",1,1,100.00,1.0
"https://studionol.co.kr/ko",,"노래 녹음 스튜디오",1,6,16.67,12.7
"https://studionol.co.kr/ko/lesson",,"믹싱 스튜디오",1,2,50.00,15.0
"https://studionol.co.kr/ko/portfolio/kang-ho-jung-self-titled",,"강호중",1,9,11.11,4.7
"https://studionol.co.kr/ko/practice-room",,"개인 방송 스튜디오 월세",1,4,25.00,14.5
"https://studionol.co.kr/ko/practice-room",,"개인 연습실",1,2,50.00,6.0
"https://studionol.co.kr/ko/practice-room",,"개인연습실 월세",1,54,1.85,4.0
"https://studionol.co.kr/ko/practice-room",,"개인작업실 월세",1,2,50.00,12.5
"https://studionol.co.kr/ko/practice-room",,"방음 연습실",1,14,7.14,6.2
"https://studionol.co.kr/ko/practice-room",,"방음 작업실",1,23,4.35,7.2
"https://studionol.co.kr/ko/practice-room",,"스튜디오 월세",1,19,5.26,6.0
"https://studionol.co.kr/ko/practice-room",,"은평구 음각작업실",1,12,8.33,2.9
"https://studionol.co.kr/ko/practice-room",,"음악 스튜디오 월세",1,33,3.03,3.9
"https://studionol.co.kr/ko/practice-room",,"음악 연습실",1,53,1.89,8.1
"https://studionol.co.kr/ko/practice-room",,"음악 작업실 임대",1,18,5.56,6.6
"https://studionol.co.kr/ko/practice-room",,"음악연습실",1,74,1.35,7.2
"https://studionol.co.kr/ko/practice-room",,"작업실 가격",1,7,14.29,5.4
"https://studionol.co.kr/ko/stories/ai-music1",ai-music1,"보컬 믹싱 ai",1,22,4.55,6.0
"https://studionol.co.kr/ko/stories/amp-simulator1",amp-simulator1,"베이스 앰프 시뮬",1,2,50.00,22.0
"https://studionol.co.kr/ko/stories/artist-branding1",artist-branding1,"아티스트 브랜딩",1,56,1.79,6.6
"https://studionol.co.kr/ko/stories/asmr1",asmr1,"asmr 마이크",1,14,7.14,14.6
"https://studionol.co.kr/ko/stories/asmr1",asmr1,"asmr 마이크 추천",1,1,100.00,15.0
"https://studionol.co.kr/ko/stories/audioformat1",audioformat1,"wav mp3 차이",1,363,0.28,7.3
"https://studionol.co.kr/ko/stories/autotune1",autotune1,"오토튠 목소리",1,16,6.25,6.8
"https://studionol.co.kr/ko/stories/autotune1",autotune1,"오토튠 쓰는 법",1,14,7.14,6.9
"https://studionol.co.kr/ko/stories/bass-mixing1",bass-mixing1,"베이스 컴프",1,11,9.09,9.7
"https://studionol.co.kr/ko/stories/bass-mixing1",bass-mixing1,"베이스 컴프레서",1,28,3.57,7.5
"https://studionol.co.kr/ko/stories/bass-recording1",bass-recording1,"베이스 녹음",1,37,2.70,6.4
"https://studionol.co.kr/ko/stories/belting1",belting1,"벨팅",1,103,0.97,7.5
"https://studionol.co.kr/ko/stories/brass-arrangement1",brass-arrangement1,"브라스 세션",1,37,2.70,7.3
"https://studionol.co.kr/ko/stories/breath-support1",breath-support1,"아포지오",1,255,0.39,5.7
"https://studionol.co.kr/ko/stories/breathing1",breathing1,"노래 호흡법",1,55,1.82,5.5
"https://studionol.co.kr/ko/stories/chest-voice1",chest-voice1,"흉성 고음",1,14,7.14,7.6
"https://studionol.co.kr/ko/stories/chest-voice1",chest-voice1,"흉성 노래",1,14,7.14,1.2
"https://studionol.co.kr/ko/stories/chord-progression1",chord-progression1,"몽환적 인 코드 진행",1,33,3.03,4.8
"https://studionol.co.kr/ko/stories/chord-progression1",chord-progression1,"재즈 코드 진행",1,53,1.89,6.6
"https://studionol.co.kr/ko/stories/chord-progression1",chord-progression1,"코드진행 분석",1,19,5.26,7.0
"https://studionol.co.kr/ko/stories/chordprog1",chordprog1,"r&b 코드진행",1,21,4.76,6.4
"https://studionol.co.kr/ko/stories/chordprog1",chordprog1,"rnb 코드진행",1,24,4.17,6.5
"https://studionol.co.kr/ko/stories/chordprog1",chordprog1,"발라드 코드 진행",1,18,5.56,5.6
"https://studionol.co.kr/ko/stories/compress1",compress1,"보컬 컴프레서 세팅",1,3,33.33,8.0
"https://studionol.co.kr/ko/stories/compress1",compress1,"컴프레서 사용법",1,68,1.47,8.5
"https://studionol.co.kr/ko/stories/compression-guide1",compression-guide1,"베이스 컴프레서 세팅",1,25,4.00,7.6
"https://studionol.co.kr/ko/stories/compression-guide1",compression-guide1,"컴프레서 knee",1,30,3.33,9.8
"https://studionol.co.kr/ko/stories/compression-guide1",compression-guide1,"컴프레서 사용법",1,45,2.22,9.6
"https://studionol.co.kr/ko/stories/compressor1",compressor1,"보컬 컴프레서 세팅",1,8,12.50,8.6
"https://studionol.co.kr/ko/stories/condenser-mic1",condenser-mic1,"보컬 마이크 추천",1,11,9.09,8.6
"https://studionol.co.kr/ko/stories/condenser-mic1",condenser-mic1,"콘덴서 다이나믹",1,1,100.00,16.0
"https://studionol.co.kr/ko/stories/copyright-cover1",copyright-cover1,"myinstants 저작권",1,15,6.67,1.0
"https://studionol.co.kr/ko/stories/copyright-cover1",copyright-cover1,"유튜브 노래 커버 저작권",1,20,5.00,4.7
"https://studionol.co.kr/ko/stories/copyright-cover1",copyright-cover1,"유튜브 커버 곡 저작권",1,1,100.00,6.0
"https://studionol.co.kr/ko/stories/copyright-cover1",copyright-cover1,"유튜브 커버 곡 저작권 디시",1,12,8.33,10.7
"https://studionol.co.kr/ko/stories/copyright-cover1",copyright-cover1,"유튜브 커버곡 수익",1,136,0.74,8.9
"https://studionol.co.kr/ko/stories/copyright-cover1",copyright-cover1,"커버송 저작권",1,11,9.09,2.8
"https://studionol.co.kr/ko/stories/copyright1",copyright1,"음원 등록 방법",1,18,5.56,12.3
"https://studionol.co.kr/ko/stories/country-vocal1",country-vocal1,"컨츄리",1,1,100.00,4.0
"https://studionol.co.kr/ko/stories/coverright1",coverright1,"유튜브 커버 곡 올리는 법",1,1,100.00,1.0
"https://studionol.co.kr/ko/stories/daegu1",daegu1,"녹음실",1,18,5.56,8.6
"https://studionol.co.kr/ko/stories/daejeon-yuseong1",daejeon-yuseong1,"녹음실",1,4,25.00,4.3
"https://studionol.co.kr/ko/stories/daejeon1",daejeon1,"대전 녹음실",1,48,2.08,9.1
"https://studionol.co.kr/ko/stories/daw-choice1",daw-choice1,"daw추천",1,25,4.00,4.9
"https://studionol.co.kr/ko/stories/daw-choice1",daw-choice1,"로직 큐베이스",1,15,6.67,5.6
"https://studionol.co.kr/ko/stories/daw-choice1",daw-choice1,"믹싱 프로그램",1,26,3.85,1.0
"https://studionol.co.kr/ko/stories/daw-choice1",daw-choice1,"에이블톤 가격",1,130,0.77,10.0
"https://studionol.co.kr/ko/stories/daw-choice1",daw-choice1,"에이블톤 장점",1,7,14.29,13.9
"https://studionol.co.kr/ko/stories/daw-choice1",daw-choice1,"에이블톤 큐베이스",1,1,100.00,5.0
"https://studionol.co.kr/ko/stories/daw-choice1",daw-choice1,"에이블톤 큐베이스 디시",1,3,33.33,12.3
"https://studionol.co.kr/ko/stories/daw-choice1",daw-choice1,"큐베이스 에이블톤",1,23,4.35,5.4
"https://studionol.co.kr/ko/stories/daw-performance1",daw-performance1,"daw cpu",1,5,20.00,4.8
"https://studionol.co.kr/ko/stories/daw-template1",daw-template1,"youlean loudness meter 사용법",1,1,100.00,31.0
"https://studionol.co.kr/ko/stories/daw1",daw1,"daw",1,506,0.20,1.3
"https://studionol.co.kr/ko/stories/debut1",debut1,"유통사 없이 음원 발매",1,8,12.50,7.1
"https://studionol.co.kr/ko/stories/delay-types1",delay-types1,"테이프 딜레이",1,11,9.09,6.5
"https://studionol.co.kr/ko/stories/demo-tape1",demo-tape1,"데모테이프",1,13,7.69,5.8
"https://studionol.co.kr/ko/stories/distribution1",distribution1,"ai 음원 유통사 추천",1,1,100.00,39.0
"https://studionol.co.kr/ko/stories/distribution1",distribution1,"distrokid melon",1,10,10.00,11.4
"https://studionol.co.kr/ko/stories/distribution1",distribution1,"distrokid 한국",1,31,3.23,6.1
"https://studionol.co.kr/ko/stories/distribution1",distribution1,"국내 음원 유통사",1,8,12.50,19.5
"https://studionol.co.kr/ko/stories/distribution1",distribution1,"디스트 로 키드 후기",1,1,100.00,1.0
"https://studionol.co.kr/ko/stories/distribution1",distribution1,"유통사 추천",1,53,1.89,5.6
"https://studionol.co.kr/ko/stories/distribution1",distribution1,"음원 유통 사이트",1,4,25.00,10.3
"https://studionol.co.kr/ko/stories/distribution1",distribution1,"음원 유통사 정리",1,31,3.23,8.4
"https://studionol.co.kr/ko/stories/distribution1",distribution1,"음원유통사",1,15,6.67,30.3
"https://studionol.co.kr/ko/stories/distribution1",distribution1,"음원유통사 순위",1,6,16.67,12.2
"https://studionol.co.kr/ko/stories/drum-mixing1",drum-mixing1,"스네어 eq",1,28,3.57,6.9
"https://studionol.co.kr/ko/stories/drum-programming1",drum-programming1,"로직 휴머나이즈",1,5,20.00,8.2
"https://studionol.co.kr/ko/stories/eartraining1",eartraining1,"청음 훈련",1,19,5.26,6.0
"https://studionol.co.kr/ko/stories/ep-production1",ep-production1,"ep앨범",1,24,4.17,10.1
"https://studionol.co.kr/ko/stories/eq1",eq1,"eq 설정법",1,14,7.14,4.9
"https://studionol.co.kr/ko/stories/eq1",eq1,"eq 세팅",1,41,2.44,4.9
"https://studionol.co.kr/ko/stories/eq1",eq1,"eq 조절",1,34,2.94,6.1
"https://studionol.co.kr/ko/stories/eq1",eq1,"보컬 주파수 대역",1,11,9.09,4.5
"https://studionol.co.kr/ko/stories/eq1",eq1,"이퀄라이저 설정법",1,2,50.00,4.5
"https://studionol.co.kr/ko/stories/fabfilter1",fabfilter1,"pro q3",1,76,1.32,7.4
"https://studionol.co.kr/ko/stories/fabfilter1",fabfilter1,"pro-q3",1,13,7.69,7.3
"https://studionol.co.kr/ko/stories/fabfilter1",fabfilter1,"proq3",1,12,8.33,3.4
"https://studionol.co.kr/ko/stories/falsetto1",falsetto1,"팔세토 뜻",1,88,1.14,5.3
"https://studionol.co.kr/ko/stories/game-music1",game-music1,"게임 음악 작곡",1,6,16.67,20.2
"https://studionol.co.kr/ko/stories/guitar-mixing1",guitar-mixing1,"어쿠스틱 기타 eq",1,6,16.67,8.2
"https://studionol.co.kr/ko/stories/guitar-mixing1",guitar-mixing1,"일렉 기타 eq 세팅",1,13,7.69,3.8
"https://studionol.co.kr/ko/stories/headvoice1",headvoice1,"두성 가성",1,21,4.76,5.8
"https://studionol.co.kr/ko/stories/headvoice1",headvoice1,"두성 뜻",1,98,1.02,3.9
"https://studionol.co.kr/ko/stories/headvoice1",headvoice1,"두성 확인법",1,54,1.85,5.5
"https://studionol.co.kr/ko/stories/highnote1",highnote1,"고음 내는 법",1,122,0.82,6.3
"https://studionol.co.kr/ko/stories/highnote1",highnote1,"고음 잘 내는법 남자",1,14,7.14,6.4
"https://studionol.co.kr/ko/stories/highnote1",highnote1,"고음발성",1,18,5.56,5.7
"https://studionol.co.kr/ko/stories/highnote1",highnote1,"고음잘내는법",1,6,16.67,8.3
"https://studionol.co.kr/ko/stories/highnote1",highnote1,"고음하는법",1,10,10.00,2.8
"https://studionol.co.kr/ko/stories/highnote1",highnote1,"남자 고음 내는법",1,47,2.13,7.0
"https://studionol.co.kr/ko/stories/highnote1",highnote1,"두성 내는 법",1,6,16.67,11.2
"https://studionol.co.kr/ko/stories/highnote1",highnote1,"성대 조이기",1,3,33.33,7.0
"https://studionol.co.kr/ko/stories/homegear1",homegear1,"홈레코딩 장비",1,14,7.14,6.8
"https://studionol.co.kr/ko/stories/indie-label1",indie-label1,"음악 레이블",1,4,25.00,4.5
"https://studionol.co.kr/ko/stories/interview2",interview2,"믹싱 엔지니어",1,6,16.67,29.2
"https://studionol.co.kr/ko/stories/jazz-harmony1",jazz-harmony1,"재즈화성학",1,6,16.67,4.2
"https://studionol.co.kr/ko/stories/jongno1",jongno1,"녹음실",1,13,7.69,12.3
"https://studionol.co.kr/ko/stories/jukga1",jukga1,"축가 녹음",1,8,12.50,5.9
"https://studionol.co.kr/ko/stories/karaoke1",karaoke1,"노래방 녹음",1,129,0.78,9.4
"https://studionol.co.kr/ko/stories/karaoke1",karaoke1,"코인노래방 녹음",1,25,4.00,6.8
"https://studionol.co.kr/ko/stories/kpop-production1",kpop-production1,"출처",1,1,100.00,5.0
"https://studionol.co.kr/ko/stories/ktx-honam-guide1",ktx-honam-guide1,"서울에서 전주 ktx",1,1,100.00,1.0
"https://studionol.co.kr/ko/stories/limiter1",limiter1,"lufs 플러그인",1,13,7.69,8.5
"https://studionol.co.kr/ko/stories/limiter1",limiter1,"ozone lufs",1,1,100.00,5.0
"https://studionol.co.kr/ko/stories/limiter1",limiter1,"ozone true peak",1,1,100.00,7.0
"https://studionol.co.kr/ko/stories/limiter1",limiter1,"true peak meter",1,2,50.00,6.0
"https://studionol.co.kr/ko/stories/limiter1",limiter1,"리미터 플러그인",1,36,2.78,6.0
"https://studionol.co.kr/ko/stories/loudness1",loudness1,"cd lufs",1,4,25.00,5.3
"https://studionol.co.kr/ko/stories/loudness1",loudness1,"edm lufs",1,2,50.00,2.5
"https://studionol.co.kr/ko/stories/loudness1",loudness1,"lufs 뜻",1,136,0.74,7.8
"https://studionol.co.kr/ko/stories/loudness1",loudness1,"ozone lufs",1,2,50.00,9.0
"https://studionol.co.kr/ko/stories/loudness1",loudness1,"standard lufs",1,1,100.00,2.0
"https://studionol.co.kr/ko/stories/loudness1",loudness1,"스포티파이 lufs",1,18,5.56,1.9
"https://studionol.co.kr/ko/stories/lufs-guide1",lufs-guide1,"lufs",1,12,8.33,19.4
"https://studionol.co.kr/ko/stories/lufs-guide1",lufs-guide1,"lufs m s i",1,4,25.00,3.3
"https://studionol.co.kr/ko/stories/lufs-guide1",lufs-guide1,"momentary lufs",1,1,100.00,4.0
"https://studionol.co.kr/ko/stories/lyric-writing1",lyric-writing1,"작사 방법",1,15,6.67,5.4
"https://studionol.co.kr/ko/stories/lyric-writing1",lyric-writing1,"작사 하는 법",1,17,5.88,8.2
"https://studionol.co.kr/ko/stories/lyric-writing1",lyric-writing1,"작사법",1,31,3.23,6.9
"https://studionol.co.kr/ko/stories/lyrics-memo1",lyrics-memo1,"노래 가사 외우는 법",1,16,6.25,3.6
"https://studionol.co.kr/ko/stories/mastering1",mastering1,"마스터링 하는법",1,1,100.00,25.0
"https://studionol.co.kr/ko/stories/mastering1",mastering1,"믹싱 마스터링 차이",1,299,0.33,9.7
"https://studionol.co.kr/ko/stories/mic-placement1",mic-placement1,"마이크 각도",1,3,33.33,4.3
"https://studionol.co.kr/ko/stories/mic-placement1",mic-placement1,"콘덴서 마이크 거리",1,46,2.17,4.7
"https://studionol.co.kr/ko/stories/microphone1",microphone1,"보컬 녹음용 마이크 추천",1,74,1.35,9.2
"https://studionol.co.kr/ko/stories/mictechnique1",mictechnique1,"마이크 세팅",1,1,100.00,16.0
"https://studionol.co.kr/ko/stories/mixing-complete-guide",mixing-complete-guide,"믹싱 기초",1,40,2.50,6.3
"https://studionol.co.kr/ko/stories/mixing-complete-guide",mixing-complete-guide,"믹싱 독학",1,20,5.00,8.3
"https://studionol.co.kr/ko/stories/mixing-complete-guide",mixing-complete-guide,"믹싱하는법",1,13,7.69,8.0
"https://studionol.co.kr/ko/stories/mixing1",mixing1,"믹싱하는 법",1,12,8.33,9.3
"https://studionol.co.kr/ko/stories/mixing1",mixing1,"믹싱하는법",1,22,4.55,8.5
"https://studionol.co.kr/ko/stories/mixing11",mixing11,"에디팅 뜻",1,143,0.70,4.2
"https://studionol.co.kr/ko/stories/mixing15",mixing15,"panning",1,258,0.39,7.5
"https://studionol.co.kr/ko/stories/mixing15",mixing15,"패닝",1,709,0.14,9.7
"https://studionol.co.kr/ko/stories/mixing19",mixing19,"딜레이",1,901,0.11,9.2
"https://studionol.co.kr/ko/stories/mixing19",mixing19,"슬랩백 딜레이",1,39,2.56,6.7
"https://studionol.co.kr/ko/stories/mixing6",mixing6,"미터링",1,78,1.28,6.5
"https://studionol.co.kr/ko/stories/mixing8",mixing8,"게인스테이징",1,85,1.18,7.4
"https://studionol.co.kr/ko/stories/mixvoice1",mixvoice1,"믹스보이스 두성 차이",1,14,7.14,5.6
"https://studionol.co.kr/ko/stories/mixvoice1",mixvoice1,"흉성 두성",1,16,6.25,8.5
"https://studionol.co.kr/ko/stories/monitor-speakers1",monitor-speakers1,"스튜디오 모니터 스피커",1,42,2.38,7.4
"https://studionol.co.kr/ko/stories/multiband1",multiband1,"멀티밴드 컴프레서",1,57,1.75,7.5
"https://studionol.co.kr/ko/stories/music-distribution1",music-distribution1,"음원 등록 사이트",1,3,33.33,34.3
"https://studionol.co.kr/ko/stories/music-merchandise1",music-merchandise1,"음악 굿즈",1,10,10.00,11.3
"https://studionol.co.kr/ko/stories/music-network1",music-network1,"좀더 구체적으로",1,1,100.00,3.0
"https://studionol.co.kr/ko/stories/music-publishing1",music-publishing1,"음악 퍼블리싱",1,19,5.26,9.5
"https://studionol.co.kr/ko/stories/music-video1",music-video1,"뮤직비디오 기획안",1,9,11.11,13.2
"https://studionol.co.kr/ko/stories/music-video1",music-video1,"뮤직비디오 제작",1,14,7.14,11.5
"https://studionol.co.kr/ko/stories/music-video1",music-video1,"뮤직비디오 제작 과정",1,13,7.69,9.5
"https://studionol.co.kr/ko/stories/narration1",narration1,"유튜브 나레이션",1,12,8.33,6.7
"https://studionol.co.kr/ko/stories/nectar1",nectar1,"izotope nectar",1,11,9.09,6.5
"https://studionol.co.kr/ko/stories/nectar1",nectar1,"nectar 5 izotope",1,1,100.00,19.0
"https://studionol.co.kr/ko/stories/noise-reduction1",noise-reduction1,"녹음 노이즈 제거",1,96,1.04,9.0
"https://studionol.co.kr/ko/stories/noise-reduction1",noise-reduction1,"녹음 잡음 제거",1,123,0.81,8.1
"https://studionol.co.kr/ko/stories/noise-reduction1",noise-reduction1,"녹음파일 잡음제거",1,16,6.25,8.1
"https://studionol.co.kr/ko/stories/original-song1",original-song1,"노래 만드는 방법",1,15,6.67,9.1
"https://studionol.co.kr/ko/stories/piano-mixing1",piano-mixing1,"피아노 eq",1,19,5.26,5.9
"https://studionol.co.kr/ko/stories/piano-recording1",piano-recording1,"그랜드 피아노 마이킹",1,19,5.26,6.2
"https://studionol.co.kr/ko/stories/piano-recording1",piano-recording1,"업라이트 피아노 마이킹",1,6,16.67,4.7
"https://studionol.co.kr/ko/stories/placement1",placement1,"공명 위치",1,4,25.00,5.3
"https://studionol.co.kr/ko/stories/plugins1",plugins1,"믹싱 플러그인",1,30,3.33,6.6
"https://studionol.co.kr/ko/stories/plugins1",plugins1,"컴프레서 플러그인",1,43,2.33,6.3
"https://studionol.co.kr/ko/stories/practice-room-bass-5string1",practice-room-bass-5string1,"5현 베이스",1,18,5.56,18.1
"https://studionol.co.kr/ko/stories/practice-room-bass-detuning1",practice-room-bass-detuning1,"드랍튜닝",1,14,7.14,4.8
"https://studionol.co.kr/ko/stories/practice-room-bass-detuning1",practice-room-bass-detuning1,"베이스 드롭 d 튜닝",1,12,8.33,3.8
"https://studionol.co.kr/ko/stories/practice-room-bass-extended-range1",practice-room-bass-extended-range1,"6현 베이스 튜닝",1,35,2.86,5.8
"https://studionol.co.kr/ko/stories/practice-room-bass-fingering1",practice-room-bass-fingering1,"베이스 레이킹",1,7,14.29,4.1
"https://studionol.co.kr/ko/stories/practice-room-bass-ghost-notes1",practice-room-bass-ghost-notes1,"고스트노트 베이스",1,11,9.09,5.5
"https://studionol.co.kr/ko/stories/practice-room-bass-octave1",practice-room-bass-octave1,"베이스 옥타브 주법",1,18,5.56,3.9
"https://studionol.co.kr/ko/stories/practice-room-bass-octave1",practice-room-bass-octave1,"옥타브주법",1,36,2.78,5.9
"https://studionol.co.kr/ko/stories/practice-room-bass-pentatonic1",practice-room-bass-pentatonic1,"베이스 마이너 스케일",1,1,100.00,26.0
"https://studionol.co.kr/ko/stories/practice-room-bass-pentatonic1",practice-room-bass-pentatonic1,"베이스 펜타토닉 스케일",1,91,1.10,6.6
"https://studionol.co.kr/ko/stories/practice-room-bass-sustain1",practice-room-bass-sustain1,"베이스 스타카토",1,25,4.00,6.9
"https://studionol.co.kr/ko/stories/practice-room-bass-walking-bass2",practice-room-bass-walking-bass2,"베이스 워킹",1,88,1.14,6.9
"https://studionol.co.kr/ko/stories/practice-room-bass-walking-bass2",practice-room-bass-walking-bass2,"워킹 베이스",1,60,1.67,8.6
"https://studionol.co.kr/ko/stories/practice-room-bass-walking-bass2",practice-room-bass-walking-bass2,"워킹베이스",1,69,1.45,7.9
"https://studionol.co.kr/ko/stories/practice-room-bass1",practice-room-bass1,"집에서 베이스 연습",1,3,33.33,7.7
"https://studionol.co.kr/ko/stories/practice-room-breath-control1",practice-room-breath-control1,"복식호흡 연습",1,32,3.13,7.8
"https://studionol.co.kr/ko/stories/practice-room-breath-control1",practice-room-breath-control1,"복식호흡 연습법",1,26,3.85,7.2
"https://studionol.co.kr/ko/stories/practice-room-breath-control1",practice-room-breath-control1,"복식호흡 훈련",1,10,10.00,4.4
"https://studionol.co.kr/ko/stories/practice-room-drum-cajon1",practice-room-drum-cajon1,"앉아서 치는 드럼",1,21,4.76,9.0
"https://studionol.co.kr/ko/stories/practice-room-drum-cajon1",practice-room-drum-cajon1,"카혼",1,2,50.00,2.5
"https://studionol.co.kr/ko/stories/practice-room-drum-cymbal-techniques1",practice-room-drum-cymbal-techniques1,"드럼 라이드",1,122,0.82,8.0
"https://studionol.co.kr/ko/stories/practice-room-drum-cymbal1",practice-room-drum-cymbal1,"드럼 심벌 종류",1,38,2.63,8.3
"https://studionol.co.kr/ko/stories/practice-room-drum-double-kick1",practice-room-drum-double-kick1,"더블킥",1,18,5.56,10.6
"https://studionol.co.kr/ko/stories/practice-room-drum-ghost-notes1",practice-room-drum-ghost-notes1,"고스트 노트",1,182,0.55,7.3
"https://studionol.co.kr/ko/stories/practice-room-drum-ghost-notes1",practice-room-drum-ghost-notes1,"고스트 노트 드럼",1,23,4.35,6.4
"https://studionol.co.kr/ko/stories/practice-room-drum-odd-time1",practice-room-drum-odd-time1,"변박자",1,69,1.45,8.8
"https://studionol.co.kr/ko/stories/practice-room-drum-rudiments1",practice-room-drum-rudiments1,"드럼 교재 pdf",1,3,33.33,4.0
"https://studionol.co.kr/ko/stories/practice-room-drum-samba1",practice-room-drum-samba1,"삼바리듬",1,40,2.50,5.7
"https://studionol.co.kr/ko/stories/practice-room-drum-snare1",practice-room-drum-snare1,"드럼 림샷",1,115,0.87,5.3
"https://studionol.co.kr/ko/stories/practice-room-ear-training1",practice-room-ear-training1,"청음 훈련",1,64,1.56,6.8
"https://studionol.co.kr/ko/stories/practice-room-electric-bass1",practice-room-electric-bass1,"베이스 기타 입문",1,9,11.11,9.3
"https://studionol.co.kr/ko/stories/practice-room-electric-bass1",practice-room-electric-bass1,"베이스 독학 순서",1,16,6.25,7.5
"https://studionol.co.kr/ko/stories/practice-room-electric-bass1",practice-room-electric-bass1,"베이스 연습",1,34,2.94,5.3
"https://studionol.co.kr/ko/stories/practice-room-electric-bass1",practice-room-electric-bass1,"베이스 연습 루틴",1,87,1.15,6.0
"https://studionol.co.kr/ko/stories/practice-room-electric-bass1",practice-room-electric-bass1,"베이스기타",1,3,33.33,4.7
"https://studionol.co.kr/ko/stories/practice-room-electric-guitar1",practice-room-electric-guitar1,"기타연습실",1,6,16.67,7.5
"https://studionol.co.kr/ko/stories/practice-room-guide1",practice-room-guide1,"개인연습실",1,5,20.00,7.8
"https://studionol.co.kr/ko/stories/practice-room-guitar-acoustic-fingerstyle1",practice-room-guitar-acoustic-fingerstyle1,"dadgad 튜닝",1,68,1.47,5.5
"https://studionol.co.kr/ko/stories/practice-room-guitar-archtop1",practice-room-guitar-archtop1,"아치탑",1,58,1.72,7.2
"https://studionol.co.kr/ko/stories/practice-room-guitar-beginner1",practice-room-guitar-beginner1,"기타 연습실",1,34,2.94,8.9
"https://studionol.co.kr/ko/stories/practice-room-guitar-blues-rhythm1",practice-room-guitar-blues-rhythm1,"블루스 리듬",1,25,4.00,8.3
"https://studionol.co.kr/ko/stories/practice-room-guitar-blues-scale1",practice-room-guitar-blues-scale1,"블루스 스케일 기타",1,54,1.85,5.9
"https://studionol.co.kr/ko/stories/practice-room-guitar-bossa1",practice-room-guitar-bossa1,"보사노바 악기",1,26,3.85,9.5
"https://studionol.co.kr/ko/stories/practice-room-guitar-bossa1",practice-room-guitar-bossa1,"보사노바 코드",1,28,3.57,7.4
"https://studionol.co.kr/ko/stories/practice-room-guitar-bossa1",practice-room-guitar-bossa1,"보사노바 코드진행",1,55,1.82,7.9
"https://studionol.co.kr/ko/stories/practice-room-guitar-chord-prog1",practice-room-guitar-chord-prog1,"기타 코드 진행",1,27,3.70,8.3
"https://studionol.co.kr/ko/stories/practice-room-guitar-double-stop1",practice-room-guitar-double-stop1,"더블스탑 주법",1,3,33.33,5.3
"https://studionol.co.kr/ko/stories/practice-room-guitar-harmonics1",practice-room-guitar-harmonics1,"기타 하모닉스 원리",1,43,2.33,8.3
"https://studionol.co.kr/ko/stories/practice-room-guitar-solo1",practice-room-guitar-solo1,"기타 솔로 연습",1,9,11.11,7.1
"https://studionol.co.kr/ko/stories/practice-room-guitar-stretch1",practice-room-guitar-stretch1,"손가락 분리 연습",1,3,33.33,20.7
"https://studionol.co.kr/ko/stories/practice-room-journal1",practice-room-journal1,"연습일지",1,39,2.56,7.2
"https://studionol.co.kr/ko/stories/practice-room-keyboard-synth1",practice-room-keyboard-synth1,"신디사이저 연주",1,7,14.29,7.3
"https://studionol.co.kr/ko/stories/practice-room-keyboard1",practice-room-keyboard1,"밴드 키보드 독학",1,5,20.00,12.4
"https://studionol.co.kr/ko/stories/practice-room-monthly1",practice-room-monthly1,"드럼연습실",1,1,100.00,12.0
"https://studionol.co.kr/ko/stories/practice-room-monthly1",practice-room-monthly1,"연습실 한달 대여 가격",1,19,5.26,8.4
"https://studionol.co.kr/ko/stories/practice-room-monthly1",practice-room-monthly1,"음악 스튜디오 월세",1,22,4.55,5.9
"https://studionol.co.kr/ko/stories/practice-room-monthly1",practice-room-monthly1,"음악 작업실 대여",1,54,1.85,7.6
"https://studionol.co.kr/ko/stories/practice-room-monthly1",practice-room-monthly1,"음악작업실",1,24,4.17,8.8
"https://studionol.co.kr/ko/stories/practice-room-monthly1",practice-room-monthly1,"음악작업실 월세 디시",1,2,50.00,12.5
"https://studionol.co.kr/ko/stories/practice-room-monthly1",practice-room-monthly1,"음악작업실 임대",1,5,20.00,7.6
"https://studionol.co.kr/ko/stories/practice-room-monthly1",practice-room-monthly1,"작업실 대여",1,14,7.14,9.6
"https://studionol.co.kr/ko/stories/practice-room-monthly1",practice-room-monthly1,"작업실 월세",1,104,0.96,7.0
"https://studionol.co.kr/ko/stories/practice-room-monthly1",practice-room-monthly1,"한달임대",1,1,100.00,2.0
"https://studionol.co.kr/ko/stories/practice-room-opera1",practice-room-opera1,"오페라 발성",1,5,20.00,6.0
"https://studionol.co.kr/ko/stories/practice-room-piano-beginner1",practice-room-piano-beginner1,"무료 피아노 연습실",1,8,12.50,15.0
"https://studionol.co.kr/ko/stories/practice-room-piano-church1",practice-room-piano-church1,"교회 피아노",1,12,8.33,6.0
"https://studionol.co.kr/ko/stories/practice-room-piano-classical1",practice-room-piano-classical1,"피아노 독학 순서",1,104,0.96,8.6
"https://studionol.co.kr/ko/stories/practice-room-piano-jazz-voicings1",practice-room-piano-jazz-voicings1,"재즈 보이싱",1,33,3.03,6.8
"https://studionol.co.kr/ko/stories/practice-room-piano-lead-sheet-improvisation1",practice-room-piano-lead-sheet-improvisation1,"리드시트 뜻",1,82,1.22,6.3
"https://studionol.co.kr/ko/stories/practice-room-piano-leadsheet1",practice-room-piano-leadsheet1,"리드 시트",1,18,5.56,9.3
"https://studionol.co.kr/ko/stories/practice-room-piano-rhythm-patterns1",practice-room-piano-rhythm-patterns1,"왼손 반주 패턴",1,15,6.67,4.5
"https://studionol.co.kr/ko/stories/practice-room-piano-sight-adv1",practice-room-piano-sight-adv1,"초견 연습",1,12,8.33,7.9
"https://studionol.co.kr/ko/stories/practice-room-piano-sight-adv1",practice-room-piano-sight-adv1,"초견 연습 악보",1,12,8.33,7.4
"https://studionol.co.kr/ko/stories/practice-room-piano-sight-reading1",practice-room-piano-sight-reading1,"초견 연습 악보",1,3,33.33,6.0
"https://studionol.co.kr/ko/stories/practice-room-piano-stride-beginner1",practice-room-piano-stride-beginner1,"스트라이드 피아노",1,20,5.00,6.9
"https://studionol.co.kr/ko/stories/practice-room-piano-technique1",practice-room-piano-technique1,"피아노 손가락 연습",1,29,3.45,6.8
"https://studionol.co.kr/ko/stories/practice-room-piano-technique1",practice-room-piano-technique1,"피아노 테크닉",1,13,7.69,7.8
"https://studionol.co.kr/ko/stories/practice-room-piano-tremolo1",practice-room-piano-tremolo1,"트레몰로 피아노",1,65,1.54,4.9
"https://studionol.co.kr/ko/stories/practice-room-piano-tremolo1",practice-room-piano-tremolo1,"피아노 트레몰로",1,55,1.82,3.6
"https://studionol.co.kr/ko/stories/practice-room-piano-voicing1",practice-room-piano-voicing1,"피아노 보이싱",1,29,3.45,8.8
"https://studionol.co.kr/ko/stories/practice-room-price1",practice-room-price1,"smc 음악연습실",1,1,100.00,6.0
"https://studionol.co.kr/ko/stories/practice-room-price1",practice-room-price1,"음악작업실 월세",1,8,12.50,17.3
"https://studionol.co.kr/ko/stories/practice-room-price1",practice-room-price1,"한달",1,1,100.00,1.0
"https://studionol.co.kr/ko/stories/practice-room-pronunciation1",practice-room-pronunciation1,"연습실 영어로",1,6,16.67,5.8
"https://studionol.co.kr/ko/stories/practice-room-pronunciation1",practice-room-pronunciation1,"팝송 발음",1,19,5.26,4.2
"https://studionol.co.kr/ko/stories/practice-room-rental1",practice-room-rental1,"악기 연습실 대여",1,30,3.33,9.9
"https://studionol.co.kr/ko/stories/practice-room-rental1",practice-room-rental1,"연습실 예약",1,4,25.00,6.3
"https://studionol.co.kr/ko/stories/practice-room-rhythm1",practice-room-rhythm1,"박자감",1,103,0.97,6.1
"https://studionol.co.kr/ko/stories/practice-room-saxophone1",practice-room-saxophone1,"아파트",1,1,100.00,5.0
"https://studionol.co.kr/ko/stories/practice-room-soundproof1",practice-room-soundproof1,"방음 연습실",1,9,11.11,8.1
"https://studionol.co.kr/ko/stories/practice-room-startup1",practice-room-startup1,"연습실 창업 현실",1,21,4.76,6.2
"https://studionol.co.kr/ko/stories/practice-room-string1",practice-room-string1,"바이올린 연습실",1,25,4.00,5.8
"https://studionol.co.kr/ko/stories/practice-room-transfer1",practice-room-transfer1,"스튜디오 양도",1,10,10.00,5.2
"https://studionol.co.kr/ko/stories/practice-room-vocal-diction1",practice-room-vocal-diction1,"딕션 뜻",1,636,0.16,8.2
"https://studionol.co.kr/ko/stories/practice-room-vocal-falsetto-technique1",practice-room-vocal-falsetto-technique1,"falsetto 창법",1,10,10.00,3.0
"https://studionol.co.kr/ko/stories/practice-room-vocal-falsetto-technique1",practice-room-vocal-falsetto-technique1,"성구전환",1,20,5.00,7.6
"https://studionol.co.kr/ko/stories/practice-room-vocal-power1",practice-room-vocal-power1,"성량",1,365,0.27,6.8
"https://studionol.co.kr/ko/stories/practice-room-vocal-range1",practice-room-vocal-range1,"고음 확장기",1,55,1.82,9.8
"https://studionol.co.kr/ko/stories/practice-room-vocal-register1",practice-room-vocal-register1,"성구전환 느낌",1,28,3.57,9.5
"https://studionol.co.kr/ko/stories/practice-room-vocal-register1",practice-room-vocal-register1,"성구전환 연습",1,20,5.00,6.8
"https://studionol.co.kr/ko/stories/practice-room-vocal-resonance-chest1",practice-room-vocal-resonance-chest1,"흉성 두성",1,29,3.45,9.4
"https://studionol.co.kr/ko/stories/practice-room-vocal-scatting1",practice-room-vocal-scatting1,"스캣",1,493,0.20,8.6
"https://studionol.co.kr/ko/stories/practice-room-vocal-scatting1",practice-room-vocal-scatting1,"스캣 뜻",1,270,0.37,6.2
"https://studionol.co.kr/ko/stories/practice-room-vocal-soul1",practice-room-vocal-soul1,"멜리즈마 뜻",1,93,1.08,7.0
"https://studionol.co.kr/ko/stories/practice-room-vocal-tone-color1",practice-room-vocal-tone-color1,"노래 음색",1,44,2.27,7.0
"https://studionol.co.kr/ko/stories/practice-room-vocal-tone-color1",practice-room-vocal-tone-color1,"음색",1,264,0.38,9.6
"https://studionol.co.kr/ko/stories/practice-room-vocal1",practice-room-vocal1,"보컬 연습실 대여",1,16,6.25,8.3
"https://studionol.co.kr/ko/stories/practice-room-voice-training1",practice-room-voice-training1,"발성연습 악보",1,1,100.00,32.0
"https://studionol.co.kr/ko/stories/practice-room-vs-karaoke1",practice-room-vs-karaoke1,"노래방 연습",1,1,100.00,17.0
"https://studionol.co.kr/ko/stories/practice-room-vs-rehearsal1",practice-room-vs-rehearsal1,"합주실",1,20,5.00,9.5
"https://studionol.co.kr/ko/stories/practice-room-wedding1",practice-room-wedding1,"축가 리허설",1,13,7.69,6.0
"https://studionol.co.kr/ko/stories/practice-schedule1",practice-schedule1,"노래 연습",1,15,6.67,7.8
"https://studionol.co.kr/ko/stories/pricing1",pricing1,"알려줘",1,1,100.00,1.0
"https://studionol.co.kr/ko/stories/producer1",producer1,"음악 프로듀서가 하는일",1,2,50.00,4.0
"https://studionol.co.kr/ko/stories/producer1",producer1,"음악 프로듀싱",1,61,1.64,6.9
"https://studionol.co.kr/ko/stories/rap1",rap1,"랩 잘하는 방법",1,14,7.14,5.2
"https://studionol.co.kr/ko/stories/rap1",rap1,"랩 잘하는 법",1,9,11.11,9.1
"https://studionol.co.kr/ko/stories/recording-price1",recording-price1,"믹싱 외주 가격",1,48,2.08,8.4
"https://studionol.co.kr/ko/stories/revenue1",revenue1,"1억 스트리밍 수익",1,28,3.57,4.9
"https://studionol.co.kr/ko/stories/revenue1",revenue1,"웅 궁금해",1,1,100.00,2.0
"https://studionol.co.kr/ko/stories/revenue1",revenue1,"음원 수익 구조",1,18,5.56,5.1
"https://studionol.co.kr/ko/stories/revenue1",revenue1,"음원 저작권료",1,1,100.00,1.0
"https://studionol.co.kr/ko/stories/reverb-types1",reverb-types1,"스프링 리버브",1,35,2.86,7.1
"https://studionol.co.kr/ko/stories/reverb1",reverb1,"리버브 종류",1,8,12.50,10.6
"https://studionol.co.kr/ko/stories/reverb1",reverb1,"보컬 리버브 세팅",1,6,16.67,13.8
"https://studionol.co.kr/ko/stories/royalty1",royalty1,"음악 저작권 허락 받는 법",1,23,4.35,6.4
"https://studionol.co.kr/ko/stories/sample-rate1",sample-rate1,"비트 뎁스",1,42,2.38,4.3
"https://studionol.co.kr/ko/stories/sampling-guide1",sampling-guide1,"샘플링",1,83,1.20,9.2
"https://studionol.co.kr/ko/stories/sampling-guide1",sampling-guide1,"샘플링 저작권",1,37,2.70,8.6
"https://studionol.co.kr/ko/stories/selfrecord1",selfrecord1,"보컬 녹음",1,27,3.70,6.1
"https://studionol.co.kr/ko/stories/session-musician1",session-musician1,"밴드 세션",1,292,0.34,6.0
"https://studionol.co.kr/ko/stories/session-musician1",session-musician1,"세션",1,687,0.15,6.6
"https://studionol.co.kr/ko/stories/session-musician1",session-musician1,"세션 연주자",1,44,2.27,4.0
"https://studionol.co.kr/ko/stories/session-musician1",session-musician1,"음악 세션 뜻",1,294,0.34,4.8
"https://studionol.co.kr/ko/stories/singapp1",singapp1,"노래 음정 확인 어플",1,20,5.00,8.3
"https://studionol.co.kr/ko/stories/singapp1",singapp1,"노래연습 어플",1,14,7.14,6.1
"https://studionol.co.kr/ko/stories/singapp1",singapp1,"보컬 피치 모니터",1,2,50.00,10.5
"https://studionol.co.kr/ko/stories/singing-lesson1",singing-lesson1,"보컬 독학",1,1,100.00,19.0
"https://studionol.co.kr/ko/stories/single-release1",single-release1,"음원 등록 방법",1,49,2.04,6.0
"https://studionol.co.kr/ko/stories/single-release1",single-release1,"음원발매",1,40,2.50,7.6
"https://studionol.co.kr/ko/stories/singswell1",singswell1,"노래 잘하는 법",1,18,5.56,7.5
"https://studionol.co.kr/ko/stories/song-key1",song-key1,"노래 키 순서",1,19,5.26,3.2
"https://studionol.co.kr/ko/stories/song-key1",song-key1,"목소리 키 측정",1,44,2.27,7.8
"https://studionol.co.kr/ko/stories/songstructure1",songstructure1,"chorus 뜻",1,34,2.94,4.6
"https://studionol.co.kr/ko/stories/songstructure1",songstructure1,"가사 구조",1,21,4.76,9.0
"https://studionol.co.kr/ko/stories/songstructure1",songstructure1,"곡 구조",1,31,3.23,8.3
"https://studionol.co.kr/ko/stories/songstructure1",songstructure1,"노래 구성",1,110,0.91,9.8
"https://studionol.co.kr/ko/stories/songstructure1",songstructure1,"노래 구성요소",1,36,2.78,8.6
"https://studionol.co.kr/ko/stories/songstructure1",songstructure1,"노래 브릿지",1,436,0.23,8.1
"https://studionol.co.kr/ko/stories/songstructure1",songstructure1,"노래 브릿지 뜻",1,231,0.43,6.8
"https://studionol.co.kr/ko/stories/songstructure1",songstructure1,"벌스 뜻",1,14,7.14,1.6
"https://studionol.co.kr/ko/stories/songstructure1",songstructure1,"브릿지 코러스",1,40,2.50,6.9
"https://studionol.co.kr/ko/stories/songstructure1",songstructure1,"브릿지 파트 뜻",1,43,2.33,6.3
"https://studionol.co.kr/ko/stories/songstructure1",songstructure1,"송폼 분석",1,43,2.33,7.8
"https://studionol.co.kr/ko/stories/songstructure1",songstructure1,"송폼 브릿지",1,69,1.45,7.4
"https://studionol.co.kr/ko/stories/songstructure1",songstructure1,"송폼 용어",1,56,1.79,7.2
"https://studionol.co.kr/ko/stories/songstructure1",songstructure1,"프리 코러스 브릿지 차이",1,155,0.65,6.0
"https://studionol.co.kr/ko/stories/songstructure1",songstructure1,"후렴이",1,1,100.00,1.0
"https://studionol.co.kr/ko/stories/songwriting1",songwriting1,"작곡 악보",1,2,50.00,8.5
"https://studionol.co.kr/ko/stories/songwriting1",songwriting1,"작곡하는 법",1,21,4.76,7.9
"https://studionol.co.kr/ko/stories/songwriting1",songwriting1,"작곡하는법",1,53,1.89,8.4
"https://studionol.co.kr/ko/stories/songwriting1",songwriting1,"작사작곡",1,8,12.50,9.6
"https://studionol.co.kr/ko/stories/sound-engineer1",sound-engineer1,"되는법",1,1,100.00,8.0
"https://studionol.co.kr/ko/stories/sound-engineer1",sound-engineer1,"사운드 엔지니어",1,29,3.45,11.9
"https://studionol.co.kr/ko/stories/sound-engineer1",sound-engineer1,"사운드 엔지니어 현실",1,2,50.00,20.5
"https://studionol.co.kr/ko/stories/soundproof-rehearsal-seoul1",soundproof-rehearsal-seoul1,"방음 스튜디오",1,29,3.45,7.3
"https://studionol.co.kr/ko/stories/soundproof-rehearsal-seoul1",soundproof-rehearsal-seoul1,"방음 연습실",1,10,10.00,7.5
"https://studionol.co.kr/ko/stories/soundproof-rehearsal-seoul1",soundproof-rehearsal-seoul1,"합주실 월세",1,4,25.00,5.0
"https://studionol.co.kr/ko/stories/spotify-canvas1",spotify-canvas1,"스포티파이 가사등록",1,1,100.00,15.0
"https://studionol.co.kr/ko/stories/stem-mixing1",stem-mixing1,"stem 파일",1,67,1.49,7.7
"https://studionol.co.kr/ko/stories/store-bgm1",store-bgm1,"카페 음악 저작권",1,31,3.23,5.9
"https://studionol.co.kr/ko/stories/streaming-algorithm1",streaming-algorithm1,"스포티파이 알고리즘",1,20,5.00,10.1
"https://studionol.co.kr/ko/stories/streaming-platforms1",streaming-platforms1,"멜론 스포티파이 비교",1,80,1.25,6.2
"https://studionol.co.kr/ko/stories/streaming-platforms1",streaming-platforms1,"멜론 지니",1,3,33.33,6.7
"https://studionol.co.kr/ko/stories/streaming-platforms1",streaming-platforms1,"멜론 지니 비교",1,36,2.78,7.0
"https://studionol.co.kr/ko/stories/streaming-platforms1",streaming-platforms1,"스포티파이 멜론 비교",1,74,1.35,6.4
"https://studionol.co.kr/ko/stories/streaming-platforms1",streaming-platforms1,"유튜브 뮤직 멜론 비교",1,17,5.88,5.9
"https://studionol.co.kr/ko/stories/streaming-platforms1",streaming-platforms1,"음악 구독 비교",1,31,3.23,5.1
"https://studionol.co.kr/ko/stories/streaming-platforms1",streaming-platforms1,"음악 스트리밍 사이트 순위",1,4,25.00,3.5
"https://studionol.co.kr/ko/stories/streaming-platforms1",streaming-platforms1,"음원 스트리밍 비교",1,28,3.57,5.1
"https://studionol.co.kr/ko/stories/streaming-platforms1",streaming-platforms1,"지니 멜론 비교",1,22,4.55,7.3
"https://studionol.co.kr/ko/stories/studio-compare1",studio-compare1,"노래 녹음 스튜디오",1,4,25.00,8.0
"https://studionol.co.kr/ko/stories/studio-compare1",studio-compare1,"보컬 녹음실",1,7,14.29,9.1
"https://studionol.co.kr/ko/stories/studio-compare1",studio-compare1,"서울로 알려줘",1,1,100.00,4.0
"https://studionol.co.kr/ko/stories/studioone1",studioone1,"daw presonus studio one",1,4,25.00,3.5
"https://studionol.co.kr/ko/stories/transpose1",transpose1,"노래방 키",1,16,6.25,4.6
"https://studionol.co.kr/ko/stories/transpose1",transpose1,"키조절",1,3,33.33,12.7
"https://studionol.co.kr/ko/stories/trap-production1",trap-production1,"trap 장르",1,3,33.33,11.0
"https://studionol.co.kr/ko/stories/twang1",twang1,"트왕",1,908,0.11,4.5
"https://studionol.co.kr/ko/stories/vocal-compression1",vocal-compression1,"컴프레서 사용법",1,58,1.72,7.7
"https://studionol.co.kr/ko/stories/vocal-doubling1",vocal-doubling1,"보컬 더블링",1,75,1.33,7.1
"https://studionol.co.kr/ko/stories/vocal-layering1",vocal-layering1,"보컬 레이어링",1,1,100.00,1.0
"https://studionol.co.kr/ko/stories/vocal-lesson1",vocal-lesson1,"보컬 트레이닝",1,11,9.09,19.8
"https://studionol.co.kr/ko/stories/vocal-microphone1",vocal-microphone1,"노래 마이크 추천",1,38,2.63,5.8
"https://studionol.co.kr/ko/stories/vocal-microphone1",vocal-microphone1,"녹음 마이크 추천",1,47,2.13,6.7
"https://studionol.co.kr/ko/stories/vocal-microphone1",vocal-microphone1,"녹음용 콘덴서 마이크 추천",1,21,4.76,7.4
"https://studionol.co.kr/ko/stories/vocal-microphone1",vocal-microphone1,"다이나믹 마이크 추천",1,164,0.61,6.5
"https://studionol.co.kr/ko/stories/vocal-microphone1",vocal-microphone1,"보컬 마이크 추천",1,76,1.32,5.7
"https://studionol.co.kr/ko/stories/vocal-microphone1",vocal-microphone1,"스튜디오 마이크",1,17,5.88,9.5
"https://studionol.co.kr/ko/stories/vocal-microphone1",vocal-microphone1,"홈레코딩 마이크",1,5,20.00,14.4
"https://studionol.co.kr/ko/stories/vocal-mixing1",vocal-mixing1,"보컬 리버브",1,18,5.56,6.4
"https://studionol.co.kr/ko/stories/vocal-nutrition1",vocal-nutrition1,"성대에 좋은 영양제",1,33,3.03,9.7
"https://studionol.co.kr/ko/stories/vocal-recording-setup1",vocal-recording-setup1,"마이크 위치",1,30,3.33,8.2
"https://studionol.co.kr/ko/stories/vocal-saturation1",vocal-saturation1,"새츄레이션",1,137,0.73,8.4
"https://studionol.co.kr/ko/stories/vocal-saturation1",vocal-saturation1,"새츄레이션 뜻",1,49,2.04,9.6
"https://studionol.co.kr/ko/stories/vocal-vibrato1",vocal-vibrato1,"보컬 비브라토",1,16,6.25,8.6
"https://studionol.co.kr/ko/stories/vocal-vibrato1",vocal-vibrato1,"비브라토 하는 법",1,10,10.00,5.4
"https://studionol.co.kr/ko/stories/vocal-vibrato1",vocal-vibrato1,"비브라토 하는법",1,59,1.69,6.9
"https://studionol.co.kr/ko/stories/vocalrange1",vocalrange1,"d5 음역대",1,21,4.76,6.4
"https://studionol.co.kr/ko/stories/vocalrange1",vocalrange1,"음역대 정리",1,8,12.50,6.1
"https://studionol.co.kr/ko/stories/vocalrange1",vocalrange1,"음역대 측정",1,116,0.86,9.6
"https://studionol.co.kr/ko/stories/vocalrange1",vocalrange1,"음역대 측정 사이트",1,17,5.88,14.1
"https://studionol.co.kr/ko/stories/vocalrange1",vocalrange1,"음역대 측정기",1,21,4.76,8.1
"https://studionol.co.kr/ko/stories/vocalrange1",vocalrange1,"음역대 테스트",1,20,5.00,12.2
"https://studionol.co.kr/ko/stories/voice-acting1",voice-acting1,"성우 녹음실",1,15,6.67,11.3
"https://studionol.co.kr/ko/stories/voicecare1",voicecare1,"성대 관리",1,3,33.33,7.0
"https://studionol.co.kr/ko/stories/volume1",volume1,"성량 키우기",1,66,1.52,6.2
"https://studionol.co.kr/ko/stories/volume1",volume1,"성량 키우는 법",1,37,2.70,5.1
"https://studionol.co.kr/ko/stories/vst-guide1",vst-guide1,"reaplugs 사용법",1,1,100.00,33.0
"https://studionol.co.kr/ko/stories/vst-guide1",vst-guide1,"플러그인 추천",1,2,50.00,30.0
"https://studionol.co.kr/ko/voice-acting",,"성우 녹음",1,23,4.35,38.2
"https://studionol.co.kr/stories/eq1",,"치찰음 eq",1,17,5.88,6.5
"http://studionol.co.kr/",,"studio",0,3,0.00,6.7
"http://studionol.co.kr/",,"녹음용 마이크 추천",0,1,0.00,4.0
"http://studionol.co.kr/",,"다른 사이트",0,1,0.00,3.0
"http://studionol.co.kr/",,"스튜디오 놀",0,7,0.00,3.1
"https://studionol.co.kr/",,"노올스튜디오",0,1,0.00,8.0
"https://studionol.co.kr/",,"스튜디오 놀",0,20,0.00,6.9
"https://studionol.co.kr/",,"스튜디오 월세",0,1,0.00,1.0
"https://studionol.co.kr/",,"스튜디옼ㅇㅋ",0,1,0.00,2.0
"https://studionol.co.kr/",,"연습실 월세",0,1,0.00,1.0
"https://studionol.co.kr/",,"음악 작업실 월세",0,1,0.00,5.0
"https://studionol.co.kr/",,"작업실 구하기",0,1,0.00,4.0
"https://studionol.co.kr/",,"작업실 월세",0,1,0.00,1.0
"https://studionol.co.kr/en",,"no.l studio",0,9,0.00,6.8
"https://studionol.co.kr/en",,"rap studio near me",0,1,0.00,1.0
"https://studionol.co.kr/en",,"recording studio",0,1,0.00,16.0
"https://studionol.co.kr/en",,"recording studio seoul",0,1,0.00,10.0
"https://studionol.co.kr/en",,"seoul recording studio",0,1,0.00,12.0
"https://studionol.co.kr/en",,"studio nol",0,3,0.00,4.7
"https://studionol.co.kr/en/stories/category/business",category,"음악 음원 제작 외주",0,1,0.00,32.0
"https://studionol.co.kr/en/stories/category/mixing",category,"studio nol",0,2,0.00,6.0
"https://studionol.co.kr/en/stories/korean-practice-room-booking-english",korean-practice-room-booking-english,"in the band room korean",0,3,0.00,1.0
"https://studionol.co.kr/en/stories/korean-practice-room-booking-english",korean-practice-room-booking-english,"ja bitte",0,1,0.00,7.0
"https://studionol.co.kr/en/stories/korean-practice-room-booking-english",korean-practice-room-booking-english,"music practice room",0,1,0.00,7.0
"https://studionol.co.kr/en/stories/korean-practice-room-booking-english",korean-practice-room-booking-english,"music practice rooms",0,1,0.00,16.0
"https://studionol.co.kr/en/stories/korean-practice-room-booking-english",korean-practice-room-booking-english,"music practice rooms near me",0,1,0.00,7.0
"https://studionol.co.kr/en/stories/korean-practice-room-booking-english",korean-practice-room-booking-english,"piano practice room",0,1,0.00,9.0
"https://studionol.co.kr/en/stories/korean-practice-room-booking-english",korean-practice-room-booking-english,"practice room",0,6,0.00,10.3
"https://studionol.co.kr/en/stories/korean-practice-room-booking-english",korean-practice-room-booking-english,"studio nol",0,1,0.00,10.0
"https://studionol.co.kr/en/stories/korean-practice-room-booking-english",korean-practice-room-booking-english,"studio practice room",0,1,0.00,6.0
"https://studionol.co.kr/en/stories/recording-in-seoul-for-foreign-musicians",recording-in-seoul-for-foreign-musicians,"studio nol",0,1,0.00,5.0
"https://studionol.co.kr/en/wedding-song",,"₩350,000",0,1,0.00,11.0
"https://studionol.co.kr/ko",,"no.l studio",0,2,0.00,3.0
"https://studionol.co.kr/ko",,"녹음 스튜디오",0,11,0.00,42.2
"https://studionol.co.kr/ko",,"녹음스튜디오",0,1,0.00,1.0
"https://studionol.co.kr/ko",,"녹음실",0,3,0.00,49.0
"https://studionol.co.kr/ko",,"녹음실 스튜디오",0,8,0.00,5.0
"https://studionol.co.kr/ko",,"무료 녹음실 대여",0,1,0.00,22.0
"https://studionol.co.kr/ko",,"믹싱 스튜디오",0,1,0.00,18.0
"https://studionol.co.kr/ko",,"스튜디오",0,1,0.00,2.0
"https://studionol.co.kr/ko",,"음악 스튜디오",0,2,0.00,17.0
"https://studionol.co.kr/ko",,"음악 작업실 월세",0,1,0.00,3.0
"https://studionol.co.kr/ko",,"음악스튜디오",0,2,0.00,6.5
"https://studionol.co.kr/ko",,"음악작업실 월세",0,2,0.00,1.0
"https://studionol.co.kr/ko",,"작업실 가격",0,1,0.00,1.0
"https://studionol.co.kr/ko/about",,"no.l studio",0,1,0.00,8.0
"https://studionol.co.kr/ko/about",,"nool studio",0,1,0.00,42.0
"https://studionol.co.kr/ko/about",,"site:studionol.co.kr",0,7,0.00,2.0
"https://studionol.co.kr/ko/about",,"스튜디오 놀",0,34,0.00,1.1
"https://studionol.co.kr/ko/about",,"앨범 만들기",0,1,0.00,1.0
"https://studionol.co.kr/ko/about",,"올인원프로덕션",0,2,0.00,8.5
"https://studionol.co.kr/ko/contact",,"site:studionol.co.kr",0,7,0.00,3.0
"https://studionol.co.kr/ko/contact",,"스튜디오 놀",0,51,0.00,1.1
"https://studionol.co.kr/ko/guides/audiobook-asmr-getting-started",,"site:studionol.co.kr",0,1,0.00,236.0
"https://studionol.co.kr/ko/guides/home-recording-survival",,"자취방 녹음 시리즈",0,1,0.00,1.0
"https://studionol.co.kr/ko/guides/vocal-beginners-guide",,"프로듀싱 레슨",0,1,0.00,11.0
"https://studionol.co.kr/ko/lesson",,"믹싱 강의",0,4,0.00,4.3
"https://studionol.co.kr/ko/lesson",,"믹싱 레슨",0,6,0.00,6.7
"https://studionol.co.kr/ko/lesson",,"믹싱 마스터링 독학",0,1,0.00,43.0
"https://studionol.co.kr/ko/portfolio",,"스튜디오 놀",0,2,0.00,1.0
"https://studionol.co.kr/ko/portfolio/dystopia-2025",,"site:studionol.co.kr",0,1,0.00,91.0
"https://studionol.co.kr/ko/portfolio/jai-golden-hour",,"site:studionol.co.kr",0,1,0.00,205.0
"https://studionol.co.kr/ko/portfolio/jai-hanash-pink-padding",,"hanash",0,1,0.00,1.0
"https://studionol.co.kr/ko/portfolio/kim-dong-san-mulgyeol",,"site:studionol.co.kr",0,1,0.00,246.0
"https://studionol.co.kr/ko/portfolio/kkar-transition",,"싱어송라이터",0,1,0.00,1.0
"https://studionol.co.kr/ko/portfolio/moredo-toyoil-we-will-sail",,"site:studionol.co.kr",0,1,0.00,283.0
"https://studionol.co.kr/ko/portfolio/moredo-toyoil-we-will-sail",,"모레도",0,4,0.00,6.3
"https://studionol.co.kr/ko/portfolio/namjae-haran",,"남자애",0,1,0.00,11.0
"https://studionol.co.kr/ko/portfolio/namjae-wi-inmul",,"site:studionol.co.kr",0,1,0.00,160.0
"https://studionol.co.kr/ko/portfolio/ryu-hyeong-su-haru",,"류형수",0,3,0.00,7.3
"https://studionol.co.kr/ko/portfolio/tierliner-bite-me",,"site:studionol.co.kr",0,1,0.00,188.0
"https://studionol.co.kr/ko/portfolio/yeoyu-seoul-night",,"site:studionol.co.kr",0,1,0.00,168.0
"https://studionol.co.kr/ko/portfolio/young-in-red-dot",,"site:studionol.co.kr",0,1,0.00,266.0
"https://studionol.co.kr/ko/practice-room",,"site:studionol.co.kr",0,1,0.00,36.0
"https://studionol.co.kr/ko/practice-room",,"개인 음악작업실",0,23,0.00,6.0
"https://studionol.co.kr/ko/practice-room",,"개인 작업실 월세",0,21,0.00,8.1
"https://studionol.co.kr/ko/practice-room",,"개인연습실",0,5,0.00,7.0
"https://studionol.co.kr/ko/practice-room",,"그래픽디자인",0,1,0.00,12.0
"https://studionol.co.kr/ko/practice-room",,"노래 연습실",0,24,0.00,10.3
"https://studionol.co.kr/ko/practice-room",,"노래연습실",0,25,0.00,7.7
"https://studionol.co.kr/ko/practice-room",,"녹음실 매매",0,1,0.00,41.0
"https://studionol.co.kr/ko/practice-room",,"래퍼 작업실",0,7,0.00,7.7
"https://studionol.co.kr/ko/practice-room",,"미디 작업실",0,1,0.00,39.0
"https://studionol.co.kr/ko/practice-room",,"방음 스튜디오",0,3,0.00,27.7
"https://studionol.co.kr/ko/practice-room",,"방음 연습실 대여",0,84,0.00,8.0
"https://studionol.co.kr/ko/practice-room",,"방음실 대여",0,6,0.00,12.5
"https://studionol.co.kr/ko/practice-room",,"베이스 연습실",0,8,0.00,5.5
"https://studionol.co.kr/ko/practice-room",,"보컬",0,1,0.00,1.0
"https://studionol.co.kr/ko/practice-room",,"보컬학원",0,1,0.00,2.0
"https://studionol.co.kr/ko/practice-room",,"서울 작업실",0,51,0.00,6.5
"https://studionol.co.kr/ko/practice-room",,"서울경기",0,1,0.00,10.0
"https://studionol.co.kr/ko/practice-room",,"숙식 작업실 후기",0,1,0.00,14.0
"https://studionol.co.kr/ko/practice-room",,"숙식가능 작업실",0,1,0.00,4.0
"https://studionol.co.kr/ko/practice-room",,"스윙스 연신내",0,1,0.00,25.0
"https://studionol.co.kr/ko/practice-room",,"스튜디오 놀",0,37,0.00,1.1
"https://studionol.co.kr/ko/practice-room",,"악기 연습실",0,12,0.00,9.3
"https://studionol.co.kr/ko/practice-room",,"악기연습실",0,2,0.00,8.0
"https://studionol.co.kr/ko/practice-room",,"얼마임",0,1,0.00,1.0
"https://studionol.co.kr/ko/practice-room",,"연습실 매매",0,2,0.00,48.5
"https://studionol.co.kr/ko/practice-room",,"연습실 월대여",0,1,0.00,6.0
"https://studionol.co.kr/ko/practice-room",,"연습실 임대",0,3,0.00,9.3
"https://studionol.co.kr/ko/practice-room",,"연습실 한달 대여",0,1,0.00,51.0
"https://studionol.co.kr/ko/practice-room",,"은평구",0,1,0.00,2.0
"https://studionol.co.kr/ko/practice-room",,"음악 스튜디오",0,5,0.00,21.6
"https://studionol.co.kr/ko/practice-room",,"음악 연습실 대여",0,1,0.00,9.0
"https://studionol.co.kr/ko/practice-room",,"음악 작업실 구하기",0,1,0.00,15.0
"https://studionol.co.kr/ko/practice-room",,"음악 작업실 구하는 사이트",0,7,0.00,14.3
"https://studionol.co.kr/ko/practice-room",,"음악 작업실 대여",0,28,0.00,7.3
"https://studionol.co.kr/ko/practice-room",,"음악 작업실 월세 디시",0,1,0.00,60.0
"https://studionol.co.kr/ko/practice-room",,"음악 전용 오피스텔",0,2,0.00,21.5
"https://studionol.co.kr/ko/practice-room",,"음악스튜디오",0,1,0.00,17.0
"https://studionol.co.kr/ko/practice-room",,"음악실",0,2,0.00,78.0
"https://studionol.co.kr/ko/practice-room",,"음악작업 오피스텔",0,1,0.00,23.0
"https://studionol.co.kr/ko/practice-room",,"음악작업실 구하기",0,2,0.00,30.0
"https://studionol.co.kr/ko/practice-room",,"음악작업실 대여",0,1,0.00,7.0
"https://studionol.co.kr/ko/practice-room",,"음악작업실 월세 디시",0,3,0.00,5.0
"https://studionol.co.kr/ko/practice-room",,"작곡 작업실",0,1,0.00,13.0
"https://studionol.co.kr/ko/practice-room",,"작업실",0,15,0.00,13.9
"https://studionol.co.kr/ko/practice-room",,"제대로 찾아봐",0,1,0.00,2.0
"https://studionol.co.kr/ko/practice-room",,"주거형 음악작업실",0,12,0.00,14.0
"https://studionol.co.kr/ko/practice-room",,"홍대 작업실 월세",0,1,0.00,9.0
"https://studionol.co.kr/ko/pricing",,"녹음 스튜디오 대여 비용",0,1,0.00,11.0
"https://studionol.co.kr/ko/pricing",,"녹음실 대여 비용",0,4,0.00,30.5
"https://studionol.co.kr/ko/pricing",,"보컬연습실 대여 가격",0,1,0.00,10.0
"https://studionol.co.kr/ko/pricing",,"성우 녹음 섭외 견적",0,2,0.00,49.5
"https://studionol.co.kr/ko/pricing",,"성우 녹음 섭외 비용",0,6,0.00,41.5
"https://studionol.co.kr/ko/pricing",,"스튜디오 놀",0,29,0.00,1.1
"https://studionol.co.kr/ko/pricing",,"연습실 가격",0,1,0.00,7.0
"https://studionol.co.kr/ko/pricing",,"오디오 엔지니어링 견적",0,1,0.00,11.0
"https://studionol.co.kr/ko/release-project",,"site:studionol.co.kr",0,1,0.00,38.0
"https://studionol.co.kr/ko/release-project",,"스튜디오 놀",0,1,0.00,1.0
"https://studionol.co.kr/ko/release-project/album",,"스튜디오 놀",0,2,0.00,1.0
"https://studionol.co.kr/ko/release-project/ep",,"ep 앨범",0,2,0.00,4.5
"https://studionol.co.kr/ko/release-project/ep",,"site:studionol.co.kr",0,2,0.00,105.0
"https://studionol.co.kr/ko/release-project/single",,"site:studionol.co.kr",0,2,0.00,115.0
"https://studionol.co.kr/ko/release-project/single",,"스튜디오 놀",0,4,0.00,1.0
"https://studionol.co.kr/ko/stories/808-bass1",808-bass1,"........?",0,1,0.00,1.0
"https://studionol.co.kr/ko/stories/808-bass1",808-bass1,"808 base",0,1,0.00,6.0
"https://studionol.co.kr/ko/stories/808-bass1",808-bass1,"808 eq",0,3,0.00,5.7
"https://studionol.co.kr/ko/stories/808-bass1",808-bass1,"808 베이스",0,205,0.00,7.7
"https://studionol.co.kr/ko/stories/808-bass1",808-bass1,"808 베이스 노래",0,4,0.00,7.3
"https://studionol.co.kr/ko/stories/808-bass1",808-bass1,"808 베이스 뜻",0,1,0.00,11.0
"https://studionol.co.kr/ko/stories/808-bass1",808-bass1,"808 베이스 샘플",0,2,0.00,14.5
"https://studionol.co.kr/ko/stories/808-bass1",808-bass1,"808 베이스 소리",0,36,0.00,5.5
"https://studionol.co.kr/ko/stories/808-bass1",808-bass1,"808$",0,1,0.00,12.0
"https://studionol.co.kr/ko/stories/808-bass1",808-bass1,"808베이스",0,80,0.00,7.4
"https://studionol.co.kr/ko/stories/808-bass1",808-bass1,"808베이스 뜻",0,4,0.00,10.3
"https://studionol.co.kr/ko/stories/ableton1",ableton1,"ableton",0,1,0.00,1.0
"https://studionol.co.kr/ko/stories/ableton1",ableton1,"에이블톤 warp",0,3,0.00,8.0
"https://studionol.co.kr/ko/stories/ableton1",ableton1,"에이블톤 라이브",0,2,0.00,2.5
"https://studionol.co.kr/ko/stories/acoustic-recording1",acoustic-recording1,"어쿠스틱 기타 녹음",0,6,0.00,15.2
"https://studionol.co.kr/ko/stories/advertisement-music1",advertisement-music1,"cm cf 차이",0,10,0.00,10.3
"https://studionol.co.kr/ko/stories/advertisement-music1",advertisement-music1,"cm송",0,1,0.00,4.0
"https://studionol.co.kr/ko/stories/advertisement-music1",advertisement-music1,"광고 bgm",0,1,0.00,11.0
"https://studionol.co.kr/ko/stories/ai-music1",ai-music1,"ai 노래 제작",0,1,0.00,56.0
"https://studionol.co.kr/ko/stories/ai-music1",ai-music1,"ai 믹싱",0,26,0.00,12.0
"https://studionol.co.kr/ko/stories/ai-music1",ai-music1,"ai 보컬",0,2,0.00,35.5
"https://studionol.co.kr/ko/stories/ai-music1",ai-music1,"ai 작곡",0,8,0.00,60.4
"https://studionol.co.kr/ko/stories/ai-music1",ai-music1,"ai로 작곡하기",0,6,0.00,9.5
"https://studionol.co.kr/ko/stories/ai-music1",ai-music1,"ai로 작곡하는 방법",0,2,0.00,10.0
"https://studionol.co.kr/ko/stories/ai-music1",ai-music1,"ai믹싱",0,3,0.00,9.7
"https://studionol.co.kr/ko/stories/ai-music1",ai-music1,"ai작곡",0,2,0.00,19.0
"https://studionol.co.kr/ko/stories/ai-music1",ai-music1,"가이드 보컬 ai",0,2,0.00,10.0
"https://studionol.co.kr/ko/stories/ai-music1",ai-music1,"노래 믹싱 ai",0,9,0.00,8.1
"https://studionol.co.kr/ko/stories/ai-music1",ai-music1,"믹싱 ai",0,2,0.00,18.5
"https://studionol.co.kr/ko/stories/ai-music1",ai-music1,"보컬 ai",0,1,0.00,15.0
"https://studionol.co.kr/ko/stories/ai-music1",ai-music1,"음악 ai",0,1,0.00,54.0
"https://studionol.co.kr/ko/stories/ai-music1",ai-music1,"음악 믹싱 ai",0,3,0.00,10.0
"https://studionol.co.kr/ko/stories/ai-music1",ai-music1,"음악 작곡 ai",0,1,0.00,31.0
"https://studionol.co.kr/ko/stories/ai-music1",ai-music1,"작곡 ai",0,2,0.00,43.5
"https://studionol.co.kr/ko/stories/album-art1",album-art1,"앨범커버 프리랜서",0,2,0.00,37.5
"https://studionol.co.kr/ko/stories/album-artwork1",album-artwork1,"앨범 아트워크",0,1,0.00,28.0
"https://studionol.co.kr/ko/stories/album-artwork1",album-artwork1,"앨범 커버 사이즈",0,1,0.00,30.0
"https://studionol.co.kr/ko/stories/album-artwork1",album-artwork1,"앨범 커버 제작",0,1,0.00,15.0
"https://studionol.co.kr/ko/stories/album-artwork1",album-artwork1,"앨범커버 규격",0,2,0.00,1.0
"https://studionol.co.kr/ko/stories/album-artwork1",album-artwork1,"앨범커버 프리랜서",0,2,0.00,25.0
"https://studionol.co.kr/ko/stories/album-cost1",album-cost1,"cd 앨범 제작 가격",0,1,0.00,10.0
"https://studionol.co.kr/ko/stories/album-cost1",album-cost1,"앨범 발매 비용",0,22,0.00,8.1
"https://studionol.co.kr/ko/stories/album-cost1",album-cost1,"앨범 제작 비용",0,34,0.00,4.6
"https://studionol.co.kr/ko/stories/album-cost1",album-cost1,"음반 제작",0,4,0.00,5.8
"https://studionol.co.kr/ko/stories/album-cost1",album-cost1,"음악 음원 제작 견적",0,2,0.00,18.5
"https://studionol.co.kr/ko/stories/album-cost1",album-cost1,"음악 음원 제작 비용",0,3,0.00,7.3
"https://studionol.co.kr/ko/stories/album-cost1",album-cost1,"음원 만들기",0,3,0.00,1.0
"https://studionol.co.kr/ko/stories/album-cost1",album-cost1,"음원 발매 비용",0,12,0.00,5.4
"https://studionol.co.kr/ko/stories/album-cost1",album-cost1,"음원만들기",0,2,0.00,1.0
"https://studionol.co.kr/ko/stories/album-cost1#%EC%8B%B1%EA%B8%80-1%EA%B3%A1-%EC%98%88%EC%82%B0-%EB%B2%94%EC%9C%84",album-cost1,"앨범 제작 비용",0,4,0.00,4.0
"https://studionol.co.kr/ko/stories/album-cost1#%EC%9D%8C%EB%B0%98-%EC%A0%9C%EC%9E%91-%EB%B9%84%EC%9A%A9-%ED%98%84%EC%8B%A4%EC%A0%81%EC%9C%BC%EB%A1%9C-%EC%98%88%EC%82%B0-%EC%84%B8%EC%9A%B0%EA%B8%B0",album-cost1,"앨범 제작 비용",0,6,0.00,5.0
"https://studionol.co.kr/ko/stories/album-cost1#%EC%9D%8C%EB%B0%98-%EC%A0%9C%EC%9E%91-%EC%A3%BC%EC%9A%94-%EB%B9%84%EC%9A%A9-%ED%95%AD%EB%AA%A9",album-cost1,"앨범 제작 비용",0,6,0.00,5.0
"https://studionol.co.kr/ko/stories/album-cost1#ep-%EC%A0%9C%EC%9E%91-%EC%B4%9D-%EB%B9%84%EC%9A%A9",album-cost1,"앨범 제작 비용",0,6,0.00,5.0
"https://studionol.co.kr/ko/stories/album-release1",album-release1,"site:studionol.co.kr",0,1,0.00,74.0
"https://studionol.co.kr/ko/stories/album-release1",album-release1,"스튜디오 앨범",0,1,0.00,11.0
"https://studionol.co.kr/ko/stories/album-release1",album-release1,"앨범 구성",0,2,0.00,6.0
"https://studionol.co.kr/ko/stories/album-release1",album-release1,"앨범 내는법",0,3,0.00,9.3
"https://studionol.co.kr/ko/stories/album-release1",album-release1,"앨범 발매",0,1,0.00,11.0
"https://studionol.co.kr/ko/stories/album-release1",album-release1,"앨범 발매 비용",0,9,0.00,10.6
"https://studionol.co.kr/ko/stories/album-release1",album-release1,"음원 발매 방법",0,1,0.00,38.0
"https://studionol.co.kr/ko/stories/album-release1",album-release1,"정규 앨범",0,1,0.00,7.0
"https://studionol.co.kr/ko/stories/album-release1",album-release1,"정규 앨범 곡수",0,2,0.00,18.5
"https://studionol.co.kr/ko/stories/album-release1",album-release1,"정규 앨범 기준",0,3,0.00,14.3
"https://studionol.co.kr/ko/stories/album-release1",album-release1,"정규앨범 곡수",0,2,0.00,28.0
"https://studionol.co.kr/ko/stories/album-release1",album-release1,"정규앨범 기준",0,7,0.00,15.0
"https://studionol.co.kr/ko/stories/amp-simulator1",amp-simulator1,"리앰프 박스",0,1,0.00,18.0
"https://studionol.co.kr/ko/stories/amp-simulator1",amp-simulator1,"무료 기타 앰프 플러그인",0,1,0.00,18.0
"https://studionol.co.kr/ko/stories/amp-simulator1",amp-simulator1,"무료 앰프 시뮬레이터",0,1,0.00,16.0
"https://studionol.co.kr/ko/stories/amp-simulator1",amp-simulator1,"앰프 시뮬",0,6,0.00,11.5
"https://studionol.co.kr/ko/stories/amp-simulator1",amp-simulator1,"앰프 시뮬레이터",0,24,0.00,8.0
"https://studionol.co.kr/ko/stories/amp-simulator1",amp-simulator1,"앰프시뮬",0,18,0.00,5.8
"https://studionol.co.kr/ko/stories/amp-simulator1",amp-simulator1,"앰프시뮬레이터",0,5,0.00,5.4
"https://studionol.co.kr/ko/stories/arrangement-tips1",arrangement-tips1,"노래 편곡",0,1,0.00,17.0
"https://studionol.co.kr/ko/stories/arrangement-tips1",arrangement-tips1,"보컬 레이어링",0,1,0.00,15.0
"https://studionol.co.kr/ko/stories/arrangement1",arrangement1,"arrangement 음악",0,10,0.00,7.1
"https://studionol.co.kr/ko/stories/articulation1",articulation1,"site:studionol.co.kr",0,6,0.00,6.0
"https://studionol.co.kr/ko/stories/articulation1",articulation1,"아티큘레이션",0,30,0.00,10.6
"https://studionol.co.kr/ko/stories/artist-branding1",artist-branding1,"site:studionol.co.kr",0,1,0.00,80.0
"https://studionol.co.kr/ko/stories/artist-branding1",artist-branding1,"아티스트 마케팅",0,7,0.00,20.0
"https://studionol.co.kr/ko/stories/artist-branding1",artist-branding1,"인디 아티스트",0,1,0.00,11.0
"https://studionol.co.kr/ko/stories/asmr1",asmr1,"asmr eq 설정",0,2,0.00,19.5
"https://studionol.co.kr/ko/stories/asmr1",asmr1,"asmr studio",0,2,0.00,10.0
"https://studionol.co.kr/ko/stories/asmr1",asmr1,"asmr 녹음 프로그램",0,1,0.00,17.0
"https://studionol.co.kr/ko/stories/asmr1",asmr1,"asmr 마이크 종류",0,25,0.00,9.4
"https://studionol.co.kr/ko/stories/asmr1",asmr1,"asmr 스튜디오",0,3,0.00,10.3
"https://studionol.co.kr/ko/stories/asmr1",asmr1,"asmr 이퀄라이저 설정",0,3,0.00,14.3
"https://studionol.co.kr/ko/stories/asmr1",asmr1,"studio asmr",0,1,0.00,1.0
"https://studionol.co.kr/ko/stories/asmr1",asmr1,"귀 asmr",0,1,0.00,1.0
"https://studionol.co.kr/ko/stories/asmr1",asmr1,"마이크 asmr",0,1,0.00,13.0
"https://studionol.co.kr/ko/stories/audiobook-guide1",audiobook-guide1,"오디오북 녹음",0,3,0.00,15.0
"https://studionol.co.kr/ko/stories/audiobook-guide1",audiobook-guide1,"오디오북 제작",0,2,0.00,11.5
"https://studionol.co.kr/ko/stories/audiobook-guide1",audiobook-guide1,"오디오제작",0,1,0.00,27.0
"https://studionol.co.kr/ko/stories/audioformat1",audioformat1,"mp3",0,2,0.00,2.5
"https://studionol.co.kr/ko/stories/audioformat1",audioformat1,"mp3 flac 차이",0,1,0.00,10.0
"https://studionol.co.kr/ko/stories/audioformat1",audioformat1,"mp3 vs wav",0,3,0.00,5.0
"https://studionol.co.kr/ko/stories/audioformat1",audioformat1,"mp3 wav",0,17,0.00,26.1
"https://studionol.co.kr/ko/stories/audioformat1",audioformat1,"mp3 wav 음질 차이",0,15,0.00,7.3
"https://studionol.co.kr/ko/stories/audioformat1",audioformat1,"mp3 뜻",0,1,0.00,38.0
"https://studionol.co.kr/ko/stories/audioformat1",audioformat1,"mp3 음질",0,5,0.00,9.0
"https://studionol.co.kr/ko/stories/audioformat1",audioformat1,"mp3와 wav 차이",0,17,0.00,5.7
"https://studionol.co.kr/ko/stories/audioformat1",audioformat1,"mps wav",0,1,0.00,4.0
"https://studionol.co.kr/ko/stories/audioformat1",audioformat1,"site:studionol.co.kr",0,6,0.00,26.7
"https://studionol.co.kr/ko/stories/audioformat1",audioformat1,"wav",0,2,0.00,10.0
"https://studionol.co.kr/ko/stories/audioformat1",audioformat1,"wav 24bit",0,1,0.00,1.0
"https://studionol.co.kr/ko/stories/audioformat1",audioformat1,"wav mp3",0,19,0.00,16.3
"https://studionol.co.kr/ko/stories/audioformat1",audioformat1,"wav mp3 음질 차이",0,14,0.00,7.1
"https://studionol.co.kr/ko/stories/audioformat1",audioformat1,"wav mp3 음질 차이 디시",0,1,0.00,18.0
"https://studionol.co.kr/ko/stories/audioformat1",audioformat1,"wav vs mo3",0,1,0.00,8.0
"https://studionol.co.kr/ko/stories/audioformat1",audioformat1,"wav vs mp3",0,11,0.00,5.9
"https://studionol.co.kr/ko/stories/audioformat1",audioformat1,"wav 뜻",0,3,0.00,12.3
"https://studionol.co.kr/ko/stories/audioformat1",audioformat1,"wav 음원",0,1,0.00,10.0
"https://studionol.co.kr/ko/stories/audioformat1",audioformat1,"wav 파일",0,6,0.00,36.5
"https://studionol.co.kr/ko/stories/audioformat1",audioformat1,"wav 플레이어",0,1,0.00,11.0
"https://studionol.co.kr/ko/stories/audioformat1",audioformat1,"wav와 mp3 차이",0,1,0.00,16.0
"https://studionol.co.kr/ko/stories/audioformat1",audioformat1,"wav파일",0,3,0.00,55.7
"https://studionol.co.kr/ko/stories/audioformat1",audioformat1,"파일놀",0,1,0.00,9.0
"https://studionol.co.kr/ko/stories/audition-vocal1",audition-vocal1,"나빌레라",0,1,0.00,3.0
"https://studionol.co.kr/ko/stories/audition-vocal1",audition-vocal1,"보컬",0,1,0.00,3.0
"https://studionol.co.kr/ko/stories/audition-vocal1",audition-vocal1,"보컬 가이드",0,1,0.00,9.0
"https://studionol.co.kr/ko/stories/audition-vocal1",audition-vocal1,"보컬 오디션",0,24,0.00,8.9
"https://studionol.co.kr/ko/stories/audition-vocal1",audition-vocal1,"오디션",0,1,0.00,12.0
"https://studionol.co.kr/ko/stories/audition1",audition1,"translate",0,1,0.00,2.0
"https://studionol.co.kr/ko/stories/autotune1",autotune1,"auto tune",0,1,0.00,7.0
"https://studionol.co.kr/ko/stories/autotune1",autotune1,"auto tuning",0,1,0.00,10.0
"https://studionol.co.kr/ko/stories/autotune1",autotune1,"autotune",0,4,0.00,26.5
"https://studionol.co.kr/ko/stories/autotune1",autotune1,"flex tune",0,2,0.00,5.5
"https://studionol.co.kr/ko/stories/autotune1",autotune1,"retune",0,1,0.00,9.0
"https://studionol.co.kr/ko/stories/autotune1",autotune1,"site:studionol.co.kr",0,9,0.00,14.9
"https://studionol.co.kr/ko/stories/autotune1",autotune1,"ㅂㄹ튠",0,1,0.00,11.0
"https://studionol.co.kr/ko/stories/autotune1",autotune1,"노래방 오토튠",0,2,0.00,25.5
"https://studionol.co.kr/ko/stories/autotune1",autotune1,"노래방 오토튠 설정",0,1,0.00,10.0
"https://studionol.co.kr/ko/stories/autotune1",autotune1,"노래방 오토튠 설정 디시",0,1,0.00,23.0
"https://studionol.co.kr/ko/stories/autotune1",autotune1,"노래방에서 오토튠 쓰는법",0,1,0.00,14.0
"https://studionol.co.kr/ko/stories/autotune1",autotune1,"마이크 오토튠 프로그램",0,3,0.00,30.7
"https://studionol.co.kr/ko/stories/autotune1",autotune1,"멜로다인 5 사용법",0,1,0.00,8.0
"https://studionol.co.kr/ko/stories/autotune1",autotune1,"멜로다인 사용법",0,2,0.00,27.5
"https://studionol.co.kr/ko/stories/autotune1",autotune1,"보컬튠",0,1,0.00,48.0
"https://studionol.co.kr/ko/stories/autotune1",autotune1,"아니야.",0,1,0.00,2.0
"https://studionol.co.kr/ko/stories/autotune1",autotune1,"안타레스 오토튠 사용법",0,1,0.00,10.0
"https://studionol.co.kr/ko/stories/autotune1",autotune1,"오토튠",0,15,0.00,19.1
"https://studionol.co.kr/ko/stories/autotune1",autotune1,"오토튠 뜻",0,2,0.00,24.5
"https://studionol.co.kr/ko/stories/autotune1",autotune1,"오토튠 라이브",0,1,0.00,27.0
"https://studionol.co.kr/ko/stories/autotune1",autotune1,"오토튠 마이크",0,2,0.00,18.0
"https://studionol.co.kr/ko/stories/autotune1",autotune1,"오토튠 앱",0,1,0.00,42.0
"https://studionol.co.kr/ko/stories/autotune1",autotune1,"오토튠 원리",0,11,0.00,9.1
"https://studionol.co.kr/ko/stories/autotune1",autotune1,"오토튠 프로 사용법",0,6,0.00,8.7
"https://studionol.co.kr/ko/stories/autotune1",autotune1,"오토튠 프로그램",0,4,0.00,34.5
"https://studionol.co.kr/ko/stories/autotune1",autotune1,"오토튠 프로그램 무료",0,1,0.00,10.0
"https://studionol.co.kr/ko/stories/autotune1",autotune1,"오토튠 플러그인",0,1,0.00,35.0
"https://studionol.co.kr/ko/stories/autotune1",autotune1,"오토튠 하는법",0,25,0.00,9.2
"https://studionol.co.kr/ko/stories/autotune1",autotune1,"오토튠이란",0,1,0.00,6.0
"https://studionol.co.kr/ko/stories/autotune1",autotune1,"오툐튠",0,1,0.00,6.0
"https://studionol.co.kr/ko/stories/autotune1",autotune1,"오튜튠",0,1,0.00,10.0
"https://studionol.co.kr/ko/stories/autotune1",autotune1,"우디 이노래가 클럽에서 나온다면",0,1,0.00,6.0
"https://studionol.co.kr/ko/stories/autotune1",autotune1,"음정",0,1,0.00,2.0
"https://studionol.co.kr/ko/stories/autotune1",autotune1,"음정 보정",0,1,0.00,66.0
"https://studionol.co.kr/ko/stories/autotune1",autotune1,"음정 보정 프로그램",0,1,0.00,32.0
"https://studionol.co.kr/ko/stories/autotune1",autotune1,"응",0,1,0.00,3.0
"https://studionol.co.kr/ko/stories/autotune1",autotune1,"짭튠",0,1,0.00,10.0
"https://studionol.co.kr/ko/stories/autotune1#%EC%98%A4%ED%86%A0%ED%8A%A0%EC%9D%80-%EB%8F%84%EA%B5%AC%EC%9D%B4%EC%A7%80-%EB%A7%88%EB%B2%95%EC%9D%80-%EC%95%84%EB%8B%99%EB%8B%88%EB%8B%A4",autotune1,"오토튠 사용법",0,2,0.00,7.0
"https://studionol.co.kr/ko/stories/autotune1#%EC%98%A4%ED%86%A0%ED%8A%A0%EC%9D%80-%EB%8F%84%EA%B5%AC%EC%9D%B4%EC%A7%80-%EB%A7%88%EB%B2%95%EC%9D%80-%EC%95%84%EB%8B%99%EB%8B%88%EB%8B%A4",autotune1,"오토튠 설정",0,7,0.00,4.9
"https://studionol.co.kr/ko/stories/autotune1#%EC%98%A4%ED%86%A0%ED%8A%A0%EC%9D%80-%EB%8F%84%EA%B5%AC%EC%9D%B4%EC%A7%80-%EB%A7%88%EB%B2%95%EC%9D%80-%EC%95%84%EB%8B%99%EB%8B%88%EB%8B%A4",autotune1,"오토튠 세팅",0,7,0.00,4.9
"https://studionol.co.kr/ko/stories/autotune1#%EC%98%A4%ED%86%A0%ED%8A%A0%EC%9D%80-%EB%8F%84%EA%B5%AC%EC%9D%B4%EC%A7%80-%EB%A7%88%EB%B2%95%EC%9D%80-%EC%95%84%EB%8B%99%EB%8B%88%EB%8B%A4",autotune1,"오토튠 쓰는 법",0,3,0.00,8.0
"https://studionol.co.kr/ko/stories/autotune1#%EC%98%A4%ED%86%A0%ED%8A%A0%EC%9D%80-%EB%8F%84%EA%B5%AC%EC%9D%B4%EC%A7%80-%EB%A7%88%EB%B2%95%EC%9D%80-%EC%95%84%EB%8B%99%EB%8B%88%EB%8B%A4",autotune1,"오토튠 쓰는법",0,5,0.00,7.8
"https://studionol.co.kr/ko/stories/autotune1#%EC%98%A4%ED%86%A0%ED%8A%A0%EC%9D%80-%EB%8F%84%EA%B5%AC%EC%9D%B4%EC%A7%80-%EB%A7%88%EB%B2%95%EC%9D%80-%EC%95%84%EB%8B%99%EB%8B%88%EB%8B%A4",autotune1,"오토튠 하는법",0,2,0.00,9.5
"https://studionol.co.kr/ko/stories/autotune1#%EC%98%A4%ED%86%A0%ED%8A%A0-vs-%EB%A9%9C%EB%A1%9C%EB%8B%A4%EC%9D%B8-%EB%B9%84%EA%B5%90",autotune1,"오토튠 사용법",0,2,0.00,7.0
"https://studionol.co.kr/ko/stories/autotune1#%EC%98%A4%ED%86%A0%ED%8A%A0-vs-%EB%A9%9C%EB%A1%9C%EB%8B%A4%EC%9D%B8-%EB%B9%84%EA%B5%90",autotune1,"오토튠 설정",0,7,0.00,4.9
"https://studionol.co.kr/ko/stories/autotune1#%EC%98%A4%ED%86%A0%ED%8A%A0-vs-%EB%A9%9C%EB%A1%9C%EB%8B%A4%EC%9D%B8-%EB%B9%84%EA%B5%90",autotune1,"오토튠 세팅",0,7,0.00,4.9
"https://studionol.co.kr/ko/stories/autotune1#%EC%98%A4%ED%86%A0%ED%8A%A0-vs-%EB%A9%9C%EB%A1%9C%EB%8B%A4%EC%9D%B8-%EB%B9%84%EA%B5%90",autotune1,"오토튠 쓰는 법",0,3,0.00,8.0
"https://studionol.co.kr/ko/stories/autotune1#%EC%98%A4%ED%86%A0%ED%8A%A0-vs-%EB%A9%9C%EB%A1%9C%EB%8B%A4%EC%9D%B8-%EB%B9%84%EA%B5%90",autotune1,"오토튠 쓰는법",0,5,0.00,7.8
"https://studionol.co.kr/ko/stories/autotune1#%EC%98%A4%ED%86%A0%ED%8A%A0-vs-%EB%A9%9C%EB%A1%9C%EB%8B%A4%EC%9D%B8-%EB%B9%84%EA%B5%90",autotune1,"오토튠 하는법",0,2,0.00,9.5
"https://studionol.co.kr/ko/stories/autotune1#%ED%94%BC%EC%B9%98-%EA%B5%90%EC%A0%95%EC%9D%98-%ED%95%9C%EA%B3%84",autotune1,"오토튠 사용법",0,2,0.00,7.0
"https://studionol.co.kr/ko/stories/autotune1#%ED%94%BC%EC%B9%98-%EA%B5%90%EC%A0%95%EC%9D%98-%ED%95%9C%EA%B3%84",autotune1,"오토튠 설정",0,7,0.00,4.9
"https://studionol.co.kr/ko/stories/autotune1#%ED%94%BC%EC%B9%98-%EA%B5%90%EC%A0%95%EC%9D%98-%ED%95%9C%EA%B3%84",autotune1,"오토튠 세팅",0,7,0.00,4.9
"https://studionol.co.kr/ko/stories/autotune1#%ED%94%BC%EC%B9%98-%EA%B5%90%EC%A0%95%EC%9D%98-%ED%95%9C%EA%B3%84",autotune1,"오토튠 쓰는 법",0,3,0.00,8.0
"https://studionol.co.kr/ko/stories/autotune1#%ED%94%BC%EC%B9%98-%EA%B5%90%EC%A0%95%EC%9D%98-%ED%95%9C%EA%B3%84",autotune1,"오토튠 쓰는법",0,5,0.00,7.8
"https://studionol.co.kr/ko/stories/autotune1#%ED%94%BC%EC%B9%98-%EA%B5%90%EC%A0%95%EC%9D%98-%ED%95%9C%EA%B3%84",autotune1,"오토튠 하는법",0,2,0.00,9.5
"https://studionol.co.kr/ko/stories/background-vocal1",background-vocal1,"site:studionol.co.kr",0,1,0.00,67.0
"https://studionol.co.kr/ko/stories/background-vocal1",background-vocal1,"더블링 코러스 차이",0,2,0.00,14.5
"https://studionol.co.kr/ko/stories/background-vocal1",background-vocal1,"백 보컬",0,16,0.00,6.3
"https://studionol.co.kr/ko/stories/background-vocal1",background-vocal1,"백그라운드 보컬",0,2,0.00,9.5
"https://studionol.co.kr/ko/stories/background-vocal1",background-vocal1,"백보컬",0,324,0.00,6.8
"https://studionol.co.kr/ko/stories/background-vocal1",background-vocal1,"백보컬 뜻",0,69,0.00,5.0
"https://studionol.co.kr/ko/stories/background-vocal1",background-vocal1,"보컬 뜻",0,118,0.00,10.3
"https://studionol.co.kr/ko/stories/background-vocal1",background-vocal1,"보컬 종류",0,7,0.00,3.7
"https://studionol.co.kr/ko/stories/background-vocal1",background-vocal1,"보컬뜻",0,29,0.00,10.3
"https://studionol.co.kr/ko/stories/background-vocal1",background-vocal1,"프리 코러스",0,1,0.00,4.0
"https://studionol.co.kr/ko/stories/backing-vocal1",backing-vocal1,"백 보컬",0,2,0.00,24.5
"https://studionol.co.kr/ko/stories/backing-vocal1",backing-vocal1,"백보컬",0,1,0.00,25.0
"https://studionol.co.kr/ko/stories/backing-vocal1",backing-vocal1,"백보컬 뜻",0,9,0.00,8.8
"https://studionol.co.kr/ko/stories/backing-vocal1",backing-vocal1,"백코러스",0,6,0.00,6.3
"https://studionol.co.kr/ko/stories/backing-vocal1",backing-vocal1,"백킹 보컬",0,11,0.00,5.7
"https://studionol.co.kr/ko/stories/backing-vocal1",backing-vocal1,"백킹보컬",0,7,0.00,6.7
"https://studionol.co.kr/ko/stories/ballad-vocal1",ballad-vocal1,"발라드 기준",0,1,0.00,10.0
"https://studionol.co.kr/ko/stories/band-arrangement1",band-arrangement1,"밴드 악기 구성",0,3,0.00,8.7
"https://studionol.co.kr/ko/stories/band-arrangement1",band-arrangement1,"밴드 악기 배치",0,1,0.00,3.0
"https://studionol.co.kr/ko/stories/band-recording-guide1",band-recording-guide1,"밴드 스튜디오",0,25,0.00,8.2
"https://studionol.co.kr/ko/stories/band-recording-guide1",band-recording-guide1,"스튜디오 놀",0,3,0.00,1.0
"https://studionol.co.kr/ko/stories/band1",band1,"밴드 세션 차이",0,4,0.00,11.5
"https://studionol.co.kr/ko/stories/band1",band1,"합창 중창 차이",0,8,0.00,9.6
"https://studionol.co.kr/ko/stories/bass-mixing1",bass-mixing1,"eq 세팅",0,1,0.00,2.0
"https://studionol.co.kr/ko/stories/bass-mixing1",bass-mixing1,"베이스 믹싱",0,6,0.00,6.5
"https://studionol.co.kr/ko/stories/bass-mixing1",bass-mixing1,"베이스 셋업",0,10,0.00,11.3
"https://studionol.co.kr/ko/stories/bass-mixing1",bass-mixing1,"베이스 이퀄라이저",0,8,0.00,6.5
"https://studionol.co.kr/ko/stories/bass-mixing1",bass-mixing1,"베이스 컴프 추천",0,9,0.00,11.1
"https://studionol.co.kr/ko/stories/bass-mixing1",bass-mixing1,"베이스 컴프레서 추천",0,9,0.00,13.6
"https://studionol.co.kr/ko/stories/bass-mixing1",bass-mixing1,"베이스기타",0,1,0.00,1.0
"https://studionol.co.kr/ko/stories/bass-mixing1#%EA%B8%B0%EB%B3%B8-%EB%B2%A0%EC%9D%B4%EC%8A%A4-%EC%BB%B4%ED%94%84%EB%A0%88%EC%84%9C",bass-mixing1,"베이스 eq",0,32,0.00,3.8
"https://studionol.co.kr/ko/stories/bass-mixing1#%EA%B8%B0%EB%B3%B8-%EB%B2%A0%EC%9D%B4%EC%8A%A4-%EC%BB%B4%ED%94%84%EB%A0%88%EC%84%9C",bass-mixing1,"베이스 eq 추천",0,9,0.00,7.0
"https://studionol.co.kr/ko/stories/bass-mixing1#%EA%B8%B0%EB%B3%B8-%EB%B2%A0%EC%9D%B4%EC%8A%A4-%EC%BB%B4%ED%94%84%EB%A0%88%EC%84%9C",bass-mixing1,"베이스 이퀄라이저 설정 추천",0,8,0.00,5.5
"https://studionol.co.kr/ko/stories/bass-mixing1#%EA%B8%B0%EB%B3%B8-%EB%B2%A0%EC%9D%B4%EC%8A%A4-%EC%BB%B4%ED%94%84%EB%A0%88%EC%84%9C",bass-mixing1,"베이스 컴프",0,1,0.00,10.0
"https://studionol.co.kr/ko/stories/bass-mixing1#%EA%B8%B0%EB%B3%B8-%EB%B2%A0%EC%9D%B4%EC%8A%A4-%EC%BB%B4%ED%94%84%EB%A0%88%EC%84%9C",bass-mixing1,"베이스 컴프레서",0,16,0.00,7.7
"https://studionol.co.kr/ko/stories/bass-mixing1#%EA%B8%B0%EB%B3%B8-%EB%B2%A0%EC%9D%B4%EC%8A%A4-%EC%BB%B4%ED%94%84%EB%A0%88%EC%84%9C",bass-mixing1,"베이스 컴프레서 세팅",0,9,0.00,5.7
"https://studionol.co.kr/ko/stories/bass-mixing1#%EB%B2%A0%EC%9D%B4%EC%8A%A4-%EB%AF%B9%EC%8B%B1-%ED%83%84%ED%83%84%ED%95%9C-%EC%A0%80%EC%97%AD-%EB%A7%8C%EB%93%A4%EA%B8%B0",bass-mixing1,"베이스 eq",0,32,0.00,3.8
"https://studionol.co.kr/ko/stories/bass-mixing1#%EB%B2%A0%EC%9D%B4%EC%8A%A4-%EB%AF%B9%EC%8B%B1-%ED%83%84%ED%83%84%ED%95%9C-%EC%A0%80%EC%97%AD-%EB%A7%8C%EB%93%A4%EA%B8%B0",bass-mixing1,"베이스 eq 추천",0,9,0.00,7.0
"https://studionol.co.kr/ko/stories/bass-mixing1#%EB%B2%A0%EC%9D%B4%EC%8A%A4-%EB%AF%B9%EC%8B%B1-%ED%83%84%ED%83%84%ED%95%9C-%EC%A0%80%EC%97%AD-%EB%A7%8C%EB%93%A4%EA%B8%B0",bass-mixing1,"베이스 이퀄라이저 설정 추천",0,8,0.00,5.5
"https://studionol.co.kr/ko/stories/bass-mixing1#%EB%B2%A0%EC%9D%B4%EC%8A%A4-%EB%AF%B9%EC%8B%B1-%ED%83%84%ED%83%84%ED%95%9C-%EC%A0%80%EC%97%AD-%EB%A7%8C%EB%93%A4%EA%B8%B0",bass-mixing1,"베이스 컴프",0,2,0.00,10.0
"https://studionol.co.kr/ko/stories/bass-mixing1#%EB%B2%A0%EC%9D%B4%EC%8A%A4-%EB%AF%B9%EC%8B%B1-%ED%83%84%ED%83%84%ED%95%9C-%EC%A0%80%EC%97%AD-%EB%A7%8C%EB%93%A4%EA%B8%B0",bass-mixing1,"베이스 컴프레서",0,16,0.00,7.7
"https://studionol.co.kr/ko/stories/bass-mixing1#%EB%B2%A0%EC%9D%B4%EC%8A%A4-%EB%AF%B9%EC%8B%B1-%ED%83%84%ED%83%84%ED%95%9C-%EC%A0%80%EC%97%AD-%EB%A7%8C%EB%93%A4%EA%B8%B0",bass-mixing1,"베이스 컴프레서 세팅",0,9,0.00,5.7
"https://studionol.co.kr/ko/stories/bass-mixing1#%EB%B2%A0%EC%9D%B4%EC%8A%A4-eq-%ED%8F%AC%EC%9D%B8%ED%8A%B8",bass-mixing1,"베이스 eq",0,32,0.00,3.8
"https://studionol.co.kr/ko/stories/bass-mixing1#%EB%B2%A0%EC%9D%B4%EC%8A%A4-eq-%ED%8F%AC%EC%9D%B8%ED%8A%B8",bass-mixing1,"베이스 eq 추천",0,9,0.00,7.0
"https://studionol.co.kr/ko/stories/bass-mixing1#%EB%B2%A0%EC%9D%B4%EC%8A%A4-eq-%ED%8F%AC%EC%9D%B8%ED%8A%B8",bass-mixing1,"베이스 이퀄라이저 설정 추천",0,8,0.00,5.5
"https://studionol.co.kr/ko/stories/bass-mixing1#%EB%B2%A0%EC%9D%B4%EC%8A%A4-eq-%ED%8F%AC%EC%9D%B8%ED%8A%B8",bass-mixing1,"베이스 컴프",0,2,0.00,10.0
"https://studionol.co.kr/ko/stories/bass-mixing1#%EB%B2%A0%EC%9D%B4%EC%8A%A4-eq-%ED%8F%AC%EC%9D%B8%ED%8A%B8",bass-mixing1,"베이스 컴프레서",0,14,0.00,7.6
"https://studionol.co.kr/ko/stories/bass-mixing1#%EB%B2%A0%EC%9D%B4%EC%8A%A4-eq-%ED%8F%AC%EC%9D%B8%ED%8A%B8",bass-mixing1,"베이스 컴프레서 세팅",0,6,0.00,4.8
"https://studionol.co.kr/ko/stories/bass-mixing1#%ED%82%A5-%EB%B2%A0%EC%9D%B4%EC%8A%A4-%EC%82%AC%EC%9D%B4%EB%93%9C%EC%B2%B4%EC%9D%B8-%EC%85%8B%EC%97%85",bass-mixing1,"베이스 eq",0,16,0.00,4.4
"https://studionol.co.kr/ko/stories/bass-mixing1#%ED%82%A5-%EB%B2%A0%EC%9D%B4%EC%8A%A4-%EC%82%AC%EC%9D%B4%EB%93%9C%EC%B2%B4%EC%9D%B8-%EC%85%8B%EC%97%85",bass-mixing1,"베이스 eq 추천",0,4,0.00,7.0
"https://studionol.co.kr/ko/stories/bass-mixing1#%ED%82%A5-%EB%B2%A0%EC%9D%B4%EC%8A%A4-%EC%82%AC%EC%9D%B4%EB%93%9C%EC%B2%B4%EC%9D%B8-%EC%85%8B%EC%97%85",bass-mixing1,"베이스 이퀄라이저 설정 추천",0,7,0.00,5.9
"https://studionol.co.kr/ko/stories/bass-mixing1#%ED%82%A5-%EB%B2%A0%EC%9D%B4%EC%8A%A4-%EC%82%AC%EC%9D%B4%EB%93%9C%EC%B2%B4%EC%9D%B8-%EC%85%8B%EC%97%85",bass-mixing1,"베이스 컴프",0,2,0.00,10.0
"https://studionol.co.kr/ko/stories/bass-mixing1#%ED%82%A5-%EB%B2%A0%EC%9D%B4%EC%8A%A4-%EC%82%AC%EC%9D%B4%EB%93%9C%EC%B2%B4%EC%9D%B8-%EC%85%8B%EC%97%85",bass-mixing1,"베이스 컴프레서",0,16,0.00,7.7
"https://studionol.co.kr/ko/stories/bass-mixing1#%ED%82%A5-%EB%B2%A0%EC%9D%B4%EC%8A%A4-%EC%82%AC%EC%9D%B4%EB%93%9C%EC%B2%B4%EC%9D%B8-%EC%85%8B%EC%97%85",bass-mixing1,"베이스 컴프레서 세팅",0,9,0.00,5.7
"https://studionol.co.kr/ko/stories/bass-mixing1#eq-%EC%B9%B4%EB%B9%99",bass-mixing1,"베이스 eq",0,32,0.00,3.8
"https://studionol.co.kr/ko/stories/bass-mixing1#eq-%EC%B9%B4%EB%B9%99",bass-mixing1,"베이스 eq 추천",0,9,0.00,7.0
"https://studionol.co.kr/ko/stories/bass-mixing1#eq-%EC%B9%B4%EB%B9%99",bass-mixing1,"베이스 이퀄라이저 설정 추천",0,8,0.00,5.5
"https://studionol.co.kr/ko/stories/bass-mixing1#eq-%EC%B9%B4%EB%B9%99",bass-mixing1,"베이스 컴프",0,1,0.00,10.0
"https://studionol.co.kr/ko/stories/bass-mixing1#eq-%EC%B9%B4%EB%B9%99",bass-mixing1,"베이스 컴프레서",0,14,0.00,7.6
"https://studionol.co.kr/ko/stories/bass-mixing1#eq-%EC%B9%B4%EB%B9%99",bass-mixing1,"베이스 컴프레서 세팅",0,6,0.00,4.8
"https://studionol.co.kr/ko/stories/bass-recording1",bass-recording1,"베이스 di",0,6,0.00,7.2
"https://studionol.co.kr/ko/stories/bass-recording1",bass-recording1,"베이스 eq",0,6,0.00,9.7
"https://studionol.co.kr/ko/stories/bass-recording1",bass-recording1,"베이스 컴프",0,1,0.00,2.0
"https://studionol.co.kr/ko/stories/bass-recording1",bass-recording1,"베이스 톤 메이킹",0,2,0.00,34.5
"https://studionol.co.kr/ko/stories/belting1",belting1,"site:studionol.co.kr",0,1,0.00,37.0
"https://studionol.co.kr/ko/stories/belting1",belting1,"벨팅 뜻",0,5,0.00,7.4
"https://studionol.co.kr/ko/stories/booking1",booking1,"studio nol",0,1,0.00,5.0
"https://studionol.co.kr/ko/stories/booking1",booking1,"놀 예약",0,1,0.00,9.0
"https://studionol.co.kr/ko/stories/booking1",booking1,"스튜디오 놀",0,12,0.00,1.0
"https://studionol.co.kr/ko/stories/brass-arrangement1",brass-arrangement1,"site:studionol.co.kr",0,4,0.00,109.8
"https://studionol.co.kr/ko/stories/brass-arrangement1",brass-arrangement1,"밴드 세션",0,1,0.00,1.0
"https://studionol.co.kr/ko/stories/brass-arrangement1",brass-arrangement1,"브라스 사운드",0,2,0.00,1.5
"https://studionol.co.kr/ko/stories/brass-arrangement1",brass-arrangement1,"브라스 섹션",0,47,0.00,7.8
"https://studionol.co.kr/ko/stories/brass-arrangement1",brass-arrangement1,"브라스 악기",0,8,0.00,9.9
"https://studionol.co.kr/ko/stories/breath-support1",breath-support1,"site:studionol.co.kr",0,2,0.00,102.0
"https://studionol.co.kr/ko/stories/breath-support1",breath-support1,"개호흡",0,1,0.00,22.0
"https://studionol.co.kr/ko/stories/breath-support1",breath-support1,"노래 발성",0,1,0.00,1.0
"https://studionol.co.kr/ko/stories/breath-support1",breath-support1,"노래 잘부르는법",0,1,0.00,2.0
"https://studionol.co.kr/ko/stories/breath-support1",breath-support1,"노래 호흡 부족",0,1,0.00,10.0
"https://studionol.co.kr/ko/stories/breath-support1",breath-support1,"아포좌",0,1,0.00,3.0
"https://studionol.co.kr/ko/stories/breath-support1",breath-support1,"아포죠",0,5,0.00,5.8
"https://studionol.co.kr/ko/stories/breath-support1",breath-support1,"아포지오 뜻",0,40,0.00,6.9
"https://studionol.co.kr/ko/stories/breathing1",breathing1,"고음 호흡",0,2,0.00,13.0
"https://studionol.co.kr/ko/stories/breathing1",breathing1,"노래 복식호흡",0,13,0.00,7.9
"https://studionol.co.kr/ko/stories/breathing1",breathing1,"노래 복식호흡 하는 법",0,3,0.00,9.3
"https://studionol.co.kr/ko/stories/breathing1",breathing1,"노래 복압 잡는 법",0,1,0.00,12.0
"https://studionol.co.kr/ko/stories/breathing1",breathing1,"노래 호흡",0,14,0.00,8.4
"https://studionol.co.kr/ko/stories/breathing1",breathing1,"노래 호흡 부족",0,19,0.00,8.6
"https://studionol.co.kr/ko/stories/breathing1",breathing1,"보이스밸런스",0,1,0.00,6.0
"https://studionol.co.kr/ko/stories/breathing1",breathing1,"복식호흡 연습법",0,9,0.00,9.0
"https://studionol.co.kr/ko/stories/breathing1",breathing1,"복식호흡 원리",0,1,0.00,18.0
"https://studionol.co.kr/ko/stories/breathing1",breathing1,"브레스 컨트롤 팁",0,1,0.00,1.0
"https://studionol.co.kr/ko/stories/breathing1",breathing1,"브레스컨트롤 하는법",0,1,0.00,1.0
"https://studionol.co.kr/ko/stories/breathing1#%EB%85%B8%EB%9E%98%EC%9D%98-%EC%A0%88%EB%B0%98%EC%9D%80-%ED%98%B8%ED%9D%A1%EC%9E%85%EB%8B%88%EB%8B%A4",breathing1,"노래 호흡",0,11,0.00,9.0
"https://studionol.co.kr/ko/stories/breathing1#%EB%85%B8%EB%9E%98%EC%9D%98-%EC%A0%88%EB%B0%98%EC%9D%80-%ED%98%B8%ED%9D%A1%EC%9E%85%EB%8B%88%EB%8B%A4",breathing1,"노래 호흡법",0,14,0.00,6.7
"https://studionol.co.kr/ko/stories/breathing1#%EB%85%B9%EC%9D%8C-%EC%A0%84-%ED%98%B8%ED%9D%A1-%EC%9B%8C%EB%B0%8D%EC%97%85-5%EB%B6%84",breathing1,"노래 호흡",0,9,0.00,8.7
"https://studionol.co.kr/ko/stories/breathing1#%EB%85%B9%EC%9D%8C-%EC%A0%84-%ED%98%B8%ED%9D%A1-%EC%9B%8C%EB%B0%8D%EC%97%85-5%EB%B6%84",breathing1,"노래 호흡법",0,12,0.00,6.7
"https://studionol.co.kr/ko/stories/breathing1#%EB%B3%B5%EC%8B%9D-%ED%98%B8%ED%9D%A1-vs-%ED%9D%89%EC%8B%9D-%ED%98%B8%ED%9D%A1",breathing1,"노래 호흡",0,11,0.00,9.0
"https://studionol.co.kr/ko/stories/breathing1#%EB%B3%B5%EC%8B%9D-%ED%98%B8%ED%9D%A1-vs-%ED%9D%89%EC%8B%9D-%ED%98%B8%ED%9D%A1",breathing1,"노래 호흡법",0,14,0.00,6.7
"https://studionol.co.kr/ko/stories/breathing1#%ED%98%B8%ED%9D%A1-%ED%8F%AC%EC%9D%B8%ED%8A%B8-%EB%B6%84%EC%84%9D",breathing1,"노래 호흡",0,11,0.00,9.0
"https://studionol.co.kr/ko/stories/breathing1#%ED%98%B8%ED%9D%A1-%ED%8F%AC%EC%9D%B8%ED%8A%B8-%EB%B6%84%EC%84%9D",breathing1,"노래 호흡법",0,14,0.00,6.7
"https://studionol.co.kr/ko/stories/bus-compression1",bus-compression1,"글루 컴프레서",0,1,0.00,8.0
"https://studionol.co.kr/ko/stories/busan1",busan1,"부산 녹음실",0,1,0.00,9.0
"https://studionol.co.kr/ko/stories/category/lesson",category,"스튜디오 놀",0,1,0.00,1.0
"https://studionol.co.kr/ko/stories/category/mixing",category,"믹싱 마스터 링 독학",0,2,0.00,36.0
"https://studionol.co.kr/ko/stories/category/production",category,"스튜디오 놀",0,1,0.00,1.0
"https://studionol.co.kr/ko/stories/category/production",category,"음악 제작",0,1,0.00,30.0
"https://studionol.co.kr/ko/stories/category/recording",category,"site:studionol.co.kr",0,2,0.00,153.5
"https://studionol.co.kr/ko/stories/ccm-vocal1",ccm-vocal1,"site:studionol.co.kr",0,2,0.00,150.0
"https://studionol.co.kr/ko/stories/chest-voice1",chest-voice1,"c5",0,1,0.00,2.0
"https://studionol.co.kr/ko/stories/chest-voice1",chest-voice1,"gbdtjd",0,18,0.00,5.6
"https://studionol.co.kr/ko/stories/chest-voice1",chest-voice1,"site:studionol.co.kr",0,2,0.00,148.5
"https://studionol.co.kr/ko/stories/chest-voice1",chest-voice1,"남자 발성",0,1,0.00,2.0
"https://studionol.co.kr/ko/stories/chest-voice1",chest-voice1,"노래 흉성",0,7,0.00,4.1
"https://studionol.co.kr/ko/stories/chest-voice1",chest-voice1,"두성 흉성",0,1,0.00,3.0
"https://studionol.co.kr/ko/stories/chest-voice1",chest-voice1,"문란한 흉성",0,1,0.00,1.0
"https://studionol.co.kr/ko/stories/chest-voice1",chest-voice1,"저음 내는법",0,1,0.00,2.0
"https://studionol.co.kr/ko/stories/chest-voice1",chest-voice1,"저음내는법",0,1,0.00,1.0
"https://studionol.co.kr/ko/stories/chest-voice1",chest-voice1,"흉성 120퍼",0,1,0.00,1.0
"https://studionol.co.kr/ko/stories/chest-voice1",chest-voice1,"흉성 내는법",0,29,0.00,7.3
"https://studionol.co.kr/ko/stories/chest-voice1",chest-voice1,"흉성 뜻",0,8,0.00,7.8
"https://studionol.co.kr/ko/stories/chest-voice1",chest-voice1,"흉성 발성",0,7,0.00,4.9
"https://studionol.co.kr/ko/stories/chest-voice1",chest-voice1,"흉성 성우",0,2,0.00,11.5
"https://studionol.co.kr/ko/stories/chest-voice1",chest-voice1,"흉성 소울",0,23,0.00,3.8
"https://studionol.co.kr/ko/stories/chest-voice1",chest-voice1,"흉성 쓰는법",0,15,0.00,8.5
"https://studionol.co.kr/ko/stories/chest-voice1",chest-voice1,"흉성 패턴",0,2,0.00,8.5
"https://studionol.co.kr/ko/stories/chest-voice1",chest-voice1,"흉성 풀에겐",0,1,0.00,1.0
"https://studionol.co.kr/ko/stories/chest-voice1",chest-voice1,"흉성소울",0,1,0.00,3.0
"https://studionol.co.kr/ko/stories/chest-voice1",chest-voice1,"흉성의 화신",0,1,0.00,7.0
"https://studionol.co.kr/ko/stories/chest-voice1#%ED%9D%89%EC%84%B1%EA%B3%BC-%ED%98%BC%ED%95%A9-%EB%B0%9C%EC%84%B1%EC%9D%98-%EC%97%B0%EA%B2%B0",chest-voice1,"흉성 발성",0,4,0.00,6.3
"https://studionol.co.kr/ko/stories/chest-voice1#%ED%9D%89%EC%84%B1%EC%9D%B4-%EC%99%9C-%EC%A4%91%EC%9A%94%ED%95%9C%EA%B0%80",chest-voice1,"흉성 발성",0,4,0.00,6.3
"https://studionol.co.kr/ko/stories/chest-voice1#%ED%9D%89%EC%84%B1-%EA%B0%95%ED%99%94-%ED%9B%88%EB%A0%A8",chest-voice1,"흉성 발성",0,4,0.00,6.3
"https://studionol.co.kr/ko/stories/chest-voice1#%ED%9D%89%EC%84%B1-%ED%99%95%EC%9D%B8-%EB%B0%A9%EB%B2%95",chest-voice1,"흉성 발성",0,4,0.00,6.3
"https://studionol.co.kr/ko/stories/choir1",choir1,"site:studionol.co.kr",0,7,0.00,19.3
"https://studionol.co.kr/ko/stories/choir1",choir1,"보컬 믹싱 프로그램",0,1,0.00,53.0
"https://studionol.co.kr/ko/stories/choir1",choir1,"보컬 믹싱하는 법",0,1,0.00,40.0
"https://studionol.co.kr/ko/stories/choir1",choir1,"음원",0,1,0.00,1.0
"https://studionol.co.kr/ko/stories/chord-progression1",chord-progression1,"jpop 코드 진행",0,2,0.00,15.0
"https://studionol.co.kr/ko/stories/chord-progression1",chord-progression1,"r&b 코드진행",0,4,0.00,7.5
"https://studionol.co.kr/ko/stories/chord-progression1",chord-progression1,"기타 코드 진행",0,4,0.00,6.5
"https://studionol.co.kr/ko/stories/chord-progression1",chord-progression1,"노래 코드 분석",0,1,0.00,10.0
"https://studionol.co.kr/ko/stories/chord-progression1",chord-progression1,"더 찾아줘",0,1,0.00,7.0
"https://studionol.co.kr/ko/stories/chord-progression1",chord-progression1,"머니 코드 진행",0,1,0.00,17.0
"https://studionol.co.kr/ko/stories/chord-progression1",chord-progression1,"몽환적인 코드진행",0,7,0.00,5.7
"https://studionol.co.kr/ko/stories/chord-progression1",chord-progression1,"발라드 코드",0,8,0.00,6.6
"https://studionol.co.kr/ko/stories/chord-progression1",chord-progression1,"발라드 코드 진행",0,11,0.00,6.5
"https://studionol.co.kr/ko/stories/chord-progression1",chord-progression1,"발라드 코드진행",0,28,0.00,6.8
"https://studionol.co.kr/ko/stories/chord-progression1",chord-progression1,"세련된 코드 진행",0,11,0.00,5.7
"https://studionol.co.kr/ko/stories/chord-progression1",chord-progression1,"알앤비 코드진행",0,4,0.00,12.5
"https://studionol.co.kr/ko/stories/chord-progression1",chord-progression1,"음악 코드",0,12,0.00,8.8
"https://studionol.co.kr/ko/stories/chord-progression1",chord-progression1,"음악 코드 정리",0,11,0.00,6.8
"https://studionol.co.kr/ko/stories/chord-progression1",chord-progression1,"작곡",0,1,0.00,2.0
"https://studionol.co.kr/ko/stories/chord-progression1",chord-progression1,"작곡 코드",0,39,0.00,6.4
"https://studionol.co.kr/ko/stories/chord-progression1",chord-progression1,"작곡 코드 조합",0,1,0.00,7.0
"https://studionol.co.kr/ko/stories/chord-progression1",chord-progression1,"작곡 코드진행",0,1,0.00,7.0
"https://studionol.co.kr/ko/stories/chord-progression1",chord-progression1,"재즈 코드",0,15,0.00,1.4
"https://studionol.co.kr/ko/stories/chord-progression1",chord-progression1,"재즈 코드 진행 모음",0,29,0.00,7.0
"https://studionol.co.kr/ko/stories/chord-progression1",chord-progression1,"재즈코드",0,1,0.00,3.0
"https://studionol.co.kr/ko/stories/chord-progression1",chord-progression1,"제이팝 코드진행",0,2,0.00,14.5
"https://studionol.co.kr/ko/stories/chord-progression1",chord-progression1,"진행방식",0,1,0.00,7.0
"https://studionol.co.kr/ko/stories/chord-progression1",chord-progression1,"코드 음악",0,10,0.00,7.7
"https://studionol.co.kr/ko/stories/chord-progression1",chord-progression1,"코드 진행 모음",0,5,0.00,13.4
"https://studionol.co.kr/ko/stories/chord-progression1",chord-progression1,"코드 진행 분석",0,11,0.00,6.9
"https://studionol.co.kr/ko/stories/chord-progression1",chord-progression1,"코드 진행 분석 사이트",0,1,0.00,22.0
"https://studionol.co.kr/ko/stories/chord-progression1",chord-progression1,"코드 진행 원리",0,15,0.00,10.6
"https://studionol.co.kr/ko/stories/chord-progression1",chord-progression1,"코드 진행 추천",0,21,0.00,9.1
"https://studionol.co.kr/ko/stories/chord-progression1",chord-progression1,"코드 진행 표",0,7,0.00,7.4
"https://studionol.co.kr/ko/stories/chord-progression1",chord-progression1,"코드 추천",0,1,0.00,9.0
"https://studionol.co.kr/ko/stories/chord-progression1",chord-progression1,"코드 프로그레션",0,29,0.00,3.6
"https://studionol.co.kr/ko/stories/chord-progression1",chord-progression1,"코드진행 모음",0,4,0.00,9.8
"https://studionol.co.kr/ko/stories/chord-progression1",chord-progression1,"코드진행 분석 사이트",0,1,0.00,22.0
"https://studionol.co.kr/ko/stories/chord-progression1",chord-progression1,"코드진행 원리",0,4,0.00,6.3
"https://studionol.co.kr/ko/stories/chord-progression1",chord-progression1,"코드진행 추천",0,18,0.00,9.3
"https://studionol.co.kr/ko/stories/chord-progression1",chord-progression1,"코드추천",0,1,0.00,10.0
"https://studionol.co.kr/ko/stories/chord-progression1",chord-progression1,"트로트 작곡 특징 코드 진행",0,3,0.00,16.3
"https://studionol.co.kr/ko/stories/chord-progression1",chord-progression1,"트로트 작곡 특징 코드 진행 리듬",0,3,0.00,14.3
"https://studionol.co.kr/ko/stories/chord-progression1",chord-progression1,"트로트 코드 진행 or 트로트 화성",0,1,0.00,17.0
"https://studionol.co.kr/ko/stories/chord-progression1",chord-progression1,"트로트 코드 진행 패턴",0,2,0.00,10.5
"https://studionol.co.kr/ko/stories/chord-progression1",chord-progression1,"힙합 코드진행",0,7,0.00,9.6
"https://studionol.co.kr/ko/stories/chord-progression1#%EC%BD%94%EB%93%9C-%EC%A7%84%ED%96%89-%EC%9D%8C%EC%95%85-%EA%B0%90%EC%84%B1%EC%9D%98-%EB%BC%88%EB%8C%80",chord-progression1,"감성 코드 진행",0,1,0.00,5.0
"https://studionol.co.kr/ko/stories/chord-progression1#%EC%BD%94%EB%93%9C-%EC%A7%84%ED%96%89-%EC%9D%8C%EC%95%85-%EA%B0%90%EC%84%B1%EC%9D%98-%EB%BC%88%EB%8C%80",chord-progression1,"기타 코드 진행",0,3,0.00,7.0
"https://studionol.co.kr/ko/stories/chord-progression1#%EC%BD%94%EB%93%9C-%EC%A7%84%ED%96%89-%EC%9D%8C%EC%95%85-%EA%B0%90%EC%84%B1%EC%9D%98-%EB%BC%88%EB%8C%80",chord-progression1,"몽환적 인 코드 진행",0,19,0.00,6.8
"https://studionol.co.kr/ko/stories/chord-progression1#%EC%BD%94%EB%93%9C-%EC%A7%84%ED%96%89-%EC%9D%8C%EC%95%85-%EA%B0%90%EC%84%B1%EC%9D%98-%EB%BC%88%EB%8C%80",chord-progression1,"발라드 코드진행",0,8,0.00,5.5
"https://studionol.co.kr/ko/stories/chord-progression1#%EC%BD%94%EB%93%9C-%EC%A7%84%ED%96%89-%EC%9D%8C%EC%95%85-%EA%B0%90%EC%84%B1%EC%9D%98-%EB%BC%88%EB%8C%80",chord-progression1,"작곡 코드",0,2,0.00,8.5
"https://studionol.co.kr/ko/stories/chord-progression1#%EC%BD%94%EB%93%9C-%EC%A7%84%ED%96%89-%EC%9D%8C%EC%95%85-%EA%B0%90%EC%84%B1%EC%9D%98-%EB%BC%88%EB%8C%80",chord-progression1,"재즈 코드 진행",0,2,0.00,6.5
"https://studionol.co.kr/ko/stories/chord-progression1#%EC%BD%94%EB%93%9C-%EC%A7%84%ED%96%89-%EC%9D%8C%EC%95%85-%EA%B0%90%EC%84%B1%EC%9D%98-%EB%BC%88%EB%8C%80",chord-progression1,"재즈 코드 진행 모음",0,5,0.00,6.4
"https://studionol.co.kr/ko/stories/chord-progression1#%EC%BD%94%EB%93%9C-%EC%A7%84%ED%96%89-%EC%9D%8C%EC%95%85-%EA%B0%90%EC%84%B1%EC%9D%98-%EB%BC%88%EB%8C%80",chord-progression1,"재즈 코드진행",0,4,0.00,6.5
"https://studionol.co.kr/ko/stories/chord-progression1#%EC%BD%94%EB%93%9C-%EC%A7%84%ED%96%89-%EC%9D%8C%EC%95%85-%EA%B0%90%EC%84%B1%EC%9D%98-%EB%BC%88%EB%8C%80",chord-progression1,"코드 진행",0,163,0.00,5.7
"https://studionol.co.kr/ko/stories/chord-progression1#%EC%BD%94%EB%93%9C-%EC%A7%84%ED%96%89-%EC%9D%8C%EC%95%85-%EA%B0%90%EC%84%B1%EC%9D%98-%EB%BC%88%EB%8C%80",chord-progression1,"코드 진행 모음",0,1,0.00,9.0
"https://studionol.co.kr/ko/stories/chord-progression1#%EC%BD%94%EB%93%9C-%EC%A7%84%ED%96%89-%EC%9D%8C%EC%95%85-%EA%B0%90%EC%84%B1%EC%9D%98-%EB%BC%88%EB%8C%80",chord-progression1,"코드 진행 분석",0,6,0.00,8.5
"https://studionol.co.kr/ko/stories/chord-progression1#%EC%BD%94%EB%93%9C-%EC%A7%84%ED%96%89-%EC%9D%8C%EC%95%85-%EA%B0%90%EC%84%B1%EC%9D%98-%EB%BC%88%EB%8C%80",chord-progression1,"코드 진행 원리",0,13,0.00,8.3
"https://studionol.co.kr/ko/stories/chord-progression1#%EC%BD%94%EB%93%9C-%EC%A7%84%ED%96%89-%EC%9D%8C%EC%95%85-%EA%B0%90%EC%84%B1%EC%9D%98-%EB%BC%88%EB%8C%80",chord-progression1,"코드 진행 추천",0,16,0.00,9.3
"https://studionol.co.kr/ko/stories/chord-progression1#%EC%BD%94%EB%93%9C-%EC%A7%84%ED%96%89-%EC%9D%8C%EC%95%85-%EA%B0%90%EC%84%B1%EC%9D%98-%EB%BC%88%EB%8C%80",chord-progression1,"코드 진행 패턴",0,10,0.00,3.4
"https://studionol.co.kr/ko/stories/chord-progression1#%EC%BD%94%EB%93%9C-%EC%A7%84%ED%96%89-%EC%9D%8C%EC%95%85-%EA%B0%90%EC%84%B1%EC%9D%98-%EB%BC%88%EB%8C%80",chord-progression1,"코드 추천",0,1,0.00,9.0
"https://studionol.co.kr/ko/stories/chord-progression1#%EC%BD%94%EB%93%9C-%EC%A7%84%ED%96%89-%EC%9D%8C%EC%95%85-%EA%B0%90%EC%84%B1%EC%9D%98-%EB%BC%88%EB%8C%80",chord-progression1,"코드 프로그레션",0,13,0.00,6.8
"https://studionol.co.kr/ko/stories/chord-progression1#%EC%BD%94%EB%93%9C-%EC%A7%84%ED%96%89-%EC%9D%8C%EC%95%85-%EA%B0%90%EC%84%B1%EC%9D%98-%EB%BC%88%EB%8C%80",chord-progression1,"코드진행",0,235,0.00,5.3
"https://studionol.co.kr/ko/stories/chord-progression1#%EC%BD%94%EB%93%9C-%EC%A7%84%ED%96%89-%EC%9D%8C%EC%95%85-%EA%B0%90%EC%84%B1%EC%9D%98-%EB%BC%88%EB%8C%80",chord-progression1,"코드진행 모음",0,1,0.00,10.0
"https://studionol.co.kr/ko/stories/chord-progression1#%EC%BD%94%EB%93%9C-%EC%A7%84%ED%96%89-%EC%9D%8C%EC%95%85-%EA%B0%90%EC%84%B1%EC%9D%98-%EB%BC%88%EB%8C%80",chord-progression1,"코드진행 분석",0,10,0.00,6.4
"https://studionol.co.kr/ko/stories/chord-progression1#%EC%BD%94%EB%93%9C-%EC%A7%84%ED%96%89-%EC%9D%8C%EC%95%85-%EA%B0%90%EC%84%B1%EC%9D%98-%EB%BC%88%EB%8C%80",chord-progression1,"코드진행 원리",0,3,0.00,9.3
"https://studionol.co.kr/ko/stories/chord-progression1#%EC%BD%94%EB%93%9C-%EC%A7%84%ED%96%89-%EC%9D%8C%EC%95%85-%EA%B0%90%EC%84%B1%EC%9D%98-%EB%BC%88%EB%8C%80",chord-progression1,"코드진행 추천",0,16,0.00,9.6
"https://studionol.co.kr/ko/stories/chord-progression1#%EC%BD%94%EB%93%9C-%EC%A7%84%ED%96%89-%EC%9D%8C%EC%95%85-%EA%B0%90%EC%84%B1%EC%9D%98-%EB%BC%88%EB%8C%80",chord-progression1,"코드추천",0,1,0.00,10.0
"https://studionol.co.kr/ko/stories/chord-progression1#%EC%BD%94%EB%93%9C-%EC%A7%84%ED%96%89-%EC%9D%8C%EC%95%85-%EA%B0%90%EC%84%B1%EC%9D%98-%EB%BC%88%EB%8C%80",chord-progression1,"힙합 코드진행",0,7,0.00,9.6
"https://studionol.co.kr/ko/stories/chord-progression1#c-%EC%9E%A5%EC%A1%B0-%EA%B8%B0%EC%A4%80-%EB%8B%A4%EB%A5%B8-%EC%A1%B0%EB%A1%9C-%EC%A0%84%EC%A1%B0-%EA%B0%80%EB%8A%A5",chord-progression1,"감성 코드 진행",0,1,0.00,5.0
"https://studionol.co.kr/ko/stories/chord-progression1#c-%EC%9E%A5%EC%A1%B0-%EA%B8%B0%EC%A4%80-%EB%8B%A4%EB%A5%B8-%EC%A1%B0%EB%A1%9C-%EC%A0%84%EC%A1%B0-%EA%B0%80%EB%8A%A5",chord-progression1,"기타 코드 진행",0,3,0.00,7.0
"https://studionol.co.kr/ko/stories/chord-progression1#c-%EC%9E%A5%EC%A1%B0-%EA%B8%B0%EC%A4%80-%EB%8B%A4%EB%A5%B8-%EC%A1%B0%EB%A1%9C-%EC%A0%84%EC%A1%B0-%EA%B0%80%EB%8A%A5",chord-progression1,"몽환적 인 코드 진행",0,19,0.00,6.8
"https://studionol.co.kr/ko/stories/chord-progression1#c-%EC%9E%A5%EC%A1%B0-%EA%B8%B0%EC%A4%80-%EB%8B%A4%EB%A5%B8-%EC%A1%B0%EB%A1%9C-%EC%A0%84%EC%A1%B0-%EA%B0%80%EB%8A%A5",chord-progression1,"발라드 코드진행",0,8,0.00,5.5
"https://studionol.co.kr/ko/stories/chord-progression1#c-%EC%9E%A5%EC%A1%B0-%EA%B8%B0%EC%A4%80-%EB%8B%A4%EB%A5%B8-%EC%A1%B0%EB%A1%9C-%EC%A0%84%EC%A1%B0-%EA%B0%80%EB%8A%A5",chord-progression1,"작곡 코드",0,2,0.00,8.5
"https://studionol.co.kr/ko/stories/chord-progression1#c-%EC%9E%A5%EC%A1%B0-%EA%B8%B0%EC%A4%80-%EB%8B%A4%EB%A5%B8-%EC%A1%B0%EB%A1%9C-%EC%A0%84%EC%A1%B0-%EA%B0%80%EB%8A%A5",chord-progression1,"재즈 코드 진행",0,2,0.00,6.5
"https://studionol.co.kr/ko/stories/chord-progression1#c-%EC%9E%A5%EC%A1%B0-%EA%B8%B0%EC%A4%80-%EB%8B%A4%EB%A5%B8-%EC%A1%B0%EB%A1%9C-%EC%A0%84%EC%A1%B0-%EA%B0%80%EB%8A%A5",chord-progression1,"재즈 코드 진행 모음",0,5,0.00,6.4
"https://studionol.co.kr/ko/stories/chord-progression1#c-%EC%9E%A5%EC%A1%B0-%EA%B8%B0%EC%A4%80-%EB%8B%A4%EB%A5%B8-%EC%A1%B0%EB%A1%9C-%EC%A0%84%EC%A1%B0-%EA%B0%80%EB%8A%A5",chord-progression1,"재즈 코드진행",0,4,0.00,6.5
"https://studionol.co.kr/ko/stories/chord-progression1#c-%EC%9E%A5%EC%A1%B0-%EA%B8%B0%EC%A4%80-%EB%8B%A4%EB%A5%B8-%EC%A1%B0%EB%A1%9C-%EC%A0%84%EC%A1%B0-%EA%B0%80%EB%8A%A5",chord-progression1,"코드 진행",0,163,0.00,5.7
"https://studionol.co.kr/ko/stories/chord-progression1#c-%EC%9E%A5%EC%A1%B0-%EA%B8%B0%EC%A4%80-%EB%8B%A4%EB%A5%B8-%EC%A1%B0%EB%A1%9C-%EC%A0%84%EC%A1%B0-%EA%B0%80%EB%8A%A5",chord-progression1,"코드 진행 모음",0,1,0.00,9.0
"https://studionol.co.kr/ko/stories/chord-progression1#c-%EC%9E%A5%EC%A1%B0-%EA%B8%B0%EC%A4%80-%EB%8B%A4%EB%A5%B8-%EC%A1%B0%EB%A1%9C-%EC%A0%84%EC%A1%B0-%EA%B0%80%EB%8A%A5",chord-progression1,"코드 진행 분석",0,6,0.00,8.5
"https://studionol.co.kr/ko/stories/chord-progression1#c-%EC%9E%A5%EC%A1%B0-%EA%B8%B0%EC%A4%80-%EB%8B%A4%EB%A5%B8-%EC%A1%B0%EB%A1%9C-%EC%A0%84%EC%A1%B0-%EA%B0%80%EB%8A%A5",chord-progression1,"코드 진행 원리",0,13,0.00,8.3
"https://studionol.co.kr/ko/stories/chord-progression1#c-%EC%9E%A5%EC%A1%B0-%EA%B8%B0%EC%A4%80-%EB%8B%A4%EB%A5%B8-%EC%A1%B0%EB%A1%9C-%EC%A0%84%EC%A1%B0-%EA%B0%80%EB%8A%A5",chord-progression1,"코드 진행 추천",0,16,0.00,9.3
"https://studionol.co.kr/ko/stories/chord-progression1#c-%EC%9E%A5%EC%A1%B0-%EA%B8%B0%EC%A4%80-%EB%8B%A4%EB%A5%B8-%EC%A1%B0%EB%A1%9C-%EC%A0%84%EC%A1%B0-%EA%B0%80%EB%8A%A5",chord-progression1,"코드 진행 패턴",0,10,0.00,3.4
"https://studionol.co.kr/ko/stories/chord-progression1#c-%EC%9E%A5%EC%A1%B0-%EA%B8%B0%EC%A4%80-%EB%8B%A4%EB%A5%B8-%EC%A1%B0%EB%A1%9C-%EC%A0%84%EC%A1%B0-%EA%B0%80%EB%8A%A5",chord-progression1,"코드 추천",0,1,0.00,9.0
"https://studionol.co.kr/ko/stories/chord-progression1#c-%EC%9E%A5%EC%A1%B0-%EA%B8%B0%EC%A4%80-%EB%8B%A4%EB%A5%B8-%EC%A1%B0%EB%A1%9C-%EC%A0%84%EC%A1%B0-%EA%B0%80%EB%8A%A5",chord-progression1,"코드 프로그레션",0,13,0.00,6.8
"https://studionol.co.kr/ko/stories/chord-progression1#c-%EC%9E%A5%EC%A1%B0-%EA%B8%B0%EC%A4%80-%EB%8B%A4%EB%A5%B8-%EC%A1%B0%EB%A1%9C-%EC%A0%84%EC%A1%B0-%EA%B0%80%EB%8A%A5",chord-progression1,"코드진행",0,235,0.00,5.3
"https://studionol.co.kr/ko/stories/chord-progression1#c-%EC%9E%A5%EC%A1%B0-%EA%B8%B0%EC%A4%80-%EB%8B%A4%EB%A5%B8-%EC%A1%B0%EB%A1%9C-%EC%A0%84%EC%A1%B0-%EA%B0%80%EB%8A%A5",chord-progression1,"코드진행 모음",0,1,0.00,10.0
"https://studionol.co.kr/ko/stories/chord-progression1#c-%EC%9E%A5%EC%A1%B0-%EA%B8%B0%EC%A4%80-%EB%8B%A4%EB%A5%B8-%EC%A1%B0%EB%A1%9C-%EC%A0%84%EC%A1%B0-%EA%B0%80%EB%8A%A5",chord-progression1,"코드진행 분석",0,10,0.00,6.4
"https://studionol.co.kr/ko/stories/chord-progression1#c-%EC%9E%A5%EC%A1%B0-%EA%B8%B0%EC%A4%80-%EB%8B%A4%EB%A5%B8-%EC%A1%B0%EB%A1%9C-%EC%A0%84%EC%A1%B0-%EA%B0%80%EB%8A%A5",chord-progression1,"코드진행 원리",0,3,0.00,9.3
"https://studionol.co.kr/ko/stories/chord-progression1#c-%EC%9E%A5%EC%A1%B0-%EA%B8%B0%EC%A4%80-%EB%8B%A4%EB%A5%B8-%EC%A1%B0%EB%A1%9C-%EC%A0%84%EC%A1%B0-%EA%B0%80%EB%8A%A5",chord-progression1,"코드진행 추천",0,16,0.00,9.6
"https://studionol.co.kr/ko/stories/chord-progression1#c-%EC%9E%A5%EC%A1%B0-%EA%B8%B0%EC%A4%80-%EB%8B%A4%EB%A5%B8-%EC%A1%B0%EB%A1%9C-%EC%A0%84%EC%A1%B0-%EA%B0%80%EB%8A%A5",chord-progression1,"코드추천",0,1,0.00,10.0
"https://studionol.co.kr/ko/stories/chord-progression1#c-%EC%9E%A5%EC%A1%B0-%EA%B8%B0%EC%A4%80-%EB%8B%A4%EB%A5%B8-%EC%A1%B0%EB%A1%9C-%EC%A0%84%EC%A1%B0-%EA%B0%80%EB%8A%A5",chord-progression1,"힙합 코드진행",0,7,0.00,9.6
"https://studionol.co.kr/ko/stories/chordprog1",chordprog1,"site:studionol.co.kr",0,7,0.00,20.3
"https://studionol.co.kr/ko/stories/chordprog1",chordprog1,"알앤비 코드진행",0,24,0.00,7.8
"https://studionol.co.kr/ko/stories/chordprog1",chordprog1,"음악 코드 정리",0,1,0.00,26.0
"https://studionol.co.kr/ko/stories/chordprog1",chordprog1,"코드 진행 패턴",0,4,0.00,9.0
"https://studionol.co.kr/ko/stories/chordprog1",chordprog1,"코드진행",0,2,0.00,22.0
"https://studionol.co.kr/ko/stories/chordprog1",chordprog1,"코드진행 원리",0,1,0.00,34.0
"https://studionol.co.kr/ko/stories/chordprog1",chordprog1,"힙합 코드진행",0,6,0.00,7.5
"https://studionol.co.kr/ko/stories/chordprog1#%EA%B0%90%EC%A0%95%EC%9D%84-%EB%A7%8C%EB%93%9C%EB%8A%94-%ED%99%94%EC%9D%8C%EC%9D%98-%ED%9D%90%EB%A6%84",chordprog1,"발라드 코드",0,1,0.00,8.0
"https://studionol.co.kr/ko/stories/chordprog1#%EA%B0%90%EC%A0%95%EC%9D%84-%EB%A7%8C%EB%93%9C%EB%8A%94-%ED%99%94%EC%9D%8C%EC%9D%98-%ED%9D%90%EB%A6%84",chordprog1,"발라드 코드진행",0,1,0.00,6.0
"https://studionol.co.kr/ko/stories/chordprog1#%EC%9E%A5%EB%A5%B4%EB%B3%84-%EC%BD%94%EB%93%9C-%EC%A7%84%ED%96%89-%ED%8A%B9%EC%A7%95",chordprog1,"발라드 코드",0,1,0.00,8.0
"https://studionol.co.kr/ko/stories/chordprog1#%EC%9E%A5%EB%A5%B4%EB%B3%84-%EC%BD%94%EB%93%9C-%EC%A7%84%ED%96%89-%ED%8A%B9%EC%A7%95",chordprog1,"발라드 코드진행",0,1,0.00,6.0
"https://studionol.co.kr/ko/stories/chordprog1#%EC%BD%94%EB%93%9C-%EA%B8%B0%ED%98%B8-%EC%9D%BD%EB%8A%94-%EB%B0%A9%EB%B2%95",chordprog1,"발라드 코드",0,1,0.00,8.0
"https://studionol.co.kr/ko/stories/chordprog1#%EC%BD%94%EB%93%9C-%EA%B8%B0%ED%98%B8-%EC%9D%BD%EB%8A%94-%EB%B0%A9%EB%B2%95",chordprog1,"발라드 코드진행",0,1,0.00,6.0
"https://studionol.co.kr/ko/stories/chordprog1#%ED%8C%9D%EB%B0%9C%EB%9D%BC%EB%93%9C-%EC%9E%A5%EC%A1%B0",chordprog1,"발라드 코드",0,1,0.00,8.0
"https://studionol.co.kr/ko/stories/chordprog1#%ED%8C%9D%EB%B0%9C%EB%9D%BC%EB%93%9C-%EC%9E%A5%EC%A1%B0",chordprog1,"발라드 코드진행",0,1,0.00,6.0
"https://studionol.co.kr/ko/stories/chungbuk1",chungbuk1,"site:studionol.co.kr",0,2,0.00,50.0
"https://studionol.co.kr/ko/stories/chungnam1",chungnam1,"녹음실",0,1,0.00,6.0
"https://studionol.co.kr/ko/stories/clipper1",clipper1,"클리핑",0,2,0.00,51.0
"https://studionol.co.kr/ko/stories/compress1",compress1,"보컬 컴프레서",0,4,0.00,6.3
"https://studionol.co.kr/ko/stories/compress1",compress1,"브레스 컨트롤 팁",0,1,0.00,28.0
"https://studionol.co.kr/ko/stories/compress1",compress1,"컴프레서 릴리즈",0,1,0.00,6.0
"https://studionol.co.kr/ko/stories/compress1",compress1,"컴프레서 어택 릴리즈",0,2,0.00,6.5
"https://studionol.co.kr/ko/stories/compression-guide1",compression-guide1,"threshold",0,7,0.00,4.0
"https://studionol.co.kr/ko/stories/compression-guide1",compression-guide1,"글루 컴프레서",0,1,0.00,24.0
"https://studionol.co.kr/ko/stories/compression-guide1",compression-guide1,"기타 컴프레서",0,1,0.00,22.0
"https://studionol.co.kr/ko/stories/compression-guide1",compression-guide1,"베이스 컴프레서",0,2,0.00,20.5
"https://studionol.co.kr/ko/stories/compression-guide1",compression-guide1,"보컬 컴프레서",0,2,0.00,25.0
"https://studionol.co.kr/ko/stories/compression-guide1",compression-guide1,"보컬 컴프레서 세팅",0,2,0.00,6.0
"https://studionol.co.kr/ko/stories/compression-guide1",compression-guide1,"오디오 컴프레서",0,3,0.00,24.7
"https://studionol.co.kr/ko/stories/compression-guide1",compression-guide1,"치즈나이프 오디오 컴프레서 설정",0,3,0.00,19.3
"https://studionol.co.kr/ko/stories/compression-guide1",compression-guide1,"컴프레서",0,5,0.00,32.8
"https://studionol.co.kr/ko/stories/compression-guide1",compression-guide1,"컴프레서 ratio",0,1,0.00,1.0
"https://studionol.co.kr/ko/stories/compression-guide1",compression-guide1,"컴프레서 릴리즈",0,5,0.00,8.2
"https://studionol.co.kr/ko/stories/compression-guide1",compression-guide1,"컴프레서 어택",0,3,0.00,12.3
"https://studionol.co.kr/ko/stories/compression-guide1",compression-guide1,"컴프레서 어택 릴리즈",0,1,0.00,7.0
"https://studionol.co.kr/ko/stories/compression-guide1",compression-guide1,"컴프레서 원리",0,1,0.00,2.0
"https://studionol.co.kr/ko/stories/compression-guide1",compression-guide1,"컴프레서 이펙터",0,2,0.00,32.0
"https://studionol.co.kr/ko/stories/compression-guide1",compression-guide1,"컴프레서 종류",0,4,0.00,50.8
"https://studionol.co.kr/ko/stories/compression-guide1",compression-guide1,"컴프레션 뜻",0,1,0.00,16.0
"https://studionol.co.kr/ko/stories/compression-guide1",compression-guide1,"콤프레샤 사용법",0,1,0.00,4.0
"https://studionol.co.kr/ko/stories/compressor1",compressor1,"보컬 컴프레서",0,9,0.00,6.0
"https://studionol.co.kr/ko/stories/compressor1",compressor1,"컴프레서 사용법",0,1,0.00,49.0
"https://studionol.co.kr/ko/stories/condenser-mic1",condenser-mic1,"coms usb 콘덴서 마이크 / 홈레코딩 () reviews",0,1,0.00,9.0
"https://studionol.co.kr/ko/stories/condenser-mic1",condenser-mic1,"site:studionol.co.kr",0,1,0.00,76.0
"https://studionol.co.kr/ko/stories/condenser-mic1",condenser-mic1,"usb 콘덴서 마이크",0,2,0.00,31.5
"https://studionol.co.kr/ko/stories/condenser-mic1",condenser-mic1,"고감도 마이크",0,1,0.00,2.0
"https://studionol.co.kr/ko/stories/condenser-mic1",condenser-mic1,"기준 마이크",0,9,0.00,42.1
"https://studionol.co.kr/ko/stories/condenser-mic1",condenser-mic1,"노래 녹음 마이크",0,1,0.00,26.0
"https://studionol.co.kr/ko/stories/condenser-mic1",condenser-mic1,"노래 녹음용 마이크",0,2,0.00,16.5
"https://studionol.co.kr/ko/stories/condenser-mic1",condenser-mic1,"노래용 마이크",0,1,0.00,26.0
"https://studionol.co.kr/ko/stories/condenser-mic1",condenser-mic1,"녹음 마이크",0,4,0.00,26.5
"https://studionol.co.kr/ko/stories/condenser-mic1",condenser-mic1,"녹음마이크",0,2,0.00,37.5
"https://studionol.co.kr/ko/stories/condenser-mic1",condenser-mic1,"녹음실 마이크",0,8,0.00,11.3
"https://studionol.co.kr/ko/stories/condenser-mic1",condenser-mic1,"녹음용 마이크",0,49,0.00,5.7
"https://studionol.co.kr/ko/stories/condenser-mic1",condenser-mic1,"녹음용 마이크 추천",0,9,0.00,11.2
"https://studionol.co.kr/ko/stories/condenser-mic1",condenser-mic1,"녹음용 콘덴서 마이크 추천",0,1,0.00,7.0
"https://studionol.co.kr/ko/stories/condenser-mic1",condenser-mic1,"다이나믹 마이크",0,36,0.00,8.6
"https://studionol.co.kr/ko/stories/condenser-mic1",condenser-mic1,"다이나믹 마이크 세팅",0,1,0.00,29.0
"https://studionol.co.kr/ko/stories/condenser-mic1",condenser-mic1,"다이나믹 마이크 원리",0,1,0.00,20.0
"https://studionol.co.kr/ko/stories/condenser-mic1",condenser-mic1,"다이나믹 마이크 추천",0,6,0.00,12.3
"https://studionol.co.kr/ko/stories/condenser-mic1",condenser-mic1,"다이나믹 마이크 콘덴서 마이크",0,4,0.00,15.0
"https://studionol.co.kr/ko/stories/condenser-mic1",condenser-mic1,"다이나믹 마이크 콘덴서 마이크 차이",0,36,0.00,8.5
"https://studionol.co.kr/ko/stories/condenser-mic1",condenser-mic1,"다이나믹 콘덴서 마이크 차이",0,7,0.00,10.0
"https://studionol.co.kr/ko/stories/condenser-mic1",condenser-mic1,"다이나믹 콘덴서 차이",0,34,0.00,6.7
"https://studionol.co.kr/ko/stories/condenser-mic1",condenser-mic1,"다이나믹마이크",0,6,0.00,4.2
"https://studionol.co.kr/ko/stories/condenser-mic1",condenser-mic1,"다이나믹마이크 추천",0,1,0.00,10.0
"https://studionol.co.kr/ko/stories/condenser-mic1",condenser-mic1,"다이내믹 마이크",0,2,0.00,1.0
"https://studionol.co.kr/ko/stories/condenser-mic1",condenser-mic1,"마이크 구매",0,3,0.00,1.0
"https://studionol.co.kr/ko/stories/condenser-mic1",condenser-mic1,"마이크 다이어프램",0,2,0.00,15.0
"https://studionol.co.kr/ko/stories/condenser-mic1",condenser-mic1,"마이크 선택",0,2,0.00,4.0
"https://studionol.co.kr/ko/stories/condenser-mic1",condenser-mic1,"마이크 이름",0,1,0.00,1.0
"https://studionol.co.kr/ko/stories/condenser-mic1",condenser-mic1,"마이크 코 콘",0,15,0.00,45.3
"https://studionol.co.kr/ko/stories/condenser-mic1",condenser-mic1,"마이크 콘덴서",0,8,0.00,11.9
"https://studionol.co.kr/ko/stories/condenser-mic1",condenser-mic1,"마이크 콘덴서 다이나믹 차이",0,4,0.00,4.8
"https://studionol.co.kr/ko/stories/condenser-mic1",condenser-mic1,"마타스튜디오 c10",0,1,0.00,9.0
"https://studionol.co.kr/ko/stories/condenser-mic1",condenser-mic1,"보컬 녹음 마이크",0,2,0.00,7.5
"https://studionol.co.kr/ko/stories/condenser-mic1",condenser-mic1,"보컬 녹음용 마이크",0,7,0.00,10.1
"https://studionol.co.kr/ko/stories/condenser-mic1",condenser-mic1,"보컬 녹음용 마이크 추천",0,23,0.00,10.3
"https://studionol.co.kr/ko/stories/condenser-mic1",condenser-mic1,"보컬 마이크",0,2,0.00,40.5
"https://studionol.co.kr/ko/stories/condenser-mic1",condenser-mic1,"보컬용 다이나믹 마이크 추천",0,3,0.00,22.0
"https://studionol.co.kr/ko/stories/condenser-mic1",condenser-mic1,"보컬용 마이크",0,1,0.00,21.0
"https://studionol.co.kr/ko/stories/condenser-mic1",condenser-mic1,"보컬용 마이크 추천",0,2,0.00,7.0
"https://studionol.co.kr/ko/stories/condenser-mic1",condenser-mic1,"스튜디오 마이크",0,4,0.00,8.0
"https://studionol.co.kr/ko/stories/condenser-mic1",condenser-mic1,"컨덴서 마이크",0,31,0.00,5.2
"https://studionol.co.kr/ko/stories/condenser-mic1",condenser-mic1,"컨덴서마이크",0,14,0.00,6.4
"https://studionol.co.kr/ko/stories/condenser-mic1",condenser-mic1,"콘댄서 마이크",0,7,0.00,6.1
"https://studionol.co.kr/ko/stories/condenser-mic1",condenser-mic1,"콘덴서 다이나믹 마이크 차이",0,2,0.00,9.0
"https://studionol.co.kr/ko/stories/condenser-mic1",condenser-mic1,"콘덴서 다이나믹 차이",0,105,0.00,7.3
"https://studionol.co.kr/ko/stories/condenser-mic1",condenser-mic1,"콘덴서 마이크 거리",0,1,0.00,32.0
"https://studionol.co.kr/ko/stories/condenser-mic1",condenser-mic1,"콘덴서 마이크 구조",0,1,0.00,39.0
"https://studionol.co.kr/ko/stories/condenser-mic1",condenser-mic1,"콘덴서 마이크 다이나믹 마이크",0,9,0.00,7.9
"https://studionol.co.kr/ko/stories/condenser-mic1",condenser-mic1,"콘덴서 마이크 다이나믹 마이크 차이",0,19,0.00,8.5
"https://studionol.co.kr/ko/stories/condenser-mic1",condenser-mic1,"콘덴서 마이크 뜻",0,34,0.00,5.0
"https://studionol.co.kr/ko/stories/condenser-mic1",condenser-mic1,"콘덴서 마이크 사용법",0,7,0.00,8.3
"https://studionol.co.kr/ko/stories/condenser-mic1",condenser-mic1,"콘덴서 마이크 세팅",0,11,0.00,9.6
"https://studionol.co.kr/ko/stories/condenser-mic1",condenser-mic1,"콘덴서 마이크 원리",0,11,0.00,11.0
"https://studionol.co.kr/ko/stories/condenser-mic1",condenser-mic1,"콘덴서 마이크 위치",0,4,0.00,37.3
"https://studionol.co.kr/ko/stories/condenser-mic1",condenser-mic1,"콘덴서 마이크 지향성",0,1,0.00,11.0
"https://studionol.co.kr/ko/stories/condenser-mic1",condenser-mic1,"콘덴서 마이크 특징",0,13,0.00,6.2
"https://studionol.co.kr/ko/stories/condenser-mic1",condenser-mic1,"콘덴서 마이크란",0,2,0.00,4.5
"https://studionol.co.kr/ko/stories/condenser-mic1",condenser-mic1,"콘덴서마이크",0,107,0.00,6.3
"https://studionol.co.kr/ko/stories/condenser-mic1",condenser-mic1,"콘덴서마이크 추천",0,1,0.00,10.0
"https://studionol.co.kr/ko/stories/condenser-mic1#%EB%9D%BC%EC%A7%80-%EB%8B%A4%EC%9D%B4%EC%96%B4%ED%94%84%EB%9E%A8-vs-%EC%8A%A4%EB%AA%B0-%EB%8B%A4%EC%9D%B4%EC%96%B4%ED%94%84%EB%9E%A8",condenser-mic1,"다이나믹 콘덴서 마이크 차이",0,4,0.00,10.0
"https://studionol.co.kr/ko/stories/condenser-mic1#%EB%9D%BC%EC%A7%80-%EB%8B%A4%EC%9D%B4%EC%96%B4%ED%94%84%EB%9E%A8-vs-%EC%8A%A4%EB%AA%B0-%EB%8B%A4%EC%9D%B4%EC%96%B4%ED%94%84%EB%9E%A8",condenser-mic1,"마이크 콘덴서 다이나믹 차이",0,1,0.00,8.0
"https://studionol.co.kr/ko/stories/condenser-mic1#%EB%9D%BC%EC%A7%80-%EB%8B%A4%EC%9D%B4%EC%96%B4%ED%94%84%EB%9E%A8-vs-%EC%8A%A4%EB%AA%B0-%EB%8B%A4%EC%9D%B4%EC%96%B4%ED%94%84%EB%9E%A8",condenser-mic1,"컨덴서 마이크",0,1,0.00,10.0
"https://studionol.co.kr/ko/stories/condenser-mic1#%EB%9D%BC%EC%A7%80-%EB%8B%A4%EC%9D%B4%EC%96%B4%ED%94%84%EB%9E%A8-vs-%EC%8A%A4%EB%AA%B0-%EB%8B%A4%EC%9D%B4%EC%96%B4%ED%94%84%EB%9E%A8",condenser-mic1,"컨덴서마이크",0,2,0.00,10.5
"https://studionol.co.kr/ko/stories/condenser-mic1#%EB%9D%BC%EC%A7%80-%EB%8B%A4%EC%9D%B4%EC%96%B4%ED%94%84%EB%9E%A8-vs-%EC%8A%A4%EB%AA%B0-%EB%8B%A4%EC%9D%B4%EC%96%B4%ED%94%84%EB%9E%A8",condenser-mic1,"콘댄서 마이크",0,1,0.00,11.0
"https://studionol.co.kr/ko/stories/condenser-mic1#%EB%9D%BC%EC%A7%80-%EB%8B%A4%EC%9D%B4%EC%96%B4%ED%94%84%EB%9E%A8-vs-%EC%8A%A4%EB%AA%B0-%EB%8B%A4%EC%9D%B4%EC%96%B4%ED%94%84%EB%9E%A8",condenser-mic1,"콘덴서 다이나믹 마이크 차이",0,2,0.00,9.0
"https://studionol.co.kr/ko/stories/condenser-mic1#%EB%9D%BC%EC%A7%80-%EB%8B%A4%EC%9D%B4%EC%96%B4%ED%94%84%EB%9E%A8-vs-%EC%8A%A4%EB%AA%B0-%EB%8B%A4%EC%9D%B4%EC%96%B4%ED%94%84%EB%9E%A8",condenser-mic1,"콘덴서 마이크",0,120,0.00,10.0
"https://studionol.co.kr/ko/stories/condenser-mic1#%EB%9D%BC%EC%A7%80-%EB%8B%A4%EC%9D%B4%EC%96%B4%ED%94%84%EB%9E%A8-vs-%EC%8A%A4%EB%AA%B0-%EB%8B%A4%EC%9D%B4%EC%96%B4%ED%94%84%EB%9E%A8",condenser-mic1,"콘덴서 마이크 다이나믹 마이크",0,1,0.00,10.0
"https://studionol.co.kr/ko/stories/condenser-mic1#%EB%9D%BC%EC%A7%80-%EB%8B%A4%EC%9D%B4%EC%96%B4%ED%94%84%EB%9E%A8-vs-%EC%8A%A4%EB%AA%B0-%EB%8B%A4%EC%9D%B4%EC%96%B4%ED%94%84%EB%9E%A8",condenser-mic1,"콘덴서 마이크 추천",0,2,0.00,9.5
"https://studionol.co.kr/ko/stories/condenser-mic1#%EB%9D%BC%EC%A7%80-%EB%8B%A4%EC%9D%B4%EC%96%B4%ED%94%84%EB%9E%A8-vs-%EC%8A%A4%EB%AA%B0-%EB%8B%A4%EC%9D%B4%EC%96%B4%ED%94%84%EB%9E%A8",condenser-mic1,"콘덴서마이크",0,6,0.00,10.5
"https://studionol.co.kr/ko/stories/condenser-mic1#%EC%BD%98%EB%8D%B4%EC%84%9C-%EB%A7%88%EC%9D%B4%ED%81%AC%EB%9E%80-%EB%B3%B4%EC%BB%AC-%EB%85%B9%EC%9D%8C%EC%9D%98-%ED%91%9C%EC%A4%80",condenser-mic1,"다이나믹 콘덴서 마이크 차이",0,4,0.00,10.0
"https://studionol.co.kr/ko/stories/condenser-mic1#%EC%BD%98%EB%8D%B4%EC%84%9C-%EB%A7%88%EC%9D%B4%ED%81%AC%EB%9E%80-%EB%B3%B4%EC%BB%AC-%EB%85%B9%EC%9D%8C%EC%9D%98-%ED%91%9C%EC%A4%80",condenser-mic1,"마이크 콘덴서 다이나믹 차이",0,1,0.00,8.0
"https://studionol.co.kr/ko/stories/condenser-mic1#%EC%BD%98%EB%8D%B4%EC%84%9C-%EB%A7%88%EC%9D%B4%ED%81%AC%EB%9E%80-%EB%B3%B4%EC%BB%AC-%EB%85%B9%EC%9D%8C%EC%9D%98-%ED%91%9C%EC%A4%80",condenser-mic1,"컨덴서 마이크",0,1,0.00,10.0
"https://studionol.co.kr/ko/stories/condenser-mic1#%EC%BD%98%EB%8D%B4%EC%84%9C-%EB%A7%88%EC%9D%B4%ED%81%AC%EB%9E%80-%EB%B3%B4%EC%BB%AC-%EB%85%B9%EC%9D%8C%EC%9D%98-%ED%91%9C%EC%A4%80",condenser-mic1,"컨덴서마이크",0,2,0.00,10.5
"https://studionol.co.kr/ko/stories/condenser-mic1#%EC%BD%98%EB%8D%B4%EC%84%9C-%EB%A7%88%EC%9D%B4%ED%81%AC%EB%9E%80-%EB%B3%B4%EC%BB%AC-%EB%85%B9%EC%9D%8C%EC%9D%98-%ED%91%9C%EC%A4%80",condenser-mic1,"콘댄서 마이크",0,1,0.00,11.0
"https://studionol.co.kr/ko/stories/condenser-mic1#%EC%BD%98%EB%8D%B4%EC%84%9C-%EB%A7%88%EC%9D%B4%ED%81%AC%EB%9E%80-%EB%B3%B4%EC%BB%AC-%EB%85%B9%EC%9D%8C%EC%9D%98-%ED%91%9C%EC%A4%80",condenser-mic1,"콘덴서 다이나믹 마이크 차이",0,2,0.00,9.0
"https://studionol.co.kr/ko/stories/condenser-mic1#%EC%BD%98%EB%8D%B4%EC%84%9C-%EB%A7%88%EC%9D%B4%ED%81%AC%EB%9E%80-%EB%B3%B4%EC%BB%AC-%EB%85%B9%EC%9D%8C%EC%9D%98-%ED%91%9C%EC%A4%80",condenser-mic1,"콘덴서 마이크",0,120,0.00,10.0
"https://studionol.co.kr/ko/stories/condenser-mic1#%EC%BD%98%EB%8D%B4%EC%84%9C-%EB%A7%88%EC%9D%B4%ED%81%AC%EB%9E%80-%EB%B3%B4%EC%BB%AC-%EB%85%B9%EC%9D%8C%EC%9D%98-%ED%91%9C%EC%A4%80",condenser-mic1,"콘덴서 마이크 다이나믹 마이크",0,1,0.00,10.0
"https://studionol.co.kr/ko/stories/condenser-mic1#%EC%BD%98%EB%8D%B4%EC%84%9C-%EB%A7%88%EC%9D%B4%ED%81%AC%EB%9E%80-%EB%B3%B4%EC%BB%AC-%EB%85%B9%EC%9D%8C%EC%9D%98-%ED%91%9C%EC%A4%80",condenser-mic1,"콘덴서 마이크 추천",0,2,0.00,9.5
"https://studionol.co.kr/ko/stories/condenser-mic1#%EC%BD%98%EB%8D%B4%EC%84%9C-%EB%A7%88%EC%9D%B4%ED%81%AC%EB%9E%80-%EB%B3%B4%EC%BB%AC-%EB%85%B9%EC%9D%8C%EC%9D%98-%ED%91%9C%EC%A4%80",condenser-mic1,"콘덴서마이크",0,6,0.00,10.5
"https://studionol.co.kr/ko/stories/copyright-cover1",copyright-cover1,"1",0,1,0.00,2.0
"https://studionol.co.kr/ko/stories/copyright-cover1",copyright-cover1,"flos",0,1,0.00,1.0
"https://studionol.co.kr/ko/stories/copyright-cover1",copyright-cover1,"mr 구매 사이트",0,1,0.00,3.0
"https://studionol.co.kr/ko/stories/copyright-cover1",copyright-cover1,"mr 음악 뜻",0,1,0.00,1.0
"https://studionol.co.kr/ko/stories/copyright-cover1",copyright-cover1,"mr 음원",0,2,0.00,1.0
"https://studionol.co.kr/ko/stories/copyright-cover1",copyright-cover1,"plum r 맵 파일",0,1,0.00,5.0
"https://studionol.co.kr/ko/stories/copyright-cover1",copyright-cover1,"site:studionol.co.kr",0,1,0.00,142.0
"https://studionol.co.kr/ko/stories/copyright-cover1",copyright-cover1,"suno 저작권 우회 디시",0,2,0.00,1.0
"https://studionol.co.kr/ko/stories/copyright-cover1",copyright-cover1,"국립국어원 mr 반주 음악",0,1,0.00,9.0
"https://studionol.co.kr/ko/stories/copyright-cover1",copyright-cover1,"금영 노래방 mr 뜻",0,1,0.00,2.0
"https://studionol.co.kr/ko/stories/copyright-cover1",copyright-cover1,"한국음악저작권협회 임을 위한 행진곡",0,1,0.00,9.0
"https://studionol.co.kr/ko/stories/copyright-cover1",copyright-cover1,"한국저작권위원회 유튜브 음악 업로드 허락 작곡가 작사가 실연자 음반제작자",0,1,0.00,2.0
"https://studionol.co.kr/ko/stories/copyright-cover1",copyright-cover1,"한국저작권위원회 유튜브 커버곡 허락 작곡가 작사가 실연자 음반제작자",0,58,0.00,6.5
"https://studionol.co.kr/ko/stories/copyright-cover1",copyright-cover1,"한국저작권위원회 유튜브 커버곡 허락 작곡가 작사가 음반제작자 실연자",0,20,0.00,6.8
"https://studionol.co.kr/ko/stories/copyright-cover1",copyright-cover1,"곰돌이 두 마리 저작권",0,1,0.00,2.0
"https://studionol.co.kr/ko/stories/copyright-cover1",copyright-cover1,"긴 생머리 그녀 저작권",0,2,0.00,6.0
"https://studionol.co.kr/ko/stories/copyright-cover1",copyright-cover1,"나의 옛날 이야기 저작권",0,2,0.00,6.5
"https://studionol.co.kr/ko/stories/copyright-cover1",copyright-cover1,"노래 mr 다운로드",0,1,0.00,3.0
"https://studionol.co.kr/ko/stories/copyright-cover1",copyright-cover1,"노래 커버 유튜버 수익",0,22,0.00,5.4
"https://studionol.co.kr/ko/stories/copyright-cover1",copyright-cover1,"노래 커버 하는법",0,3,0.00,1.7
"https://studionol.co.kr/ko/stories/copyright-cover1",copyright-cover1,"노래커버 저작권",0,2,0.00,7.0
"https://studionol.co.kr/ko/stories/copyright-cover1",copyright-cover1,"닌텐도 브금 저작권 디시",0,1,0.00,3.0
"https://studionol.co.kr/ko/stories/copyright-cover1",copyright-cover1,"동물의 숲 bgm 저작권",0,1,0.00,1.0
"https://studionol.co.kr/ko/stories/copyright-cover1",copyright-cover1,"드럼 커버",0,1,0.00,1.0
"https://studionol.co.kr/ko/stories/copyright-cover1",copyright-cover1,"마이 인스턴트 저작권",0,3,0.00,1.0
"https://studionol.co.kr/ko/stories/copyright-cover1",copyright-cover1,"마카레나 저작권",0,1,0.00,1.0
"https://studionol.co.kr/ko/stories/copyright-cover1",copyright-cover1,"쇼츠 음악 저작권",0,1,0.00,13.0
"https://studionol.co.kr/ko/stories/copyright-cover1",copyright-cover1,"수노 저작권 우회 디시",0,4,0.00,2.5
"https://studionol.co.kr/ko/stories/copyright-cover1",copyright-cover1,"수노 저작권 피하기",0,1,0.00,1.0
"https://studionol.co.kr/ko/stories/copyright-cover1",copyright-cover1,"아이돌 mr 제거",0,11,0.00,9.8
"https://studionol.co.kr/ko/stories/copyright-cover1",copyright-cover1,"얼마일까",0,1,0.00,1.0
"https://studionol.co.kr/ko/stories/copyright-cover1",copyright-cover1,"올라가냥 규정",0,1,0.00,1.0
"https://studionol.co.kr/ko/stories/copyright-cover1",copyright-cover1,"유튜버 커버곡",0,2,0.00,13.5
"https://studionol.co.kr/ko/stories/copyright-cover1",copyright-cover1,"유튜브",0,1,0.00,4.0
"https://studionol.co.kr/ko/stories/copyright-cover1",copyright-cover1,"유튜브 mr",0,2,0.00,4.0
"https://studionol.co.kr/ko/stories/copyright-cover1",copyright-cover1,"유튜브 노래 저작권",0,3,0.00,20.3
"https://studionol.co.kr/ko/stories/copyright-cover1",copyright-cover1,"유튜브 노래방 커버 저작권",0,2,0.00,6.5
"https://studionol.co.kr/ko/stories/copyright-cover1",copyright-cover1,"유튜브 뮤직 커버곡",0,6,0.00,10.5
"https://studionol.co.kr/ko/stories/copyright-cover1",copyright-cover1,"유튜브 수익창출 안하면 저작권",0,1,0.00,15.0
"https://studionol.co.kr/ko/stories/copyright-cover1",copyright-cover1,"유튜브 업로드",0,2,0.00,1.5
"https://studionol.co.kr/ko/stories/copyright-cover1",copyright-cover1,"유튜브 영상 업로드",0,1,0.00,4.0
"https://studionol.co.kr/ko/stories/copyright-cover1",copyright-cover1,"유튜브 영상 제작",0,1,0.00,3.0
"https://studionol.co.kr/ko/stories/copyright-cover1",copyright-cover1,"유튜브 음악 저작권",0,1,0.00,29.0
"https://studionol.co.kr/ko/stories/copyright-cover1",copyright-cover1,"유튜브 음악 저작권 등록",0,1,0.00,12.0
"https://studionol.co.kr/ko/stories/copyright-cover1",copyright-cover1,"유튜브 음악 저작권 확인",0,1,0.00,42.0
"https://studionol.co.kr/ko/stories/copyright-cover1",copyright-cover1,"유튜브 음원 저작권",0,1,0.00,10.0
"https://studionol.co.kr/ko/stories/copyright-cover1",copyright-cover1,"유튜브 커버",0,12,0.00,6.7
"https://studionol.co.kr/ko/stories/copyright-cover1",copyright-cover1,"유튜브 커버 곡 수익 디시",0,5,0.00,10.6
"https://studionol.co.kr/ko/stories/copyright-cover1",copyright-cover1,"유튜브 커버 곡 올리는 법",0,9,0.00,11.1
"https://studionol.co.kr/ko/stories/copyright-cover1",copyright-cover1,"유튜브 커버 저작권",0,9,0.00,6.8
"https://studionol.co.kr/ko/stories/copyright-cover1",copyright-cover1,"유튜브 커버곡 올리는 법",0,3,0.00,14.3
"https://studionol.co.kr/ko/stories/copyright-cover1",copyright-cover1,"유튜브에 음악 올리기",0,1,0.00,1.0
"https://studionol.co.kr/ko/stories/copyright-cover1",copyright-cover1,"유튜브에 음악 올리기 저작권",0,4,0.00,6.8
"https://studionol.co.kr/ko/stories/copyright-cover1",copyright-cover1,"음악 커버",0,1,0.00,10.0
"https://studionol.co.kr/ko/stories/copyright-cover1",copyright-cover1,"이거",0,1,0.00,3.0
"https://studionol.co.kr/ko/stories/copyright-cover1",copyright-cover1,"인간극장 브금 저작권",0,1,0.00,1.0
"https://studionol.co.kr/ko/stories/copyright-cover1",copyright-cover1,"인스타그램 릴스 원곡 등록 방법 저작권료",0,1,0.00,9.0
"https://studionol.co.kr/ko/stories/copyright-cover1",copyright-cover1,"저작권 노래",0,1,0.00,8.0
"https://studionol.co.kr/ko/stories/copyright-cover1",copyright-cover1,"저작권은?",0,2,0.00,4.0
"https://studionol.co.kr/ko/stories/copyright-cover1",copyright-cover1,"커버",0,2,0.00,1.5
"https://studionol.co.kr/ko/stories/copyright-cover1",copyright-cover1,"커버 곡 저작권",0,12,0.00,3.4
"https://studionol.co.kr/ko/stories/copyright-cover1",copyright-cover1,"커버 유튜버",0,1,0.00,1.0
"https://studionol.co.kr/ko/stories/copyright-cover1",copyright-cover1,"커버곡",0,1,0.00,13.0
"https://studionol.co.kr/ko/stories/copyright-cover1",copyright-cover1,"커버곡 수익창출",0,44,0.00,7.0
"https://studionol.co.kr/ko/stories/copyright-cover1",copyright-cover1,"커버곡 유튜버",0,2,0.00,4.0
"https://studionol.co.kr/ko/stories/copyright-cover1",copyright-cover1,"커버영상 저작권",0,16,0.00,6.5
"https://studionol.co.kr/ko/stories/copyright-cover1",copyright-cover1,"틱톡",0,1,0.00,4.0
"https://studionol.co.kr/ko/stories/copyright-cover1",copyright-cover1,"프세카",0,1,0.00,6.0
"https://studionol.co.kr/ko/stories/copyright-cover1",copyright-cover1,"호랑수월가",0,1,0.00,7.0
"https://studionol.co.kr/ko/stories/copyright-cover1",copyright-cover1,"확실한 정보인가요?",0,1,0.00,2.0
"https://studionol.co.kr/ko/stories/copyright-cover1#%EC%BB%A4%EB%B2%84%EA%B3%A1-%EC%88%98%EC%9D%B5-%EC%8B%A4%EC%A0%9C%EB%A1%9C-%EC%96%BC%EB%A7%88%EB%82%98-%EB%B2%8C-%EC%88%98-%EC%9E%88%EB%82%98",copyright-cover1,"노래 커버 유튜버 수익",0,2,0.00,6.0
"https://studionol.co.kr/ko/stories/copyright-cover1#%EC%BB%A4%EB%B2%84%EA%B3%A1-%EC%88%98%EC%9D%B5-%EC%8B%A4%EC%A0%9C%EB%A1%9C-%EC%96%BC%EB%A7%88%EB%82%98-%EB%B2%8C-%EC%88%98-%EC%9E%88%EB%82%98",copyright-cover1,"노래 커버 저작권",0,3,0.00,2.7
"https://studionol.co.kr/ko/stories/copyright-cover1#%EC%BB%A4%EB%B2%84%EA%B3%A1-%EC%88%98%EC%9D%B5-%EC%8B%A4%EC%A0%9C%EB%A1%9C-%EC%96%BC%EB%A7%88%EB%82%98-%EB%B2%8C-%EC%88%98-%EC%9E%88%EB%82%98",copyright-cover1,"유튜브 커버 곡 수익 디시",0,1,0.00,11.0
"https://studionol.co.kr/ko/stories/copyright-cover1#%EC%BB%A4%EB%B2%84%EA%B3%A1-%EC%88%98%EC%9D%B5-%EC%8B%A4%EC%A0%9C%EB%A1%9C-%EC%96%BC%EB%A7%88%EB%82%98-%EB%B2%8C-%EC%88%98-%EC%9E%88%EB%82%98",copyright-cover1,"유튜브 커버곡 수익",0,7,0.00,9.4
"https://studionol.co.kr/ko/stories/copyright-cover1#%EC%BB%A4%EB%B2%84%EA%B3%A1-%EC%88%98%EC%9D%B5-%EC%8B%A4%EC%A0%9C%EB%A1%9C-%EC%96%BC%EB%A7%88%EB%82%98-%EB%B2%8C-%EC%88%98-%EC%9E%88%EB%82%98",copyright-cover1,"유튜브 커버곡 저작권",0,5,0.00,3.6
"https://studionol.co.kr/ko/stories/copyright-cover1#%EC%BB%A4%EB%B2%84%EA%B3%A1-%EC%88%98%EC%9D%B5-%EC%8B%A4%EC%A0%9C%EB%A1%9C-%EC%96%BC%EB%A7%88%EB%82%98-%EB%B2%8C-%EC%88%98-%EC%9E%88%EB%82%98",copyright-cover1,"커버곡 수익",0,12,0.00,7.8
"https://studionol.co.kr/ko/stories/copyright-cover1#%EC%BB%A4%EB%B2%84%EA%B3%A1-%EC%88%98%EC%9D%B5-%EC%8B%A4%EC%A0%9C%EB%A1%9C-%EC%96%BC%EB%A7%88%EB%82%98-%EB%B2%8C-%EC%88%98-%EC%9E%88%EB%82%98",copyright-cover1,"커버곡 수익창출",0,5,0.00,7.6
"https://studionol.co.kr/ko/stories/copyright-cover1#%EC%BB%A4%EB%B2%84%EA%B3%A1-%EC%88%98%EC%9D%B5-%EC%8B%A4%EC%A0%9C%EB%A1%9C-%EC%96%BC%EB%A7%88%EB%82%98-%EB%B2%8C-%EC%88%98-%EC%9E%88%EB%82%98",copyright-cover1,"커버곡 저작권",0,22,0.00,2.9
"https://studionol.co.kr/ko/stories/copyright-cover1#%EC%BB%A4%EB%B2%84%EA%B3%A1-%EC%9C%A0%ED%8A%9C%EB%B8%8C-%EC%88%98%EC%9D%B5%ED%99%94-%EA%B0%80%EB%8A%A5-%EC%A1%B0%EA%B1%B4%EA%B3%BC-%EC%88%98%EC%9D%B5-%EA%B7%80%EC%86%8D",copyright-cover1,"노래 커버 유튜버 수익",0,13,0.00,6.7
"https://studionol.co.kr/ko/stories/copyright-cover1#%EC%BB%A4%EB%B2%84%EA%B3%A1-%EC%9C%A0%ED%8A%9C%EB%B8%8C-%EC%88%98%EC%9D%B5%ED%99%94-%EA%B0%80%EB%8A%A5-%EC%A1%B0%EA%B1%B4%EA%B3%BC-%EC%88%98%EC%9D%B5-%EA%B7%80%EC%86%8D",copyright-cover1,"노래 커버 저작권",0,23,0.00,3.9
"https://studionol.co.kr/ko/stories/copyright-cover1#%EC%BB%A4%EB%B2%84%EA%B3%A1-%EC%9C%A0%ED%8A%9C%EB%B8%8C-%EC%88%98%EC%9D%B5%ED%99%94-%EA%B0%80%EB%8A%A5-%EC%A1%B0%EA%B1%B4%EA%B3%BC-%EC%88%98%EC%9D%B5-%EA%B7%80%EC%86%8D",copyright-cover1,"유튜브 커버 곡 수익 디시",0,1,0.00,11.0
"https://studionol.co.kr/ko/stories/copyright-cover1#%EC%BB%A4%EB%B2%84%EA%B3%A1-%EC%9C%A0%ED%8A%9C%EB%B8%8C-%EC%88%98%EC%9D%B5%ED%99%94-%EA%B0%80%EB%8A%A5-%EC%A1%B0%EA%B1%B4%EA%B3%BC-%EC%88%98%EC%9D%B5-%EA%B7%80%EC%86%8D",copyright-cover1,"유튜브 커버곡 수익",0,36,0.00,8.9
"https://studionol.co.kr/ko/stories/copyright-cover1#%EC%BB%A4%EB%B2%84%EA%B3%A1-%EC%9C%A0%ED%8A%9C%EB%B8%8C-%EC%88%98%EC%9D%B5%ED%99%94-%EA%B0%80%EB%8A%A5-%EC%A1%B0%EA%B1%B4%EA%B3%BC-%EC%88%98%EC%9D%B5-%EA%B7%80%EC%86%8D",copyright-cover1,"유튜브 커버곡 저작권",0,8,0.00,4.4
"https://studionol.co.kr/ko/stories/copyright-cover1#%EC%BB%A4%EB%B2%84%EA%B3%A1-%EC%9C%A0%ED%8A%9C%EB%B8%8C-%EC%88%98%EC%9D%B5%ED%99%94-%EA%B0%80%EB%8A%A5-%EC%A1%B0%EA%B1%B4%EA%B3%BC-%EC%88%98%EC%9D%B5-%EA%B7%80%EC%86%8D",copyright-cover1,"커버 곡 저작권",0,1,0.00,4.0
"https://studionol.co.kr/ko/stories/copyright-cover1#%EC%BB%A4%EB%B2%84%EA%B3%A1-%EC%9C%A0%ED%8A%9C%EB%B8%8C-%EC%88%98%EC%9D%B5%ED%99%94-%EA%B0%80%EB%8A%A5-%EC%A1%B0%EA%B1%B4%EA%B3%BC-%EC%88%98%EC%9D%B5-%EA%B7%80%EC%86%8D",copyright-cover1,"커버곡 수익",0,44,0.00,7.4
"https://studionol.co.kr/ko/stories/copyright-cover1#%EC%BB%A4%EB%B2%84%EA%B3%A1-%EC%9C%A0%ED%8A%9C%EB%B8%8C-%EC%88%98%EC%9D%B5%ED%99%94-%EA%B0%80%EB%8A%A5-%EC%A1%B0%EA%B1%B4%EA%B3%BC-%EC%88%98%EC%9D%B5-%EA%B7%80%EC%86%8D",copyright-cover1,"커버곡 수익창출",0,22,0.00,7.3
"https://studionol.co.kr/ko/stories/copyright-cover1#%EC%BB%A4%EB%B2%84%EA%B3%A1-%EC%9C%A0%ED%8A%9C%EB%B8%8C-%EC%88%98%EC%9D%B5%ED%99%94-%EA%B0%80%EB%8A%A5-%EC%A1%B0%EA%B1%B4%EA%B3%BC-%EC%88%98%EC%9D%B5-%EA%B7%80%EC%86%8D",copyright-cover1,"커버곡 저작권",0,104,0.00,4.5
"https://studionol.co.kr/ko/stories/copyright-cover1#%EC%BB%A4%EB%B2%84-%EA%B3%A1%EA%B3%BC-%EC%A0%80%EC%9E%91%EA%B6%8C",copyright-cover1,"노래 커버 유튜버 수익",0,13,0.00,6.7
"https://studionol.co.kr/ko/stories/copyright-cover1#%EC%BB%A4%EB%B2%84-%EA%B3%A1%EA%B3%BC-%EC%A0%80%EC%9E%91%EA%B6%8C",copyright-cover1,"노래 커버 저작권",0,23,0.00,3.9
"https://studionol.co.kr/ko/stories/copyright-cover1#%EC%BB%A4%EB%B2%84-%EA%B3%A1%EA%B3%BC-%EC%A0%80%EC%9E%91%EA%B6%8C",copyright-cover1,"유튜브 커버 곡 수익 디시",0,1,0.00,11.0
"https://studionol.co.kr/ko/stories/copyright-cover1#%EC%BB%A4%EB%B2%84-%EA%B3%A1%EA%B3%BC-%EC%A0%80%EC%9E%91%EA%B6%8C",copyright-cover1,"유튜브 커버곡 수익",0,36,0.00,8.9
"https://studionol.co.kr/ko/stories/copyright-cover1#%EC%BB%A4%EB%B2%84-%EA%B3%A1%EA%B3%BC-%EC%A0%80%EC%9E%91%EA%B6%8C",copyright-cover1,"유튜브 커버곡 저작권",0,8,0.00,4.4
"https://studionol.co.kr/ko/stories/copyright-cover1#%EC%BB%A4%EB%B2%84-%EA%B3%A1%EA%B3%BC-%EC%A0%80%EC%9E%91%EA%B6%8C",copyright-cover1,"커버 곡 저작권",0,1,0.00,4.0
"https://studionol.co.kr/ko/stories/copyright-cover1#%EC%BB%A4%EB%B2%84-%EA%B3%A1%EA%B3%BC-%EC%A0%80%EC%9E%91%EA%B6%8C",copyright-cover1,"커버곡 수익",0,44,0.00,7.4
"https://studionol.co.kr/ko/stories/copyright-cover1#%EC%BB%A4%EB%B2%84-%EA%B3%A1%EA%B3%BC-%EC%A0%80%EC%9E%91%EA%B6%8C",copyright-cover1,"커버곡 수익창출",0,22,0.00,7.3
"https://studionol.co.kr/ko/stories/copyright-cover1#%EC%BB%A4%EB%B2%84-%EA%B3%A1%EA%B3%BC-%EC%A0%80%EC%9E%91%EA%B6%8C",copyright-cover1,"커버곡 저작권",0,104,0.00,4.5
"https://studionol.co.kr/ko/stories/copyright1",copyright1,"komca 저작권",0,13,0.00,7.1
"https://studionol.co.kr/ko/stories/copyright1",copyright1,"site:studionol.co.kr",0,1,0.00,56.0
"https://studionol.co.kr/ko/stories/copyright1",copyright1,"노래 저작권 등록",0,4,0.00,10.3
"https://studionol.co.kr/ko/stories/copyright1",copyright1,"유튜브 뮤직 음원 등록",0,1,0.00,21.0
"https://studionol.co.kr/ko/stories/copyright1",copyright1,"유튜브 음원 등록",0,5,0.00,11.2
"https://studionol.co.kr/ko/stories/copyright1",copyright1,"음악 저작권",0,4,0.00,12.5
"https://studionol.co.kr/ko/stories/copyright1",copyright1,"음악 저작권 구매 방법",0,2,0.00,33.0
"https://studionol.co.kr/ko/stories/copyright1",copyright1,"음악 저작권 등록",0,11,0.00,9.7
"https://studionol.co.kr/ko/stories/copyright1",copyright1,"음악 저작권 등록 방법",0,10,0.00,11.7
"https://studionol.co.kr/ko/stories/copyright1",copyright1,"음악 저작권 허락 받는 법",0,1,0.00,24.0
"https://studionol.co.kr/ko/stories/copyright1",copyright1,"음악 저작권료",0,2,0.00,19.0
"https://studionol.co.kr/ko/stories/copyright1",copyright1,"음악저작권",0,4,0.00,19.0
"https://studionol.co.kr/ko/stories/copyright1",copyright1,"음악저작권 등록 방법",0,1,0.00,12.0
"https://studionol.co.kr/ko/stories/copyright1",copyright1,"음원 등록",0,5,0.00,12.8
"https://studionol.co.kr/ko/stories/copyright1",copyright1,"음원 등록 비용",0,1,0.00,2.0
"https://studionol.co.kr/ko/stories/copyright1",copyright1,"음원 저작권",0,8,0.00,11.5
"https://studionol.co.kr/ko/stories/copyright1",copyright1,"음원 저작권 등록",0,10,0.00,11.7
"https://studionol.co.kr/ko/stories/copyright1",copyright1,"음원등록",0,2,0.00,29.0
"https://studionol.co.kr/ko/stories/copyright1",copyright1,"음원저작권",0,19,0.00,14.8
"https://studionol.co.kr/ko/stories/copyright1",copyright1,"저작권 음악",0,24,0.00,29.1
"https://studionol.co.kr/ko/stories/copyright1",copyright1,"저작권 협회 등록",0,1,0.00,17.0
"https://studionol.co.kr/ko/stories/copyright1",copyright1,"저작권협회 등록",0,2,0.00,13.5
"https://studionol.co.kr/ko/stories/copyright1",copyright1,"한국음악저작권협회 komca",0,1,0.00,20.0
"https://studionol.co.kr/ko/stories/copyright1",copyright1,"한국음악저작권협회 등록",0,2,0.00,10.5
"https://studionol.co.kr/ko/stories/copyright1",copyright1,"한국음악저작권협회 이용허락",0,1,0.00,33.0
"https://studionol.co.kr/ko/stories/corporate1",corporate1,"site:studionol.co.kr",0,1,0.00,58.0
"https://studionol.co.kr/ko/stories/country-vocal1",country-vocal1,"창법 영어로",0,6,0.00,12.0
"https://studionol.co.kr/ko/stories/country-vocal1",country-vocal1,"트윙",0,30,0.00,4.0
"https://studionol.co.kr/ko/stories/cover-song1",cover-song1,"site:studionol.co.kr",0,2,0.00,130.0
"https://studionol.co.kr/ko/stories/cover-song1",cover-song1,"노래 커버 하는법",0,1,0.00,44.0
"https://studionol.co.kr/ko/stories/cover-song1",cover-song1,"노래 커버하는 법",0,1,0.00,49.0
"https://studionol.co.kr/ko/stories/cover1",cover1,"노래 커버 하는법",0,5,0.00,12.0
"https://studionol.co.kr/ko/stories/cover1",cover1,"노래 커버하는 법",0,3,0.00,16.3
"https://studionol.co.kr/ko/stories/cover1",cover1,"유튜브 노래 녹음",0,3,0.00,12.0
"https://studionol.co.kr/ko/stories/cover1",cover1,"유튜브 녹음",0,30,0.00,24.3
"https://studionol.co.kr/ko/stories/cover1",cover1,"유튜브 소리 녹음",0,1,0.00,26.0
"https://studionol.co.kr/ko/stories/cover1",cover1,"유튜브 소리만 녹음",0,4,0.00,26.0
"https://studionol.co.kr/ko/stories/cover1",cover1,"유튜브 영상 녹음",0,1,0.00,25.0
"https://studionol.co.kr/ko/stories/cover1",cover1,"유튜브 음성 녹음",0,1,0.00,21.0
"https://studionol.co.kr/ko/stories/cover1",cover1,"유튜브 음성녹음",0,2,0.00,22.5
"https://studionol.co.kr/ko/stories/cover1",cover1,"유튜브 음악 녹음",0,2,0.00,36.0
"https://studionol.co.kr/ko/stories/cover1",cover1,"유튜브 음악 녹음하기",0,1,0.00,37.0
"https://studionol.co.kr/ko/stories/cover1",cover1,"유튜브 커버 곡 올리는 법",0,3,0.00,8.7
"https://studionol.co.kr/ko/stories/cover1",cover1,"유튜브 커버곡 올리는 법",0,1,0.00,7.0
"https://studionol.co.kr/ko/stories/cover1",cover1,"유튜브음악녹음",0,1,0.00,17.0
"https://studionol.co.kr/ko/stories/cover1",cover1,"커버곡 비용",0,2,0.00,1.0
"https://studionol.co.kr/ko/stories/coverart1",coverart1,"site:studionol.co.kr",0,1,0.00,29.0
"https://studionol.co.kr/ko/stories/coverart1",coverart1,"기준 이미지",0,3,0.00,1.0
"https://studionol.co.kr/ko/stories/coverart1",coverart1,"멜론 크기",0,1,0.00,2.0
"https://studionol.co.kr/ko/stories/coverart1",coverart1,"앨범 사이즈",0,10,0.00,3.9
"https://studionol.co.kr/ko/stories/coverart1",coverart1,"앨범 커버 규격",0,30,0.00,4.3
"https://studionol.co.kr/ko/stories/coverart1",coverart1,"앨범 커버 사이즈",0,44,0.00,5.9
"https://studionol.co.kr/ko/stories/coverart1",coverart1,"앨범 커버 이미지",0,2,0.00,9.0
"https://studionol.co.kr/ko/stories/coverart1",coverart1,"앨범 크기",0,2,0.00,7.0
"https://studionol.co.kr/ko/stories/coverart1",coverart1,"앨범아트 사이즈",0,13,0.00,6.8
"https://studionol.co.kr/ko/stories/coverart1",coverart1,"앨범아트 사이트",0,1,0.00,9.0
"https://studionol.co.kr/ko/stories/coverart1",coverart1,"앨범자켓 사이즈",0,3,0.00,1.0
"https://studionol.co.kr/ko/stories/coverart1",coverart1,"앨범커버 규격",0,29,0.00,3.3
"https://studionol.co.kr/ko/stories/coverart1",coverart1,"앨범커버 사이즈",0,65,0.00,6.6
"https://studionol.co.kr/ko/stories/coverart1",coverart1,"음반 이미지",0,2,0.00,1.0
"https://studionol.co.kr/ko/stories/coverart1",coverart1,"음반 커버",0,3,0.00,7.7
"https://studionol.co.kr/ko/stories/coverart1",coverart1,"커버 이미지",0,1,0.00,5.0
"https://studionol.co.kr/ko/stories/coverart1",coverart1,"커버아트",0,4,0.00,6.5
"https://studionol.co.kr/ko/stories/coverart1#%EC%A0%80%EC%9E%91%EA%B6%8C-%EC%97%86%EB%8A%94-%EC%9D%B4%EB%AF%B8%EC%A7%80-%EC%86%8C%EC%8A%A4",coverart1,"앨범 커버 규격",0,7,0.00,5.3
"https://studionol.co.kr/ko/stories/coverart1#%EC%A0%80%EC%9E%91%EA%B6%8C-%EC%97%86%EB%8A%94-%EC%9D%B4%EB%AF%B8%EC%A7%80-%EC%86%8C%EC%8A%A4",coverart1,"앨범 커버 사이즈",0,7,0.00,10.3
"https://studionol.co.kr/ko/stories/coverart1#%EC%A0%80%EC%9E%91%EA%B6%8C-%EC%97%86%EB%8A%94-%EC%9D%B4%EB%AF%B8%EC%A7%80-%EC%86%8C%EC%8A%A4",coverart1,"앨범아트 사이즈",0,2,0.00,9.0
"https://studionol.co.kr/ko/stories/coverart1#%EC%A0%80%EC%9E%91%EA%B6%8C-%EC%97%86%EB%8A%94-%EC%9D%B4%EB%AF%B8%EC%A7%80-%EC%86%8C%EC%8A%A4",coverart1,"앨범커버 규격",0,3,0.00,4.3
"https://studionol.co.kr/ko/stories/coverart1#%EC%A0%80%EC%9E%91%EA%B6%8C-%EC%97%86%EB%8A%94-%EC%9D%B4%EB%AF%B8%EC%A7%80-%EC%86%8C%EC%8A%A4",coverart1,"앨범커버 사이즈",0,9,0.00,10.3
"https://studionol.co.kr/ko/stories/coverart1#%EC%B2%AB%EC%9D%B8%EC%83%81%EC%9D%80-%EC%BB%A4%EB%B2%84-%EC%95%84%ED%8A%B8%EC%97%90%EC%84%9C-%EC%8B%9C%EC%9E%91%EB%90%A9%EB%8B%88%EB%8B%A4",coverart1,"앨범 커버 규격",0,7,0.00,5.3
"https://studionol.co.kr/ko/stories/coverart1#%EC%B2%AB%EC%9D%B8%EC%83%81%EC%9D%80-%EC%BB%A4%EB%B2%84-%EC%95%84%ED%8A%B8%EC%97%90%EC%84%9C-%EC%8B%9C%EC%9E%91%EB%90%A9%EB%8B%88%EB%8B%A4",coverart1,"앨범 커버 사이즈",0,7,0.00,10.3
"https://studionol.co.kr/ko/stories/coverart1#%EC%B2%AB%EC%9D%B8%EC%83%81%EC%9D%80-%EC%BB%A4%EB%B2%84-%EC%95%84%ED%8A%B8%EC%97%90%EC%84%9C-%EC%8B%9C%EC%9E%91%EB%90%A9%EB%8B%88%EB%8B%A4",coverart1,"앨범아트 사이즈",0,2,0.00,9.0
"https://studionol.co.kr/ko/stories/coverart1#%EC%B2%AB%EC%9D%B8%EC%83%81%EC%9D%80-%EC%BB%A4%EB%B2%84-%EC%95%84%ED%8A%B8%EC%97%90%EC%84%9C-%EC%8B%9C%EC%9E%91%EB%90%A9%EB%8B%88%EB%8B%A4",coverart1,"앨범커버 규격",0,3,0.00,4.3
"https://studionol.co.kr/ko/stories/coverart1#%EC%B2%AB%EC%9D%B8%EC%83%81%EC%9D%80-%EC%BB%A4%EB%B2%84-%EC%95%84%ED%8A%B8%EC%97%90%EC%84%9C-%EC%8B%9C%EC%9E%91%EB%90%A9%EB%8B%88%EB%8B%A4",coverart1,"앨범커버 사이즈",0,9,0.00,10.3
"https://studionol.co.kr/ko/stories/coverart1#%ED%94%8C%EB%9E%AB%ED%8F%BC%EB%B3%84-%EC%BB%A4%EB%B2%84-%EC%95%84%ED%8A%B8-%EA%B7%9C%EA%B2%A9",coverart1,"앨범 커버 규격",0,7,0.00,5.3
"https://studionol.co.kr/ko/stories/coverart1#%ED%94%8C%EB%9E%AB%ED%8F%BC%EB%B3%84-%EC%BB%A4%EB%B2%84-%EC%95%84%ED%8A%B8-%EA%B7%9C%EA%B2%A9",coverart1,"앨범 커버 사이즈",0,7,0.00,10.3
"https://studionol.co.kr/ko/stories/coverart1#%ED%94%8C%EB%9E%AB%ED%8F%BC%EB%B3%84-%EC%BB%A4%EB%B2%84-%EC%95%84%ED%8A%B8-%EA%B7%9C%EA%B2%A9",coverart1,"앨범아트 사이즈",0,2,0.00,9.0
"https://studionol.co.kr/ko/stories/coverart1#%ED%94%8C%EB%9E%AB%ED%8F%BC%EB%B3%84-%EC%BB%A4%EB%B2%84-%EC%95%84%ED%8A%B8-%EA%B7%9C%EA%B2%A9",coverart1,"앨범커버 규격",0,3,0.00,4.3
"https://studionol.co.kr/ko/stories/coverart1#%ED%94%8C%EB%9E%AB%ED%8F%BC%EB%B3%84-%EC%BB%A4%EB%B2%84-%EC%95%84%ED%8A%B8-%EA%B7%9C%EA%B2%A9",coverart1,"앨범커버 사이즈",0,9,0.00,10.3
"https://studionol.co.kr/ko/stories/coverrecording1",coverrecording1,"노래 커버",0,2,0.00,6.5
"https://studionol.co.kr/ko/stories/coverrecording1",coverrecording1,"노래 커버하는 법",0,20,0.00,8.3
"https://studionol.co.kr/ko/stories/coverrecording1",coverrecording1,"녹음실",0,1,0.00,1.0
"https://studionol.co.kr/ko/stories/coverrecording1",coverrecording1,"축가 mr 구하기",0,1,0.00,30.0
"https://studionol.co.kr/ko/stories/coverrecording1",coverrecording1,"커버 곡 뜻",0,1,0.00,2.0
"https://studionol.co.kr/ko/stories/coverrecording1",coverrecording1,"커버곡 만들기",0,5,0.00,10.2
"https://studionol.co.kr/ko/stories/coverrecording1",coverrecording1,"커버곡 믹싱",0,2,0.00,30.0
"https://studionol.co.kr/ko/stories/coverrecording1",coverrecording1,"커버곡 저작권",0,6,0.00,1.0
"https://studionol.co.kr/ko/stories/coverright1",coverright1,"유튜브 커버곡 올리는 법",0,2,0.00,9.5
"https://studionol.co.kr/ko/stories/coverright1",coverright1,"커버곡 저작권",0,1,0.00,30.0
"https://studionol.co.kr/ko/stories/creative-slump1",creative-slump1,"음악 창작 방법",0,3,0.00,8.0
"https://studionol.co.kr/ko/stories/cubase1",cubase1,"큐베이스 녹음",0,1,0.00,19.0
"https://studionol.co.kr/ko/stories/daechi1",daechi1,"개포동 보컬 녹음 연습실 대여",0,18,0.00,2.4
"https://studionol.co.kr/ko/stories/daechi1",daechi1,"개포동 보컬 연습실",0,8,0.00,6.0
"https://studionol.co.kr/ko/stories/daegu-dalseo1",daegu-dalseo1,"대구 녹음실",0,1,0.00,8.0
"https://studionol.co.kr/ko/stories/daegu1",daegu1,"ktx 서울 대구",0,1,0.00,2.0
"https://studionol.co.kr/ko/stories/daegu1",daegu1,"site:studionol.co.kr",0,6,0.00,11.0
"https://studionol.co.kr/ko/stories/daegu1",daegu1,"녹음 스튜디오",0,1,0.00,8.0
"https://studionol.co.kr/ko/stories/daegu1",daegu1,"대구 녹음실",0,23,0.00,8.7
"https://studionol.co.kr/ko/stories/daegu1",daegu1,"대구 서울 ktx",0,1,0.00,1.0
"https://studionol.co.kr/ko/stories/daegu1",daegu1,"무인 녹음실",0,1,0.00,9.0
"https://studionol.co.kr/ko/stories/daegu1",daegu1,"서울 대구 ktx",0,1,0.00,1.0
"https://studionol.co.kr/ko/stories/daegu1",daegu1,"스튜디오 놀",0,2,0.00,1.0
"https://studionol.co.kr/ko/stories/daejeon-yuseong1",daejeon-yuseong1,"대전 녹음실",0,6,0.00,7.3
"https://studionol.co.kr/ko/stories/daejeon1",daejeon1,"site:studionol.co.kr",0,9,0.00,17.2
"https://studionol.co.kr/ko/stories/daejeon1",daejeon1,"대전 녹음실 대여",0,17,0.00,9.1
"https://studionol.co.kr/ko/stories/dangjin1",dangjin1,"서울 남부터미널 부천 지하철 소요시간",0,1,0.00,10.0
"https://studionol.co.kr/ko/stories/dangjin1",dangjin1,"서울남부터미널 부천 지하철 소요시간",0,3,0.00,9.3
"https://studionol.co.kr/ko/stories/daw-choice1",daw-choice1,"?",0,1,0.00,1.0
"https://studionol.co.kr/ko/stories/daw-choice1",daw-choice1,"ableton live",0,1,0.00,1.0
"https://studionol.co.kr/ko/stories/daw-choice1",daw-choice1,"ableton 가격",0,8,0.00,9.0
"https://studionol.co.kr/ko/stories/daw-choice1",daw-choice1,"cubase vs logic pro",0,1,0.00,4.0
"https://studionol.co.kr/ko/stories/daw-choice1",daw-choice1,"daw",0,2,0.00,1.0
"https://studionol.co.kr/ko/stories/daw-choice1",daw-choice1,"daw 가격",0,6,0.00,11.8
"https://studionol.co.kr/ko/stories/daw-choice1",daw-choice1,"daw 가격 비교",0,4,0.00,5.5
"https://studionol.co.kr/ko/stories/daw-choice1",daw-choice1,"daw 로직",0,13,0.00,7.2
"https://studionol.co.kr/ko/stories/daw-choice1",daw-choice1,"daw 순위",0,10,0.00,8.5
"https://studionol.co.kr/ko/stories/daw-choice1",daw-choice1,"daw 종류",0,2,0.00,41.5
"https://studionol.co.kr/ko/stories/daw-choice1",daw-choice1,"daw 프로그램",0,2,0.00,1.0
"https://studionol.co.kr/ko/stories/daw-choice1",daw-choice1,"daw 프로그램 무료",0,1,0.00,1.0
"https://studionol.co.kr/ko/stories/daw-choice1",daw-choice1,"daw 프로그램 추천",0,8,0.00,1.9
"https://studionol.co.kr/ko/stories/daw-choice1",daw-choice1,"logic pro daw",0,3,0.00,11.0
"https://studionol.co.kr/ko/stories/daw-choice1",daw-choice1,"logic pro vs fl",0,1,0.00,2.0
"https://studionol.co.kr/ko/stories/daw-choice1",daw-choice1,"mac daw",0,4,0.00,10.8
"https://studionol.co.kr/ko/stories/daw-choice1",daw-choice1,"ok daw",0,1,0.00,3.0
"https://studionol.co.kr/ko/stories/daw-choice1",daw-choice1,"variaudio vs melodyne",0,2,0.00,7.0
"https://studionol.co.kr/ko/stories/daw-choice1",daw-choice1,"각각 가격",0,1,0.00,1.0
"https://studionol.co.kr/ko/stories/daw-choice1",daw-choice1,"기타 daw 추천 디시",0,3,0.00,3.0
"https://studionol.co.kr/ko/stories/daw-choice1",daw-choice1,"노래 녹음 프로그램",0,1,0.00,3.0
"https://studionol.co.kr/ko/stories/daw-choice1",daw-choice1,"노래 작곡 프로그램",0,2,0.00,1.5
"https://studionol.co.kr/ko/stories/daw-choice1",daw-choice1,"녹음 프로그램",0,1,0.00,1.0
"https://studionol.co.kr/ko/stories/daw-choice1",daw-choice1,"로직 daw",0,55,0.00,6.9
"https://studionol.co.kr/ko/stories/daw-choice1",daw-choice1,"로직 가격",0,156,0.00,8.2
"https://studionol.co.kr/ko/stories/daw-choice1",daw-choice1,"로직 라이브 공연",0,1,0.00,9.0
"https://studionol.co.kr/ko/stories/daw-choice1",daw-choice1,"로직 음악 프로그램",0,1,0.00,8.0
"https://studionol.co.kr/ko/stories/daw-choice1",daw-choice1,"로직 큐베이스 디시",0,4,0.00,8.0
"https://studionol.co.kr/ko/stories/daw-choice1",daw-choice1,"로직 프로 가격",0,1,0.00,9.0
"https://studionol.co.kr/ko/stories/daw-choice1",daw-choice1,"로직프로 윈도우",0,2,0.00,1.0
"https://studionol.co.kr/ko/stories/daw-choice1",daw-choice1,"롤 클라이언트 전체 복구 사라짐",0,1,0.00,18.0
"https://studionol.co.kr/ko/stories/daw-choice1",daw-choice1,"맥 daw",0,4,0.00,4.8
"https://studionol.co.kr/ko/stories/daw-choice1",daw-choice1,"무료 daw",0,1,0.00,1.0
"https://studionol.co.kr/ko/stories/daw-choice1",daw-choice1,"무료야?",0,1,0.00,3.0
"https://studionol.co.kr/ko/stories/daw-choice1",daw-choice1,"무료작곡프로그램",0,1,0.00,1.0
"https://studionol.co.kr/ko/stories/daw-choice1",daw-choice1,"뭐가 더 나아?",0,1,0.00,1.0
"https://studionol.co.kr/ko/stories/daw-choice1",daw-choice1,"믹싱프로그램",0,1,0.00,1.0
"https://studionol.co.kr/ko/stories/daw-choice1",daw-choice1,"보컬 녹음 프로그램",0,2,0.00,1.0
"https://studionol.co.kr/ko/stories/daw-choice1",daw-choice1,"스튜디오 원 6 프라임 무료",0,1,0.00,5.0
"https://studionol.co.kr/ko/stories/daw-choice1",daw-choice1,"스튜디오 원 무료 버전",0,33,0.00,1.0
"https://studionol.co.kr/ko/stories/daw-choice1",daw-choice1,"스튜디오원 무료버전",0,12,0.00,1.0
"https://studionol.co.kr/ko/stories/daw-choice1",daw-choice1,"스포티파이 좋아요 표시한 곡 사라짐",0,1,0.00,19.0
"https://studionol.co.kr/ko/stories/daw-choice1",daw-choice1,"아이패드 daw",0,1,0.00,26.0
"https://studionol.co.kr/ko/stories/daw-choice1",daw-choice1,"얼마임",0,1,0.00,3.0
"https://studionol.co.kr/ko/stories/daw-choice1",daw-choice1,"에이블톤",0,1,0.00,9.0
"https://studionol.co.kr/ko/stories/daw-choice1",daw-choice1,"에이블톤 13",0,1,0.00,9.0
"https://studionol.co.kr/ko/stories/daw-choice1",daw-choice1,"에이블톤 라이브 가격",0,32,0.00,10.8
"https://studionol.co.kr/ko/stories/daw-choice1",daw-choice1,"에이블톤 로직 디시",0,2,0.00,11.5
"https://studionol.co.kr/ko/stories/daw-choice1",daw-choice1,"에이블톤 체험판",0,1,0.00,5.0
"https://studionol.co.kr/ko/stories/daw-choice1",daw-choice1,"윈도우 daw 추천",0,2,0.00,9.5
"https://studionol.co.kr/ko/stories/daw-choice1",daw-choice1,"유료",0,1,0.00,1.0
"https://studionol.co.kr/ko/stories/daw-choice1",daw-choice1,"유료야?",0,1,0.00,9.0
"https://studionol.co.kr/ko/stories/daw-choice1",daw-choice1,"음악 만드는 프로그램",0,2,0.00,1.0
"https://studionol.co.kr/ko/stories/daw-choice1",daw-choice1,"음악 작곡 프로그램",0,7,0.00,1.0
"https://studionol.co.kr/ko/stories/daw-choice1",daw-choice1,"음악 제작 프로그램",0,1,0.00,1.0
"https://studionol.co.kr/ko/stories/daw-choice1",daw-choice1,"작곡 프로그램",0,4,0.00,1.0
"https://studionol.co.kr/ko/stories/daw-choice1",daw-choice1,"작곡 프로그램 무료",0,1,0.00,1.0
"https://studionol.co.kr/ko/stories/daw-choice1",daw-choice1,"작곡 프로그램 추천",0,3,0.00,1.0
"https://studionol.co.kr/ko/stories/daw-choice1",daw-choice1,"작곡 프로그램 추천 디시",0,1,0.00,4.0
"https://studionol.co.kr/ko/stories/daw-choice1",daw-choice1,"작곡프로그램",0,1,0.00,3.0
"https://studionol.co.kr/ko/stories/daw-choice1",daw-choice1,"작곡프로그램 추천",0,1,0.00,1.0
"https://studionol.co.kr/ko/stories/daw-choice1",daw-choice1,"큐베이스",0,1,0.00,2.0
"https://studionol.co.kr/ko/stories/daw-choice1",daw-choice1,"큐베이스 5",0,1,0.00,4.0
"https://studionol.co.kr/ko/stories/daw-choice1",daw-choice1,"큐베이스 가격",0,1,0.00,18.0
"https://studionol.co.kr/ko/stories/daw-choice1",daw-choice1,"큐베이스 가격 디시",0,2,0.00,10.5
"https://studionol.co.kr/ko/stories/daw-choice1",daw-choice1,"큐베이스 아티스트 프로 차이",0,1,0.00,1.0
"https://studionol.co.kr/ko/stories/daw-choice1",daw-choice1,"홈레코딩 프로그램",0,6,0.00,1.0
"https://studionol.co.kr/ko/stories/daw-choice1#%EC%8B%A4%EC%88%98-1-daw%EB%A5%BC-3%EA%B0%9C-%EA%B9%94%EC%95%84-%EB%86%93%EA%B3%A0-%EC%95%84%EB%AC%B4%EA%B2%83%EB%8F%84-%EB%AA%BB-%EC%94%80",daw-choice1,"daw 비교",0,4,0.00,2.0
"https://studionol.co.kr/ko/stories/daw-choice1#%EC%8B%A4%EC%88%98-1-daw%EB%A5%BC-3%EA%B0%9C-%EA%B9%94%EC%95%84-%EB%86%93%EA%B3%A0-%EC%95%84%EB%AC%B4%EA%B2%83%EB%8F%84-%EB%AA%BB-%EC%94%80",daw-choice1,"daw 추천",0,52,0.00,5.3
"https://studionol.co.kr/ko/stories/daw-choice1#%EC%8B%A4%EC%88%98-1-daw%EB%A5%BC-3%EA%B0%9C-%EA%B9%94%EC%95%84-%EB%86%93%EA%B3%A0-%EC%95%84%EB%AC%B4%EA%B2%83%EB%8F%84-%EB%AA%BB-%EC%94%80",daw-choice1,"daw추천",0,3,0.00,4.7
"https://studionol.co.kr/ko/stories/daw-choice1#%EC%8B%A4%EC%88%98-1-daw%EB%A5%BC-3%EA%B0%9C-%EA%B9%94%EC%95%84-%EB%86%93%EA%B3%A0-%EC%95%84%EB%AC%B4%EA%B2%83%EB%8F%84-%EB%AA%BB-%EC%94%80",daw-choice1,"에이블톤 가격",0,4,0.00,10.0
"https://studionol.co.kr/ko/stories/daw-choice1#%EC%8B%A4%EC%88%98-1-daw%EB%A5%BC-3%EA%B0%9C-%EA%B9%94%EC%95%84-%EB%86%93%EA%B3%A0-%EC%95%84%EB%AC%B4%EA%B2%83%EB%8F%84-%EB%AA%BB-%EC%94%80",daw-choice1,"에이블톤 라이브 가격",0,5,0.00,11.2
"https://studionol.co.kr/ko/stories/daw-choice1#%EC%8B%A4%EC%88%98-2-%EC%8B%9C%EC%9E%91%ED%95%98%EC%9E%90%EB%A7%88%EC%9E%90-%ED%94%8C%EB%9F%AC%EA%B7%B8%EC%9D%B8-100%EA%B0%9C-%EB%8B%A4%EC%9A%B4%EB%A1%9C%EB%93%9C",daw-choice1,"큐베이스 로직",0,3,0.00,5.3
"https://studionol.co.kr/ko/stories/daw-choice1#%EC%8B%A4%EC%88%98-3-%EC%84%B8%EC%9D%B4%EB%B8%8C-%EC%95%88-%ED%95%98%EA%B3%A0-4%EC%8B%9C%EA%B0%84-%EC%9E%91%EC%97%85%ED%95%98%EB%8B%A4-%EB%82%A0%EB%A6%BC",daw-choice1,"큐베이스 로직",0,3,0.00,5.3
"https://studionol.co.kr/ko/stories/daw-choice1#%EC%9E%A5%EB%A5%B4%EB%B3%84-daw-%EC%B6%94%EC%B2%9C-%EC%9A%94%EC%95%BD",daw-choice1,"daw 비교",0,4,0.00,2.0
"https://studionol.co.kr/ko/stories/daw-choice1#%EC%9E%A5%EB%A5%B4%EB%B3%84-daw-%EC%B6%94%EC%B2%9C-%EC%9A%94%EC%95%BD",daw-choice1,"daw 추천",0,135,0.00,5.7
"https://studionol.co.kr/ko/stories/daw-choice1#%EC%9E%A5%EB%A5%B4%EB%B3%84-daw-%EC%B6%94%EC%B2%9C-%EC%9A%94%EC%95%BD",daw-choice1,"daw추천",0,8,0.00,5.6
"https://studionol.co.kr/ko/stories/daw-choice1#%EC%9E%A5%EB%A5%B4%EB%B3%84-daw-%EC%B6%94%EC%B2%9C-%EC%9A%94%EC%95%BD",daw-choice1,"윈도우 daw 추천",0,2,0.00,9.5
"https://studionol.co.kr/ko/stories/daw-choice1#%EC%A0%95%EB%A6%AC",daw-choice1,"daw 추천",0,83,0.00,6.0
"https://studionol.co.kr/ko/stories/daw-choice1#%EC%A0%95%EB%A6%AC",daw-choice1,"daw추천",0,5,0.00,6.2
"https://studionol.co.kr/ko/stories/daw-choice1#%EC%A0%95%EB%A6%AC",daw-choice1,"에이블톤 라이브 가격",0,1,0.00,11.0
"https://studionol.co.kr/ko/stories/daw-choice1#%EC%A0%95%EB%A6%AC",daw-choice1,"윈도우 daw 추천",0,2,0.00,9.5
"https://studionol.co.kr/ko/stories/daw-choice1#3%EB%8C%80-daw-%ED%95%9C%EB%88%88%EC%97%90-%EB%B9%84%EA%B5%90",daw-choice1,"daw 비교",0,9,0.00,2.7
"https://studionol.co.kr/ko/stories/daw-choice1#3%EB%8C%80-daw-%ED%95%9C%EB%88%88%EC%97%90-%EB%B9%84%EA%B5%90",daw-choice1,"daw 추천",0,135,0.00,5.7
"https://studionol.co.kr/ko/stories/daw-choice1#3%EB%8C%80-daw-%ED%95%9C%EB%88%88%EC%97%90-%EB%B9%84%EA%B5%90",daw-choice1,"daw추천",0,8,0.00,5.6
"https://studionol.co.kr/ko/stories/daw-choice1#3%EB%8C%80-daw-%ED%95%9C%EB%88%88%EC%97%90-%EB%B9%84%EA%B5%90",daw-choice1,"에이블톤 가격",0,6,0.00,10.0
"https://studionol.co.kr/ko/stories/daw-choice1#3%EB%8C%80-daw-%ED%95%9C%EB%88%88%EC%97%90-%EB%B9%84%EA%B5%90",daw-choice1,"에이블톤 라이브 가격",0,6,0.00,11.2
"https://studionol.co.kr/ko/stories/daw-choice1#3%EB%8C%80-daw-%ED%95%9C%EB%88%88%EC%97%90-%EB%B9%84%EA%B5%90",daw-choice1,"윈도우 daw 추천",0,2,0.00,9.5
"https://studionol.co.kr/ko/stories/daw-choice1#5%EB%B6%84-%EB%A7%8C%EC%97%90-%EB%81%9D%EB%82%B4%EB%8A%94-daw-%EC%9E%90%EA%B0%80%EC%A7%84%EB%8B%A8",daw-choice1,"daw 비교",0,4,0.00,2.0
"https://studionol.co.kr/ko/stories/daw-choice1#5%EB%B6%84-%EB%A7%8C%EC%97%90-%EB%81%9D%EB%82%B4%EB%8A%94-daw-%EC%9E%90%EA%B0%80%EC%A7%84%EB%8B%A8",daw-choice1,"daw 추천",0,52,0.00,5.3
"https://studionol.co.kr/ko/stories/daw-choice1#5%EB%B6%84-%EB%A7%8C%EC%97%90-%EB%81%9D%EB%82%B4%EB%8A%94-daw-%EC%9E%90%EA%B0%80%EC%A7%84%EB%8B%A8",daw-choice1,"daw추천",0,3,0.00,4.7
"https://studionol.co.kr/ko/stories/daw-choice1#5%EB%B6%84-%EB%A7%8C%EC%97%90-%EB%81%9D%EB%82%B4%EB%8A%94-daw-%EC%9E%90%EA%B0%80%EC%A7%84%EB%8B%A8",daw-choice1,"에이블톤 가격",0,4,0.00,10.0
"https://studionol.co.kr/ko/stories/daw-choice1#5%EB%B6%84-%EB%A7%8C%EC%97%90-%EB%81%9D%EB%82%B4%EB%8A%94-daw-%EC%9E%90%EA%B0%80%EC%A7%84%EB%8B%A8",daw-choice1,"에이블톤 라이브 가격",0,5,0.00,11.2
"https://studionol.co.kr/ko/stories/daw-choice1#ableton-live-%EC%97%90%EC%9D%B4%EB%B8%94%ED%86%A4",daw-choice1,"에이블톤 가격",0,6,0.00,10.0
"https://studionol.co.kr/ko/stories/daw-choice1#ableton-live-%EC%97%90%EC%9D%B4%EB%B8%94%ED%86%A4",daw-choice1,"에이블톤 라이브 가격",0,6,0.00,11.2
"https://studionol.co.kr/ko/stories/daw-choice1#ableton-live-%EC%97%90%EC%9D%B4%EB%B8%94%ED%86%A4",daw-choice1,"큐베이스 로직",0,3,0.00,5.3
"https://studionol.co.kr/ko/stories/daw-choice1#daw-%EC%99%9C-%EC%84%A0%ED%83%9D%EC%9D%B4-%EC%A4%91%EC%9A%94%ED%95%9C%EA%B0%80",daw-choice1,"daw 비교",0,9,0.00,2.7
"https://studionol.co.kr/ko/stories/daw-choice1#daw-%EC%99%9C-%EC%84%A0%ED%83%9D%EC%9D%B4-%EC%A4%91%EC%9A%94%ED%95%9C%EA%B0%80",daw-choice1,"daw 추천",0,135,0.00,5.7
"https://studionol.co.kr/ko/stories/daw-choice1#daw-%EC%99%9C-%EC%84%A0%ED%83%9D%EC%9D%B4-%EC%A4%91%EC%9A%94%ED%95%9C%EA%B0%80",daw-choice1,"daw추천",0,8,0.00,5.6
"https://studionol.co.kr/ko/stories/daw-choice1#daw-%EC%99%9C-%EC%84%A0%ED%83%9D%EC%9D%B4-%EC%A4%91%EC%9A%94%ED%95%9C%EA%B0%80",daw-choice1,"에이블톤 가격",0,4,0.00,10.0
"https://studionol.co.kr/ko/stories/daw-choice1#daw-%EC%99%9C-%EC%84%A0%ED%83%9D%EC%9D%B4-%EC%A4%91%EC%9A%94%ED%95%9C%EA%B0%80",daw-choice1,"에이블톤 라이브 가격",0,6,0.00,11.2
"https://studionol.co.kr/ko/stories/daw-choice1#daw-%EC%99%9C-%EC%84%A0%ED%83%9D%EC%9D%B4-%EC%A4%91%EC%9A%94%ED%95%9C%EA%B0%80",daw-choice1,"윈도우 daw 추천",0,2,0.00,9.5
"https://studionol.co.kr/ko/stories/daw-choice1#daw-%EC%99%9C-%EC%84%A0%ED%83%9D%EC%9D%B4-%EC%A4%91%EC%9A%94%ED%95%9C%EA%B0%80",daw-choice1,"큐베이스 로직",0,5,0.00,5.4
"https://studionol.co.kr/ko/stories/daw-choice1#k-pop-%ED%94%84%EB%A1%9C%EB%93%80%EC%84%9C",daw-choice1,"큐베이스 로직",0,3,0.00,5.3
"https://studionol.co.kr/ko/stories/daw-choice1#logic-pro-%EB%A1%9C%EC%A7%81-%ED%94%84%EB%A1%9C",daw-choice1,"큐베이스 로직",0,5,0.00,5.4
"https://studionol.co.kr/ko/stories/daw-choice1#q1-%EC%A7%80%EA%B8%88-%EC%A7%91%EC%97%90-%EC%9E%88%EB%8A%94-%EC%BB%B4%ED%93%A8%ED%84%B0%EC%9D%98-%EC%9A%B4%EC%98%81%EC%B2%B4%EC%A0%9C%EB%8A%94",daw-choice1,"daw 추천",0,52,0.00,5.3
"https://studionol.co.kr/ko/stories/daw-choice1#q1-%EC%A7%80%EA%B8%88-%EC%A7%91%EC%97%90-%EC%9E%88%EB%8A%94-%EC%BB%B4%ED%93%A8%ED%84%B0%EC%9D%98-%EC%9A%B4%EC%98%81%EC%B2%B4%EC%A0%9C%EB%8A%94",daw-choice1,"daw추천",0,3,0.00,4.7
"https://studionol.co.kr/ko/stories/daw-choice1#q2-%EC%A3%BC%EB%A1%9C-%EB%A7%8C%EB%93%A4-%EC%9D%8C%EC%95%85%EC%9D%98-%EB%BC%88%EB%8C%80%EB%8A%94-%EB%AC%B4%EC%97%87%EC%9D%B8%EA%B0%80%EC%9A%94",daw-choice1,"daw 비교",0,4,0.00,2.0
"https://studionol.co.kr/ko/stories/daw-choice1#q2-%EC%A3%BC%EB%A1%9C-%EB%A7%8C%EB%93%A4-%EC%9D%8C%EC%95%85%EC%9D%98-%EB%BC%88%EB%8C%80%EB%8A%94-%EB%AC%B4%EC%97%87%EC%9D%B8%EA%B0%80%EC%9A%94",daw-choice1,"큐베이스 로직",0,1,0.00,6.0
"https://studionol.co.kr/ko/stories/daw-choice1#q3-%ED%95%A8%EA%BB%98-%EC%9E%91%EC%97%85%ED%95%A0-%EC%82%AC%EB%9E%8C%EC%9D%98-daw%EB%8A%94",daw-choice1,"daw 비교",0,9,0.00,2.7
"https://studionol.co.kr/ko/stories/daw-choice1#q3-%ED%95%A8%EA%BB%98-%EC%9E%91%EC%97%85%ED%95%A0-%EC%82%AC%EB%9E%8C%EC%9D%98-daw%EB%8A%94",daw-choice1,"daw 추천",0,52,0.00,5.3
"https://studionol.co.kr/ko/stories/daw-choice1#q3-%ED%95%A8%EA%BB%98-%EC%9E%91%EC%97%85%ED%95%A0-%EC%82%AC%EB%9E%8C%EC%9D%98-daw%EB%8A%94",daw-choice1,"daw추천",0,3,0.00,4.7
"https://studionol.co.kr/ko/stories/daw-choice1#q3-%ED%95%A8%EA%BB%98-%EC%9E%91%EC%97%85%ED%95%A0-%EC%82%AC%EB%9E%8C%EC%9D%98-daw%EB%8A%94",daw-choice1,"에이블톤 가격",0,4,0.00,10.0
"https://studionol.co.kr/ko/stories/daw-choice1#q3-%ED%95%A8%EA%BB%98-%EC%9E%91%EC%97%85%ED%95%A0-%EC%82%AC%EB%9E%8C%EC%9D%98-daw%EB%8A%94",daw-choice1,"에이블톤 라이브 가격",0,5,0.00,11.2
"https://studionol.co.kr/ko/stories/daw-choice1#q4-%EC%98%88%EC%82%B0%EC%9D%80-%EC%96%BC%EB%A7%88%EA%B9%8C%EC%A7%80-%ED%97%88%EC%9A%A9%EB%90%98%EB%82%98%EC%9A%94",daw-choice1,"에이블톤 가격",0,6,0.00,10.0
"https://studionol.co.kr/ko/stories/daw-choice1#q4-%EC%98%88%EC%82%B0%EC%9D%80-%EC%96%BC%EB%A7%88%EA%B9%8C%EC%A7%80-%ED%97%88%EC%9A%A9%EB%90%98%EB%82%98%EC%9A%94",daw-choice1,"에이블톤 라이브 가격",0,5,0.00,11.2
"https://studionol.co.kr/ko/stories/daw-choice1#q4-%EC%98%88%EC%82%B0%EC%9D%80-%EC%96%BC%EB%A7%88%EA%B9%8C%EC%A7%80-%ED%97%88%EC%9A%A9%EB%90%98%EB%82%98%EC%9A%94",daw-choice1,"큐베이스 로직",0,4,0.00,5.3
"https://studionol.co.kr/ko/stories/daw-performance1",daw-performance1,"daw 세팅",0,5,0.00,3.6
"https://studionol.co.kr/ko/stories/daw-performance1",daw-performance1,"site:studionol.co.kr",0,2,0.00,106.0
"https://studionol.co.kr/ko/stories/daw-performance1",daw-performance1,"레이턴시 줄이기",0,1,0.00,28.0
"https://studionol.co.kr/ko/stories/daw-performance1",daw-performance1,"로직 레이턴시 줄이기",0,1,0.00,14.0
"https://studionol.co.kr/ko/stories/daw-performance1",daw-performance1,"버퍼 사이즈 추천",0,1,0.00,7.0
"https://studionol.co.kr/ko/stories/daw-performance1",daw-performance1,"버퍼사이즈",0,1,0.00,36.0
"https://studionol.co.kr/ko/stories/daw-performance1",daw-performance1,"버퍼사이즈 추천",0,9,0.00,7.3
"https://studionol.co.kr/ko/stories/daw-performance1",daw-performance1,"에이블톤 레이턴시 줄이기",0,5,0.00,7.4
"https://studionol.co.kr/ko/stories/daw-performance1",daw-performance1,"큐베이스 레이턴시",0,1,0.00,15.0
"https://studionol.co.kr/ko/stories/daw-performance1",daw-performance1,"큐베이스 버퍼사이즈",0,1,0.00,18.0
"https://studionol.co.kr/ko/stories/daw-template1",daw-template1,"daw 세팅",0,4,0.00,9.0
"https://studionol.co.kr/ko/stories/daw-template1",daw-template1,"보컬",0,1,0.00,1.0
"https://studionol.co.kr/ko/stories/daw1",daw1,".daw",0,1,0.00,10.0
"https://studionol.co.kr/ko/stories/daw1",daw1,"daw ableton",0,3,0.00,7.0
"https://studionol.co.kr/ko/stories/daw1",daw1,"daw fl",0,1,0.00,12.0
"https://studionol.co.kr/ko/stories/daw1",daw1,"daw garageband",0,1,0.00,6.0
"https://studionol.co.kr/ko/stories/daw1",daw1,"daw logic",0,6,0.00,7.5
"https://studionol.co.kr/ko/stories/daw1",daw1,"daw studio",0,2,0.00,10.0
"https://studionol.co.kr/ko/stories/daw1",daw1,"daw 가격 비교",0,12,0.00,3.8
"https://studionol.co.kr/ko/stories/daw1",daw1,"daw 소프트웨어",0,1,0.00,1.0
"https://studionol.co.kr/ko/stories/daw1",daw1,"daw 순위",0,3,0.00,1.0
"https://studionol.co.kr/ko/stories/daw1",daw1,"daw 종류",0,3,0.00,23.3
"https://studionol.co.kr/ko/stories/daw1",daw1,"daw 추천",0,17,0.00,14.5
"https://studionol.co.kr/ko/stories/daw1",daw1,"daw 프로그램",0,38,0.00,1.0
"https://studionol.co.kr/ko/stories/daw1",daw1,"daw 프로그램 무료",0,6,0.00,1.0
"https://studionol.co.kr/ko/stories/daw1",daw1,"daw 프로그램 추천",0,2,0.00,14.0
"https://studionol.co.kr/ko/stories/daw1",daw1,"daw?",0,1,0.00,1.0
"https://studionol.co.kr/ko/stories/daw1",daw1,"daw\",0,1,0.00,1.0
"https://studionol.co.kr/ko/stories/daw1",daw1,"logic daw",0,6,0.00,7.8
"https://studionol.co.kr/ko/stories/daw1",daw1,"studio daw",0,1,0.00,10.0
"https://studionol.co.kr/ko/stories/daw1",daw1,"맥 daw",0,3,0.00,4.0
"https://studionol.co.kr/ko/stories/daw1",daw1,"맥북 daw",0,1,0.00,4.0
"https://studionol.co.kr/ko/stories/daw1",daw1,"무료 daw",0,21,0.00,1.0
"https://studionol.co.kr/ko/stories/daw1",daw1,"무료 daw 프로그램",0,1,0.00,1.0
"https://studionol.co.kr/ko/stories/daw1",daw1,"무료 작곡프로그램",0,1,0.00,1.0
"https://studionol.co.kr/ko/stories/daw1",daw1,"무료daw",0,1,0.00,1.0
"https://studionol.co.kr/ko/stories/daw1",daw1,"보컬 녹음 프로그램",0,6,0.00,1.0
"https://studionol.co.kr/ko/stories/daw1",daw1,"오디오 소프트웨어",0,1,0.00,1.0
"https://studionol.co.kr/ko/stories/daw1",daw1,"음악 만드는 프로그램 무료",0,1,0.00,1.0
"https://studionol.co.kr/ko/stories/daw1",daw1,"음악작업",0,1,0.00,3.0
"https://studionol.co.kr/ko/stories/daw1",daw1,"작곡 프로그램 가격",0,3,0.00,1.0
"https://studionol.co.kr/ko/stories/daw1",daw1,"작곡 프로그램 무료",0,2,0.00,1.0
"https://studionol.co.kr/ko/stories/daw1",daw1,"전문적으로",0,1,0.00,1.0
"https://studionol.co.kr/ko/stories/daw1",daw1,"프로듀싱 프로그램",0,1,0.00,1.0
"https://studionol.co.kr/ko/stories/daw1#%EC%A3%BC%EC%9A%94-daw-%EB%B9%84%EA%B5%90",daw1,"daw 가격",0,26,0.00,5.7
"https://studionol.co.kr/ko/stories/daw1#daw%EB%9E%80-%EB%AC%B4%EC%97%87%EC%9D%B8%EA%B0%80",daw1,"daw 가격",0,26,0.00,5.7
"https://studionol.co.kr/ko/stories/de-esser1",de-esser1,"de esser",0,16,0.00,11.1
"https://studionol.co.kr/ko/stories/de-esser1",de-esser1,"de-esser",0,15,0.00,9.4
"https://studionol.co.kr/ko/stories/de-esser1",de-esser1,"de-sser",0,1,0.00,11.0
"https://studionol.co.kr/ko/stories/de-esser1",de-esser1,"디",0,4,0.00,2.0
"https://studionol.co.kr/ko/stories/de-esser1",de-esser1,"디에서 사용법",0,25,0.00,8.3
"https://studionol.co.kr/ko/stories/de-esser1",de-esser1,"디에서 플러그인",0,2,0.00,12.5
"https://studionol.co.kr/ko/stories/debut1",debut1,"site:studionol.co.kr",0,1,0.00,17.0
"https://studionol.co.kr/ko/stories/debut1",debut1,"가수",0,1,0.00,8.0
"https://studionol.co.kr/ko/stories/debut1",debut1,"가수 데뷔",0,4,0.00,6.0
"https://studionol.co.kr/ko/stories/debut1",debut1,"가수 되는 방법",0,1,0.00,3.0
"https://studionol.co.kr/ko/stories/debut1",debut1,"노래 발매하는법",0,2,0.00,10.0
"https://studionol.co.kr/ko/stories/debut1",debut1,"발매",0,1,0.00,46.0
"https://studionol.co.kr/ko/stories/debut1",debut1,"솔로가수 데뷔하는법",0,22,0.00,8.4
"https://studionol.co.kr/ko/stories/debut1",debut1,"싱글앨범",0,1,0.00,1.0
"https://studionol.co.kr/ko/stories/debut1",debut1,"앨범",0,1,0.00,1.0
"https://studionol.co.kr/ko/stories/debut1",debut1,"앨범 내는법",0,2,0.00,19.5
"https://studionol.co.kr/ko/stories/debut1",debut1,"얼마 들어",0,1,0.00,2.0
"https://studionol.co.kr/ko/stories/debut1",debut1,"음원 구매 사이트",0,1,0.00,1.0
"https://studionol.co.kr/ko/stories/debut1",debut1,"음원 내는법",0,7,0.00,10.6
"https://studionol.co.kr/ko/stories/debut1",debut1,"음원 등록",0,1,0.00,19.0
"https://studionol.co.kr/ko/stories/debut1",debut1,"음원 등록 방법",0,1,0.00,54.0
"https://studionol.co.kr/ko/stories/debut1",debut1,"음원 발매",0,5,0.00,15.8
"https://studionol.co.kr/ko/stories/debut1",debut1,"음원 발매 방법",0,14,0.00,8.5
"https://studionol.co.kr/ko/stories/debut1",debut1,"음원 발매 사이트",0,3,0.00,1.0
"https://studionol.co.kr/ko/stories/debut1",debut1,"음원 출시",0,2,0.00,10.5
"https://studionol.co.kr/ko/stories/debut1",debut1,"음원등록",0,1,0.00,61.0
"https://studionol.co.kr/ko/stories/debut1",debut1,"음원발매",0,4,0.00,5.5
"https://studionol.co.kr/ko/stories/debut1",debut1,"음원제작",0,2,0.00,52.5
"https://studionol.co.kr/ko/stories/debut1",debut1,"작사가 되는 법",0,1,0.00,1.0
"https://studionol.co.kr/ko/stories/debut1",debut1,"캔디 드 뮤직 거절",0,1,0.00,3.0
"https://studionol.co.kr/ko/stories/deesser1",deesser1,"deesser",0,3,0.00,7.0
"https://studionol.co.kr/ko/stories/deesser1",deesser1,"d에",0,1,0.00,1.0
"https://studionol.co.kr/ko/stories/deesser1",deesser1,"site:nedrug.mfds.go.kr 디에타민정 37.5mg 펜터민염산염",0,1,0.00,6.0
"https://studionol.co.kr/ko/stories/deesser1",deesser1,"site:nedrug.mfds.go.kr 디에타민정 펜터민",0,2,0.00,7.0
"https://studionol.co.kr/ko/stories/deesser1",deesser1,"디에서 사용법",0,7,0.00,9.9
"https://studionol.co.kr/ko/stories/deesser1",deesser1,"치잘음",0,2,0.00,1.0
"https://studionol.co.kr/ko/stories/deesser1",deesser1,"치찰음",0,133,0.00,1.5
"https://studionol.co.kr/ko/stories/deesser1",deesser1,"치찰음 eq",0,2,0.00,10.0
"https://studionol.co.kr/ko/stories/deesser1",deesser1,"치찰음 뜻",0,4,0.00,1.3
"https://studionol.co.kr/ko/stories/deesser1",deesser1,"치찰음 제거",0,2,0.00,2.0
"https://studionol.co.kr/ko/stories/deesser1",deesser1,"치찰음 주파수",0,12,0.00,1.7
"https://studionol.co.kr/ko/stories/deesser1",deesser1,"치찰음 테스트",0,2,0.00,5.0
"https://studionol.co.kr/ko/stories/deesser1",deesser1,"치찰음성",0,16,0.00,3.8
"https://studionol.co.kr/ko/stories/deesser1",deesser1,"치찰음화",0,3,0.00,1.0
"https://studionol.co.kr/ko/stories/deesser1",deesser1,"치찰음화하여",0,3,0.00,1.0
"https://studionol.co.kr/ko/stories/deesser1#%EB%94%94%EC%97%90%EC%84%9C%EB%9E%80",deesser1,"디에서",0,59,0.00,6.4
"https://studionol.co.kr/ko/stories/deesser1#%EB%94%94%EC%97%90%EC%84%9C%EB%9E%80",deesser1,"디에서 사용법",0,3,0.00,8.7
"https://studionol.co.kr/ko/stories/deesser1#%EB%94%94%EC%97%90%EC%84%9C-%EC%84%A4%EC%A0%95-%EB%8B%A8%EA%B3%84",deesser1,"디에서",0,59,0.00,6.4
"https://studionol.co.kr/ko/stories/deesser1#%EB%94%94%EC%97%90%EC%84%9C-%EC%84%A4%EC%A0%95-%EB%8B%A8%EA%B3%84",deesser1,"디에서 사용법",0,3,0.00,8.7
"https://studionol.co.kr/ko/stories/delay-types1",delay-types1,"elffpdl",0,1,0.00,12.0
"https://studionol.co.kr/ko/stories/delay-types1",delay-types1,"site:studionol.co.kr",0,1,0.00,70.0
"https://studionol.co.kr/ko/stories/delay-types1",delay-types1,"slap delay",0,7,0.00,6.0
"https://studionol.co.kr/ko/stories/delay-types1",delay-types1,"slapback",0,2,0.00,8.5
"https://studionol.co.kr/ko/stories/delay-types1",delay-types1,"tape delay",0,1,0.00,9.0
"https://studionol.co.kr/ko/stories/delay-types1",delay-types1,"딜레이",0,167,0.00,9.0
"https://studionol.co.kr/ko/stories/delay-types1",delay-types1,"딜레이 뜻",0,4,0.00,35.5
"https://studionol.co.kr/ko/stories/delay-types1",delay-types1,"딜레이 리버브 순서",0,2,0.00,18.0
"https://studionol.co.kr/ko/stories/delay-types1",delay-types1,"딜레이 이펙터",0,2,0.00,13.5
"https://studionol.co.kr/ko/stories/delay-types1",delay-types1,"딜레이 이펙터 추천",0,2,0.00,29.0
"https://studionol.co.kr/ko/stories/delay-types1",delay-types1,"딜레이 추천",0,1,0.00,26.0
"https://studionol.co.kr/ko/stories/delay-types1",delay-types1,"딜레이 페달",0,1,0.00,24.0
"https://studionol.co.kr/ko/stories/delay-types1",delay-types1,"레이백",0,1,0.00,67.0
"https://studionol.co.kr/ko/stories/delay-types1",delay-types1,"레이백 뜻",0,1,0.00,50.0
"https://studionol.co.kr/ko/stories/delay-types1",delay-types1,"리버브",0,1,0.00,1.0
"https://studionol.co.kr/ko/stories/delay-types1",delay-types1,"리버브 딜레이 순서",0,2,0.00,20.0
"https://studionol.co.kr/ko/stories/delay-types1#%EB%94%9C%EB%A0%88%EC%9D%B4-%EC%A2%85%EB%A5%98-%EC%97%90%EC%BD%94%EB%A1%9C-%EB%B3%B4%EC%BB%AC%EC%97%90-%EC%83%9D%EB%8F%99%EA%B0%90-%EB%8D%94%ED%95%98%EA%B8%B0",delay-types1,"슬랩백",0,17,0.00,4.5
"https://studionol.co.kr/ko/stories/delay-types1#%EB%94%9C%EB%A0%88%EC%9D%B4-%EC%A2%85%EB%A5%98-%EC%97%90%EC%BD%94%EB%A1%9C-%EB%B3%B4%EC%BB%AC%EC%97%90-%EC%83%9D%EB%8F%99%EA%B0%90-%EB%8D%94%ED%95%98%EA%B8%B0",delay-types1,"슬랩백 딜레이",0,16,0.00,3.1
"https://studionol.co.kr/ko/stories/delay-types1#%EB%94%9C%EB%A0%88%EC%9D%B4-%EC%A3%BC%EC%9A%94-%ED%8C%8C%EB%9D%BC%EB%AF%B8%ED%84%B0",delay-types1,"슬랩백",0,11,0.00,4.5
"https://studionol.co.kr/ko/stories/delay-types1#%EB%94%9C%EB%A0%88%EC%9D%B4-%EC%A3%BC%EC%9A%94-%ED%8C%8C%EB%9D%BC%EB%AF%B8%ED%84%B0",delay-types1,"슬랩백 딜레이",0,11,0.00,3.4
"https://studionol.co.kr/ko/stories/delay-types1#1-%EC%8A%AC%EB%9E%A9%EB%B0%B1-%EB%94%9C%EB%A0%88%EC%9D%B4-slapback-delay",delay-types1,"슬랩백",0,17,0.00,4.5
"https://studionol.co.kr/ko/stories/delay-types1#1-%EC%8A%AC%EB%9E%A9%EB%B0%B1-%EB%94%9C%EB%A0%88%EC%9D%B4-slapback-delay",delay-types1,"슬랩백 딜레이",0,16,0.00,3.1
"https://studionol.co.kr/ko/stories/delay-types1#2-%ED%85%9C%ED%8F%AC-%EC%8B%B1%ED%81%AC-%EB%94%9C%EB%A0%88%EC%9D%B4-tempo-sync-delay",delay-types1,"슬랩백",0,11,0.00,4.5
"https://studionol.co.kr/ko/stories/delay-types1#2-%ED%85%9C%ED%8F%AC-%EC%8B%B1%ED%81%AC-%EB%94%9C%EB%A0%88%EC%9D%B4-tempo-sync-delay",delay-types1,"슬랩백 딜레이",0,11,0.00,3.4
"https://studionol.co.kr/ko/stories/delay-types1#3-%ED%95%91%ED%90%81-%EB%94%9C%EB%A0%88%EC%9D%B4-ping-pong-delay",delay-types1,"슬랩백",0,11,0.00,4.5
"https://studionol.co.kr/ko/stories/delay-types1#3-%ED%95%91%ED%90%81-%EB%94%9C%EB%A0%88%EC%9D%B4-ping-pong-delay",delay-types1,"슬랩백 딜레이",0,11,0.00,3.4
"https://studionol.co.kr/ko/stories/delay-types1#4-%ED%85%8C%EC%9D%B4%ED%94%84-%EB%94%9C%EB%A0%88%EC%9D%B4-tape-delay",delay-types1,"슬랩백",0,11,0.00,4.5
"https://studionol.co.kr/ko/stories/delay-types1#4-%ED%85%8C%EC%9D%B4%ED%94%84-%EB%94%9C%EB%A0%88%EC%9D%B4-tape-delay",delay-types1,"슬랩백 딜레이",0,11,0.00,3.4
"https://studionol.co.kr/ko/stories/delay1",delay1,"""보컬 두께감""",0,50,0.00,5.7
"https://studionol.co.kr/ko/stories/delay1",delay1,"교회반주",0,1,0.00,5.0
"https://studionol.co.kr/ko/stories/delay1",delay1,"노래방 리버브 설정",0,1,0.00,8.0
"https://studionol.co.kr/ko/stories/delay1",delay1,"딜레이 리버브",0,25,0.00,5.3
"https://studionol.co.kr/ko/stories/delay1",delay1,"딜레이 리버브 차이",0,22,0.00,6.4
"https://studionol.co.kr/ko/stories/delay1",delay1,"리버브",0,2,0.00,3.0
"https://studionol.co.kr/ko/stories/delay1",delay1,"리버브 딜레이",0,19,0.00,6.4
"https://studionol.co.kr/ko/stories/delay1",delay1,"리버브 딜레이 차이",0,46,0.00,7.0
"https://studionol.co.kr/ko/stories/delay1",delay1,"리버브 뜻",0,2,0.00,3.0
"https://studionol.co.kr/ko/stories/delay1",delay1,"보컬",0,1,0.00,2.0
"https://studionol.co.kr/ko/stories/delay1",delay1,"보컬 리버브",0,2,0.00,1.0
"https://studionol.co.kr/ko/stories/delay1",delay1,"보컬 리버브 딜레이 양 조절 가사 전달력 유지",0,1,0.00,5.0
"https://studionol.co.kr/ko/stories/delay1",delay1,"보컬 리버브 세팅",0,2,0.00,41.0
"https://studionol.co.kr/ko/stories/delay1",delay1,"보컬 믹스",0,1,0.00,1.0
"https://studionol.co.kr/ko/stories/delay1",delay1,"보컬 믹싱 순서",0,5,0.00,8.0
"https://studionol.co.kr/ko/stories/delay1",delay1,"슬랩백 딜레이",0,1,0.00,38.0
"https://studionol.co.kr/ko/stories/demo-tape1",demo-tape1,"오디션곡 추천",0,1,0.00,2.0
"https://studionol.co.kr/ko/stories/diaphragm1",diaphragm1,"복식 호흡 발성",0,2,0.00,11.0
"https://studionol.co.kr/ko/stories/diaphragm1",diaphragm1,"복식호흡 발성",0,4,0.00,1.0
"https://studionol.co.kr/ko/stories/diction1",diction1,"site:studionol.co.kr",0,5,0.00,29.6
"https://studionol.co.kr/ko/stories/diction1",diction1,"딕션",0,61,0.00,5.9
"https://studionol.co.kr/ko/stories/diction1",diction1,"딕션 뜻",0,1,0.00,1.0
"https://studionol.co.kr/ko/stories/diction1",diction1,"딕션 연습",0,2,0.00,10.5
"https://studionol.co.kr/ko/stories/diction1",diction1,"딕션 좋아지는 법",0,3,0.00,25.7
"https://studionol.co.kr/ko/stories/diction1",diction1,"딕션 좋아지는법",0,2,0.00,16.0
"https://studionol.co.kr/ko/stories/distribution1",distribution1,"ai 음원 발매",0,1,0.00,2.0
"https://studionol.co.kr/ko/stories/distribution1",distribution1,"ai 음원 유통",0,1,0.00,1.0
"https://studionol.co.kr/ko/stories/distribution1",distribution1,"destrokid",0,2,0.00,6.5
"https://studionol.co.kr/ko/stories/distribution1",distribution1,"distokid",0,3,0.00,8.3
"https://studionol.co.kr/ko/stories/distribution1",distribution1,"distorkid",0,7,0.00,8.1
"https://studionol.co.kr/ko/stories/distribution1",distribution1,"distrikid",0,2,0.00,8.0
"https://studionol.co.kr/ko/stories/distribution1",distribution1,"distro kid",0,6,0.00,8.8
"https://studionol.co.kr/ko/stories/distribution1",distribution1,"distroikid",0,3,0.00,8.7
"https://studionol.co.kr/ko/stories/distribution1",distribution1,"distrojid",0,1,0.00,8.0
"https://studionol.co.kr/ko/stories/distribution1",distribution1,"distrok",0,1,0.00,10.0
"https://studionol.co.kr/ko/stories/distribution1",distribution1,"distrokdi",0,1,0.00,8.0
"https://studionol.co.kr/ko/stories/distribution1",distribution1,"distrokid wikipedia",0,1,0.00,11.0
"https://studionol.co.kr/ko/stories/distribution1",distribution1,"distrokid 대안으로 레이블에 적합한 음악 유통 서비스는?",0,5,0.00,6.6
"https://studionol.co.kr/ko/stories/distribution1",distribution1,"distrokid 멜론",0,20,0.00,4.1
"https://studionol.co.kr/ko/stories/distribution1",distribution1,"distrokid 음원 등록",0,106,0.00,7.0
"https://studionol.co.kr/ko/stories/distribution1",distribution1,"distrokid 후기",0,1,0.00,9.0
"https://studionol.co.kr/ko/stories/distribution1",distribution1,"distrokid,",0,1,0.00,11.0
"https://studionol.co.kr/ko/stories/distribution1",distribution1,"distrokid.",0,1,0.00,10.0
"https://studionol.co.kr/ko/stories/distribution1",distribution1,"distrokids",0,43,0.00,6.8
"https://studionol.co.kr/ko/stories/distribution1",distribution1,"distrokod",0,2,0.00,9.0
"https://studionol.co.kr/ko/stories/distribution1",distribution1,"distroykid",0,1,0.00,7.0
"https://studionol.co.kr/ko/stories/distribution1",distribution1,"ditrokid",0,1,0.00,5.0
"https://studionol.co.kr/ko/stories/distribution1",distribution1,"dostrokid",0,1,0.00,10.0
"https://studionol.co.kr/ko/stories/distribution1",distribution1,"dsitrokid",0,1,0.00,10.0
"https://studionol.co.kr/ko/stories/distribution1",distribution1,"dstrokid",0,1,0.00,5.0
"https://studionol.co.kr/ko/stories/distribution1",distribution1,"genie music 청취자 수 구매",0,1,0.00,6.0
"https://studionol.co.kr/ko/stories/distribution1",distribution1,"melon 음악 청취자 수 구매",0,2,0.00,7.5
"https://studionol.co.kr/ko/stories/distribution1",distribution1,"sistrokid",0,1,0.00,12.0
"https://studionol.co.kr/ko/stories/distribution1",distribution1,"yg plus 음원 유통",0,1,0.00,9.0
"https://studionol.co.kr/ko/stories/distribution1",distribution1,"가격",0,1,0.00,14.0
"https://studionol.co.kr/ko/stories/distribution1",distribution1,"국내 유통사",0,5,0.00,8.2
"https://studionol.co.kr/ko/stories/distribution1",distribution1,"국내 음원 유통사 순위",0,2,0.00,21.5
"https://studionol.co.kr/ko/stories/distribution1",distribution1,"국내유통사",0,1,0.00,10.0
"https://studionol.co.kr/ko/stories/distribution1",distribution1,"디스트로키드",0,4,0.00,13.0
"https://studionol.co.kr/ko/stories/distribution1",distribution1,"디스트로키드 멜론",0,11,0.00,1.0
"https://studionol.co.kr/ko/stories/distribution1",distribution1,"디스트로키드 음원 등록",0,1,0.00,37.0
"https://studionol.co.kr/ko/stories/distribution1",distribution1,"멜론 음원 등록 비용",0,8,0.00,7.9
"https://studionol.co.kr/ko/stories/distribution1",distribution1,"멜론, 지니, 벅스에 유통하면서 해외 dsp에도 함께 유통할 수 있는 서비스는?",0,10,0.00,2.6
"https://studionol.co.kr/ko/stories/distribution1",distribution1,"멜론에 노래 올리기",0,2,0.00,1.0
"https://studionol.co.kr/ko/stories/distribution1",distribution1,"비용은",0,1,0.00,1.0
"https://studionol.co.kr/ko/stories/distribution1",distribution1,"사운드리퍼블리카 유통",0,1,0.00,11.0
"https://studionol.co.kr/ko/stories/distribution1",distribution1,"사운드프레스 후기",0,1,0.00,11.0
"https://studionol.co.kr/ko/stories/distribution1",distribution1,"스포티 파이 mp3 구매",0,1,0.00,6.0
"https://studionol.co.kr/ko/stories/distribution1",distribution1,"스포티 파이 음원 등록 비용",0,8,0.00,7.0
"https://studionol.co.kr/ko/stories/distribution1",distribution1,"스포티파이 노래 올리기",0,1,0.00,2.0
"https://studionol.co.kr/ko/stories/distribution1",distribution1,"앨범",0,1,0.00,3.0
"https://studionol.co.kr/ko/stories/distribution1",distribution1,"여러 아티스트와 대규모 카탈로그를 관리하기 좋은 음악 유통사는?",0,2,0.00,4.5
"https://studionol.co.kr/ko/stories/distribution1",distribution1,"오감엔터테인먼트 유통 후기",0,1,0.00,9.0
"https://studionol.co.kr/ko/stories/distribution1",distribution1,"요금제 비교",0,1,0.00,1.0
"https://studionol.co.kr/ko/stories/distribution1",distribution1,"유통 플랫폼",0,1,0.00,42.0
"https://studionol.co.kr/ko/stories/distribution1",distribution1,"유통사",0,3,0.00,17.7
"https://studionol.co.kr/ko/stories/distribution1",distribution1,"유통사 없이 음원 발매",0,1,0.00,32.0
"https://studionol.co.kr/ko/stories/distribution1",distribution1,"유통사 추천 디시",0,1,0.00,5.0
"https://studionol.co.kr/ko/stories/distribution1",distribution1,"음악 유통사",0,2,0.00,31.5
"https://studionol.co.kr/ko/stories/distribution1",distribution1,"음악 프로그램",0,3,0.00,1.0
"https://studionol.co.kr/ko/stories/distribution1",distribution1,"음악유통사",0,2,0.00,39.5
"https://studionol.co.kr/ko/stories/distribution1",distribution1,"음악프로그램",0,2,0.00,1.0
"https://studionol.co.kr/ko/stories/distribution1",distribution1,"음원 내는법",0,1,0.00,9.0
"https://studionol.co.kr/ko/stories/distribution1",distribution1,"음원 등록",0,5,0.00,16.0
"https://studionol.co.kr/ko/stories/distribution1",distribution1,"음원 등록 비용",0,1,0.00,8.0
"https://studionol.co.kr/ko/stories/distribution1",distribution1,"음원 등록 사이트",0,7,0.00,37.1
"https://studionol.co.kr/ko/stories/distribution1",distribution1,"음원 발매",0,2,0.00,22.5
"https://studionol.co.kr/ko/stories/distribution1",distribution1,"음원 발매 비용",0,17,0.00,4.4
"https://studionol.co.kr/ko/stories/distribution1",distribution1,"음원 발매 사이트",0,19,0.00,43.3
"https://studionol.co.kr/ko/stories/distribution1",distribution1,"음원 유통",0,5,0.00,34.8
"https://studionol.co.kr/ko/stories/distribution1",distribution1,"음원 유통사",0,13,0.00,30.9
"https://studionol.co.kr/ko/stories/distribution1",distribution1,"음원 유통사 추천 디시",0,13,0.00,6.2
"https://studionol.co.kr/ko/stories/distribution1",distribution1,"음원등록 사이트",0,1,0.00,40.0
"https://studionol.co.kr/ko/stories/distribution1",distribution1,"음원발매 비용",0,2,0.00,1.0
"https://studionol.co.kr/ko/stories/distribution1",distribution1,"음원유통",0,6,0.00,28.5
"https://studionol.co.kr/ko/stories/distribution1",distribution1,"음원유통사 추천",0,49,0.00,5.9
"https://studionol.co.kr/ko/stories/distribution1",distribution1,"인디 유통사",0,5,0.00,15.8
"https://studionol.co.kr/ko/stories/distribution1",distribution1,"인디 음원 유통사",0,1,0.00,23.0
"https://studionol.co.kr/ko/stories/distribution1",distribution1,"인디 음원 유통사 순위",0,16,0.00,8.9
"https://studionol.co.kr/ko/stories/distribution1",distribution1,"출시당 수수료가 없는 정액제 음악 유통 플랫폼은?",0,1,0.00,11.0
"https://studionol.co.kr/ko/stories/distribution1",distribution1,"콘텐츠 배급 서비스",0,2,0.00,78.0
"https://studionol.co.kr/ko/stories/distribution1",distribution1,"한국 음악 레이블이 해외(spotify, apple music)로 음원을 유통하는 가장 좋은 방법은?",0,5,0.00,1.8
"https://studionol.co.kr/ko/stories/distribution1",distribution1,"한국 음원 유통사",0,2,0.00,11.0
"https://studionol.co.kr/ko/stories/distribution1",distribution1,"해외 음원 사이트",0,1,0.00,28.0
"https://studionol.co.kr/ko/stories/distribution1",distribution1,"회사",0,1,0.00,1.0
"https://studionol.co.kr/ko/stories/doubletracking1",doubletracking1,"site:studionol.co.kr",0,2,0.00,17.0
"https://studionol.co.kr/ko/stories/doubletracking1",doubletracking1,"더블링",0,1,0.00,38.0
"https://studionol.co.kr/ko/stories/doubletracking1",doubletracking1,"보컬 더블링",0,3,0.00,21.0
"https://studionol.co.kr/ko/stories/drum-mixing1",drum-mixing1,"드럼 세팅",0,1,0.00,19.0
"https://studionol.co.kr/ko/stories/drum-mixing1",drum-mixing1,"드럼 킥 스네어 하이햇",0,5,0.00,9.2
"https://studionol.co.kr/ko/stories/drum-mixing1",drum-mixing1,"드럼믹서",0,2,0.00,26.0
"https://studionol.co.kr/ko/stories/drum-mixing1",drum-mixing1,"오버헤드",0,1,0.00,4.0
"https://studionol.co.kr/ko/stories/drum-mixing1",drum-mixing1,"킥 스네어",0,4,0.00,8.3
"https://studionol.co.kr/ko/stories/drum-mixing1",drum-mixing1,"킥 스네어 하이햇",0,6,0.00,8.8
"https://studionol.co.kr/ko/stories/drum-mixing1#%EB%93%9C%EB%9F%BC-%EB%AF%B9%EC%8B%B1-%EB%A6%AC%EB%93%AC%EC%9D%98-%ED%86%A0%EB%8C%80%EB%A5%BC-%EC%99%84%EC%84%B1%ED%95%98%EB%8B%A4",drum-mixing1,"드럼 eq",0,11,0.00,4.8
"https://studionol.co.kr/ko/stories/drum-mixing1#%EB%93%9C%EB%9F%BC-%EB%AF%B9%EC%8B%B1-%EB%A6%AC%EB%93%AC%EC%9D%98-%ED%86%A0%EB%8C%80%EB%A5%BC-%EC%99%84%EC%84%B1%ED%95%98%EB%8B%A4",drum-mixing1,"드럼 믹싱",0,17,0.00,4.8
"https://studionol.co.kr/ko/stories/drum-mixing1#%ED%82%A5-%EB%93%9C%EB%9F%BC-eq",drum-mixing1,"드럼 eq",0,11,0.00,4.8
"https://studionol.co.kr/ko/stories/drum-mixing1#%ED%82%A5-%EB%93%9C%EB%9F%BC-eq",drum-mixing1,"드럼 믹싱",0,17,0.00,4.8
"https://studionol.co.kr/ko/stories/drum-programming1",drum-programming1,"드럼 패턴",0,19,0.00,7.8
"https://studionol.co.kr/ko/stories/drum-programming1",drum-programming1,"미디 드럼",0,4,0.00,10.3
"https://studionol.co.kr/ko/stories/drum-programming1",drum-programming1,"휴 드럼",0,33,0.00,10.2
"https://studionol.co.kr/ko/stories/drum-programming1",drum-programming1,"휴머나이징",0,1,0.00,10.0
"https://studionol.co.kr/ko/stories/drum-recording1",drum-recording1,"site:studionol.co.kr",0,1,0.00,84.0
"https://studionol.co.kr/ko/stories/drum-recording1",drum-recording1,"드럼 녹음",0,3,0.00,22.0
"https://studionol.co.kr/ko/stories/drum-recording1",drum-recording1,"드럼 레코딩",0,2,0.00,8.5
"https://studionol.co.kr/ko/stories/drum-recording1",drum-recording1,"드럼 마이킹",0,16,0.00,5.9
"https://studionol.co.kr/ko/stories/drum-recording1",drum-recording1,"드럼 배치",0,2,0.00,12.0
"https://studionol.co.kr/ko/stories/drum-recording1",drum-recording1,"드럼마이킹",0,4,0.00,4.5
"https://studionol.co.kr/ko/stories/drum1",drum1,"site:studionol.co.kr",0,6,0.00,28.7
"https://studionol.co.kr/ko/stories/drum1",drum1,"드럼 녹음실",0,7,0.00,12.0
"https://studionol.co.kr/ko/stories/drum1",drum1,"드럼 레코딩",0,6,0.00,2.2
"https://studionol.co.kr/ko/stories/dynamics1",dynamics1,"브레스 컨트롤 강의",0,1,0.00,2.0
"https://studionol.co.kr/ko/stories/eartraining1",eartraining1,"음감 키우는법",0,1,0.00,10.0
"https://studionol.co.kr/ko/stories/eartraining1",eartraining1,"음감 훈련",0,4,0.00,5.8
"https://studionol.co.kr/ko/stories/eartraining1",eartraining1,"청음 연습",0,1,0.00,22.0
"https://studionol.co.kr/ko/stories/eartraining1",eartraining1,"청음초",0,1,0.00,19.0
"https://studionol.co.kr/ko/stories/ep-making1",ep-making1,"ep 미니앨범",0,1,0.00,10.0
"https://studionol.co.kr/ko/stories/ep-making1",ep-making1,"ep뜻",0,1,0.00,32.0
"https://studionol.co.kr/ko/stories/ep-making1",ep-making1,"ep앨범",0,1,0.00,28.0
"https://studionol.co.kr/ko/stories/ep-making1",ep-making1,"mini ep",0,1,0.00,10.0
"https://studionol.co.kr/ko/stories/ep-making1",ep-making1,"스튜디오 앨범",0,7,0.00,13.0
"https://studionol.co.kr/ko/stories/ep-making1",ep-making1,"아이돌 앨범 제작 비용",0,11,0.00,9.9
"https://studionol.co.kr/ko/stories/ep-making1",ep-making1,"오디오제작",0,2,0.00,45.0
"https://studionol.co.kr/ko/stories/ep-making1",ep-making1,"음반 제작",0,2,0.00,12.0
"https://studionol.co.kr/ko/stories/ep-making1",ep-making1,"음반제작",0,5,0.00,12.4
"https://studionol.co.kr/ko/stories/ep-making1",ep-making1,"음악cd",0,1,0.00,1.0
"https://studionol.co.kr/ko/stories/ep-making1",ep-making1,"음원 발매 비용",0,1,0.00,2.0
"https://studionol.co.kr/ko/stories/ep-making1",ep-making1,"음원제작",0,3,0.00,34.3
"https://studionol.co.kr/ko/stories/ep-making1",ep-making1,"정규앨범",0,1,0.00,1.0
"https://studionol.co.kr/ko/stories/ep-making1",ep-making1,"제작방법",0,1,0.00,5.0
"https://studionol.co.kr/ko/stories/ep-production1",ep-production1,"ep",0,7,0.00,9.9
"https://studionol.co.kr/ko/stories/ep-production1",ep-production1,"ep album",0,11,0.00,10.1
"https://studionol.co.kr/ko/stories/ep-production1",ep-production1,"ep mini album",0,1,0.00,10.0
"https://studionol.co.kr/ko/stories/ep-production1",ep-production1,"ep 기준",0,11,0.00,8.9
"https://studionol.co.kr/ko/stories/ep-production1",ep-production1,"ep 뜻",0,25,0.00,5.5
"https://studionol.co.kr/ko/stories/ep-production1",ep-production1,"ep 앨범",0,60,0.00,9.6
"https://studionol.co.kr/ko/stories/ep-production1",ep-production1,"ep 앨범 차이",0,1,0.00,19.0
"https://studionol.co.kr/ko/stories/ep-production1",ep-production1,"ep 음반",0,6,0.00,7.8
"https://studionol.co.kr/ko/stories/ep-production1",ep-production1,"ep.",0,1,0.00,11.0
"https://studionol.co.kr/ko/stories/ep-production1",ep-production1,"ep뜻",0,4,0.00,3.5
"https://studionol.co.kr/ko/stories/ep-production1",ep-production1,"ep란",0,4,0.00,11.3
"https://studionol.co.kr/ko/stories/ep-production1",ep-production1,"extended play",0,2,0.00,6.5
"https://studionol.co.kr/ko/stories/ep-production1",ep-production1,"mastering ep",0,1,0.00,7.0
"https://studionol.co.kr/ko/stories/ep-production1",ep-production1,"mini ep",0,1,0.00,12.0
"https://studionol.co.kr/ko/stories/ep-production1",ep-production1,"라인 앨범 만들기",0,5,0.00,11.4
"https://studionol.co.kr/ko/stories/ep-production1",ep-production1,"뮤지션",0,4,0.00,1.0
"https://studionol.co.kr/ko/stories/ep-production1",ep-production1,"미니앨범",0,4,0.00,1.0
"https://studionol.co.kr/ko/stories/ep-production1",ep-production1,"미니앨범 곡수",0,3,0.00,10.0
"https://studionol.co.kr/ko/stories/ep-production1",ep-production1,"싱글앨범",0,1,0.00,2.0
"https://studionol.co.kr/ko/stories/ep-production1",ep-production1,"앨범 ep",0,1,0.00,9.0
"https://studionol.co.kr/ko/stories/ep-production1",ep-production1,"앨범 ep 뜻",0,1,0.00,13.0
"https://studionol.co.kr/ko/stories/ep-production1",ep-production1,"앨범 구성",0,1,0.00,12.0
"https://studionol.co.kr/ko/stories/ep-production1",ep-production1,"에피 노래",0,1,0.00,2.0
"https://studionol.co.kr/ko/stories/ep-production1",ep-production1,"에피 뜻",0,1,0.00,1.0
"https://studionol.co.kr/ko/stories/ep-production1",ep-production1,"음반제작",0,1,0.00,61.0
"https://studionol.co.kr/ko/stories/ep-production1",ep-production1,"음원제작",0,1,0.00,63.0
"https://studionol.co.kr/ko/stories/ep-production1",ep-production1,"정규 앨범 뜻",0,1,0.00,3.0
"https://studionol.co.kr/ko/stories/ep-production1",ep-production1,"풀앨범",0,1,0.00,3.0
"https://studionol.co.kr/ko/stories/ep-release1",ep-release1,"ep 앨범",0,2,0.00,39.0
"https://studionol.co.kr/ko/stories/epk1",epk1,"artist epk",0,7,0.00,3.4
"https://studionol.co.kr/ko/stories/epk1",epk1,"e p k",0,1,0.00,5.0
"https://studionol.co.kr/ko/stories/epk1",epk1,"e.p.k",0,3,0.00,7.0
"https://studionol.co.kr/ko/stories/epk1",epk1,"epk guide",0,1,0.00,2.0
"https://studionol.co.kr/ko/stories/epk1",epk1,"epk.",0,1,0.00,5.0
"https://studionol.co.kr/ko/stories/epk1",epk1,"epk?",0,1,0.00,1.0
"https://studionol.co.kr/ko/stories/epk1",epk1,"www.epk",0,1,0.00,9.0
"https://studionol.co.kr/ko/stories/epk1",epk1,"데ㅏ",0,49,0.00,6.2
"https://studionol.co.kr/ko/stories/epk1",epk1,"뮤지션 뜻",0,43,0.00,9.2
"https://studionol.co.kr/ko/stories/epk1",epk1,"프레스 킷 예시",0,1,0.00,15.0
"https://studionol.co.kr/ko/stories/eq1",eq1,"e.q",0,1,0.00,11.0
"https://studionol.co.kr/ko/stories/eq1",eq1,"e.q.",0,1,0.00,8.0
"https://studionol.co.kr/ko/stories/eq1",eq1,"eq",0,65,0.00,9.2
"https://studionol.co.kr/ko/stories/eq1",eq1,"eq 설정 값 추천",0,4,0.00,5.5
"https://studionol.co.kr/ko/stories/eq1",eq1,"eq 설정 추천",0,8,0.00,10.0
"https://studionol.co.kr/ko/stories/eq1",eq1,"eq%",0,1,0.00,11.0
"https://studionol.co.kr/ko/stories/eq1",eq1,"eq.",0,1,0.00,8.0
"https://studionol.co.kr/ko/stories/eq1",eq1,"eq;",0,1,0.00,9.0
"https://studionol.co.kr/ko/stories/eq1",eq1,"eq란",0,9,0.00,10.1
"https://studionol.co.kr/ko/stories/eq1",eq1,"eq설정",0,24,0.00,3.3
"https://studionol.co.kr/ko/stories/eq1",eq1,"eq세팅",0,1,0.00,2.0
"https://studionol.co.kr/ko/stories/eq1",eq1,"남자 보컬 eq",0,13,0.00,5.4
"https://studionol.co.kr/ko/stories/eq1",eq1,"다이나믹 eq",0,1,0.00,3.0
"https://studionol.co.kr/ko/stories/eq1",eq1,"목소리 강조 이퀄라이저",0,3,0.00,4.3
"https://studionol.co.kr/ko/stories/eq1",eq1,"배그 eq 설정",0,2,0.00,3.0
"https://studionol.co.kr/ko/stories/eq1",eq1,"배그 이퀄 설정",0,1,0.00,2.0
"https://studionol.co.kr/ko/stories/eq1",eq1,"배그 이퀄설정",0,1,0.00,2.0
"https://studionol.co.kr/ko/stories/eq1",eq1,"베이스 eq 설정",0,1,0.00,2.0
"https://studionol.co.kr/ko/stories/eq1",eq1,"보컬",0,1,0.00,2.0
"https://studionol.co.kr/ko/stories/eq1",eq1,"보컬 eq 추천",0,17,0.00,4.7
"https://studionol.co.kr/ko/stories/eq1",eq1,"스피커 eq 설정",0,1,0.00,22.0
"https://studionol.co.kr/ko/stories/eq1",eq1,"악기별 주파수 대역",0,1,0.00,16.0
"https://studionol.co.kr/ko/stories/eq1",eq1,"애플뮤직 eq 추천",0,1,0.00,9.0
"https://studionol.co.kr/ko/stories/eq1",eq1,"여자 보컬 eq",0,7,0.00,8.6
"https://studionol.co.kr/ko/stories/eq1",eq1,"이어버드의 eq란 무엇인가요",0,11,0.00,9.1
"https://studionol.co.kr/ko/stories/eq1",eq1,"이어폰 eq",0,1,0.00,8.0
"https://studionol.co.kr/ko/stories/eq1",eq1,"이어폰 eq 설정",0,1,0.00,5.0
"https://studionol.co.kr/ko/stories/eq1",eq1,"이퀄 설정",0,2,0.00,6.5
"https://studionol.co.kr/ko/stories/eq1",eq1,"이퀄라이저 설정 값 추천",0,1,0.00,9.0
"https://studionol.co.kr/ko/stories/eq1",eq1,"이퀄라이저 설정 방법",0,5,0.00,3.8
"https://studionol.co.kr/ko/stories/eq1",eq1,"이퀄라이저 설정값 추천",0,1,0.00,1.0
"https://studionol.co.kr/ko/stories/eq1",eq1,"이퀄라이저 세팅",0,5,0.00,8.4
"https://studionol.co.kr/ko/stories/eq1",eq1,"이큐잉",0,4,0.00,8.3
"https://studionol.co.kr/ko/stories/eq1",eq1,"일렉 기타 eq 세팅",0,3,0.00,18.0
"https://studionol.co.kr/ko/stories/eq1",eq1,"자세히 알려줘",0,1,0.00,2.0
"https://studionol.co.kr/ko/stories/eq1",eq1,"주파수",0,1,0.00,6.0
"https://studionol.co.kr/ko/stories/eq1",eq1,"주파수 특성",0,2,0.00,1.0
"https://studionol.co.kr/ko/stories/eq1",eq1,"치찰음 eq",0,64,0.00,4.4
"https://studionol.co.kr/ko/stories/eq1",eq1,"치찰음 대역",0,20,0.00,7.8
"https://studionol.co.kr/ko/stories/eq1",eq1,"치찰음 주파수",0,9,0.00,7.8
"https://studionol.co.kr/ko/stories/eq1",eq1,"현대 이퀄라이저 설정 값 추천",0,6,0.00,8.8
"https://studionol.co.kr/ko/stories/eq1#%EB%B3%B4%EC%BB%AC-%EC%A3%BC%ED%8C%8C%EC%88%98-%EB%8C%80%EC%97%AD%EB%B3%84-%EC%97%AD%ED%95%A0",eq1,"eq 설정",0,3,0.00,4.0
"https://studionol.co.kr/ko/stories/eq1#%EB%B3%B4%EC%BB%AC-%EC%A3%BC%ED%8C%8C%EC%88%98-%EB%8C%80%EC%97%AD%EB%B3%84-%EC%97%AD%ED%95%A0",eq1,"eq 설정 값 추천",0,1,0.00,4.0
"https://studionol.co.kr/ko/stories/eq1#%EB%B3%B4%EC%BB%AC-%EC%A3%BC%ED%8C%8C%EC%88%98-%EB%8C%80%EC%97%AD%EB%B3%84-%EC%97%AD%ED%95%A0",eq1,"eq 설정 추천",0,2,0.00,5.5
"https://studionol.co.kr/ko/stories/eq1#%EB%B3%B4%EC%BB%AC-%EC%A3%BC%ED%8C%8C%EC%88%98-%EB%8C%80%EC%97%AD%EB%B3%84-%EC%97%AD%ED%95%A0",eq1,"eq 설정법",0,4,0.00,6.0
"https://studionol.co.kr/ko/stories/eq1#%EB%B3%B4%EC%BB%AC-%EC%A3%BC%ED%8C%8C%EC%88%98-%EB%8C%80%EC%97%AD%EB%B3%84-%EC%97%AD%ED%95%A0",eq1,"eq 세팅",0,3,0.00,4.0
"https://studionol.co.kr/ko/stories/eq1#%EB%B3%B4%EC%BB%AC-%EC%A3%BC%ED%8C%8C%EC%88%98-%EB%8C%80%EC%97%AD%EB%B3%84-%EC%97%AD%ED%95%A0",eq1,"eq 조절",0,6,0.00,7.2
"https://studionol.co.kr/ko/stories/eq1#%EB%B3%B4%EC%BB%AC-%EC%A3%BC%ED%8C%8C%EC%88%98-%EB%8C%80%EC%97%AD%EB%B3%84-%EC%97%AD%ED%95%A0",eq1,"eq 주파수 대역",0,1,0.00,3.0
"https://studionol.co.kr/ko/stories/eq1#%EB%B3%B4%EC%BB%AC-%EC%A3%BC%ED%8C%8C%EC%88%98-%EB%8C%80%EC%97%AD%EB%B3%84-%EC%97%AD%ED%95%A0",eq1,"남자 보컬 eq",0,10,0.00,5.1
"https://studionol.co.kr/ko/stories/eq1#%EB%B3%B4%EC%BB%AC-%EC%A3%BC%ED%8C%8C%EC%88%98-%EB%8C%80%EC%97%AD%EB%B3%84-%EC%97%AD%ED%95%A0",eq1,"보컬 eq",0,39,0.00,2.7
"https://studionol.co.kr/ko/stories/eq1#%EB%B3%B4%EC%BB%AC-%EC%A3%BC%ED%8C%8C%EC%88%98-%EB%8C%80%EC%97%AD%EB%B3%84-%EC%97%AD%ED%95%A0",eq1,"보컬 eq 세팅",0,12,0.00,2.7
"https://studionol.co.kr/ko/stories/eq1#%EB%B3%B4%EC%BB%AC-%EC%A3%BC%ED%8C%8C%EC%88%98-%EB%8C%80%EC%97%AD%EB%B3%84-%EC%97%AD%ED%95%A0",eq1,"보컬 eq 추천",0,3,0.00,5.3
"https://studionol.co.kr/ko/stories/eq1#%EB%B3%B4%EC%BB%AC-%EC%A3%BC%ED%8C%8C%EC%88%98-%EB%8C%80%EC%97%AD%EB%B3%84-%EC%97%AD%ED%95%A0",eq1,"여자 보컬 eq",0,7,0.00,9.6
"https://studionol.co.kr/ko/stories/eq1#%EB%B3%B4%EC%BB%AC-%EC%A3%BC%ED%8C%8C%EC%88%98-%EB%8C%80%EC%97%AD%EB%B3%84-%EC%97%AD%ED%95%A0",eq1,"이어폰 eq",0,1,0.00,8.0
"https://studionol.co.kr/ko/stories/eq1#%EB%B3%B4%EC%BB%AC-%EC%A3%BC%ED%8C%8C%EC%88%98-%EB%8C%80%EC%97%AD%EB%B3%84-%EC%97%AD%ED%95%A0",eq1,"이퀄라이저 설정 값 추천",0,1,0.00,9.0
"https://studionol.co.kr/ko/stories/eq1#%EB%B3%B4%EC%BB%AC-eq%EB%9E%80-%EB%AC%B4%EC%97%87%EC%9D%B8%EA%B0%80",eq1,"eq 설정",0,9,0.00,5.2
"https://studionol.co.kr/ko/stories/eq1#%EB%B3%B4%EC%BB%AC-eq%EB%9E%80-%EB%AC%B4%EC%97%87%EC%9D%B8%EA%B0%80",eq1,"eq 설정 값 추천",0,1,0.00,4.0
"https://studionol.co.kr/ko/stories/eq1#%EB%B3%B4%EC%BB%AC-eq%EB%9E%80-%EB%AC%B4%EC%97%87%EC%9D%B8%EA%B0%80",eq1,"eq 설정 추천",0,2,0.00,5.5
"https://studionol.co.kr/ko/stories/eq1#%EB%B3%B4%EC%BB%AC-eq%EB%9E%80-%EB%AC%B4%EC%97%87%EC%9D%B8%EA%B0%80",eq1,"eq 설정법",0,6,0.00,6.0
"https://studionol.co.kr/ko/stories/eq1#%EB%B3%B4%EC%BB%AC-eq%EB%9E%80-%EB%AC%B4%EC%97%87%EC%9D%B8%EA%B0%80",eq1,"eq 세팅",0,5,0.00,4.8
"https://studionol.co.kr/ko/stories/eq1#%EB%B3%B4%EC%BB%AC-eq%EB%9E%80-%EB%AC%B4%EC%97%87%EC%9D%B8%EA%B0%80",eq1,"eq 조절",0,6,0.00,7.2
"https://studionol.co.kr/ko/stories/eq1#%EB%B3%B4%EC%BB%AC-eq%EB%9E%80-%EB%AC%B4%EC%97%87%EC%9D%B8%EA%B0%80",eq1,"eq 주파수 대역",0,1,0.00,3.0
"https://studionol.co.kr/ko/stories/eq1#%EB%B3%B4%EC%BB%AC-eq%EB%9E%80-%EB%AC%B4%EC%97%87%EC%9D%B8%EA%B0%80",eq1,"eq설정",0,1,0.00,2.0
"https://studionol.co.kr/ko/stories/eq1#%EB%B3%B4%EC%BB%AC-eq%EB%9E%80-%EB%AC%B4%EC%97%87%EC%9D%B8%EA%B0%80",eq1,"남자 보컬 eq",0,10,0.00,5.1
"https://studionol.co.kr/ko/stories/eq1#%EB%B3%B4%EC%BB%AC-eq%EB%9E%80-%EB%AC%B4%EC%97%87%EC%9D%B8%EA%B0%80",eq1,"보컬 eq",0,39,0.00,2.7
"https://studionol.co.kr/ko/stories/eq1#%EB%B3%B4%EC%BB%AC-eq%EB%9E%80-%EB%AC%B4%EC%97%87%EC%9D%B8%EA%B0%80",eq1,"보컬 eq 세팅",0,12,0.00,2.7
"https://studionol.co.kr/ko/stories/eq1#%EB%B3%B4%EC%BB%AC-eq%EB%9E%80-%EB%AC%B4%EC%97%87%EC%9D%B8%EA%B0%80",eq1,"보컬 eq 추천",0,3,0.00,5.3
"https://studionol.co.kr/ko/stories/eq1#%EB%B3%B4%EC%BB%AC-eq%EB%9E%80-%EB%AC%B4%EC%97%87%EC%9D%B8%EA%B0%80",eq1,"여자 보컬 eq",0,7,0.00,9.6
"https://studionol.co.kr/ko/stories/eq1#%EB%B3%B4%EC%BB%AC-eq%EB%9E%80-%EB%AC%B4%EC%97%87%EC%9D%B8%EA%B0%80",eq1,"이어폰 eq",0,1,0.00,8.0
"https://studionol.co.kr/ko/stories/eq1#%EB%B3%B4%EC%BB%AC-eq%EB%9E%80-%EB%AC%B4%EC%97%87%EC%9D%B8%EA%B0%80",eq1,"이퀄라이저 설정 값 추천",0,1,0.00,9.0
"https://studionol.co.kr/ko/stories/eq1#step-1-%ED%95%98%EC%9D%B4%ED%8C%A8%EC%8A%A4-%ED%95%84%ED%84%B0-hpf",eq1,"eq 설정",0,9,0.00,5.2
"https://studionol.co.kr/ko/stories/eq1#step-1-%ED%95%98%EC%9D%B4%ED%8C%A8%EC%8A%A4-%ED%95%84%ED%84%B0-hpf",eq1,"eq 설정 값 추천",0,1,0.00,4.0
"https://studionol.co.kr/ko/stories/eq1#step-1-%ED%95%98%EC%9D%B4%ED%8C%A8%EC%8A%A4-%ED%95%84%ED%84%B0-hpf",eq1,"eq 설정 추천",0,2,0.00,5.5
"https://studionol.co.kr/ko/stories/eq1#step-1-%ED%95%98%EC%9D%B4%ED%8C%A8%EC%8A%A4-%ED%95%84%ED%84%B0-hpf",eq1,"eq 설정법",0,6,0.00,6.0
"https://studionol.co.kr/ko/stories/eq1#step-1-%ED%95%98%EC%9D%B4%ED%8C%A8%EC%8A%A4-%ED%95%84%ED%84%B0-hpf",eq1,"eq 세팅",0,5,0.00,4.8
"https://studionol.co.kr/ko/stories/eq1#step-1-%ED%95%98%EC%9D%B4%ED%8C%A8%EC%8A%A4-%ED%95%84%ED%84%B0-hpf",eq1,"eq 조절",0,1,0.00,6.0
"https://studionol.co.kr/ko/stories/eq1#step-1-%ED%95%98%EC%9D%B4%ED%8C%A8%EC%8A%A4-%ED%95%84%ED%84%B0-hpf",eq1,"eq설정",0,1,0.00,2.0
"https://studionol.co.kr/ko/stories/eq1#step-1-%ED%95%98%EC%9D%B4%ED%8C%A8%EC%8A%A4-%ED%95%84%ED%84%B0-hpf",eq1,"남자 보컬 eq",0,3,0.00,4.7
"https://studionol.co.kr/ko/stories/eq1#step-1-%ED%95%98%EC%9D%B4%ED%8C%A8%EC%8A%A4-%ED%95%84%ED%84%B0-hpf",eq1,"보컬 eq",0,11,0.00,2.6
"https://studionol.co.kr/ko/stories/eq1#step-1-%ED%95%98%EC%9D%B4%ED%8C%A8%EC%8A%A4-%ED%95%84%ED%84%B0-hpf",eq1,"보컬 eq 세팅",0,7,0.00,2.7
"https://studionol.co.kr/ko/stories/eq1#step-1-%ED%95%98%EC%9D%B4%ED%8C%A8%EC%8A%A4-%ED%95%84%ED%84%B0-hpf",eq1,"보컬 eq 추천",0,3,0.00,5.3
"https://studionol.co.kr/ko/stories/eq1#step-1-%ED%95%98%EC%9D%B4%ED%8C%A8%EC%8A%A4-%ED%95%84%ED%84%B0-hpf",eq1,"여자 보컬 eq",0,5,0.00,10.0
"https://studionol.co.kr/ko/stories/eq1#step-1-%ED%95%98%EC%9D%B4%ED%8C%A8%EC%8A%A4-%ED%95%84%ED%84%B0-hpf",eq1,"이퀄라이저 설정 값 추천",0,1,0.00,9.0
"https://studionol.co.kr/ko/stories/eq1#step-2-%EB%A8%B8%EB%94%94%EB%8B%88%EC%8A%A4-%EC%A0%9C%EA%B1%B0-250500hz",eq1,"eq 설정",0,9,0.00,5.2
"https://studionol.co.kr/ko/stories/eq1#step-2-%EB%A8%B8%EB%94%94%EB%8B%88%EC%8A%A4-%EC%A0%9C%EA%B1%B0-250500hz",eq1,"eq 설정 값 추천",0,1,0.00,4.0
"https://studionol.co.kr/ko/stories/eq1#step-2-%EB%A8%B8%EB%94%94%EB%8B%88%EC%8A%A4-%EC%A0%9C%EA%B1%B0-250500hz",eq1,"eq 설정 추천",0,2,0.00,5.5
"https://studionol.co.kr/ko/stories/eq1#step-2-%EB%A8%B8%EB%94%94%EB%8B%88%EC%8A%A4-%EC%A0%9C%EA%B1%B0-250500hz",eq1,"eq 설정법",0,6,0.00,6.0
"https://studionol.co.kr/ko/stories/eq1#step-2-%EB%A8%B8%EB%94%94%EB%8B%88%EC%8A%A4-%EC%A0%9C%EA%B1%B0-250500hz",eq1,"eq 세팅",0,5,0.00,4.8
"https://studionol.co.kr/ko/stories/eq1#step-2-%EB%A8%B8%EB%94%94%EB%8B%88%EC%8A%A4-%EC%A0%9C%EA%B1%B0-250500hz",eq1,"eq 조절",0,6,0.00,7.2
"https://studionol.co.kr/ko/stories/eq1#step-2-%EB%A8%B8%EB%94%94%EB%8B%88%EC%8A%A4-%EC%A0%9C%EA%B1%B0-250500hz",eq1,"eq 주파수 대역",0,1,0.00,3.0
"https://studionol.co.kr/ko/stories/eq1#step-2-%EB%A8%B8%EB%94%94%EB%8B%88%EC%8A%A4-%EC%A0%9C%EA%B1%B0-250500hz",eq1,"eq설정",0,1,0.00,2.0
"https://studionol.co.kr/ko/stories/eq1#step-2-%EB%A8%B8%EB%94%94%EB%8B%88%EC%8A%A4-%EC%A0%9C%EA%B1%B0-250500hz",eq1,"남자 보컬 eq",0,10,0.00,5.1
"https://studionol.co.kr/ko/stories/eq1#step-2-%EB%A8%B8%EB%94%94%EB%8B%88%EC%8A%A4-%EC%A0%9C%EA%B1%B0-250500hz",eq1,"보컬 eq",0,39,0.00,2.7
"https://studionol.co.kr/ko/stories/eq1#step-2-%EB%A8%B8%EB%94%94%EB%8B%88%EC%8A%A4-%EC%A0%9C%EA%B1%B0-250500hz",eq1,"보컬 eq 세팅",0,12,0.00,2.7
"https://studionol.co.kr/ko/stories/eq1#step-2-%EB%A8%B8%EB%94%94%EB%8B%88%EC%8A%A4-%EC%A0%9C%EA%B1%B0-250500hz",eq1,"보컬 eq 추천",0,3,0.00,5.3
"https://studionol.co.kr/ko/stories/eq1#step-2-%EB%A8%B8%EB%94%94%EB%8B%88%EC%8A%A4-%EC%A0%9C%EA%B1%B0-250500hz",eq1,"여자 보컬 eq",0,7,0.00,9.6
"https://studionol.co.kr/ko/stories/eq1#step-2-%EB%A8%B8%EB%94%94%EB%8B%88%EC%8A%A4-%EC%A0%9C%EA%B1%B0-250500hz",eq1,"이어폰 eq",0,1,0.00,8.0
"https://studionol.co.kr/ko/stories/eq1#step-2-%EB%A8%B8%EB%94%94%EB%8B%88%EC%8A%A4-%EC%A0%9C%EA%B1%B0-250500hz",eq1,"이퀄라이저 설정 값 추천",0,1,0.00,9.0
"https://studionol.co.kr/ko/stories/eq1#step-3-%EC%A1%B4%EC%9E%AC%EA%B0%90-%EA%B0%95%EC%A1%B0-25khz",eq1,"eq 설정",0,3,0.00,4.0
"https://studionol.co.kr/ko/stories/eq1#step-3-%EC%A1%B4%EC%9E%AC%EA%B0%90-%EA%B0%95%EC%A1%B0-25khz",eq1,"eq 설정 값 추천",0,1,0.00,4.0
"https://studionol.co.kr/ko/stories/eq1#step-3-%EC%A1%B4%EC%9E%AC%EA%B0%90-%EA%B0%95%EC%A1%B0-25khz",eq1,"eq 설정 추천",0,2,0.00,5.5
"https://studionol.co.kr/ko/stories/eq1#step-3-%EC%A1%B4%EC%9E%AC%EA%B0%90-%EA%B0%95%EC%A1%B0-25khz",eq1,"eq 설정법",0,4,0.00,6.0
"https://studionol.co.kr/ko/stories/eq1#step-3-%EC%A1%B4%EC%9E%AC%EA%B0%90-%EA%B0%95%EC%A1%B0-25khz",eq1,"eq 세팅",0,3,0.00,4.0
"https://studionol.co.kr/ko/stories/eq1#step-3-%EC%A1%B4%EC%9E%AC%EA%B0%90-%EA%B0%95%EC%A1%B0-25khz",eq1,"eq 조절",0,1,0.00,6.0
"https://studionol.co.kr/ko/stories/eq1#step-3-%EC%A1%B4%EC%9E%AC%EA%B0%90-%EA%B0%95%EC%A1%B0-25khz",eq1,"남자 보컬 eq",0,3,0.00,4.7
"https://studionol.co.kr/ko/stories/eq1#step-3-%EC%A1%B4%EC%9E%AC%EA%B0%90-%EA%B0%95%EC%A1%B0-25khz",eq1,"보컬 eq",0,11,0.00,2.6
"https://studionol.co.kr/ko/stories/eq1#step-3-%EC%A1%B4%EC%9E%AC%EA%B0%90-%EA%B0%95%EC%A1%B0-25khz",eq1,"보컬 eq 세팅",0,7,0.00,2.7
"https://studionol.co.kr/ko/stories/eq1#step-3-%EC%A1%B4%EC%9E%AC%EA%B0%90-%EA%B0%95%EC%A1%B0-25khz",eq1,"보컬 eq 추천",0,3,0.00,5.3
"https://studionol.co.kr/ko/stories/eq1#step-3-%EC%A1%B4%EC%9E%AC%EA%B0%90-%EA%B0%95%EC%A1%B0-25khz",eq1,"여자 보컬 eq",0,5,0.00,10.0
"https://studionol.co.kr/ko/stories/eq1#step-3-%EC%A1%B4%EC%9E%AC%EA%B0%90-%EA%B0%95%EC%A1%B0-25khz",eq1,"이퀄라이저 설정 값 추천",0,1,0.00,9.0
"https://studionol.co.kr/ko/stories/eq1#step-4-%EA%B3%B5%EA%B8%B0%EA%B0%90-%EC%B6%94%EA%B0%80-1016khz",eq1,"eq 설정",0,3,0.00,4.0
"https://studionol.co.kr/ko/stories/eq1#step-4-%EA%B3%B5%EA%B8%B0%EA%B0%90-%EC%B6%94%EA%B0%80-1016khz",eq1,"eq 설정 값 추천",0,1,0.00,4.0
"https://studionol.co.kr/ko/stories/eq1#step-4-%EA%B3%B5%EA%B8%B0%EA%B0%90-%EC%B6%94%EA%B0%80-1016khz",eq1,"eq 설정 추천",0,2,0.00,5.5
"https://studionol.co.kr/ko/stories/eq1#step-4-%EA%B3%B5%EA%B8%B0%EA%B0%90-%EC%B6%94%EA%B0%80-1016khz",eq1,"eq 설정법",0,4,0.00,6.0
"https://studionol.co.kr/ko/stories/eq1#step-4-%EA%B3%B5%EA%B8%B0%EA%B0%90-%EC%B6%94%EA%B0%80-1016khz",eq1,"eq 세팅",0,3,0.00,4.0
"https://studionol.co.kr/ko/stories/eq1#step-4-%EA%B3%B5%EA%B8%B0%EA%B0%90-%EC%B6%94%EA%B0%80-1016khz",eq1,"eq 조절",0,1,0.00,6.0
"https://studionol.co.kr/ko/stories/eq1#step-4-%EA%B3%B5%EA%B8%B0%EA%B0%90-%EC%B6%94%EA%B0%80-1016khz",eq1,"남자 보컬 eq",0,3,0.00,4.7
"https://studionol.co.kr/ko/stories/eq1#step-4-%EA%B3%B5%EA%B8%B0%EA%B0%90-%EC%B6%94%EA%B0%80-1016khz",eq1,"보컬 eq",0,11,0.00,2.6
"https://studionol.co.kr/ko/stories/eq1#step-4-%EA%B3%B5%EA%B8%B0%EA%B0%90-%EC%B6%94%EA%B0%80-1016khz",eq1,"보컬 eq 세팅",0,7,0.00,2.7
"https://studionol.co.kr/ko/stories/eq1#step-4-%EA%B3%B5%EA%B8%B0%EA%B0%90-%EC%B6%94%EA%B0%80-1016khz",eq1,"보컬 eq 추천",0,3,0.00,5.3
"https://studionol.co.kr/ko/stories/eq1#step-4-%EA%B3%B5%EA%B8%B0%EA%B0%90-%EC%B6%94%EA%B0%80-1016khz",eq1,"여자 보컬 eq",0,5,0.00,10.0
"https://studionol.co.kr/ko/stories/eq1#step-4-%EA%B3%B5%EA%B8%B0%EA%B0%90-%EC%B6%94%EA%B0%80-1016khz",eq1,"이퀄라이저 설정 값 추천",0,1,0.00,9.0
"https://studionol.co.kr/ko/stories/fabfilter1",fabfilter1,"eq pro 3",0,1,0.00,2.0
"https://studionol.co.kr/ko/stories/fabfilter1",fabfilter1,"eq pro q3",0,1,0.00,5.0
"https://studionol.co.kr/ko/stories/fabfilter1",fabfilter1,"fab filter pro 3",0,1,0.00,10.0
"https://studionol.co.kr/ko/stories/fabfilter1",fabfilter1,"fab filter pro q3",0,2,0.00,6.5
"https://studionol.co.kr/ko/stories/fabfilter1",fabfilter1,"fab filter q3",0,1,0.00,9.0
"https://studionol.co.kr/ko/stories/fabfilter1",fabfilter1,"fabfilter - pro-q 3",0,2,0.00,10.0
"https://studionol.co.kr/ko/stories/fabfilter1",fabfilter1,"fabfilter c4",0,1,0.00,10.0
"https://studionol.co.kr/ko/stories/fabfilter1",fabfilter1,"fabfilter dynamic eq",0,1,0.00,10.0
"https://studionol.co.kr/ko/stories/fabfilter1",fabfilter1,"fabfilter eq",0,1,0.00,5.0
"https://studionol.co.kr/ko/stories/fabfilter1",fabfilter1,"fabfilter pro 3",0,1,0.00,7.0
"https://studionol.co.kr/ko/stories/fabfilter1",fabfilter1,"fabfilter pro q 3",0,4,0.00,9.5
"https://studionol.co.kr/ko/stories/fabfilter1",fabfilter1,"fabfilter pro q3 manual",0,1,0.00,7.0
"https://studionol.co.kr/ko/stories/fabfilter1",fabfilter1,"fabfilter pro-q 3",0,13,0.00,8.2
"https://studionol.co.kr/ko/stories/fabfilter1",fabfilter1,"fabfilter pro-q 3 eq",0,1,0.00,4.0
"https://studionol.co.kr/ko/stories/fabfilter1",fabfilter1,"fabfilter pro-q3",0,41,0.00,7.6
"https://studionol.co.kr/ko/stories/fabfilter1",fabfilter1,"fabfilter proq3",0,1,0.00,5.0
"https://studionol.co.kr/ko/stories/fabfilter1",fabfilter1,"fabfilter q3",0,6,0.00,10.0
"https://studionol.co.kr/ko/stories/fabfilter1",fabfilter1,"pro q 3",0,15,0.00,6.7
"https://studionol.co.kr/ko/stories/fabfilter1",fabfilter1,"pro q-3",0,2,0.00,7.0
"https://studionol.co.kr/ko/stories/fabfilter1",fabfilter1,"pro q3 fabfilter",0,3,0.00,4.7
"https://studionol.co.kr/ko/stories/fabfilter1",fabfilter1,"pro q3 vst",0,1,0.00,5.0
"https://studionol.co.kr/ko/stories/fabfilter1",fabfilter1,"pro-q 3",0,9,0.00,7.2
"https://studionol.co.kr/ko/stories/fabfilter1",fabfilter1,"proq3 plugin",0,2,0.00,2.0
"https://studionol.co.kr/ko/stories/fabfilter1",fabfilter1,"q3 eq",0,4,0.00,5.0
"https://studionol.co.kr/ko/stories/fabfilter1",fabfilter1,"보컬",0,1,0.00,5.0
"https://studionol.co.kr/ko/stories/falsetto1",falsetto1,"""가성비 뛰어난 저렴한 촌집"" ""남해군 미조면""",0,1,0.00,11.0
"https://studionol.co.kr/ko/stories/falsetto1",falsetto1,"falsetto",0,3,0.00,14.3
"https://studionol.co.kr/ko/stories/falsetto1",falsetto1,"falsetto 뜻",0,95,0.00,5.9
"https://studionol.co.kr/ko/stories/falsetto1",falsetto1,"falsetto 창법",0,1,0.00,1.0
"https://studionol.co.kr/ko/stories/falsetto1",falsetto1,"falsettp",0,1,0.00,1.0
"https://studionol.co.kr/ko/stories/falsetto1",falsetto1,"site:kocca.kr ""가성비 구독과 숏폼 일상화""",0,1,0.00,1.0
"https://studionol.co.kr/ko/stories/falsetto1",falsetto1,"site:studionol.co.kr",0,1,0.00,40.0
"https://studionol.co.kr/ko/stories/falsetto1",falsetto1,"vocal",0,1,0.00,3.0
"https://studionol.co.kr/ko/stories/falsetto1",falsetto1,"가성비 뜻",0,3,0.00,9.3
"https://studionol.co.kr/ko/stories/falsetto1",falsetto1,"가성비 뜻 어원",0,2,0.00,9.5
"https://studionol.co.kr/ko/stories/falsetto1",falsetto1,"가성비 뜻 어원 의미",0,1,0.00,10.0
"https://studionol.co.kr/ko/stories/falsetto1",falsetto1,"가성비 맛집",0,4,0.00,6.0
"https://studionol.co.kr/ko/stories/falsetto1",falsetto1,"가성비 무선청소기 추천 2026",0,1,0.00,11.0
"https://studionol.co.kr/ko/stories/falsetto1",falsetto1,"가성비 백반",0,1,0.00,12.0
"https://studionol.co.kr/ko/stories/falsetto1",falsetto1,"가성비 숙소",0,1,0.00,11.0
"https://studionol.co.kr/ko/stories/falsetto1",falsetto1,"가성비 식당",0,1,0.00,12.0
"https://studionol.co.kr/ko/stories/falsetto1",falsetto1,"가성비 좋은 접이식 미드모터 전기자전거 추천 한국 2025",0,1,0.00,10.0
"https://studionol.co.kr/ko/stories/falsetto1",falsetto1,"가성비 호텔",0,1,0.00,10.0
"https://studionol.co.kr/ko/stories/falsetto1",falsetto1,"가성 내는법",0,2,0.00,10.0
"https://studionol.co.kr/ko/stories/falsetto1",falsetto1,"가성 두성",0,18,0.00,8.1
"https://studionol.co.kr/ko/stories/falsetto1",falsetto1,"가성 두성 차이",0,49,0.00,7.3
"https://studionol.co.kr/ko/stories/falsetto1",falsetto1,"가성 뜻",0,107,0.00,6.4
"https://studionol.co.kr/ko/stories/falsetto1",falsetto1,"가성 안나옴",0,1,0.00,3.0
"https://studionol.co.kr/ko/stories/falsetto1",falsetto1,"가성 영어로",0,6,0.00,12.5
"https://studionol.co.kr/ko/stories/falsetto1",falsetto1,"가성 진성",0,2,0.00,4.0
"https://studionol.co.kr/ko/stories/falsetto1",falsetto1,"가성 진성 구별",0,1,0.00,10.0
"https://studionol.co.kr/ko/stories/falsetto1",falsetto1,"가성 진성 뜻",0,9,0.00,11.0
"https://studionol.co.kr/ko/stories/falsetto1",falsetto1,"가성내는법",0,1,0.00,1.0
"https://studionol.co.kr/ko/stories/falsetto1",falsetto1,"가성대",0,1,0.00,29.0
"https://studionol.co.kr/ko/stories/falsetto1",falsetto1,"가성뜻",0,15,0.00,6.4
"https://studionol.co.kr/ko/stories/falsetto1",falsetto1,"가성비",0,1,0.00,9.0
"https://studionol.co.kr/ko/stories/falsetto1",falsetto1,"가성비 pc",0,2,0.00,11.5
"https://studionol.co.kr/ko/stories/falsetto1",falsetto1,"가성비 게이밍 컴퓨터",0,1,0.00,11.0
"https://studionol.co.kr/ko/stories/falsetto1",falsetto1,"가성비 게임패드",0,1,0.00,10.0
"https://studionol.co.kr/ko/stories/falsetto1",falsetto1,"가성비 고데기 추천",0,1,0.00,11.0
"https://studionol.co.kr/ko/stories/falsetto1",falsetto1,"가성비 닭가슴살",0,1,0.00,10.0
"https://studionol.co.kr/ko/stories/falsetto1",falsetto1,"가성비 래피드 트리거",0,1,0.00,12.0
"https://studionol.co.kr/ko/stories/falsetto1",falsetto1,"가성비 매트리스",0,1,0.00,10.0
"https://studionol.co.kr/ko/stories/falsetto1",falsetto1,"가성비 무선 이어폰 추천 2026",0,1,0.00,10.0
"https://studionol.co.kr/ko/stories/falsetto1",falsetto1,"가성비 비교",0,2,0.00,10.0
"https://studionol.co.kr/ko/stories/falsetto1",falsetto1,"가성비 빔프로젝터 추천",0,1,0.00,9.0
"https://studionol.co.kr/ko/stories/falsetto1",falsetto1,"가성비 스피커 추천",0,1,0.00,12.0
"https://studionol.co.kr/ko/stories/falsetto1",falsetto1,"가성비 시계",0,1,0.00,10.0
"https://studionol.co.kr/ko/stories/falsetto1",falsetto1,"가성비 옷가게",0,1,0.00,11.0
"https://studionol.co.kr/ko/stories/falsetto1",falsetto1,"가성비 음식 추천",0,1,0.00,12.0
"https://studionol.co.kr/ko/stories/falsetto1",falsetto1,"가성비 이어폰 추천",0,2,0.00,12.0
"https://studionol.co.kr/ko/stories/falsetto1",falsetto1,"가성비 좋은",0,1,0.00,6.0
"https://studionol.co.kr/ko/stories/falsetto1",falsetto1,"가성비 좋은 가열담배 기기 뭐야?",0,1,0.00,10.0
"https://studionol.co.kr/ko/stories/falsetto1",falsetto1,"가성비 좋은 맛집",0,1,0.00,8.0
"https://studionol.co.kr/ko/stories/falsetto1",falsetto1,"가성비 좋은 뷔페",0,1,0.00,10.0
"https://studionol.co.kr/ko/stories/falsetto1",falsetto1,"가성비 좋은 임플란트 서울바른플란트치과",0,1,0.00,12.0
"https://studionol.co.kr/ko/stories/falsetto1",falsetto1,"가성비 좋은 전자레인지 추천해줘",0,1,0.00,10.0
"https://studionol.co.kr/ko/stories/falsetto1",falsetto1,"가성비 좋은 제품 추천",0,1,0.00,9.0
"https://studionol.co.kr/ko/stories/falsetto1",falsetto1,"가성비 좋은 청소기 추천",0,2,0.00,11.0
"https://studionol.co.kr/ko/stories/falsetto1",falsetto1,"가성비 좋은 치킨 추천",0,1,0.00,1.0
"https://studionol.co.kr/ko/stories/falsetto1",falsetto1,"가성비 좋은 치킨 추천 2026",0,1,0.00,10.0
"https://studionol.co.kr/ko/stories/falsetto1",falsetto1,"가성비 좋은 피로회복 영양제 성분이 어떤 건가요?",0,1,0.00,12.0
"https://studionol.co.kr/ko/stories/falsetto1",falsetto1,"가성비 침대 프레임",0,1,0.00,10.0
"https://studionol.co.kr/ko/stories/falsetto1",falsetto1,"가성비 캐리어 추천",0,1,0.00,1.0
"https://studionol.co.kr/ko/stories/falsetto1",falsetto1,"가성비 컴퓨터",0,1,0.00,11.0
"https://studionol.co.kr/ko/stories/falsetto1",falsetto1,"가성비 탈모앰플 효과는",0,2,0.00,10.0
"https://studionol.co.kr/ko/stories/falsetto1",falsetto1,"가성비 향수 추천",0,1,0.00,10.0
"https://studionol.co.kr/ko/stories/falsetto1",falsetto1,"가성비 헤드셋 추천",0,1,0.00,11.0
"https://studionol.co.kr/ko/stories/falsetto1",falsetto1,"가성비 호텔",0,1,0.00,1.0
"https://studionol.co.kr/ko/stories/falsetto1",falsetto1,"가성비 호텔 예약 방법",0,2,0.00,11.0
"https://studionol.co.kr/ko/stories/falsetto1",falsetto1,"가성비 화장품 추천",0,1,0.00,10.0
"https://studionol.co.kr/ko/stories/falsetto1",falsetto1,"가성비노트북",0,1,0.00,10.0
"https://studionol.co.kr/ko/stories/falsetto1",falsetto1,"가성비스마트폰",0,1,0.00,1.0
"https://studionol.co.kr/ko/stories/falsetto1",falsetto1,"가성비중고차",0,1,0.00,11.0
"https://studionol.co.kr/ko/stories/falsetto1",falsetto1,"가성비태블릿",0,1,0.00,11.0
"https://studionol.co.kr/ko/stories/falsetto1",falsetto1,"가성비탭",0,2,0.00,11.0
"https://studionol.co.kr/ko/stories/falsetto1",falsetto1,"가성비폰",0,1,0.00,11.0
"https://studionol.co.kr/ko/stories/falsetto1",falsetto1,"가성비향수",0,1,0.00,10.0
"https://studionol.co.kr/ko/stories/falsetto1",falsetto1,"가성비헤드셋 추천",0,1,0.00,10.0
"https://studionol.co.kr/ko/stories/falsetto1",falsetto1,"가성비호텔",0,1,0.00,11.0
"https://studionol.co.kr/ko/stories/falsetto1",falsetto1,"가성에서 진성으로 바꾸는 법",0,4,0.00,8.5
"https://studionol.co.kr/ko/stories/falsetto1",falsetto1,"가성이란",0,20,0.00,7.5
"https://studionol.co.kr/ko/stories/falsetto1",falsetto1,"가성포경 뜻",0,1,0.00,11.0
"https://studionol.co.kr/ko/stories/falsetto1",falsetto1,"고음",0,1,0.00,2.0
"https://studionol.co.kr/ko/stories/falsetto1",falsetto1,"고음 내는법",0,1,0.00,1.0
"https://studionol.co.kr/ko/stories/falsetto1",falsetto1,"고음 연습",0,1,0.00,2.0
"https://studionol.co.kr/ko/stories/falsetto1",falsetto1,"고음 올리는법",0,1,0.00,3.0
"https://studionol.co.kr/ko/stories/falsetto1",falsetto1,"남자 가성",0,1,0.00,31.0
"https://studionol.co.kr/ko/stories/falsetto1",falsetto1,"남자 가성 노래",0,6,0.00,1.5
"https://studionol.co.kr/ko/stories/falsetto1",falsetto1,"두성",0,7,0.00,2.4
"https://studionol.co.kr/ko/stories/falsetto1",falsetto1,"두성 가성",0,16,0.00,6.8
"https://studionol.co.kr/ko/stories/falsetto1",falsetto1,"두성 가성 차이",0,44,0.00,8.0
"https://studionol.co.kr/ko/stories/falsetto1",falsetto1,"두성 내는법",0,7,0.00,1.0
"https://studionol.co.kr/ko/stories/falsetto1",falsetto1,"두성 뜻",0,24,0.00,7.1
"https://studionol.co.kr/ko/stories/falsetto1",falsetto1,"두성 쓰는법",0,1,0.00,2.0
"https://studionol.co.kr/ko/stories/falsetto1",falsetto1,"두성 연습법",0,1,0.00,1.0
"https://studionol.co.kr/ko/stories/falsetto1",falsetto1,"두성 진성 차이",0,5,0.00,10.0
"https://studionol.co.kr/ko/stories/falsetto1",falsetto1,"두성쓰는법",0,1,0.00,2.0
"https://studionol.co.kr/ko/stories/falsetto1",falsetto1,"믹스보이스 가성 차이",0,7,0.00,13.0
"https://studionol.co.kr/ko/stories/falsetto1",falsetto1,"믹스보이스 두성 차이",0,2,0.00,15.0
"https://studionol.co.kr/ko/stories/falsetto1",falsetto1,"보컬",0,2,0.00,14.5
"https://studionol.co.kr/ko/stories/falsetto1",falsetto1,"성구전환 뜻",0,1,0.00,19.0
"https://studionol.co.kr/ko/stories/falsetto1",falsetto1,"어떻게 하는거야?",0,1,0.00,1.0
"https://studionol.co.kr/ko/stories/falsetto1",falsetto1,"여목 내는법",0,2,0.00,2.5
"https://studionol.co.kr/ko/stories/falsetto1",falsetto1,"여자 목소리 내는법",0,1,0.00,1.0
"https://studionol.co.kr/ko/stories/falsetto1",falsetto1,"여자목소리 내는법",0,1,0.00,1.0
"https://studionol.co.kr/ko/stories/falsetto1",falsetto1,"진성",0,2,0.00,2.5
"https://studionol.co.kr/ko/stories/falsetto1",falsetto1,"진성 가성 영어로",0,1,0.00,1.0
"https://studionol.co.kr/ko/stories/falsetto1",falsetto1,"진성 가성 차이",0,2,0.00,21.0
"https://studionol.co.kr/ko/stories/falsetto1",falsetto1,"팔세토 창법",0,8,0.00,8.1
"https://studionol.co.kr/ko/stories/falsetto1",falsetto1,"팔세토 창법 가수",0,3,0.00,1.0
"https://studionol.co.kr/ko/stories/falsetto1",falsetto1,"흉성 뜻",0,1,0.00,6.0
"https://studionol.co.kr/ko/stories/falsetto1#%EA%B0%80%EC%84%B1-vs-%EB%91%90%EC%84%B1-%EC%B0%A8%EC%9D%B4",falsetto1,"가성 두성",0,1,0.00,6.0
"https://studionol.co.kr/ko/stories/falsetto1#%EA%B0%80%EC%84%B1-vs-%EB%91%90%EC%84%B1-%EC%B0%A8%EC%9D%B4",falsetto1,"가성 두성 차이",0,5,0.00,7.4
"https://studionol.co.kr/ko/stories/falsetto1#%EA%B0%80%EC%84%B1-vs-%EB%91%90%EC%84%B1-%EC%B0%A8%EC%9D%B4",falsetto1,"가성이란",0,9,0.00,8.1
"https://studionol.co.kr/ko/stories/falsetto1#%EA%B0%80%EC%84%B1-vs-%EB%91%90%EC%84%B1-%EC%B0%A8%EC%9D%B4",falsetto1,"두성 가성 차이",0,2,0.00,8.5
"https://studionol.co.kr/ko/stories/falsetto1#%EB%B0%9C%EC%84%B1-%EB%A0%88%EC%A7%80%EC%8A%A4%ED%84%B0-%EB%B9%84%EA%B5%90",falsetto1,"가성 두성 차이",0,4,0.00,6.8
"https://studionol.co.kr/ko/stories/falsetto1#%EB%B0%9C%EC%84%B1-%EB%A0%88%EC%A7%80%EC%8A%A4%ED%84%B0-%EB%B9%84%EA%B5%90",falsetto1,"가성이란",0,7,0.00,8.0
"https://studionol.co.kr/ko/stories/falsetto1#%EB%B0%9C%EC%84%B1-%EB%A0%88%EC%A7%80%EC%8A%A4%ED%84%B0-%EB%B9%84%EA%B5%90",falsetto1,"두성 가성 차이",0,2,0.00,8.5
"https://studionol.co.kr/ko/stories/falsetto1#%EC%A7%84%EC%84%B1%EA%B0%80%EC%84%B1%EB%91%90%EC%84%B1%EB%AF%B9%EC%8A%A4-%EB%B3%B4%EC%9D%B4%EC%8A%A4-%ED%95%9C%EB%B2%88%EC%97%90-%EC%A0%95%EB%A6%AC",falsetto1,"가성 두성",0,1,0.00,6.0
"https://studionol.co.kr/ko/stories/falsetto1#%EC%A7%84%EC%84%B1%EA%B0%80%EC%84%B1%EB%91%90%EC%84%B1%EB%AF%B9%EC%8A%A4-%EB%B3%B4%EC%9D%B4%EC%8A%A4-%ED%95%9C%EB%B2%88%EC%97%90-%EC%A0%95%EB%A6%AC",falsetto1,"가성 두성 차이",0,5,0.00,7.4
"https://studionol.co.kr/ko/stories/falsetto1#%EC%A7%84%EC%84%B1%EA%B0%80%EC%84%B1%EB%91%90%EC%84%B1%EB%AF%B9%EC%8A%A4-%EB%B3%B4%EC%9D%B4%EC%8A%A4-%ED%95%9C%EB%B2%88%EC%97%90-%EC%A0%95%EB%A6%AC",falsetto1,"가성이란",0,9,0.00,8.1
"https://studionol.co.kr/ko/stories/falsetto1#%EC%A7%84%EC%84%B1%EA%B0%80%EC%84%B1%EB%91%90%EC%84%B1%EB%AF%B9%EC%8A%A4-%EB%B3%B4%EC%9D%B4%EC%8A%A4-%ED%95%9C%EB%B2%88%EC%97%90-%EC%A0%95%EB%A6%AC",falsetto1,"두성 가성 차이",0,2,0.00,8.5
"https://studionol.co.kr/ko/stories/falsetto1#%ED%8C%94%EC%84%B8%ED%86%A0-%EB%9C%BB-%EA%B0%80%EC%84%B1%EA%B3%BC-%EB%91%90%EC%84%B1-%EC%82%AC%EC%9D%B4%EC%97%90%EC%84%9C-%ED%97%B7%EA%B0%88%EB%A6%AC%EB%8A%94-%EA%B3%A0%EC%9D%8C-%EB%B0%9C%EC%84%B1",falsetto1,"가성 두성",0,1,0.00,6.0
"https://studionol.co.kr/ko/stories/falsetto1#%ED%8C%94%EC%84%B8%ED%86%A0-%EB%9C%BB-%EA%B0%80%EC%84%B1%EA%B3%BC-%EB%91%90%EC%84%B1-%EC%82%AC%EC%9D%B4%EC%97%90%EC%84%9C-%ED%97%B7%EA%B0%88%EB%A6%AC%EB%8A%94-%EA%B3%A0%EC%9D%8C-%EB%B0%9C%EC%84%B1",falsetto1,"가성 두성 차이",0,4,0.00,6.8
"https://studionol.co.kr/ko/stories/falsetto1#%ED%8C%94%EC%84%B8%ED%86%A0-%EB%9C%BB-%EA%B0%80%EC%84%B1%EA%B3%BC-%EB%91%90%EC%84%B1-%EC%82%AC%EC%9D%B4%EC%97%90%EC%84%9C-%ED%97%B7%EA%B0%88%EB%A6%AC%EB%8A%94-%EA%B3%A0%EC%9D%8C-%EB%B0%9C%EC%84%B1",falsetto1,"가성이란",0,9,0.00,8.1
"https://studionol.co.kr/ko/stories/falsetto1#%ED%8C%94%EC%84%B8%ED%86%A0-%EB%9C%BB-%EA%B0%80%EC%84%B1%EA%B3%BC-%EB%91%90%EC%84%B1-%EC%82%AC%EC%9D%B4%EC%97%90%EC%84%9C-%ED%97%B7%EA%B0%88%EB%A6%AC%EB%8A%94-%EA%B3%A0%EC%9D%8C-%EB%B0%9C%EC%84%B1",falsetto1,"두성 가성 차이",0,2,0.00,8.5
"https://studionol.co.kr/ko/stories/falsetto1#1%EB%8B%A8%EA%B3%84-%EA%B0%80%EC%84%B1-%EC%B0%BE%EA%B8%B0",falsetto1,"가성 두성 차이",0,4,0.00,6.8
"https://studionol.co.kr/ko/stories/falsetto1#1%EB%8B%A8%EA%B3%84-%EA%B0%80%EC%84%B1-%EC%B0%BE%EA%B8%B0",falsetto1,"가성이란",0,7,0.00,8.0
"https://studionol.co.kr/ko/stories/falsetto1#1%EB%8B%A8%EA%B3%84-%EA%B0%80%EC%84%B1-%EC%B0%BE%EA%B8%B0",falsetto1,"두성 가성 차이",0,2,0.00,8.5
"https://studionol.co.kr/ko/stories/falsetto1#2%EB%8B%A8%EA%B3%84-%EA%B0%80%EC%84%B1-%EA%B0%95%ED%99%94-%EA%B0%80%EC%84%B1%EB%91%90%EC%84%B1%EC%9C%BC%EB%A1%9C-%EB%B0%9C%EC%A0%84",falsetto1,"가성 두성 차이",0,5,0.00,7.4
"https://studionol.co.kr/ko/stories/falsetto1#2%EB%8B%A8%EA%B3%84-%EA%B0%80%EC%84%B1-%EA%B0%95%ED%99%94-%EA%B0%80%EC%84%B1%EB%91%90%EC%84%B1%EC%9C%BC%EB%A1%9C-%EB%B0%9C%EC%A0%84",falsetto1,"가성이란",0,7,0.00,8.0
"https://studionol.co.kr/ko/stories/falsetto1#2%EB%8B%A8%EA%B3%84-%EA%B0%80%EC%84%B1-%EA%B0%95%ED%99%94-%EA%B0%80%EC%84%B1%EB%91%90%EC%84%B1%EC%9C%BC%EB%A1%9C-%EB%B0%9C%EC%A0%84",falsetto1,"두성 가성 차이",0,2,0.00,8.5
"https://studionol.co.kr/ko/stories/film-scoring1",film-scoring1,"ㅇ",0,1,0.00,2.0
"https://studionol.co.kr/ko/stories/flstudio1",flstudio1,"24비트 48000hz",0,1,0.00,17.0
"https://studionol.co.kr/ko/stories/flstudio1",flstudio1,"edm파일",0,1,0.00,12.0
"https://studionol.co.kr/ko/stories/flstudio1",flstudio1,"fl studio",0,1,0.00,2.0
"https://studionol.co.kr/ko/stories/flstudio1",flstudio1,"fl studio asio 드라이버",0,1,0.00,9.0
"https://studionol.co.kr/ko/stories/flstudio1",flstudio1,"fl studio 가격",0,3,0.00,1.0
"https://studionol.co.kr/ko/stories/folk1",folk1,"어쿠스틱 기타 녹음",0,1,0.00,51.0
"https://studionol.co.kr/ko/stories/folk1",folk1,"통기타 녹음",0,10,0.00,8.5
"https://studionol.co.kr/ko/stories/frequency-spectrum1",frequency-spectrum1,"eq 주파수 대역",0,4,0.00,7.3
"https://studionol.co.kr/ko/stories/frequency-spectrum1",frequency-spectrum1,"기타 주파수",0,5,0.00,8.6
"https://studionol.co.kr/ko/stories/frequency-spectrum1",frequency-spectrum1,"드럼 eq",0,1,0.00,2.0
"https://studionol.co.kr/ko/stories/frequency-spectrum1",frequency-spectrum1,"베이스 주파수",0,5,0.00,6.2
"https://studionol.co.kr/ko/stories/frequency-spectrum1",frequency-spectrum1,"보컬 믹싱",0,1,0.00,2.0
"https://studionol.co.kr/ko/stories/frequency-spectrum1",frequency-spectrum1,"보컬 주파수 대역",0,12,0.00,5.2
"https://studionol.co.kr/ko/stories/frequency-spectrum1",frequency-spectrum1,"사운드",0,1,0.00,1.0
"https://studionol.co.kr/ko/stories/frequency-spectrum1",frequency-spectrum1,"악기",0,1,0.00,1.0
"https://studionol.co.kr/ko/stories/frequency-spectrum1",frequency-spectrum1,"악기별 음역대",0,1,0.00,1.0
"https://studionol.co.kr/ko/stories/frequency-spectrum1",frequency-spectrum1,"치찰음 대역",0,1,0.00,1.0
"https://studionol.co.kr/ko/stories/frequency-spectrum1",frequency-spectrum1,"피아노",0,1,0.00,1.0
"https://studionol.co.kr/ko/stories/frequency-spectrum1",frequency-spectrum1,"피아노 음역",0,1,0.00,2.0
"https://studionol.co.kr/ko/stories/frequency-spectrum1#%EC%95%85%EA%B8%B0%EB%B3%84-%EC%A3%BC%EC%9A%94-%EC%A3%BC%ED%8C%8C%EC%88%98",frequency-spectrum1,"베이스 주파수",0,2,0.00,9.5
"https://studionol.co.kr/ko/stories/frequency-spectrum1#%EC%95%85%EA%B8%B0%EB%B3%84-%EC%A3%BC%EC%9A%94-%EC%A3%BC%ED%8C%8C%EC%88%98",frequency-spectrum1,"악기별 주파수 대역",0,18,0.00,5.7
"https://studionol.co.kr/ko/stories/frequency-spectrum1#%EC%A3%BC%ED%8C%8C%EC%88%98-%EB%8C%80%EC%97%AD-%EA%B5%AC%EB%B6%84",frequency-spectrum1,"베이스 주파수",0,2,0.00,9.5
"https://studionol.co.kr/ko/stories/frequency-spectrum1#%EC%A3%BC%ED%8C%8C%EC%88%98-%EB%8C%80%EC%97%AD-%EA%B5%AC%EB%B6%84",frequency-spectrum1,"악기별 주파수 대역",0,18,0.00,5.7
"https://studionol.co.kr/ko/stories/frequency-spectrum1#%EC%A3%BC%ED%8C%8C%EC%88%98-%EB%A7%88%EC%8A%A4%ED%82%B9-%ED%95%B4%EA%B2%B0%EB%B2%95",frequency-spectrum1,"베이스 주파수",0,2,0.00,9.5
"https://studionol.co.kr/ko/stories/frequency-spectrum1#%EC%A3%BC%ED%8C%8C%EC%88%98-%EB%A7%88%EC%8A%A4%ED%82%B9-%ED%95%B4%EA%B2%B0%EB%B2%95",frequency-spectrum1,"악기별 주파수 대역",0,18,0.00,5.7
"https://studionol.co.kr/ko/stories/frequency-spectrum1#%EC%A3%BC%ED%8C%8C%EC%88%98-%EC%8A%A4%ED%8E%99%ED%8A%B8%EB%9F%BC-eq-%EC%9E%91%EC%97%85%EC%9D%98-%EA%B8%B0%EC%B4%88",frequency-spectrum1,"베이스 주파수",0,1,0.00,11.0
"https://studionol.co.kr/ko/stories/frequency-spectrum1#%EC%A3%BC%ED%8C%8C%EC%88%98-%EC%8A%A4%ED%8E%99%ED%8A%B8%EB%9F%BC-eq-%EC%9E%91%EC%97%85%EC%9D%98-%EA%B8%B0%EC%B4%88",frequency-spectrum1,"악기별 주파수 대역",0,6,0.00,5.3
"https://studionol.co.kr/ko/stories/funk-music1",funk-music1,"funk 만들기",0,1,0.00,4.0
"https://studionol.co.kr/ko/stories/funk-music1",funk-music1,"펑크 만드는법",0,9,0.00,9.4
"https://studionol.co.kr/ko/stories/funk-music1",funk-music1,"펑크 만들기",0,3,0.00,8.3
"https://studionol.co.kr/ko/stories/gain-staging1",gain-staging1,"at2020",0,1,0.00,12.0
"https://studionol.co.kr/ko/stories/gain-staging1",gain-staging1,"site:studionol.co.kr",0,2,0.00,152.5
"https://studionol.co.kr/ko/stories/gain-staging1",gain-staging1,"게인 스테이징",0,5,0.00,16.2
"https://studionol.co.kr/ko/stories/gain-staging1",gain-staging1,"게인스테이징",0,2,0.00,16.0
"https://studionol.co.kr/ko/stories/game-music1",game-music1,"게임 bgm 제작",0,10,0.00,9.1
"https://studionol.co.kr/ko/stories/game-music1",game-music1,"게임 사운드 제작",0,1,0.00,13.0
"https://studionol.co.kr/ko/stories/gangwon1",gangwon1,"site:studionol.co.kr",0,2,0.00,7.0
"https://studionol.co.kr/ko/stories/genre-choice1",genre-choice1,"내 목소리에 맞는 노래 찾기",0,9,0.00,5.6
"https://studionol.co.kr/ko/stories/genre-choice1",genre-choice1,"내 음색 찾기",0,2,0.00,4.0
"https://studionol.co.kr/ko/stories/genre-choice1",genre-choice1,"노래 장르",0,2,0.00,7.0
"https://studionol.co.kr/ko/stories/genre-choice1",genre-choice1,"노래 장르 찾기",0,4,0.00,14.8
"https://studionol.co.kr/ko/stories/genre-choice1",genre-choice1,"노래 장르 추천",0,6,0.00,7.2
"https://studionol.co.kr/ko/stories/genre-choice1",genre-choice1,"음악 장르 추천",0,6,0.00,9.0
"https://studionol.co.kr/ko/stories/gift1",gift1,"음악 음원 제작 프리랜서",0,2,0.00,22.5
"https://studionol.co.kr/ko/stories/global-release1",global-release1,"3번",0,1,0.00,7.0
"https://studionol.co.kr/ko/stories/glossary1",glossary1,"full scale 뜻",0,1,0.00,1.0
"https://studionol.co.kr/ko/stories/glossary1",glossary1,"녹음실 영어로",0,2,0.00,12.0
"https://studionol.co.kr/ko/stories/glossary1",glossary1,"레코딩 뜻",0,1,0.00,39.0
"https://studionol.co.kr/ko/stories/glossary1",glossary1,"사운드엔지니어",0,1,0.00,1.0
"https://studionol.co.kr/ko/stories/glossary1",glossary1,"요약",0,1,0.00,2.0
"https://studionol.co.kr/ko/stories/glossary1",glossary1,"음악",0,1,0.00,2.0
"https://studionol.co.kr/ko/stories/glossary1",glossary1,"음향 엔지니어",0,2,0.00,1.0
"https://studionol.co.kr/ko/stories/gugak-recording1",gugak-recording1,"가야금 마이킹",0,10,0.00,7.0
"https://studionol.co.kr/ko/stories/gugak-recording1",gugak-recording1,"국악 vst",0,1,0.00,7.0
"https://studionol.co.kr/ko/stories/gugak-recording1",gugak-recording1,"마이킹",0,1,0.00,8.0
"https://studionol.co.kr/ko/stories/gugak-recording1#%EA%B5%AD%EC%95%85-%EB%A0%88%EC%BD%94%EB%94%A9-%EC%A0%84%ED%86%B5%EC%9D%98-%EC%86%8C%EB%A6%AC%EB%A5%BC-%ED%98%84%EB%8C%80-%EC%9D%8C%EC%9B%90%EC%9C%BC%EB%A1%9C",gugak-recording1,"가야금 마이킹",0,2,0.00,8.0
"https://studionol.co.kr/ko/stories/gugak-recording1#%EA%B5%AD%EC%95%85-%EC%9D%8C%EC%9B%90-%EC%A0%9C%EC%9E%91-%EC%88%9C%EC%84%9C",gugak-recording1,"가야금 마이킹",0,2,0.00,8.0
"https://studionol.co.kr/ko/stories/gugak-recording1#%EC%A3%BC%EC%9A%94-%EA%B5%AD%EC%95%85-%EC%95%85%EA%B8%B0-%EB%A7%88%EC%9D%B4%ED%82%B9-%EA%B8%B0%EB%B3%B8",gugak-recording1,"가야금 마이킹",0,2,0.00,8.0
"https://studionol.co.kr/ko/stories/gugak-recording1#%ED%8C%90%EC%86%8C%EB%A6%AC-%EB%85%B9%EC%9D%8C-%ED%8A%B9%EC%88%98-%EA%B3%A0%EB%A0%A4%EC%82%AC%ED%95%AD",gugak-recording1,"가야금 마이킹",0,1,0.00,8.0
"https://studionol.co.kr/ko/stories/guide1",guide1,"스튜디오 놀",0,1,0.00,1.0
"https://studionol.co.kr/ko/stories/guide1",guide1,"큐시트 음향 큐 실제 실행 순서",0,6,0.00,53.5
"https://studionol.co.kr/ko/stories/guitar-mixing1",guitar-mixing1,"site:studionol.co.kr",0,1,0.00,139.0
"https://studionol.co.kr/ko/stories/guitar-mixing1",guitar-mixing1,"기타 eq",0,15,0.00,7.1
"https://studionol.co.kr/ko/stories/guitar-mixing1",guitar-mixing1,"기타 설정",0,4,0.00,9.0
"https://studionol.co.kr/ko/stories/guitar-mixing1",guitar-mixing1,"일렉기타 세팅",0,1,0.00,24.0
"https://studionol.co.kr/ko/stories/guitar-recording1",guitar-recording1,"기타 녹음",0,2,0.00,17.5
"https://studionol.co.kr/ko/stories/guitar-recording1",guitar-recording1,"어쿠스틱 기타 녹음",0,3,0.00,17.0
"https://studionol.co.kr/ko/stories/guitar1",guitar1,"기타 녹음",0,3,0.00,8.7
"https://studionol.co.kr/ko/stories/guitar1",guitar1,"어쿠스틱 기타 녹음",0,3,0.00,15.0
"https://studionol.co.kr/ko/stories/guitar1",guitar1,"일렉기타 녹음",0,2,0.00,13.5
"https://studionol.co.kr/ko/stories/gwangjin1",gwangjin1,"녹음실 스튜디오",0,1,0.00,11.0
"https://studionol.co.kr/ko/stories/gwangju-gyeonggi1",gwangju-gyeonggi1,"아니 지하철",0,1,0.00,1.0
"https://studionol.co.kr/ko/stories/gwangyang1",gwangyang1,"서울 광양 ktx",0,2,0.00,7.5
"https://studionol.co.kr/ko/stories/gyeonggi1",gyeonggi1,"분당이야",0,1,0.00,1.0
"https://studionol.co.kr/ko/stories/gyeongnam1",gyeongnam1,"site:studionol.co.kr",0,1,0.00,16.0
"https://studionol.co.kr/ko/stories/gyeongsan1",gyeongsan1,"서울 경산 ktx",0,4,0.00,29.0
"https://studionol.co.kr/ko/stories/haeundae1",haeundae1,"부산역 센텀시티역 지하철 소요시간",0,1,0.00,12.0
"https://studionol.co.kr/ko/stories/hanam1",hanam1,"hanam1",0,1,0.00,10.0
"https://studionol.co.kr/ko/stories/hapjeong1",hapjeong1,"합정 스튜디오",0,1,0.00,18.0
"https://studionol.co.kr/ko/stories/harmony1",harmony1,"3도 화음 쌓는 법",0,17,0.00,10.3
"https://studionol.co.kr/ko/stories/harmony1",harmony1,"site:studionol.co.kr",0,2,0.00,52.0
"https://studionol.co.kr/ko/stories/harmony1",harmony1,"더블링 뜻",0,1,0.00,3.0
"https://studionol.co.kr/ko/stories/harmony1",harmony1,"더블링 코러스 차이",0,1,0.00,21.0
"https://studionol.co.kr/ko/stories/harmony1",harmony1,"보컬 화음",0,2,0.00,7.5
"https://studionol.co.kr/ko/stories/harmony1",harmony1,"보컬 화음 넣는 법",0,1,0.00,3.0
"https://studionol.co.kr/ko/stories/harmony1",harmony1,"화음 넣는 법",0,1,0.00,25.0
"https://studionol.co.kr/ko/stories/harmony1",harmony1,"화음 쌓는 법",0,9,0.00,8.1
"https://studionol.co.kr/ko/stories/harmony1",harmony1,"화음 쌓는법",0,20,0.00,8.2
"https://studionol.co.kr/ko/stories/harmony1",harmony1,"화음가이드",0,2,0.00,10.0
"https://studionol.co.kr/ko/stories/headphone-mixing1",headphone-mixing1,"isone pro",0,1,0.00,4.0
"https://studionol.co.kr/ko/stories/headphone1",headphone1,"녹음용 헤드셋",0,1,0.00,10.0
"https://studionol.co.kr/ko/stories/headphone1",headphone1,"녹음용 헤드폰",0,8,0.00,7.6
"https://studionol.co.kr/ko/stories/headvoice1",headvoice1,"entjd",0,4,0.00,2.8
"https://studionol.co.kr/ko/stories/headvoice1",headvoice1,"voice뜻",0,2,0.00,2.0
"https://studionol.co.kr/ko/stories/headvoice1",headvoice1,"가성 두성 차이",0,19,0.00,10.6
"https://studionol.co.kr/ko/stories/headvoice1",headvoice1,"가성 뜻",0,121,0.00,8.2
"https://studionol.co.kr/ko/stories/headvoice1",headvoice1,"가성 진성",0,1,0.00,7.0
"https://studionol.co.kr/ko/stories/headvoice1",headvoice1,"가성뜻",0,16,0.00,8.8
"https://studionol.co.kr/ko/stories/headvoice1",headvoice1,"가성이란",0,1,0.00,9.0
"https://studionol.co.kr/ko/stories/headvoice1",headvoice1,"고음",0,1,0.00,2.0
"https://studionol.co.kr/ko/stories/headvoice1",headvoice1,"고음 잘 내는법 남자",0,1,0.00,1.0
"https://studionol.co.kr/ko/stories/headvoice1",headvoice1,"공명감 뜻",0,1,0.00,8.0
"https://studionol.co.kr/ko/stories/headvoice1",headvoice1,"높은 음",0,1,0.00,2.0
"https://studionol.co.kr/ko/stories/headvoice1",headvoice1,"두성 발성 방법",0,3,0.00,3.0
"https://studionol.co.kr/ko/stories/headvoice1",headvoice1,"두성 발성법",0,7,0.00,4.4
"https://studionol.co.kr/ko/stories/headvoice1",headvoice1,"두성 쓰는 법",0,26,0.00,6.3
"https://studionol.co.kr/ko/stories/headvoice1",headvoice1,"두성 쓰는법",0,117,0.00,7.4
"https://studionol.co.kr/ko/stories/headvoice1",headvoice1,"두성 연습법",0,4,0.00,7.8
"https://studionol.co.kr/ko/stories/headvoice1",headvoice1,"두성 영어로",0,1,0.00,1.0
"https://studionol.co.kr/ko/stories/headvoice1",headvoice1,"두성 원리",0,6,0.00,5.3
"https://studionol.co.kr/ko/stories/headvoice1",headvoice1,"두성 확인법 디시",0,2,0.00,8.0
"https://studionol.co.kr/ko/stories/headvoice1",headvoice1,"두성 흉성",0,4,0.00,13.8
"https://studionol.co.kr/ko/stories/headvoice1",headvoice1,"두성쓰는법",0,39,0.00,7.5
"https://studionol.co.kr/ko/stories/headvoice1",headvoice1,"두성이란",0,3,0.00,9.3
"https://studionol.co.kr/ko/stories/headvoice1",headvoice1,"믹스보이스 가성 차이",0,5,0.00,9.8
"https://studionol.co.kr/ko/stories/headvoice1",headvoice1,"믹스보이스 두성 차이",0,13,0.00,9.9
"https://studionol.co.kr/ko/stories/headvoice1",headvoice1,"믹스보이스 뜻",0,2,0.00,9.5
"https://studionol.co.kr/ko/stories/headvoice1",headvoice1,"발성",0,1,0.00,1.0
"https://studionol.co.kr/ko/stories/headvoice1",headvoice1,"발성 뜻",0,27,0.00,8.3
"https://studionol.co.kr/ko/stories/headvoice1",headvoice1,"발성법",0,1,0.00,17.0
"https://studionol.co.kr/ko/stories/headvoice1",headvoice1,"발성법 종류",0,2,0.00,20.5
"https://studionol.co.kr/ko/stories/headvoice1",headvoice1,"보이스 뜻",0,4,0.00,9.5
"https://studionol.co.kr/ko/stories/headvoice1",headvoice1,"보이스뜻",0,1,0.00,10.0
"https://studionol.co.kr/ko/stories/headvoice1",headvoice1,"여자 목소리 내는 법",0,6,0.00,1.0
"https://studionol.co.kr/ko/stories/headvoice1",headvoice1,"여자 목소리 내는법",0,1,0.00,1.0
"https://studionol.co.kr/ko/stories/headvoice1",headvoice1,"여자목소리 내는법",0,5,0.00,1.0
"https://studionol.co.kr/ko/stories/headvoice1",headvoice1,"여자목소리내는법",0,1,0.00,1.0
"https://studionol.co.kr/ko/stories/headvoice1",headvoice1,"회두성",0,5,0.00,9.2
"https://studionol.co.kr/ko/stories/headvoice1",headvoice1,"흉성 고음",0,2,0.00,2.0
"https://studionol.co.kr/ko/stories/headvoice1",headvoice1,"흉성 내는법",0,2,0.00,8.0
"https://studionol.co.kr/ko/stories/headvoice1",headvoice1,"흉성 두성",0,4,0.00,5.5
"https://studionol.co.kr/ko/stories/headvoice1#%EB%91%90%EC%84%B1-%EB%9C%BB-%EB%A8%B8%EB%A6%AC%EB%A1%9C-%EC%9A%B8%EB%A6%AC%EB%8A%94-%EA%B3%A0%EC%9D%8C-%EB%B0%9C%EC%84%B1",headvoice1,"가성 두성",0,2,0.00,9.0
"https://studionol.co.kr/ko/stories/headvoice1#%EB%91%90%EC%84%B1-%EB%9C%BB-%EB%A8%B8%EB%A6%AC%EB%A1%9C-%EC%9A%B8%EB%A6%AC%EB%8A%94-%EA%B3%A0%EC%9D%8C-%EB%B0%9C%EC%84%B1",headvoice1,"가성 두성 차이",0,5,0.00,9.6
"https://studionol.co.kr/ko/stories/headvoice1#%EB%91%90%EC%84%B1-%EB%9C%BB-%EB%A8%B8%EB%A6%AC%EB%A1%9C-%EC%9A%B8%EB%A6%AC%EB%8A%94-%EA%B3%A0%EC%9D%8C-%EB%B0%9C%EC%84%B1",headvoice1,"두성 가성",0,4,0.00,3.5
"https://studionol.co.kr/ko/stories/headvoice1#%EB%91%90%EC%84%B1-%EB%9C%BB-%EB%A8%B8%EB%A6%AC%EB%A1%9C-%EC%9A%B8%EB%A6%AC%EB%8A%94-%EA%B3%A0%EC%9D%8C-%EB%B0%9C%EC%84%B1",headvoice1,"두성 가성 차이",0,5,0.00,8.0
"https://studionol.co.kr/ko/stories/headvoice1#%EB%91%90%EC%84%B1-%EB%9C%BB-%EB%A8%B8%EB%A6%AC%EB%A1%9C-%EC%9A%B8%EB%A6%AC%EB%8A%94-%EA%B3%A0%EC%9D%8C-%EB%B0%9C%EC%84%B1",headvoice1,"두성 확인법",0,6,0.00,7.2
"https://studionol.co.kr/ko/stories/headvoice1#%EB%91%90%EC%84%B1-%EC%B0%BE%EB%8A%94-%ED%9B%88%EB%A0%A8",headvoice1,"가성 두성",0,2,0.00,9.0
"https://studionol.co.kr/ko/stories/headvoice1#%EB%91%90%EC%84%B1-%EC%B0%BE%EB%8A%94-%ED%9B%88%EB%A0%A8",headvoice1,"가성 두성 차이",0,5,0.00,9.6
"https://studionol.co.kr/ko/stories/headvoice1#%EB%91%90%EC%84%B1-%EC%B0%BE%EB%8A%94-%ED%9B%88%EB%A0%A8",headvoice1,"두성 가성",0,4,0.00,3.5
"https://studionol.co.kr/ko/stories/headvoice1#%EB%91%90%EC%84%B1-%EC%B0%BE%EB%8A%94-%ED%9B%88%EB%A0%A8",headvoice1,"두성 가성 차이",0,5,0.00,8.0
"https://studionol.co.kr/ko/stories/headvoice1#%EB%91%90%EC%84%B1-%EC%B0%BE%EB%8A%94-%ED%9B%88%EB%A0%A8",headvoice1,"두성 확인법",0,6,0.00,7.2
"https://studionol.co.kr/ko/stories/headvoice1#%EB%B0%9C%EC%84%B1-%EB%A0%88%EC%A7%80%EC%8A%A4%ED%84%B0-%EB%B9%84%EA%B5%90",headvoice1,"가성 두성",0,1,0.00,8.0
"https://studionol.co.kr/ko/stories/headvoice1#%EB%B0%9C%EC%84%B1-%EB%A0%88%EC%A7%80%EC%8A%A4%ED%84%B0-%EB%B9%84%EA%B5%90",headvoice1,"가성 두성 차이",0,4,0.00,9.5
"https://studionol.co.kr/ko/stories/headvoice1#%EB%B0%9C%EC%84%B1-%EB%A0%88%EC%A7%80%EC%8A%A4%ED%84%B0-%EB%B9%84%EA%B5%90",headvoice1,"두성 가성",0,4,0.00,3.5
"https://studionol.co.kr/ko/stories/headvoice1#%EB%B0%9C%EC%84%B1-%EB%A0%88%EC%A7%80%EC%8A%A4%ED%84%B0-%EB%B9%84%EA%B5%90",headvoice1,"두성 가성 차이",0,3,0.00,8.3
"https://studionol.co.kr/ko/stories/headvoice1#%EB%B0%9C%EC%84%B1-%EB%A0%88%EC%A7%80%EC%8A%A4%ED%84%B0-%EB%B9%84%EA%B5%90",headvoice1,"두성 확인법",0,4,0.00,7.0
"https://studionol.co.kr/ko/stories/headvoice1#studio-nol-%EB%B3%B4%EC%BB%AC-%EB%85%B9%EC%9D%8C-%EC%84%B8%EC%85%98%EC%97%90%EC%84%9C-%EB%91%90%EC%84%B1%EC%9D%B4-%EB%A7%89%ED%9E%88%EB%8A%94-%EA%B2%BD%EC%9A%B0-%EA%B0%80%EC%9E%A5-%EC%9E%90%EC%A3%BC-%EB%B3%B4%EB%8A%94-%EC%84%B8-%EA%B0%80%EC%A7%80-%ED%8C%A8%ED%84%B4",headvoice1,"가성 두성",0,2,0.00,9.0
"https://studionol.co.kr/ko/stories/headvoice1#studio-nol-%EB%B3%B4%EC%BB%AC-%EB%85%B9%EC%9D%8C-%EC%84%B8%EC%85%98%EC%97%90%EC%84%9C-%EB%91%90%EC%84%B1%EC%9D%B4-%EB%A7%89%ED%9E%88%EB%8A%94-%EA%B2%BD%EC%9A%B0-%EA%B0%80%EC%9E%A5-%EC%9E%90%EC%A3%BC-%EB%B3%B4%EB%8A%94-%EC%84%B8-%EA%B0%80%EC%A7%80-%ED%8C%A8%ED%84%B4",headvoice1,"가성 두성 차이",0,5,0.00,9.6
"https://studionol.co.kr/ko/stories/headvoice1#studio-nol-%EB%B3%B4%EC%BB%AC-%EB%85%B9%EC%9D%8C-%EC%84%B8%EC%85%98%EC%97%90%EC%84%9C-%EB%91%90%EC%84%B1%EC%9D%B4-%EB%A7%89%ED%9E%88%EB%8A%94-%EA%B2%BD%EC%9A%B0-%EA%B0%80%EC%9E%A5-%EC%9E%90%EC%A3%BC-%EB%B3%B4%EB%8A%94-%EC%84%B8-%EA%B0%80%EC%A7%80-%ED%8C%A8%ED%84%B4",headvoice1,"두성 가성",0,4,0.00,3.5
"https://studionol.co.kr/ko/stories/headvoice1#studio-nol-%EB%B3%B4%EC%BB%AC-%EB%85%B9%EC%9D%8C-%EC%84%B8%EC%85%98%EC%97%90%EC%84%9C-%EB%91%90%EC%84%B1%EC%9D%B4-%EB%A7%89%ED%9E%88%EB%8A%94-%EA%B2%BD%EC%9A%B0-%EA%B0%80%EC%9E%A5-%EC%9E%90%EC%A3%BC-%EB%B3%B4%EB%8A%94-%EC%84%B8-%EA%B0%80%EC%A7%80-%ED%8C%A8%ED%84%B4",headvoice1,"두성 가성 차이",0,5,0.00,8.0
"https://studionol.co.kr/ko/stories/headvoice1#studio-nol-%EB%B3%B4%EC%BB%AC-%EB%85%B9%EC%9D%8C-%EC%84%B8%EC%85%98%EC%97%90%EC%84%9C-%EB%91%90%EC%84%B1%EC%9D%B4-%EB%A7%89%ED%9E%88%EB%8A%94-%EA%B2%BD%EC%9A%B0-%EA%B0%80%EC%9E%A5-%EC%9E%90%EC%A3%BC-%EB%B3%B4%EB%8A%94-%EC%84%B8-%EA%B0%80%EC%A7%80-%ED%8C%A8%ED%84%B4",headvoice1,"두성 확인법",0,6,0.00,7.2
"https://studionol.co.kr/ko/stories/highnote1",highnote1,"가성 고음",0,1,0.00,9.0
"https://studionol.co.kr/ko/stories/highnote1",highnote1,"가성 고음 내는법",0,1,0.00,21.0
"https://studionol.co.kr/ko/stories/highnote1",highnote1,"고음",0,7,0.00,8.7
"https://studionol.co.kr/ko/stories/highnote1",highnote1,"고음 가성",0,1,0.00,7.0
"https://studionol.co.kr/ko/stories/highnote1",highnote1,"고음 기준",0,1,0.00,10.0
"https://studionol.co.kr/ko/stories/highnote1",highnote1,"고음 내기",0,3,0.00,8.0
"https://studionol.co.kr/ko/stories/highnote1",highnote1,"고음 내는 방법",0,12,0.00,6.8
"https://studionol.co.kr/ko/stories/highnote1",highnote1,"고음 내는법 남자",0,23,0.00,5.7
"https://studionol.co.kr/ko/stories/highnote1",highnote1,"고음 뜻",0,3,0.00,11.0
"https://studionol.co.kr/ko/stories/highnote1",highnote1,"고음 발성법",0,6,0.00,10.2
"https://studionol.co.kr/ko/stories/highnote1",highnote1,"고음 부르는법",0,2,0.00,1.0
"https://studionol.co.kr/ko/stories/highnote1",highnote1,"고음 연습",0,1,0.00,20.0
"https://studionol.co.kr/ko/stories/highnote1",highnote1,"고음 올리는 법",0,6,0.00,3.3
"https://studionol.co.kr/ko/stories/highnote1",highnote1,"고음 올리는법",0,25,0.00,2.0
"https://studionol.co.kr/ko/stories/highnote1",highnote1,"고음 원리",0,5,0.00,6.2
"https://studionol.co.kr/ko/stories/highnote1",highnote1,"고음 잘 내는 법",0,20,0.00,5.5
"https://studionol.co.kr/ko/stories/highnote1",highnote1,"고음 잘 내는법",0,23,0.00,5.2
"https://studionol.co.kr/ko/stories/highnote1",highnote1,"고음 잘내는법",0,58,0.00,5.2
"https://studionol.co.kr/ko/stories/highnote1",highnote1,"고음 잘하는 법",0,1,0.00,13.0
"https://studionol.co.kr/ko/stories/highnote1",highnote1,"고음 잘하는법",0,7,0.00,3.4
"https://studionol.co.kr/ko/stories/highnote1",highnote1,"고음 특성",0,16,0.00,6.7
"https://studionol.co.kr/ko/stories/highnote1",highnote1,"고음 하는법",0,6,0.00,2.3
"https://studionol.co.kr/ko/stories/highnote1",highnote1,"고음내는 법",0,7,0.00,3.1
"https://studionol.co.kr/ko/stories/highnote1",highnote1,"고음올리는법",0,3,0.00,1.0
"https://studionol.co.kr/ko/stories/highnote1",highnote1,"고음확성기",0,2,0.00,20.0
"https://studionol.co.kr/ko/stories/highnote1",highnote1,"고음확장기",0,1,0.00,24.0
"https://studionol.co.kr/ko/stories/highnote1",highnote1,"고음확장기 효과",0,10,0.00,9.4
"https://studionol.co.kr/ko/stories/highnote1",highnote1,"고음확장기효과",0,6,0.00,10.7
"https://studionol.co.kr/ko/stories/highnote1",highnote1,"더 구체적으로 알려줘",0,1,0.00,3.0
"https://studionol.co.kr/ko/stories/highnote1",highnote1,"두성 쓰는 법",0,1,0.00,19.0
"https://studionol.co.kr/ko/stories/highnote1",highnote1,"두성 확인법",0,15,0.00,10.1
"https://studionol.co.kr/ko/stories/highnote1",highnote1,"두성내는법",0,3,0.00,10.0
"https://studionol.co.kr/ko/stories/highnote1",highnote1,"믹스보이스",0,1,0.00,2.0
"https://studionol.co.kr/ko/stories/highnote1",highnote1,"믹스보이스 내는법",0,17,0.00,11.4
"https://studionol.co.kr/ko/stories/highnote1",highnote1,"믹스보이스 두성 차이",0,1,0.00,34.0
"https://studionol.co.kr/ko/stories/highnote1",highnote1,"믹스보이스 뜻",0,1,0.00,12.0
"https://studionol.co.kr/ko/stories/highnote1",highnote1,"믹스보이스 연습법",0,3,0.00,7.7
"https://studionol.co.kr/ko/stories/highnote1",highnote1,"발성법 종류",0,1,0.00,3.0
"https://studionol.co.kr/ko/stories/highnote1",highnote1,"진성 고음 내는 법",0,1,0.00,16.0
"https://studionol.co.kr/ko/stories/highnote1",highnote1,"진성 고음 내는법",0,4,0.00,4.5
"https://studionol.co.kr/ko/stories/highnote1",highnote1,"진성 고음내는법",0,2,0.00,7.5
"https://studionol.co.kr/ko/stories/highnote1",highnote1,"진성 내는법",0,2,0.00,19.0
"https://studionol.co.kr/ko/stories/highnote1",highnote1,"진성으로 고음 내는법",0,2,0.00,9.0
"https://studionol.co.kr/ko/stories/highnote1",highnote1,"초고음 내는법",0,2,0.00,8.0
"https://studionol.co.kr/ko/stories/highnote1#%EA%B3%A0%EC%9D%8C%EC%9D%80-%ED%9E%98%EC%9D%B4-%EC%95%84%EB%8B%88%EB%9D%BC-%EA%B8%B0%EC%88%A0%EC%9E%85%EB%8B%88%EB%8B%A4",highnote1,"고음 내는법 남자",0,10,0.00,7.5
"https://studionol.co.kr/ko/stories/highnote1#%EA%B3%A0%EC%9D%8C%EC%9D%80-%ED%9E%98%EC%9D%B4-%EC%95%84%EB%8B%88%EB%9D%BC-%EA%B8%B0%EC%88%A0%EC%9E%85%EB%8B%88%EB%8B%A4",highnote1,"고음 발성",0,9,0.00,7.2
"https://studionol.co.kr/ko/stories/highnote1#%EA%B3%A0%EC%9D%8C%EC%9D%80-%ED%9E%98%EC%9D%B4-%EC%95%84%EB%8B%88%EB%9D%BC-%EA%B8%B0%EC%88%A0%EC%9E%85%EB%8B%88%EB%8B%A4",highnote1,"고음 잘 내는법 남자",0,2,0.00,9.5
"https://studionol.co.kr/ko/stories/highnote1#%EA%B3%A0%EC%9D%8C%EC%9D%80-%ED%9E%98%EC%9D%B4-%EC%95%84%EB%8B%88%EB%9D%BC-%EA%B8%B0%EC%88%A0%EC%9E%85%EB%8B%88%EB%8B%A4",highnote1,"고음내는법 남자",0,22,0.00,8.2
"https://studionol.co.kr/ko/stories/highnote1#%EA%B3%A0%EC%9D%8C%EC%9D%80-%ED%9E%98%EC%9D%B4-%EC%95%84%EB%8B%88%EB%9D%BC-%EA%B8%B0%EC%88%A0%EC%9E%85%EB%8B%88%EB%8B%A4",highnote1,"고음발성",0,3,0.00,7.0
"https://studionol.co.kr/ko/stories/highnote1#%EA%B3%A0%EC%9D%8C%EC%9D%80-%ED%9E%98%EC%9D%B4-%EC%95%84%EB%8B%88%EB%9D%BC-%EA%B8%B0%EC%88%A0%EC%9E%85%EB%8B%88%EB%8B%A4",highnote1,"남자 고음 내는법",0,28,0.00,8.1
"https://studionol.co.kr/ko/stories/highnote1#studio-nol-%EB%B3%B4%EC%BB%AC-%EB%85%B9%EC%9D%8C-%EC%84%B8%EC%85%98%EC%97%90%EC%84%9C-%EC%9E%90%EC%A3%BC-%EB%B3%B4%EB%8A%94-%EA%B3%A0%EC%9D%8C-%EB%B0%9C%EC%84%B1-%ED%8C%A8%ED%84%B4-3%EA%B0%80%EC%A7%80",highnote1,"고음 내는법 남자",0,10,0.00,7.5
"https://studionol.co.kr/ko/stories/highnote1#studio-nol-%EB%B3%B4%EC%BB%AC-%EB%85%B9%EC%9D%8C-%EC%84%B8%EC%85%98%EC%97%90%EC%84%9C-%EC%9E%90%EC%A3%BC-%EB%B3%B4%EB%8A%94-%EA%B3%A0%EC%9D%8C-%EB%B0%9C%EC%84%B1-%ED%8C%A8%ED%84%B4-3%EA%B0%80%EC%A7%80",highnote1,"고음 발성",0,9,0.00,7.2
"https://studionol.co.kr/ko/stories/highnote1#studio-nol-%EB%B3%B4%EC%BB%AC-%EB%85%B9%EC%9D%8C-%EC%84%B8%EC%85%98%EC%97%90%EC%84%9C-%EC%9E%90%EC%A3%BC-%EB%B3%B4%EB%8A%94-%EA%B3%A0%EC%9D%8C-%EB%B0%9C%EC%84%B1-%ED%8C%A8%ED%84%B4-3%EA%B0%80%EC%A7%80",highnote1,"고음 잘 내는법 남자",0,2,0.00,9.5
"https://studionol.co.kr/ko/stories/highnote1#studio-nol-%EB%B3%B4%EC%BB%AC-%EB%85%B9%EC%9D%8C-%EC%84%B8%EC%85%98%EC%97%90%EC%84%9C-%EC%9E%90%EC%A3%BC-%EB%B3%B4%EB%8A%94-%EA%B3%A0%EC%9D%8C-%EB%B0%9C%EC%84%B1-%ED%8C%A8%ED%84%B4-3%EA%B0%80%EC%A7%80",highnote1,"고음내는법 남자",0,22,0.00,8.2
"https://studionol.co.kr/ko/stories/highnote1#studio-nol-%EB%B3%B4%EC%BB%AC-%EB%85%B9%EC%9D%8C-%EC%84%B8%EC%85%98%EC%97%90%EC%84%9C-%EC%9E%90%EC%A3%BC-%EB%B3%B4%EB%8A%94-%EA%B3%A0%EC%9D%8C-%EB%B0%9C%EC%84%B1-%ED%8C%A8%ED%84%B4-3%EA%B0%80%EC%A7%80",highnote1,"고음발성",0,3,0.00,7.0
"https://studionol.co.kr/ko/stories/highnote1#studio-nol-%EB%B3%B4%EC%BB%AC-%EB%85%B9%EC%9D%8C-%EC%84%B8%EC%85%98%EC%97%90%EC%84%9C-%EC%9E%90%EC%A3%BC-%EB%B3%B4%EB%8A%94-%EA%B3%A0%EC%9D%8C-%EB%B0%9C%EC%84%B1-%ED%8C%A8%ED%84%B4-3%EA%B0%80%EC%A7%80",highnote1,"남자 고음 내는법",0,28,0.00,8.1
"https://studionol.co.kr/ko/stories/hip-hop-vocal1",hip-hop-vocal1,"랩 녹음",0,1,0.00,11.0
"https://studionol.co.kr/ko/stories/hip-hop-vocal1",hip-hop-vocal1,"랩 딜리버리",0,4,0.00,7.8
"https://studionol.co.kr/ko/stories/hip-hop-vocal1",hip-hop-vocal1,"보컬플로우",0,1,0.00,18.0
"https://studionol.co.kr/ko/stories/hip-hop-vocal1",hip-hop-vocal1,"힙합 마이크",0,3,0.00,6.7
"https://studionol.co.kr/ko/stories/hiphop-production1",hiphop-production1,"힙합 비트 만들기",0,1,0.00,31.0
"https://studionol.co.kr/ko/stories/hiphop-vocal1",hiphop-vocal1,"rap",0,1,0.00,1.0
"https://studionol.co.kr/ko/stories/hiphop-vocal1",hiphop-vocal1,"site:studionol.co.kr",0,1,0.00,119.0
"https://studionol.co.kr/ko/stories/hiphop-vocal1",hiphop-vocal1,"라임 찾기",0,1,0.00,5.0
"https://studionol.co.kr/ko/stories/hiphop-vocal1",hiphop-vocal1,"래퍼 되는 법",0,1,0.00,25.0
"https://studionol.co.kr/ko/stories/hiphop-vocal1",hiphop-vocal1,"래퍼 되는법",0,1,0.00,25.0
"https://studionol.co.kr/ko/stories/hiphop-vocal1",hiphop-vocal1,"랩",0,4,0.00,1.0
"https://studionol.co.kr/ko/stories/hiphop-vocal1",hiphop-vocal1,"랩 딕션",0,30,0.00,5.5
"https://studionol.co.kr/ko/stories/hiphop-vocal1",hiphop-vocal1,"랩 라임",0,1,0.00,11.0
"https://studionol.co.kr/ko/stories/hiphop-vocal1",hiphop-vocal1,"랩 발음",0,2,0.00,9.0
"https://studionol.co.kr/ko/stories/hiphop-vocal1",hiphop-vocal1,"랩 발음 연습",0,1,0.00,3.0
"https://studionol.co.kr/ko/stories/hiphop-vocal1",hiphop-vocal1,"랩 발음 좋아지는법",0,2,0.00,1.0
"https://studionol.co.kr/ko/stories/hiphop-vocal1",hiphop-vocal1,"랩 연습",0,13,0.00,8.4
"https://studionol.co.kr/ko/stories/hiphop-vocal1",hiphop-vocal1,"랩 연습하는법",0,4,0.00,7.3
"https://studionol.co.kr/ko/stories/hiphop-vocal1",hiphop-vocal1,"랩 잘하는 기준",0,9,0.00,7.8
"https://studionol.co.kr/ko/stories/hiphop-vocal1",hiphop-vocal1,"랩 잘하는 법",0,2,0.00,7.5
"https://studionol.co.kr/ko/stories/hiphop-vocal1",hiphop-vocal1,"랩 잘하는법",0,5,0.00,14.8
"https://studionol.co.kr/ko/stories/hiphop-vocal1",hiphop-vocal1,"랩 추천",0,1,0.00,1.0
"https://studionol.co.kr/ko/stories/hiphop-vocal1",hiphop-vocal1,"랩 플로우",0,38,0.00,9.6
"https://studionol.co.kr/ko/stories/hiphop-vocal1",hiphop-vocal1,"랩 플로우 짜는 법",0,1,0.00,6.0
"https://studionol.co.kr/ko/stories/hiphop-vocal1",hiphop-vocal1,"랩가이드",0,1,0.00,2.0
"https://studionol.co.kr/ko/stories/hiphop-vocal1",hiphop-vocal1,"랩잘하는법",0,1,0.00,26.0
"https://studionol.co.kr/ko/stories/hiphop-vocal1",hiphop-vocal1,"랩할때 발음 좋아지는법",0,1,0.00,1.0
"https://studionol.co.kr/ko/stories/hiphop-vocal1",hiphop-vocal1,"보컬 플로우",0,44,0.00,6.1
"https://studionol.co.kr/ko/stories/hiphop-vocal1",hiphop-vocal1,"보컬 플로우 디시",0,2,0.00,3.0
"https://studionol.co.kr/ko/stories/hiphop-vocal1",hiphop-vocal1,"보컬랩",0,11,0.00,8.8
"https://studionol.co.kr/ko/stories/hiphop-vocal1",hiphop-vocal1,"빠른거",0,1,0.00,1.0
"https://studionol.co.kr/ko/stories/hiphop-vocal1",hiphop-vocal1,"플로우랩",0,2,0.00,14.0
"https://studionol.co.kr/ko/stories/hiphop-vocal1",hiphop-vocal1,"힙합",0,1,0.00,3.0
"https://studionol.co.kr/ko/stories/hiphop-vocal1",hiphop-vocal1,"힙합 플로우",0,18,0.00,10.2
"https://studionol.co.kr/ko/stories/hiphop-vocal1#%EB%9E%98%ED%95%91-%ED%95%B5%EC%8B%AC-%EC%9A%94%EC%86%8C",hiphop-vocal1,"랩 딕션 좋아지는 법",0,13,0.00,8.3
"https://studionol.co.kr/ko/stories/hiphop-vocal1#%EB%B0%9C%EC%9D%8C-%EB%AA%85%ED%99%95%EC%84%B1-%ED%9B%88%EB%A0%A8",hiphop-vocal1,"랩 딕션 좋아지는 법",0,13,0.00,8.3
"https://studionol.co.kr/ko/stories/hiphop-vocal1#%ED%94%8C%EB%A1%9C%EC%9A%B0-%EA%B0%9C%EB%B0%9C-%EB%8B%A8%EA%B3%84%EB%B3%84-%EC%97%B0%EC%8A%B5",hiphop-vocal1,"랩 딕션 좋아지는 법",0,17,0.00,8.5
"https://studionol.co.kr/ko/stories/hiphop-vocal1#%ED%95%9C%EA%B5%AD%EC%96%B4-%EB%9E%A9-%EB%9D%BC%EC%9E%84-%EC%9C%A0%ED%98%95",hiphop-vocal1,"랩 딕션 좋아지는 법",0,17,0.00,8.5
"https://studionol.co.kr/ko/stories/hiphop-vocal1#%ED%9E%99%ED%95%A9-%EB%B3%B4%EC%BB%AC-%EB%A6%AC%EB%93%AC%EA%B3%BC-%EC%96%B8%EC%96%B4%EC%9D%98-%EA%B2%B0%ED%95%A9",hiphop-vocal1,"랩 딕션 좋아지는 법",0,17,0.00,8.5
"https://studionol.co.kr/ko/stories/hobbymusic1",hobbymusic1,"노래 배우기",0,2,0.00,10.0
"https://studionol.co.kr/ko/stories/hobbymusic1",hobbymusic1,"노래배우기",0,13,0.00,9.7
"https://studionol.co.kr/ko/stories/home-recording1",home-recording1,"백보컬",0,1,0.00,1.0
"https://studionol.co.kr/ko/stories/home-recording1",home-recording1,"보컬 녹음",0,1,0.00,14.0
"https://studionol.co.kr/ko/stories/home-recording1",home-recording1,"보컬 녹음 장비",0,2,0.00,2.5
"https://studionol.co.kr/ko/stories/home-recording1",home-recording1,"집에서 노래 녹음",0,19,0.00,11.2
"https://studionol.co.kr/ko/stories/home-recording1",home-recording1,"홈레코딩",0,9,0.00,18.9
"https://studionol.co.kr/ko/stories/home-vs-studio1",home-vs-studio1,"녹음 스튜디오",0,3,0.00,41.0
"https://studionol.co.kr/ko/stories/home-vs-studio1",home-vs-studio1,"레코딩 스튜디오",0,4,0.00,15.8
"https://studionol.co.kr/ko/stories/home-vs-studio1",home-vs-studio1,"스튜디오 녹음",0,4,0.00,9.0
"https://studionol.co.kr/ko/stories/home-vs-studio1",home-vs-studio1,"집에서 노래 녹음",0,1,0.00,19.0
"https://studionol.co.kr/ko/stories/home-vs-studio1",home-vs-studio1,"홈 스튜디오",0,2,0.00,14.0
"https://studionol.co.kr/ko/stories/home-vs-studio1",home-vs-studio1,"홈레코딩",0,1,0.00,24.0
"https://studionol.co.kr/ko/stories/homegear1",homegear1,"홈 레코딩",0,1,0.00,10.0
"https://studionol.co.kr/ko/stories/homegear1",homegear1,"홈 레코딩 장비",0,6,0.00,5.5
"https://studionol.co.kr/ko/stories/homegear1",homegear1,"홈레코딩",0,3,0.00,18.3
"https://studionol.co.kr/ko/stories/homegear1",homegear1,"홈레코딩 장비 추천",0,2,0.00,16.5
"https://studionol.co.kr/ko/stories/homestudio1",homestudio1,"녹음 스튜디오",0,3,0.00,51.3
"https://studionol.co.kr/ko/stories/homestudio1",homestudio1,"레코딩",0,1,0.00,17.0
"https://studionol.co.kr/ko/stories/homestudio1",homestudio1,"레코딩 스튜디오",0,6,0.00,44.8
"https://studionol.co.kr/ko/stories/homestudio1",homestudio1,"스튜디오 녹음",0,3,0.00,16.3
"https://studionol.co.kr/ko/stories/homestudio1",homestudio1,"집에서 노래 녹음",0,2,0.00,17.5
"https://studionol.co.kr/ko/stories/homestudio1",homestudio1,"홈 스튜디오",0,2,0.00,22.0
"https://studionol.co.kr/ko/stories/homestudio1",homestudio1,"홈레코딩",0,7,0.00,15.7
"https://studionol.co.kr/ko/stories/homestudio1",homestudio1,"홈레코딩 방음",0,1,0.00,25.0
"https://studionol.co.kr/ko/stories/homestudio1",homestudio1,"홈스튜디오",0,1,0.00,22.0
"https://studionol.co.kr/ko/stories/incheon1",incheon1,"site:studionol.co.kr",0,9,0.00,13.7
"https://studionol.co.kr/ko/stories/incheon1",incheon1,"녹음실",0,33,0.00,9.5
"https://studionol.co.kr/ko/stories/incheon1",incheon1,"스튜디오 놀",0,3,0.00,1.0
"https://studionol.co.kr/ko/stories/incheon1",incheon1,"음악 녹음실",0,1,0.00,8.0
"https://studionol.co.kr/ko/stories/indie-label1",indie-label1,"site:studionol.co.kr",0,1,0.00,90.0
"https://studionol.co.kr/ko/stories/indie-label1",indie-label1,"나만의 음악 유통 회사를 시작하는 방법은?",0,10,0.00,8.8
"https://studionol.co.kr/ko/stories/indie-label1",indie-label1,"레이블의 음악 유통 비용은 얼마인가요?",0,17,0.00,4.9
"https://studionol.co.kr/ko/stories/indie-label1",indie-label1,"음반사",0,1,0.00,70.0
"https://studionol.co.kr/ko/stories/indie-label1",indie-label1,"음반제작",0,2,0.00,76.5
"https://studionol.co.kr/ko/stories/indie-label1",indie-label1,"음원 발매",0,1,0.00,37.0
"https://studionol.co.kr/ko/stories/indie-label1",indie-label1,"음원 발매 방법",0,3,0.00,24.0
"https://studionol.co.kr/ko/stories/indie-label1",indie-label1,"인디 기준",0,1,0.00,10.0
"https://studionol.co.kr/ko/stories/indie-label1",indie-label1,"인디 유통사",0,3,0.00,25.0
"https://studionol.co.kr/ko/stories/indie-label1",indie-label1,"인디 음원 유통사",0,1,0.00,67.0
"https://studionol.co.kr/ko/stories/indie-label1",indie-label1,"인디고 레이블",0,1,0.00,3.0
"https://studionol.co.kr/ko/stories/indie-label1",indie-label1,"인디레이블",0,45,0.00,7.5
"https://studionol.co.kr/ko/stories/indie-label1",indie-label1,"인디펜던트 레이블",0,2,0.00,2.0
"https://studionol.co.kr/ko/stories/indie-pop1",indie-pop1,"인디팝",0,20,0.00,10.4
"https://studionol.co.kr/ko/stories/indie-production1",indie-production1,"음반제작",0,1,0.00,42.0
"https://studionol.co.kr/ko/stories/indie-rock1",indie-rock1,"site:studionol.co.kr",0,2,0.00,132.0
"https://studionol.co.kr/ko/stories/interface1",interface1,"홈레코딩",0,3,0.00,33.0
"https://studionol.co.kr/ko/stories/interview1",interview1,"박찬울",0,1,0.00,5.0
"https://studionol.co.kr/ko/stories/interview2",interview2,"믹싱엔지니어",0,1,0.00,38.0
"https://studionol.co.kr/ko/stories/interview2",interview2,"오디오 엔지니어링 전문가",0,8,0.00,56.8
"https://studionol.co.kr/ko/stories/interview4",interview4,"감성사운드 레슨 후기",0,2,0.00,22.0
"https://studionol.co.kr/ko/stories/interview4",interview4,"미디쎄놀",0,21,0.00,5.4
"https://studionol.co.kr/ko/stories/interview4",interview4,"브레스 컨트롤 후기",0,1,0.00,32.0
"https://studionol.co.kr/ko/stories/itaewon1",itaewon1,"스튜디오 이태원",0,1,0.00,7.0
"https://studionol.co.kr/ko/stories/jazz-chord1",jazz-chord1,"재즈 코드진행",0,3,0.00,11.0
"https://studionol.co.kr/ko/stories/jazz-harmony1",jazz-harmony1,"재즈 보이싱",0,1,0.00,54.0
"https://studionol.co.kr/ko/stories/jazz-harmony1",jazz-harmony1,"재즈 코드",0,18,0.00,1.8
"https://studionol.co.kr/ko/stories/jazz-harmony1",jazz-harmony1,"재즈 코드 진행",0,2,0.00,17.5
"https://studionol.co.kr/ko/stories/jazz-harmony1",jazz-harmony1,"재즈 코드진행",0,3,0.00,10.3
"https://studionol.co.kr/ko/stories/jazz-harmony1",jazz-harmony1,"재즈코드",0,8,0.00,4.4
"https://studionol.co.kr/ko/stories/jazz-harmony1",jazz-harmony1,"재즈피아노 독학 순서",0,1,0.00,2.0
"https://studionol.co.kr/ko/stories/jazz-harmony1",jazz-harmony1,"재즈화성의 기초지식",0,2,0.00,8.0
"https://studionol.co.kr/ko/stories/jazz-harmony1",jazz-harmony1,"화성학 기초",0,1,0.00,10.0
"https://studionol.co.kr/ko/stories/jazz-harmony1",jazz-harmony1,"화성학 텐션",0,1,0.00,10.0
"https://studionol.co.kr/ko/stories/jazz-harmony1#%EB%B3%B4%EC%9D%B4%EC%8B%B1-%EC%9B%90%EC%B9%99",jazz-harmony1,"재즈 화성학",0,1,0.00,8.0
"https://studionol.co.kr/ko/stories/jazz-harmony1#%EB%B3%B4%EC%9D%B4%EC%8B%B1-%EC%9B%90%EC%B9%99",jazz-harmony1,"재즈화성학",0,1,0.00,8.0
"https://studionol.co.kr/ko/stories/jazz-harmony1#%EC%9E%AC%EC%A6%88%EC%9D%98-%ED%95%B5%EC%8B%AC-ii-v-i",jazz-harmony1,"재즈 화성학",0,1,0.00,8.0
"https://studionol.co.kr/ko/stories/jazz-harmony1#%EC%9E%AC%EC%A6%88%EC%9D%98-%ED%95%B5%EC%8B%AC-ii-v-i",jazz-harmony1,"재즈화성학",0,1,0.00,8.0
"https://studionol.co.kr/ko/stories/jazz-harmony1#%EC%9E%AC%EC%A6%88-%EC%BD%94%EB%93%9C-%EC%9C%A0%ED%98%95",jazz-harmony1,"재즈 화성학",0,1,0.00,8.0
"https://studionol.co.kr/ko/stories/jazz-harmony1#%EC%9E%AC%EC%A6%88-%EC%BD%94%EB%93%9C-%EC%9C%A0%ED%98%95",jazz-harmony1,"재즈화성학",0,1,0.00,8.0
"https://studionol.co.kr/ko/stories/jazz-harmony1#%EC%9E%AC%EC%A6%88-%ED%99%94%EC%84%B1%ED%95%99-%EB%B3%B5%EC%9E%A1%ED%95%A8-%EC%86%8D%EC%9D%98-%EC%95%84%EB%A6%84%EB%8B%A4%EC%9A%B4-%EC%A7%88%EC%84%9C",jazz-harmony1,"재즈 화성학",0,1,0.00,8.0
"https://studionol.co.kr/ko/stories/jazz-harmony1#%EC%9E%AC%EC%A6%88-%ED%99%94%EC%84%B1%ED%95%99-%EB%B3%B5%EC%9E%A1%ED%95%A8-%EC%86%8D%EC%9D%98-%EC%95%84%EB%A6%84%EB%8B%A4%EC%9A%B4-%EC%A7%88%EC%84%9C",jazz-harmony1,"재즈화성학",0,1,0.00,8.0
"https://studionol.co.kr/ko/stories/jazz-production1",jazz-production1,"site:studionol.co.kr",0,1,0.00,141.0
"https://studionol.co.kr/ko/stories/jeonbuk1",jeonbuk1,"site:studionol.co.kr",0,1,0.00,46.0
"https://studionol.co.kr/ko/stories/jeonbuk1",jeonbuk1,"스튜디오 놀",0,1,0.00,1.0
"https://studionol.co.kr/ko/stories/jindo1",jindo1,"서울 진도 ktx",0,10,0.00,10.0
"https://studionol.co.kr/ko/stories/jukga1",jukga1,"site:studionol.co.kr",0,8,0.00,11.8
"https://studionol.co.kr/ko/stories/jukga1",jukga1,"결혼식 축가 리버브",0,4,0.00,9.0
"https://studionol.co.kr/ko/stories/jukga1",jukga1,"축가 mr 구하는 법",0,1,0.00,19.0
"https://studionol.co.kr/ko/stories/jukga1",jukga1,"축가 댄스 반주 음향 프리랜서",0,1,0.00,91.0
"https://studionol.co.kr/ko/stories/karaoke-practice1",karaoke-practice1,"site:studionol.co.kr",0,2,0.00,116.0
"https://studionol.co.kr/ko/stories/karaoke-practice1",karaoke-practice1,"노래방 녹음",0,2,0.00,51.5
"https://studionol.co.kr/ko/stories/karaoke-practice1",karaoke-practice1,"노래방 녹음 팁",0,5,0.00,9.4
"https://studionol.co.kr/ko/stories/karaoke-practice1",karaoke-practice1,"노래방 설정",0,1,0.00,10.0
"https://studionol.co.kr/ko/stories/karaoke-practice1",karaoke-practice1,"노래방 연습",0,4,0.00,4.3
"https://studionol.co.kr/ko/stories/karaoke-practice1",karaoke-practice1,"노래방 음정 순서",0,3,0.00,7.0
"https://studionol.co.kr/ko/stories/karaoke-practice1",karaoke-practice1,"노래방 팁",0,1,0.00,8.0
"https://studionol.co.kr/ko/stories/karaoke-practice1",karaoke-practice1,"보컬 연습",0,1,0.00,26.0
"https://studionol.co.kr/ko/stories/karaoke-practice1",karaoke-practice1,"보컬연습",0,1,0.00,26.0
"https://studionol.co.kr/ko/stories/karaoke-practice1#%EB%85%B8%EB%9E%98%EB%B0%A9%EC%9D%84-%EC%97%B0%EC%8A%B5%EC%8B%A4%EB%A1%9C-%EB%B0%94%EA%BE%B8%EB%8A%94-%EB%B0%A9%EB%B2%95",karaoke-practice1,"노래방 설정",0,1,0.00,10.0
"https://studionol.co.kr/ko/stories/karaoke-practice1#%EB%85%B8%EB%9E%98%EB%B0%A9-vs-%EC%8A%A4%ED%8A%9C%EB%94%94%EC%98%A4%EC%9D%98-%EC%B0%A8%EC%9D%B4%EB%A5%BC-%EC%95%84%EB%8A%94-%EA%B2%83%EC%9D%B4-%EC%A4%91%EC%9A%94%ED%95%A9%EB%8B%88%EB%8B%A4",karaoke-practice1,"노래방 설정",0,1,0.00,10.0
"https://studionol.co.kr/ko/stories/karaoke-vs-studio1",karaoke-vs-studio1,"가정용 노래방",0,1,0.00,2.0
"https://studionol.co.kr/ko/stories/karaoke-vs-studio1",karaoke-vs-studio1,"노래 녹음",0,2,0.00,31.5
"https://studionol.co.kr/ko/stories/karaoke-vs-studio1",karaoke-vs-studio1,"노래방 녹음",0,10,0.00,18.0
"https://studionol.co.kr/ko/stories/karaoke-vs-studio1",karaoke-vs-studio1,"노래방 녹음 팁",0,4,0.00,12.8
"https://studionol.co.kr/ko/stories/karaoke-vs-studio1",karaoke-vs-studio1,"녹음 스튜디오",0,4,0.00,40.8
"https://studionol.co.kr/ko/stories/karaoke-vs-studio1",karaoke-vs-studio1,"녹음실 대여 비용",0,2,0.00,28.5
"https://studionol.co.kr/ko/stories/karaoke-vs-studio1",karaoke-vs-studio1,"레코딩 스튜디오",0,3,0.00,67.7
"https://studionol.co.kr/ko/stories/karaoke-vs-studio1",karaoke-vs-studio1,"코인노래방 녹음",0,1,0.00,7.0
"https://studionol.co.kr/ko/stories/karaoke1",karaoke1,"가라오케 노래방 차이",0,27,0.00,9.9
"https://studionol.co.kr/ko/stories/karaoke1",karaoke1,"노래 녹음",0,3,0.00,29.0
"https://studionol.co.kr/ko/stories/karaoke1",karaoke1,"노래 녹음기",0,2,0.00,18.5
"https://studionol.co.kr/ko/stories/karaoke1",karaoke1,"노래녹음",0,2,0.00,24.5
"https://studionol.co.kr/ko/stories/karaoke1",karaoke1,"노래방 녹음 팁",0,2,0.00,10.5
"https://studionol.co.kr/ko/stories/karaoke1",karaoke1,"녹음 스튜디오",0,3,0.00,28.7
"https://studionol.co.kr/ko/stories/karaoke1",karaoke1,"란스튜디오",0,1,0.00,34.0
"https://studionol.co.kr/ko/stories/karaoke1",karaoke1,"스튜디오 녹음",0,1,0.00,1.0
"https://studionol.co.kr/ko/stories/kpop-audition1",kpop-audition1,"보컬",0,1,0.00,5.0
"https://studionol.co.kr/ko/stories/kpop-audition1",kpop-audition1,"영상 내용 요약해줘",0,1,0.00,5.0
"https://studionol.co.kr/ko/stories/kpop-production1",kpop-production1,"k-pop production",0,1,0.00,3.0
"https://studionol.co.kr/ko/stories/kpop-production1",kpop-production1,"k-pop 음악 제작 a to z",0,30,0.00,17.9
"https://studionol.co.kr/ko/stories/kpop-production1",kpop-production1,"k-pop 음악 제작 a to z 강의",0,3,0.00,40.7
"https://studionol.co.kr/ko/stories/kpop-production1",kpop-production1,"k-pop 음악 제작 a to z 클래스",0,3,0.00,44.0
"https://studionol.co.kr/ko/stories/kpop-production1",kpop-production1,"드럼",0,2,0.00,1.0
"https://studionol.co.kr/ko/stories/kpop-production1",kpop-production1,"음반 제작자",0,1,0.00,2.0
"https://studionol.co.kr/ko/stories/kpop-production1",kpop-production1,"음원제작",0,1,0.00,63.0
"https://studionol.co.kr/ko/stories/kpop-production1",kpop-production1,"케이팝",0,1,0.00,1.0
"https://studionol.co.kr/ko/stories/kpop-production1",kpop-production1,"팝",0,1,0.00,1.0
"https://studionol.co.kr/ko/stories/kpop-production1",kpop-production1,"프로덕션 뜻",0,1,0.00,1.0
"https://studionol.co.kr/ko/stories/kpop-production1",kpop-production1,"프로듀서",0,1,0.00,3.0
"https://studionol.co.kr/ko/stories/kpop-trainee1",kpop-trainee1,"견습생 뜻",0,1,0.00,30.0
"https://studionol.co.kr/ko/stories/kpop-trainee1",kpop-trainee1,"아이돌 데뷔 과정",0,1,0.00,1.0
"https://studionol.co.kr/ko/stories/kpop-trainee1",kpop-trainee1,"아이돌 되는 방법",0,1,0.00,1.0
"https://studionol.co.kr/ko/stories/kpop-trainee1",kpop-trainee1,"아이돌 되는법",0,1,0.00,1.0
"https://studionol.co.kr/ko/stories/kpop-trainee1",kpop-trainee1,"아이돌이 되려면",0,1,0.00,1.0
"https://studionol.co.kr/ko/stories/kpop-trainee1",kpop-trainee1,"연습생",0,54,0.00,7.4
"https://studionol.co.kr/ko/stories/kpop-trainee1",kpop-trainee1,"연습생 기간",0,4,0.00,6.5
"https://studionol.co.kr/ko/stories/kpop-trainee1",kpop-trainee1,"연습생 영어로",0,2,0.00,6.5
"https://studionol.co.kr/ko/stories/kpop-trainee1",kpop-trainee1,"자세하게",0,1,0.00,14.0
"https://studionol.co.kr/ko/stories/kpop-trainee1",kpop-trainee1,"출처는?",0,1,0.00,4.0
"https://studionol.co.kr/ko/stories/ktx-gyeongbu-guide1",ktx-gyeongbu-guide1,"ktx 경부선 노선도",0,1,0.00,10.0
"https://studionol.co.kr/ko/stories/ktx-gyeongbu-guide1",ktx-gyeongbu-guide1,"ktx 경주역 시간표",0,1,0.00,1.0
"https://studionol.co.kr/ko/stories/ktx-gyeongbu-guide1",ktx-gyeongbu-guide1,"ktx 막차 시간",0,1,0.00,1.0
"https://studionol.co.kr/ko/stories/ktx-gyeongbu-guide1",ktx-gyeongbu-guide1,"ktx 부산 시간",0,1,0.00,4.0
"https://studionol.co.kr/ko/stories/ktx-gyeongbu-guide1",ktx-gyeongbu-guide1,"ktx 서울 부산 노선",0,1,0.00,1.0
"https://studionol.co.kr/ko/stories/ktx-gyeongbu-guide1",ktx-gyeongbu-guide1,"경부선",0,1,0.00,4.0
"https://studionol.co.kr/ko/stories/ktx-gyeongbu-guide1",ktx-gyeongbu-guide1,"광주에서 부산까지",0,1,0.00,3.0
"https://studionol.co.kr/ko/stories/ktx-gyeongbu-guide1",ktx-gyeongbu-guide1,"대구 ktx",0,3,0.00,1.0
"https://studionol.co.kr/ko/stories/ktx-gyeongbu-guide1",ktx-gyeongbu-guide1,"부산 대전 ktx 요금",0,1,0.00,1.0
"https://studionol.co.kr/ko/stories/ktx-gyeongbu-guide1",ktx-gyeongbu-guide1,"부산 서울 시간",0,1,0.00,2.0
"https://studionol.co.kr/ko/stories/ktx-gyeongbu-guide1",ktx-gyeongbu-guide1,"부산역 ktx 시간표",0,2,0.00,1.0
"https://studionol.co.kr/ko/stories/ktx-gyeongbu-guide1",ktx-gyeongbu-guide1,"서울-부산 ktx 노선",0,1,0.00,1.0
"https://studionol.co.kr/ko/stories/ktx-gyeongbu-guide1",ktx-gyeongbu-guide1,"서울에서 부산 ktx",0,1,0.00,1.0
"https://studionol.co.kr/ko/stories/ktx-gyeongbu-guide1",ktx-gyeongbu-guide1,"인천 부산 ktx 시간",0,1,0.00,5.0
"https://studionol.co.kr/ko/stories/ktx-honam-guide1",ktx-honam-guide1,"ktx 목포 노선",0,1,0.00,1.0
"https://studionol.co.kr/ko/stories/ktx-honam-guide1",ktx-honam-guide1,"목포 ktx",0,1,0.00,1.0
"https://studionol.co.kr/ko/stories/ktx-honam-guide1",ktx-honam-guide1,"서울 목포 ktx",0,1,0.00,3.0
"https://studionol.co.kr/ko/stories/ktx-honam-guide1",ktx-honam-guide1,"서울 익산 ktx 요금",0,1,0.00,1.0
"https://studionol.co.kr/ko/stories/ktx-honam-guide1",ktx-honam-guide1,"서울 전주",0,1,0.00,1.0
"https://studionol.co.kr/ko/stories/ktx-honam-guide1",ktx-honam-guide1,"용산 익산 ktx 시간표",0,2,0.00,1.0
"https://studionol.co.kr/ko/stories/ktx-honam-guide1",ktx-honam-guide1,"익산 ktx",0,2,0.00,4.0
"https://studionol.co.kr/ko/stories/ktx-honam-guide1",ktx-honam-guide1,"익산 ktx 시간표",0,1,0.00,1.0
"https://studionol.co.kr/ko/stories/ktx-honam-guide1",ktx-honam-guide1,"전주 ktx 시간표",0,1,0.00,1.0
"https://studionol.co.kr/ko/stories/ktx-honam-guide1",ktx-honam-guide1,"전주에서 서울 ktx",0,1,0.00,1.0
"https://studionol.co.kr/ko/stories/la2a1",la2a1,"2a la",0,1,0.00,11.0
"https://studionol.co.kr/ko/stories/la2a1",la2a1,"audioscape 2a",0,1,0.00,19.0
"https://studionol.co.kr/ko/stories/la2a1",la2a1,"cla 2a",0,1,0.00,36.0
"https://studionol.co.kr/ko/stories/la2a1",la2a1,"compressor la 2a",0,3,0.00,7.3
"https://studionol.co.kr/ko/stories/la2a1",la2a1,"compressor la2a",0,1,0.00,11.0
"https://studionol.co.kr/ko/stories/la2a1",la2a1,"la 2 a",0,1,0.00,10.0
"https://studionol.co.kr/ko/stories/la2a1",la2a1,"la 2a",0,115,0.00,8.8
"https://studionol.co.kr/ko/stories/la2a1",la2a1,"la 2a compressor",0,1,0.00,27.0
"https://studionol.co.kr/ko/stories/la2a1",la2a1,"la 2a ratio",0,1,0.00,9.0
"https://studionol.co.kr/ko/stories/la2a1",la2a1,"la 2a teletronix",0,1,0.00,9.0
"https://studionol.co.kr/ko/stories/la2a1",la2a1,"la 2a 컴프레서",0,43,0.00,7.0
"https://studionol.co.kr/ko/stories/la2a1",la2a1,"la compressor",0,1,0.00,5.0
"https://studionol.co.kr/ko/stories/la2a1",la2a1,"la-2a compressor",0,1,0.00,21.0
"https://studionol.co.kr/ko/stories/la2a1",la2a1,"la-2a 컴프레서 사용법",0,16,0.00,5.8
"https://studionol.co.kr/ko/stories/la2a1",la2a1,"la-2a 컴프레서 특징",0,8,0.00,5.4
"https://studionol.co.kr/ko/stories/la2a1",la2a1,"la-2a 플러그인",0,4,0.00,8.5
"https://studionol.co.kr/ko/stories/la2a1",la2a1,"la2a",0,291,0.00,7.7
"https://studionol.co.kr/ko/stories/la2a1",la2a1,"la2a compressor",0,2,0.00,16.5
"https://studionol.co.kr/ko/stories/la2a1",la2a1,"la2a ratio",0,3,0.00,9.7
"https://studionol.co.kr/ko/stories/la2a1",la2a1,"la2a 使い方",0,2,0.00,71.0
"https://studionol.co.kr/ko/stories/la2a1",la2a1,"site:studionol.co.kr",0,2,0.00,31.0
"https://studionol.co.kr/ko/stories/la2a1",la2a1,"teletronix la 2a",0,1,0.00,9.0
"https://studionol.co.kr/ko/stories/la2a1",la2a1,"teletronix la-2a",0,6,0.00,12.3
"https://studionol.co.kr/ko/stories/la2a1",la2a1,"uad la-2a",0,2,0.00,18.0
"https://studionol.co.kr/ko/stories/la2a1",la2a1,"white 2a",0,7,0.00,9.3
"https://studionol.co.kr/ko/stories/la2a1#la-2a-%EB%94%B0%EB%9C%BB%ED%95%9C-%EC%9D%8C%EC%83%89%EC%9D%98-%ED%81%B4%EB%9E%98%EC%8B%9D-optical-%EC%BB%B4%ED%94%84%EB%A0%88%EC%84%9C",la2a1,"compressor la 2a",0,1,0.00,9.0
"https://studionol.co.kr/ko/stories/la2a1#la-2a-%EB%94%B0%EB%9C%BB%ED%95%9C-%EC%9D%8C%EC%83%89%EC%9D%98-%ED%81%B4%EB%9E%98%EC%8B%9D-optical-%EC%BB%B4%ED%94%84%EB%A0%88%EC%84%9C",la2a1,"compressor la2a",0,1,0.00,11.0
"https://studionol.co.kr/ko/stories/la2a1#la-2a-%EB%94%B0%EB%9C%BB%ED%95%9C-%EC%9D%8C%EC%83%89%EC%9D%98-%ED%81%B4%EB%9E%98%EC%8B%9D-optical-%EC%BB%B4%ED%94%84%EB%A0%88%EC%84%9C",la2a1,"la 2a 컴프레서",0,6,0.00,8.7
"https://studionol.co.kr/ko/stories/la2a1#la-2a-%EB%94%B0%EB%9C%BB%ED%95%9C-%EC%9D%8C%EC%83%89%EC%9D%98-%ED%81%B4%EB%9E%98%EC%8B%9D-optical-%EC%BB%B4%ED%94%84%EB%A0%88%EC%84%9C",la2a1,"la2a 컴프레서",0,36,0.00,6.7
"https://studionol.co.kr/ko/stories/la2a1#la-2a-%ED%8C%8C%EB%9D%BC%EB%AF%B8%ED%84%B0-%EC%9D%B4%ED%95%B4",la2a1,"compressor la 2a",0,1,0.00,9.0
"https://studionol.co.kr/ko/stories/la2a1#la-2a-%ED%8C%8C%EB%9D%BC%EB%AF%B8%ED%84%B0-%EC%9D%B4%ED%95%B4",la2a1,"compressor la2a",0,1,0.00,11.0
"https://studionol.co.kr/ko/stories/la2a1#la-2a-%ED%8C%8C%EB%9D%BC%EB%AF%B8%ED%84%B0-%EC%9D%B4%ED%95%B4",la2a1,"la 2a 컴프레서",0,6,0.00,8.7
"https://studionol.co.kr/ko/stories/la2a1#la-2a-%ED%8C%8C%EB%9D%BC%EB%AF%B8%ED%84%B0-%EC%9D%B4%ED%95%B4",la2a1,"la2a 컴프레서",0,36,0.00,6.7
"https://studionol.co.kr/ko/stories/latin-music1",latin-music1,"뎀보우",0,1,0.00,34.0
"https://studionol.co.kr/ko/stories/lessonguide1",lessonguide1,"온라인 보컬 레슨",0,1,0.00,28.0
"https://studionol.co.kr/ko/stories/limiter1",limiter1,"limiter",0,2,0.00,29.5
"https://studionol.co.kr/ko/stories/limiter1",limiter1,"limiter true peak",0,1,0.00,6.0
"https://studionol.co.kr/ko/stories/limiter1",limiter1,"peak reduction",0,1,0.00,9.0
"https://studionol.co.kr/ko/stories/limiter1",limiter1,"peak to loudness ratio",0,1,0.00,6.0
"https://studionol.co.kr/ko/stories/limiter1",limiter1,"site:studionol.co.kr",0,7,0.00,8.6
"https://studionol.co.kr/ko/stories/limiter1",limiter1,"true peak",0,2,0.00,7.0
"https://studionol.co.kr/ko/stories/limiter1",limiter1,"리미터",0,3,0.00,7.7
"https://studionol.co.kr/ko/stories/limiter1",limiter1,"마스터링 체인",0,1,0.00,27.0
"https://studionol.co.kr/ko/stories/limiter1#%EB%8B%A8%EA%B3%84%EB%B3%84-%EC%84%A4%EC%A0%95",limiter1,"리미터 플러그인",0,1,0.00,8.0
"https://studionol.co.kr/ko/stories/limiter1#%EB%A7%88%EC%8A%A4%ED%84%B0%EB%A7%81%EC%9D%98-%EB%A7%88%EC%A7%80%EB%A7%89-%EB%AC%B8%EC%A7%80%EA%B8%B0",limiter1,"리미터 플러그인",0,1,0.00,8.0
"https://studionol.co.kr/ko/stories/live-performance1",live-performance1,"site:studionol.co.kr",0,4,0.00,111.8
"https://studionol.co.kr/ko/stories/live-performance1",live-performance1,"라이브셋",0,46,0.00,8.5
"https://studionol.co.kr/ko/stories/live-performance1",live-performance1,"밴드 콘서트",0,1,0.00,1.0
"https://studionol.co.kr/ko/stories/live-performance1",live-performance1,"사운드 체크",0,1,0.00,11.0
"https://studionol.co.kr/ko/stories/live-performance1",live-performance1,"사운드체크",0,2,0.00,10.0
"https://studionol.co.kr/ko/stories/live-performance1",live-performance1,"콘서트 사첵",0,1,0.00,1.0
"https://studionol.co.kr/ko/stories/live-recording1",live-recording1,"site:studionol.co.kr",0,1,0.00,88.0
"https://studionol.co.kr/ko/stories/live-recording1",live-recording1,"라이브 녹음",0,21,0.00,4.3
"https://studionol.co.kr/ko/stories/live-recording1",live-recording1,"라이브 세션",0,1,0.00,9.0
"https://studionol.co.kr/ko/stories/live-recording1",live-recording1,"라이브 스트리밍 녹음",0,4,0.00,31.3
"https://studionol.co.kr/ko/stories/live-recording1",live-recording1,"라이브세션",0,9,0.00,4.7
"https://studionol.co.kr/ko/stories/live-recording1",live-recording1,"콘서트 녹음",0,4,0.00,3.5
"https://studionol.co.kr/ko/stories/live-recording1",live-recording1,"콘서트 녹음 팁",0,5,0.00,5.6
"https://studionol.co.kr/ko/stories/live-streaming-music1",live-streaming-music1,"유튜브 라이브 음악 저작권",0,24,0.00,9.3
"https://studionol.co.kr/ko/stories/live-streaming-music1",live-streaming-music1,"유튜브 라이브 저작권",0,1,0.00,11.0
"https://studionol.co.kr/ko/stories/livesound1",livesound1,"10cm 축가 비용",0,1,0.00,34.0
"https://studionol.co.kr/ko/stories/livesound1",livesound1,"pa 음향",0,1,0.00,6.0
"https://studionol.co.kr/ko/stories/livesound1",livesound1,"로직 라이브 공연",0,2,0.00,20.0
"https://studionol.co.kr/ko/stories/livesound1",livesound1,"모니터",0,1,0.00,1.0
"https://studionol.co.kr/ko/stories/livesound1",livesound1,"사운드체크",0,3,0.00,9.0
"https://studionol.co.kr/ko/stories/livesound1",livesound1,"사이드필 스피커",0,2,0.00,15.5
"https://studionol.co.kr/ko/stories/livesound1",livesound1,"음향 pa",0,1,0.00,11.0
"https://studionol.co.kr/ko/stories/livesound1",livesound1,"콘서트 음향",0,1,0.00,1.0
"https://studionol.co.kr/ko/stories/lofi-music1",lofi-music1,"site:studionol.co.kr",0,1,0.00,153.0
"https://studionol.co.kr/ko/stories/lofi-production1",lofi-production1,"lo fi",0,8,0.00,6.5
"https://studionol.co.kr/ko/stories/lofi-production1",lofi-production1,"lo pi",0,1,0.00,11.0
"https://studionol.co.kr/ko/stories/lofi-production1",lofi-production1,"lo-fi",0,6,0.00,8.8
"https://studionol.co.kr/ko/stories/lofi-production1",lofi-production1,"lo-fi 뜻",0,3,0.00,21.7
"https://studionol.co.kr/ko/stories/lofi-production1",lofi-production1,"lofi",0,17,0.00,1.0
"https://studionol.co.kr/ko/stories/lofi-production1",lofi-production1,"lofi 作り方",0,1,0.00,54.0
"https://studionol.co.kr/ko/stories/lofi-production1",lofi-production1,"lofi 뜻",0,2,0.00,30.5
"https://studionol.co.kr/ko/stories/lofi-production1",lofi-production1,"lofi 음악",0,1,0.00,1.0
"https://studionol.co.kr/ko/stories/lofi-production1",lofi-production1,"site:studionol.co.kr",0,2,0.00,131.0
"https://studionol.co.kr/ko/stories/lofi-production1",lofi-production1,"래퍼가 되려면",0,1,0.00,16.0
"https://studionol.co.kr/ko/stories/lofi-production1",lofi-production1,"로우 파이",0,2,0.00,17.5
"https://studionol.co.kr/ko/stories/lofi-production1",lofi-production1,"로파이",0,3,0.00,16.0
"https://studionol.co.kr/ko/stories/lofi-production1",lofi-production1,"로파이 뜻",0,3,0.00,29.7
"https://studionol.co.kr/ko/stories/lofi-production1",lofi-production1,"로파이 비트",0,1,0.00,2.0
"https://studionol.co.kr/ko/stories/lofi-production1",lofi-production1,"로파이 장르",0,1,0.00,1.0
"https://studionol.co.kr/ko/stories/lofi-production1",lofi-production1,"로파이 힙합",0,3,0.00,8.7
"https://studionol.co.kr/ko/stories/lofi-production1",lofi-production1,"로피",0,1,0.00,20.0
"https://studionol.co.kr/ko/stories/loudness1",loudness1,"-8 lufs",0,1,0.00,2.0
"https://studionol.co.kr/ko/stories/loudness1",loudness1,"14 lufs",0,1,0.00,5.0
"https://studionol.co.kr/ko/stories/loudness1",loudness1,"14lufs",0,5,0.00,9.8
"https://studionol.co.kr/ko/stories/loudness1",loudness1,"23 lufs",0,2,0.00,2.5
"https://studionol.co.kr/ko/stories/loudness1",loudness1,"compression",0,1,0.00,1.0
"https://studionol.co.kr/ko/stories/loudness1",loudness1,"db lufs",0,7,0.00,8.1
"https://studionol.co.kr/ko/stories/loudness1",loudness1,"dbfs",0,1,0.00,1.0
"https://studionol.co.kr/ko/stories/loudness1",loudness1,"integrated lufs",0,5,0.00,7.2
"https://studionol.co.kr/ko/stories/loudness1",loudness1,"logic pro",0,1,0.00,1.0
"https://studionol.co.kr/ko/stories/loudness1",loudness1,"loudness",0,1,0.00,26.0
"https://studionol.co.kr/ko/stories/loudness1",loudness1,"loudness lufs",0,4,0.00,5.5
"https://studionol.co.kr/ko/stories/loudness1",loudness1,"loudness 뜻",0,1,0.00,11.0
"https://studionol.co.kr/ko/stories/loudness1",loudness1,"luf",0,8,0.00,2.4
"https://studionol.co.kr/ko/stories/loudness1",loudness1,"lufs -23",0,1,0.00,7.0
"https://studionol.co.kr/ko/stories/loudness1",loudness1,"lufs db",0,3,0.00,4.0
"https://studionol.co.kr/ko/stories/loudness1",loudness1,"lufs dbfs",0,3,0.00,5.3
"https://studionol.co.kr/ko/stories/loudness1",loudness1,"lufs for mastering",0,1,0.00,97.0
"https://studionol.co.kr/ko/stories/loudness1",loudness1,"lufs i",0,2,0.00,7.0
"https://studionol.co.kr/ko/stories/loudness1",loudness1,"lufs loudness",0,1,0.00,7.0
"https://studionol.co.kr/ko/stories/loudness1",loudness1,"lufs plugin",0,1,0.00,6.0
"https://studionol.co.kr/ko/stories/loudness1",loudness1,"lufs rms",0,2,0.00,10.5
"https://studionol.co.kr/ko/stories/loudness1",loudness1,"lufs streaming",0,1,0.00,3.0
"https://studionol.co.kr/ko/stories/loudness1",loudness1,"lufs true peak",0,1,0.00,9.0
"https://studionol.co.kr/ko/stories/loudness1",loudness1,"lufs 측정",0,17,0.00,7.1
"https://studionol.co.kr/ko/stories/loudness1",loudness1,"lufs 플러그인",0,3,0.00,9.7
"https://studionol.co.kr/ko/stories/loudness1",loudness1,"lusf",0,2,0.00,1.0
"https://studionol.co.kr/ko/stories/loudness1",loudness1,"netflix lufs",0,2,0.00,7.0
"https://studionol.co.kr/ko/stories/loudness1",loudness1,"peak level",0,1,0.00,2.0
"https://studionol.co.kr/ko/stories/loudness1",loudness1,"spotify 볼륨 조절 방법",0,2,0.00,7.5
"https://studionol.co.kr/ko/stories/loudness1",loudness1,"true fl",0,1,0.00,2.0
"https://studionol.co.kr/ko/stories/loudness1",loudness1,"youtube lufs",0,2,0.00,5.5
"https://studionol.co.kr/ko/stories/loudness1",loudness1,"라우드니스",0,10,0.00,10.4
"https://studionol.co.kr/ko/stories/loudness1",loudness1,"라우드니스 워",0,3,0.00,20.3
"https://studionol.co.kr/ko/stories/loudness1",loudness1,"마스터링 음압",0,1,0.00,7.0
"https://studionol.co.kr/ko/stories/loudness1",loudness1,"마스터링 하는법",0,1,0.00,3.0
"https://studionol.co.kr/ko/stories/loudness1",loudness1,"멜론은?",0,1,0.00,1.0
"https://studionol.co.kr/ko/stories/loudness1",loudness1,"사운드클라우드 업로드",0,1,0.00,4.0
"https://studionol.co.kr/ko/stories/loudness1",loudness1,"세팅",0,1,0.00,1.0
"https://studionol.co.kr/ko/stories/loudness1",loudness1,"스포티 파이 이퀄라이저 설정 값",0,1,0.00,16.0
"https://studionol.co.kr/ko/stories/loudness1",loudness1,"스포티파이 볼륨 표준화",0,1,0.00,2.0
"https://studionol.co.kr/ko/stories/loudness1",loudness1,"오디오",0,1,0.00,7.0
"https://studionol.co.kr/ko/stories/loudness1",loudness1,"유튜브 lufs",0,16,0.00,7.3
"https://studionol.co.kr/ko/stories/loudness1",loudness1,"유튜브 lufs 기준",0,3,0.00,10.0
"https://studionol.co.kr/ko/stories/loudness1",loudness1,"유튜브 lufs 맞추기",0,5,0.00,7.4
"https://studionol.co.kr/ko/stories/loudness1",loudness1,"음악",0,1,0.00,3.0
"https://studionol.co.kr/ko/stories/loudness1",loudness1,"트루피크",0,1,0.00,15.0
"https://studionol.co.kr/ko/stories/loudness1",loudness1,"프리미어 프로",0,1,0.00,3.0
"https://studionol.co.kr/ko/stories/loudness1#%EB%9D%BC%EC%9A%B0%EB%93%9C%EB%8B%88%EC%8A%A4-%EC%A0%95%EA%B7%9C%ED%99%94-%ED%95%A8%EC%A0%95-%EB%84%88%EB%AC%B4-%EB%86%92%EC%9D%B4%EC%A7%80-%EB%A7%88%EC%84%B8%EC%9A%94",loudness1,"마스터링 lufs",0,5,0.00,4.6
"https://studionol.co.kr/ko/stories/loudness1#%EB%9D%BC%EC%9A%B0%EB%93%9C%EB%8B%88%EC%8A%A4-%EC%A0%95%EA%B7%9C%ED%99%94-%ED%95%A8%EC%A0%95-%EB%84%88%EB%AC%B4-%EB%86%92%EC%9D%B4%EC%A7%80-%EB%A7%88%EC%84%B8%EC%9A%94",loudness1,"스포티파이 lufs",0,2,0.00,5.0
"https://studionol.co.kr/ko/stories/loudness1#%EC%8A%A4%ED%8A%B8%EB%A6%AC%EB%B0%8D-%EC%8B%9C%EB%8C%80%EC%9D%98-%EB%A7%88%EC%8A%A4%ED%84%B0%EB%A7%81",loudness1,"마스터링 lufs",0,10,0.00,5.0
"https://studionol.co.kr/ko/stories/loudness1#%EC%8A%A4%ED%8A%B8%EB%A6%AC%EB%B0%8D-%EC%8B%9C%EB%8C%80%EC%9D%98-%EB%A7%88%EC%8A%A4%ED%84%B0%EB%A7%81",loudness1,"스포티파이 lufs",0,2,0.00,5.0
"https://studionol.co.kr/ko/stories/loudness1#%EC%8A%A4%ED%8A%B8%EB%A6%AC%EB%B0%8D-%ED%94%8C%EB%9E%AB%ED%8F%BC%EB%B3%84-%EB%9D%BC%EC%9A%B0%EB%93%9C%EB%8B%88%EC%8A%A4-%EC%A0%95%EA%B7%9C%ED%99%94-%EA%B8%B0%EC%A4%80-2026%EB%85%84",loudness1,"lufs 기준",0,3,0.00,4.3
"https://studionol.co.kr/ko/stories/loudness1#%EC%8A%A4%ED%8A%B8%EB%A6%AC%EB%B0%8D-%ED%94%8C%EB%9E%AB%ED%8F%BC%EB%B3%84-%EB%9D%BC%EC%9A%B0%EB%93%9C%EB%8B%88%EC%8A%A4-%EC%A0%95%EA%B7%9C%ED%99%94-%EA%B8%B0%EC%A4%80-2026%EB%85%84",loudness1,"마스터링 lufs",0,5,0.00,4.6
"https://studionol.co.kr/ko/stories/loudness1#%EC%8A%A4%ED%8A%B8%EB%A6%AC%EB%B0%8D-%ED%94%8C%EB%9E%AB%ED%8F%BC%EB%B3%84-%EB%9D%BC%EC%9A%B0%EB%93%9C%EB%8B%88%EC%8A%A4-%EC%A0%95%EA%B7%9C%ED%99%94-%EA%B8%B0%EC%A4%80-2026%EB%85%84",loudness1,"스포티파이 lufs",0,2,0.00,5.0
"https://studionol.co.kr/ko/stories/loudness1#%EC%9E%A5%EB%A5%B4%EB%B3%84-%EA%B6%8C%EC%9E%A5-lufs-%EC%84%A4%EC%A0%95",loudness1,"lufs 기준",0,3,0.00,4.3
"https://studionol.co.kr/ko/stories/loudness1#%EC%9E%A5%EB%A5%B4%EB%B3%84-%EA%B6%8C%EC%9E%A5-lufs-%EC%84%A4%EC%A0%95",loudness1,"마스터링 lufs",0,5,0.00,5.4
"https://studionol.co.kr/ko/stories/loudness1#%EC%9E%A5%EB%A5%B4%EB%B3%84-%EA%B6%8C%EC%9E%A5-lufs-%EC%84%A4%EC%A0%95",loudness1,"스포티파이 lufs",0,2,0.00,5.0
"https://studionol.co.kr/ko/stories/loudness1#%EC%9E%A5%EB%A5%B4%EB%B3%84-%EB%9D%BC%EC%9A%B0%EB%93%9C%EB%8B%88%EC%8A%A4-%EA%B6%8C%EC%9E%A5%EA%B0%92-%ED%91%9C",loudness1,"lufs 기준",0,3,0.00,4.3
"https://studionol.co.kr/ko/stories/loudness1#%EC%9E%A5%EB%A5%B4%EB%B3%84-%EB%9D%BC%EC%9A%B0%EB%93%9C%EB%8B%88%EC%8A%A4-%EA%B6%8C%EC%9E%A5%EA%B0%92-%ED%91%9C",loudness1,"마스터링 lufs",0,5,0.00,4.6
"https://studionol.co.kr/ko/stories/loudness1#%EC%A3%BC%EC%9A%94-%EC%8A%A4%ED%8A%B8%EB%A6%AC%EB%B0%8D-%ED%94%8C%EB%9E%AB%ED%8F%BC-%EC%9D%8C%EC%95%95-%EA%B8%B0%EC%A4%80",loudness1,"lufs 기준",0,3,0.00,4.3
"https://studionol.co.kr/ko/stories/loudness1#lufs%EC%99%80-dbfs-db-spl-%EB%8F%84%EB%8C%80%EC%B2%B4-%EB%AD%90%EA%B0%80-%EB%8B%A4%EB%A5%B8%EA%B0%80",loudness1,"lufs 기준",0,3,0.00,4.3
"https://studionol.co.kr/ko/stories/loudness1#lufs%EC%99%80-dbfs-db-spl-%EB%8F%84%EB%8C%80%EC%B2%B4-%EB%AD%90%EA%B0%80-%EB%8B%A4%EB%A5%B8%EA%B0%80",loudness1,"마스터링 lufs",0,5,0.00,4.6
"https://studionol.co.kr/ko/stories/loudness1#lufs%EC%99%80-dbfs-db-spl-%EB%8F%84%EB%8C%80%EC%B2%B4-%EB%AD%90%EA%B0%80-%EB%8B%A4%EB%A5%B8%EA%B0%80",loudness1,"스포티파이 lufs",0,2,0.00,5.0
"https://studionol.co.kr/ko/stories/loudness1#lufs-%EC%B8%A1%EC%A0%95-%EB%8F%84%EA%B5%AC-%EB%AC%B4%EB%A3%8C%EC%9C%A0%EB%A3%8C-5%EC%A2%85-%EB%B9%84%EA%B5%90",loudness1,"lufs 기준",0,3,0.00,4.3
"https://studionol.co.kr/ko/stories/loudness1#lufs-%EC%B8%A1%EC%A0%95-%EB%8F%84%EA%B5%AC-%EB%AC%B4%EB%A3%8C%EC%9C%A0%EB%A3%8C-5%EC%A2%85-%EB%B9%84%EA%B5%90",loudness1,"마스터링 lufs",0,5,0.00,4.6
"https://studionol.co.kr/ko/stories/loudness1#lufs-%EC%B8%A1%EC%A0%95-%EB%8F%84%EA%B5%AC-%EB%AC%B4%EB%A3%8C%EC%9C%A0%EB%A3%8C-5%EC%A2%85-%EB%B9%84%EA%B5%90",loudness1,"스포티파이 lufs",0,2,0.00,5.0
"https://studionol.co.kr/ko/stories/loudness1#lufs-%EC%B8%A1%EC%A0%95-%EB%B0%8F-%EB%A7%88%EC%8A%A4%ED%84%B0%EB%A7%81-%EA%B3%BC%EC%A0%95",loudness1,"lufs 기준",0,3,0.00,4.3
"https://studionol.co.kr/ko/stories/loudness1#lufs-%EC%B8%A1%EC%A0%95-%EB%B0%8F-%EB%A7%88%EC%8A%A4%ED%84%B0%EB%A7%81-%EA%B3%BC%EC%A0%95",loudness1,"마스터링 lufs",0,10,0.00,5.0
"https://studionol.co.kr/ko/stories/loudness1#lufs-%EC%B8%A1%EC%A0%95-%EB%B0%8F-%EB%A7%88%EC%8A%A4%ED%84%B0%EB%A7%81-%EA%B3%BC%EC%A0%95",loudness1,"스포티파이 lufs",0,2,0.00,5.0
"https://studionol.co.kr/ko/stories/low-note1",low-note1,"저음 내는 법",0,1,0.00,35.0
"https://studionol.co.kr/ko/stories/low-note1",low-note1,"저음 내는 법 디시",0,1,0.00,1.0
"https://studionol.co.kr/ko/stories/low-note1",low-note1,"저음 발성",0,1,0.00,1.0
"https://studionol.co.kr/ko/stories/lufs-guide1",lufs-guide1,"-13 lufs",0,1,0.00,11.0
"https://studionol.co.kr/ko/stories/lufs-guide1",lufs-guide1,"14 lufs",0,1,0.00,5.0
"https://studionol.co.kr/ko/stories/lufs-guide1",lufs-guide1,"23 lufs",0,1,0.00,8.0
"https://studionol.co.kr/ko/stories/lufs-guide1",lufs-guide1,"integrated lufs",0,6,0.00,4.7
"https://studionol.co.kr/ko/stories/lufs-guide1",lufs-guide1,"lu range",0,2,0.00,5.5
"https://studionol.co.kr/ko/stories/lufs-guide1",lufs-guide1,"lufs integrated",0,1,0.00,7.0
"https://studionol.co.kr/ko/stories/lufs-guide1",lufs-guide1,"lufs lra",0,2,0.00,6.0
"https://studionol.co.kr/ko/stories/lufs-guide1",lufs-guide1,"lufs meter",0,1,0.00,9.0
"https://studionol.co.kr/ko/stories/lufs-guide1",lufs-guide1,"lufs momentary vs short term vs integrated",0,1,0.00,6.0
"https://studionol.co.kr/ko/stories/lufs-guide1",lufs-guide1,"lufs plugin",0,2,0.00,5.5
"https://studionol.co.kr/ko/stories/lufs-guide1",lufs-guide1,"lufs scale",0,2,0.00,3.5
"https://studionol.co.kr/ko/stories/lufs-guide1",lufs-guide1,"lufs test",0,5,0.00,10.0
"https://studionol.co.kr/ko/stories/lufs-guide1",lufs-guide1,"lufs 目安",0,3,0.00,78.7
"https://studionol.co.kr/ko/stories/lufs-guide1",lufs-guide1,"lufs 기준",0,2,0.00,26.5
"https://studionol.co.kr/ko/stories/lufs-guide1",lufs-guide1,"lufs 뜻",0,9,0.00,12.2
"https://studionol.co.kr/ko/stories/lufs-guide1",lufs-guide1,"lufs 측정",0,15,0.00,7.9
"https://studionol.co.kr/ko/stories/lufs-guide1",lufs-guide1,"lufs 측정 플러그인",0,13,0.00,8.5
"https://studionol.co.kr/ko/stories/lufs-guide1",lufs-guide1,"lufs 플러그인",0,4,0.00,9.0
"https://studionol.co.kr/ko/stories/lufs-guide1",lufs-guide1,"lufs-i",0,1,0.00,8.0
"https://studionol.co.kr/ko/stories/lufs-guide1",lufs-guide1,"master lufs",0,1,0.00,8.0
"https://studionol.co.kr/ko/stories/lufs-guide1",lufs-guide1,"peak to loudness ratio",0,1,0.00,9.0
"https://studionol.co.kr/ko/stories/lufs-guide1",lufs-guide1,"site:studionol.co.kr",0,1,0.00,79.0
"https://studionol.co.kr/ko/stories/lufs-guide1",lufs-guide1,"멜론은?",0,1,0.00,3.0
"https://studionol.co.kr/ko/stories/lufs-guide1",lufs-guide1,"유튜브 lufs",0,1,0.00,35.0
"https://studionol.co.kr/ko/stories/lyric-writing1",lyric-writing1,"가사 쓰기",0,6,0.00,4.3
"https://studionol.co.kr/ko/stories/lyric-writing1",lyric-writing1,"가사 쓰는법",0,34,0.00,7.8
"https://studionol.co.kr/ko/stories/lyric-writing1",lyric-writing1,"가사쓰기",0,2,0.00,7.0
"https://studionol.co.kr/ko/stories/lyric-writing1",lyric-writing1,"가사쓰는법",0,23,0.00,7.7
"https://studionol.co.kr/ko/stories/lyric-writing1",lyric-writing1,"작사",0,4,0.00,7.3
"https://studionol.co.kr/ko/stories/lyric-writing1",lyric-writing1,"작사 꿀팁",0,1,0.00,18.0
"https://studionol.co.kr/ko/stories/lyric-writing1",lyric-writing1,"작사 연습",0,2,0.00,19.0
"https://studionol.co.kr/ko/stories/lyric-writing1",lyric-writing1,"작사 작곡 하는법",0,1,0.00,7.0
"https://studionol.co.kr/ko/stories/lyric-writing1",lyric-writing1,"작사 잘하는법",0,1,0.00,4.0
"https://studionol.co.kr/ko/stories/lyric-writing1",lyric-writing1,"작사 팁",0,2,0.00,7.5
"https://studionol.co.kr/ko/stories/lyric-writing1",lyric-writing1,"작사작곡 하는법",0,2,0.00,4.0
"https://studionol.co.kr/ko/stories/lyric-writing1",lyric-writing1,"작사하는 법",0,46,0.00,7.5
"https://studionol.co.kr/ko/stories/lyric-writing1",lyric-writing1,"작사하는법",0,29,0.00,7.3
"https://studionol.co.kr/ko/stories/lyrics-memo1",lyrics-memo1,"site:studionol.co.kr",0,1,0.00,147.0
"https://studionol.co.kr/ko/stories/lyrics-memo1",lyrics-memo1,"노래 빨리 외우는법",0,48,0.00,3.9
"https://studionol.co.kr/ko/stories/lyrics-memo1",lyrics-memo1,"빨리와 곡 정보",0,4,0.00,9.0
"https://studionol.co.kr/ko/stories/lyrics-memo1#%EA%B0%80%EC%82%AC%EB%A5%BC-%EC%99%B8%EC%9B%8C%EC%95%BC-%EB%85%B8%EB%9E%98%EA%B0%80-%EC%82%B4%EC%95%84%EB%82%A9%EB%8B%88%EB%8B%A4",lyrics-memo1,"가사 빨리 외우는 법",0,2,0.00,3.5
"https://studionol.co.kr/ko/stories/lyrics-memo1#%EA%B0%80%EC%82%AC%EB%A5%BC-%EC%99%B8%EC%9B%8C%EC%95%BC-%EB%85%B8%EB%9E%98%EA%B0%80-%EC%82%B4%EC%95%84%EB%82%A9%EB%8B%88%EB%8B%A4",lyrics-memo1,"노래 가사 외우는 법",0,1,0.00,4.0
"https://studionol.co.kr/ko/stories/lyrics-memo1#%EA%B0%80%EC%82%AC%EB%A5%BC-%EC%99%B8%EC%9B%8C%EC%95%BC-%EB%85%B8%EB%9E%98%EA%B0%80-%EC%82%B4%EC%95%84%EB%82%A9%EB%8B%88%EB%8B%A4",lyrics-memo1,"노래 빨리 외우는법",0,1,0.00,4.0
"https://studionol.co.kr/ko/stories/lyrics-memo1#%EA%B0%80%EC%82%AC-%EC%95%94%EA%B8%B0-%EB%8B%A8%EA%B3%84%EB%B3%84-%EC%A0%84%EB%9E%B5",lyrics-memo1,"가사 빨리 외우는 법",0,2,0.00,3.5
"https://studionol.co.kr/ko/stories/lyrics-memo1#%EA%B0%80%EC%82%AC-%EC%95%94%EA%B8%B0-%EB%8B%A8%EA%B3%84%EB%B3%84-%EC%A0%84%EB%9E%B5",lyrics-memo1,"노래 가사 외우는 법",0,1,0.00,4.0
"https://studionol.co.kr/ko/stories/lyrics-memo1#%EA%B0%80%EC%82%AC-%EC%95%94%EA%B8%B0-%EB%8B%A8%EA%B3%84%EB%B3%84-%EC%A0%84%EB%9E%B5",lyrics-memo1,"노래 빨리 외우는법",0,1,0.00,4.0
"https://studionol.co.kr/ko/stories/lyrics1",lyrics1,"가사 쓰는법",0,2,0.00,8.0
"https://studionol.co.kr/ko/stories/lyrics1",lyrics1,"노래 가사 쓰기",0,1,0.00,11.0
"https://studionol.co.kr/ko/stories/lyrics1",lyrics1,"작사 방법",0,2,0.00,10.5
"https://studionol.co.kr/ko/stories/lyrics1",lyrics1,"작사 작곡 하는법",0,1,0.00,10.0
"https://studionol.co.kr/ko/stories/lyrics1",lyrics1,"작사하는 법",0,1,0.00,7.0
"https://studionol.co.kr/ko/stories/mariko-yukie-namsan-tower",mariko-yukie-namsan-tower,"site:studionol.co.kr",0,1,0.00,226.0
"https://studionol.co.kr/ko/stories/mastering-tips1",mastering-tips1,"-23 lufs",0,2,0.00,8.5
"https://studionol.co.kr/ko/stories/mastering-tips1",mastering-tips1,"-7 lufs",0,1,0.00,7.0
"https://studionol.co.kr/ko/stories/mastering-tips1",mastering-tips1,"-8 lufs",0,3,0.00,9.3
"https://studionol.co.kr/ko/stories/mastering-tips1",mastering-tips1,"-9 lufs",0,5,0.00,5.0
"https://studionol.co.kr/ko/stories/mastering-tips1",mastering-tips1,"lufs 기준",0,3,0.00,34.7
"https://studionol.co.kr/ko/stories/mastering-tips1",mastering-tips1,"mastering",0,1,0.00,1.0
"https://studionol.co.kr/ko/stories/mastering-tips1",mastering-tips1,"site:studionol.co.kr",0,1,0.00,81.0
"https://studionol.co.kr/ko/stories/mastering-tips1",mastering-tips1,"멜론 음량 최적화 디시",0,2,0.00,15.0
"https://studionol.co.kr/ko/stories/mastering-tips1",mastering-tips1,"애플 뮤직 믹싱 디시",0,1,0.00,25.0
"https://studionol.co.kr/ko/stories/mastering-tips1",mastering-tips1,"유튜브 lufs 맞추기",0,1,0.00,28.0
"https://studionol.co.kr/ko/stories/mastering1",mastering1,"lufs 기준",0,2,0.00,51.0
"https://studionol.co.kr/ko/stories/mastering1",mastering1,"lufs 뜻",0,1,0.00,46.0
"https://studionol.co.kr/ko/stories/mastering1",mastering1,"lufs 마스터 링",0,2,0.00,7.0
"https://studionol.co.kr/ko/stories/mastering1",mastering1,"lufs 측정 사이트",0,1,0.00,30.0
"https://studionol.co.kr/ko/stories/mastering1",mastering1,"mastered 뜻",0,1,0.00,4.0
"https://studionol.co.kr/ko/stories/mastering1",mastering1,"mastering 뜻",0,25,0.00,9.0
"https://studionol.co.kr/ko/stories/mastering1",mastering1,"mixering",0,1,0.00,1.0
"https://studionol.co.kr/ko/stories/mastering1",mastering1,"mixing 뜻",0,2,0.00,1.5
"https://studionol.co.kr/ko/stories/mastering1",mastering1,"site:studionol.co.kr",0,6,0.00,23.7
"https://studionol.co.kr/ko/stories/mastering1",mastering1,"true peak",0,1,0.00,4.0
"https://studionol.co.kr/ko/stories/mastering1",mastering1,"마스터 링",0,1,0.00,26.0
"https://studionol.co.kr/ko/stories/mastering1",mastering1,"마스터링",0,81,0.00,8.4
"https://studionol.co.kr/ko/stories/mastering1",mastering1,"마스터링 lufs",0,11,0.00,8.5
"https://studionol.co.kr/ko/stories/mastering1",mastering1,"마스터링 뜻",0,124,0.00,8.8
"https://studionol.co.kr/ko/stories/mastering1",mastering1,"마스터링 믹싱 차이",0,42,0.00,9.1
"https://studionol.co.kr/ko/stories/mastering1",mastering1,"마스터링 체인",0,1,0.00,33.0
"https://studionol.co.kr/ko/stories/mastering1",mastering1,"마스터링이란",0,4,0.00,11.5
"https://studionol.co.kr/ko/stories/mastering1",mastering1,"믹스 마스터링",0,3,0.00,11.0
"https://studionol.co.kr/ko/stories/mastering1",mastering1,"믹스마스터링",0,3,0.00,9.3
"https://studionol.co.kr/ko/stories/mastering1",mastering1,"믹싱",0,5,0.00,25.6
"https://studionol.co.kr/ko/stories/mastering1",mastering1,"믹싱 가격",0,1,0.00,2.0
"https://studionol.co.kr/ko/stories/mastering1",mastering1,"믹싱 뜻",0,18,0.00,4.4
"https://studionol.co.kr/ko/stories/mastering1",mastering1,"믹싱 마스터링",0,10,0.00,7.0
"https://studionol.co.kr/ko/stories/mastering1",mastering1,"믹싱 마스터링 뜻",0,26,0.00,9.2
"https://studionol.co.kr/ko/stories/mastering1",mastering1,"믹싱 마스터링 비용",0,2,0.00,15.0
"https://studionol.co.kr/ko/stories/mastering1",mastering1,"믹싱 프로그램",0,1,0.00,11.0
"https://studionol.co.kr/ko/stories/mastering1",mastering1,"믹싱과 마스터링 차이",0,27,0.00,7.7
"https://studionol.co.kr/ko/stories/mastering1",mastering1,"믹싱이란",0,15,0.00,7.5
"https://studionol.co.kr/ko/stories/mastering1",mastering1,"유튜브 lufs 맞추기",0,1,0.00,24.0
"https://studionol.co.kr/ko/stories/mastering1",mastering1,"음악 마스터링 뜻",0,16,0.00,8.3
"https://studionol.co.kr/ko/stories/melody-writing1",melody-writing1,"멜로디 라인",0,9,0.00,8.3
"https://studionol.co.kr/ko/stories/melody-writing1",melody-writing1,"멜로디 작곡",0,1,0.00,11.0
"https://studionol.co.kr/ko/stories/melody-writing1",melody-writing1,"멜로디라인",0,6,0.00,6.2
"https://studionol.co.kr/ko/stories/melodyne1",melodyne1,"melodyne vibrato",0,1,0.00,3.0
"https://studionol.co.kr/ko/stories/melodyne1",melodyne1,"melodyne vibrato tool",0,1,0.00,4.0
"https://studionol.co.kr/ko/stories/melodyne1",melodyne1,"멜로다인",0,2,0.00,4.5
"https://studionol.co.kr/ko/stories/melodyne1",melodyne1,"멜로다인 5 사용법",0,1,0.00,5.0
"https://studionol.co.kr/ko/stories/melodyne1",melodyne1,"멜로다인 무료",0,1,0.00,20.0
"https://studionol.co.kr/ko/stories/melodyne1",melodyne1,"멜로다인 버전 차이",0,20,0.00,7.5
"https://studionol.co.kr/ko/stories/melodyne1",melodyne1,"멜로다인 스튜디오",0,1,0.00,17.0
"https://studionol.co.kr/ko/stories/melodyne1",melodyne1,"멜로다인 에센셜 차이",0,2,0.00,10.0
"https://studionol.co.kr/ko/stories/melodyne1",melodyne1,"멜로다인 자동 보정",0,17,0.00,4.8
"https://studionol.co.kr/ko/stories/melodyne1",melodyne1,"멜로다인 자르기",0,4,0.00,12.0
"https://studionol.co.kr/ko/stories/melodyne1",melodyne1,"보컬 보정",0,2,0.00,10.5
"https://studionol.co.kr/ko/stories/melodyne1",melodyne1,"오토튠",0,1,0.00,15.0
"https://studionol.co.kr/ko/stories/melodyne1",melodyne1,"음정 보정",0,4,0.00,22.8
"https://studionol.co.kr/ko/stories/mic-placement1",mic-placement1,"cm7010",0,1,0.00,7.0
"https://studionol.co.kr/ko/stories/mic-placement1",mic-placement1,"site:studionol.co.kr",0,1,0.00,75.0
"https://studionol.co.kr/ko/stories/mic-placement1",mic-placement1,"기준 마이크",0,47,0.00,28.5
"https://studionol.co.kr/ko/stories/mic-placement1",mic-placement1,"노래 마이크 세팅",0,5,0.00,9.4
"https://studionol.co.kr/ko/stories/mic-placement1",mic-placement1,"노래방 마이크 세팅",0,2,0.00,27.0
"https://studionol.co.kr/ko/stories/mic-placement1",mic-placement1,"다이나믹 마이크 위치",0,4,0.00,5.5
"https://studionol.co.kr/ko/stories/mic-placement1",mic-placement1,"마이크 감도 역치",0,1,0.00,4.0
"https://studionol.co.kr/ko/stories/mic-placement1",mic-placement1,"마이크 거리",0,70,0.00,7.7
"https://studionol.co.kr/ko/stories/mic-placement1",mic-placement1,"마이크 설정",0,1,0.00,1.0
"https://studionol.co.kr/ko/stories/mic-placement1",mic-placement1,"마이크 세팅",0,7,0.00,18.3
"https://studionol.co.kr/ko/stories/mic-placement1",mic-placement1,"마이크 암 위치",0,4,0.00,6.5
"https://studionol.co.kr/ko/stories/mic-placement1",mic-placement1,"마이크 위치 디시",0,1,0.00,4.0
"https://studionol.co.kr/ko/stories/mic-placement1",mic-placement1,"마이크 음질 개선",0,1,0.00,11.0
"https://studionol.co.kr/ko/stories/mic-placement1",mic-placement1,"마이크 이퀄라이저 설정값 추천",0,3,0.00,2.7
"https://studionol.co.kr/ko/stories/mic-placement1",mic-placement1,"마이크 잡는법",0,1,0.00,40.0
"https://studionol.co.kr/ko/stories/mic-placement1",mic-placement1,"마이크 코 콘",0,114,0.00,8.0
"https://studionol.co.kr/ko/stories/mic-placement1",mic-placement1,"마이크 크기",0,3,0.00,1.0
"https://studionol.co.kr/ko/stories/mic-placement1",mic-placement1,"마이크암 위치",0,8,0.00,13.0
"https://studionol.co.kr/ko/stories/mic-placement1",mic-placement1,"방송 마이크 세팅",0,1,0.00,33.0
"https://studionol.co.kr/ko/stories/mic-placement1",mic-placement1,"방송 마이크 위치",0,5,0.00,9.8
"https://studionol.co.kr/ko/stories/mic-placement1",mic-placement1,"스탠드 마이크 위치",0,4,0.00,9.5
"https://studionol.co.kr/ko/stories/mic-placement1",mic-placement1,"스트리머 마이크 위치",0,7,0.00,3.9
"https://studionol.co.kr/ko/stories/mic-placement1",mic-placement1,"음향 세팅",0,1,0.00,35.0
"https://studionol.co.kr/ko/stories/mic-placement1",mic-placement1,"컴퓨터 마이크 위치",0,5,0.00,7.0
"https://studionol.co.kr/ko/stories/mic-placement1",mic-placement1,"콘덴서 마이크 세팅",0,3,0.00,11.3
"https://studionol.co.kr/ko/stories/mic-placement1",mic-placement1,"콘덴서 마이크 위치 디시",0,1,0.00,2.0
"https://studionol.co.kr/ko/stories/mic-placement1",mic-placement1,"헤드셋 마이크 위치",0,1,0.00,6.0
"https://studionol.co.kr/ko/stories/mic-placement1#%EB%A7%88%EC%9D%B4%ED%81%AC-%EB%B0%B0%EC%B9%98%EA%B0%80-%EC%9D%8C%EC%A7%88%EC%9D%84-%EA%B2%B0%EC%A0%95%ED%95%9C%EB%8B%A4",mic-placement1,"다이나믹 마이크 위치",0,3,0.00,10.3
"https://studionol.co.kr/ko/stories/mic-placement1#%EB%A7%88%EC%9D%B4%ED%81%AC-%EB%B0%B0%EC%B9%98%EA%B0%80-%EC%9D%8C%EC%A7%88%EC%9D%84-%EA%B2%B0%EC%A0%95%ED%95%9C%EB%8B%A4",mic-placement1,"콘덴서 마이크 위치",0,1,0.00,9.0
"https://studionol.co.kr/ko/stories/mic-placement1#%EC%95%85%EA%B8%B0%EB%B3%84-%EB%A7%88%EC%9D%B4%ED%81%AC-%EB%B0%B0%EC%B9%98-%EA%B0%80%EC%9D%B4%EB%93%9C",mic-placement1,"다이나믹 마이크 위치",0,3,0.00,10.3
"https://studionol.co.kr/ko/stories/mic-placement1#%EC%95%85%EA%B8%B0%EB%B3%84-%EB%A7%88%EC%9D%B4%ED%81%AC-%EB%B0%B0%EC%B9%98-%EA%B0%80%EC%9D%B4%EB%93%9C",mic-placement1,"콘덴서 마이크 위치",0,1,0.00,9.0
"https://studionol.co.kr/ko/stories/mic1",mic1,"site:studionol.co.kr",0,1,0.00,19.0
"https://studionol.co.kr/ko/stories/mic1",mic1,"usb 콘덴서 마이크",0,1,0.00,13.0
"https://studionol.co.kr/ko/stories/mic1",mic1,"usb마이크",0,1,0.00,25.0
"https://studionol.co.kr/ko/stories/mic1",mic1,"가격",0,1,0.00,15.0
"https://studionol.co.kr/ko/stories/mic1",mic1,"노래 녹음 마이크",0,2,0.00,49.5
"https://studionol.co.kr/ko/stories/mic1",mic1,"노래 녹음용 마이크",0,3,0.00,25.7
"https://studionol.co.kr/ko/stories/mic1",mic1,"녹음 마이크",0,3,0.00,5.3
"https://studionol.co.kr/ko/stories/mic1",mic1,"녹음마이크",0,2,0.00,5.0
"https://studionol.co.kr/ko/stories/mic1",mic1,"녹음실 마이크",0,2,0.00,38.5
"https://studionol.co.kr/ko/stories/mic1",mic1,"녹음용 마이크",0,6,0.00,1.0
"https://studionol.co.kr/ko/stories/mic1",mic1,"녹음용 마이크 추천",0,1,0.00,10.0
"https://studionol.co.kr/ko/stories/mic1",mic1,"다이나믹 마이크 추천",0,1,0.00,20.0
"https://studionol.co.kr/ko/stories/mic1",mic1,"다이나믹 마이크 콘덴서 마이크",0,1,0.00,51.0
"https://studionol.co.kr/ko/stories/mic1",mic1,"다이나믹 마이크 콘덴서 마이크 차이",0,2,0.00,34.0
"https://studionol.co.kr/ko/stories/mic1",mic1,"다이나믹 콘덴서 마이크 차이",0,1,0.00,20.0
"https://studionol.co.kr/ko/stories/mic1",mic1,"다이나믹 콘덴서 차이",0,8,0.00,13.1
"https://studionol.co.kr/ko/stories/mic1",mic1,"디코용 마이크 추천",0,1,0.00,1.0
"https://studionol.co.kr/ko/stories/mic1",mic1,"마이크",0,1,0.00,1.0
"https://studionol.co.kr/ko/stories/mic1",mic1,"마이크 구매",0,1,0.00,1.0
"https://studionol.co.kr/ko/stories/mic1",mic1,"마이크 종류",0,224,0.00,1.0
"https://studionol.co.kr/ko/stories/mic1",mic1,"마이크의 종류",0,11,0.00,1.0
"https://studionol.co.kr/ko/stories/mic1",mic1,"마이크종류",0,13,0.00,1.0
"https://studionol.co.kr/ko/stories/mic1",mic1,"보컬 녹음 마이크",0,1,0.00,10.0
"https://studionol.co.kr/ko/stories/mic1",mic1,"보컬 녹음 장비",0,1,0.00,9.0
"https://studionol.co.kr/ko/stories/mic1",mic1,"보컬 녹음용 마이크",0,9,0.00,10.9
"https://studionol.co.kr/ko/stories/mic1",mic1,"보컬 녹음용 마이크 추천",0,4,0.00,10.8
"https://studionol.co.kr/ko/stories/mic1",mic1,"보컬 마이크",0,4,0.00,26.0
"https://studionol.co.kr/ko/stories/mic1",mic1,"보컬마이크",0,1,0.00,9.0
"https://studionol.co.kr/ko/stories/mic1",mic1,"보컬용 마이크",0,3,0.00,16.7
"https://studionol.co.kr/ko/stories/mic1",mic1,"보컬용 콘덴서 마이크 추천",0,1,0.00,52.0
"https://studionol.co.kr/ko/stories/mic1",mic1,"성우 마이크",0,1,0.00,28.0
"https://studionol.co.kr/ko/stories/mic1",mic1,"엑토 mic-28 후기",0,1,0.00,10.0
"https://studionol.co.kr/ko/stories/mic1",mic1,"콘덴서 다이나믹 차이",0,2,0.00,10.5
"https://studionol.co.kr/ko/stories/mic1",mic1,"콘덴서 마이크 다이나믹 마이크 차이",0,1,0.00,12.0
"https://studionol.co.kr/ko/stories/microphone-types1",microphone-types1,"가격차이",0,1,0.00,5.0
"https://studionol.co.kr/ko/stories/microphone-types1",microphone-types1,"기준 마이크",0,2,0.00,86.0
"https://studionol.co.kr/ko/stories/microphone-types1",microphone-types1,"노래 녹음용 마이크",0,1,0.00,78.0
"https://studionol.co.kr/ko/stories/microphone-types1",microphone-types1,"녹음 마이크 추천",0,1,0.00,7.0
"https://studionol.co.kr/ko/stories/microphone-types1",microphone-types1,"녹음마이크",0,1,0.00,50.0
"https://studionol.co.kr/ko/stories/microphone-types1",microphone-types1,"녹음용 마이크 추천",0,1,0.00,8.0
"https://studionol.co.kr/ko/stories/microphone-types1",microphone-types1,"다이나믹 마이크",0,2,0.00,64.5
"https://studionol.co.kr/ko/stories/microphone-types1",microphone-types1,"다이나믹 마이크 원리",0,1,0.00,35.0
"https://studionol.co.kr/ko/stories/microphone-types1",microphone-types1,"다이나믹 마이크 추천",0,6,0.00,15.8
"https://studionol.co.kr/ko/stories/microphone-types1",microphone-types1,"다이나믹 마이크 콘덴서 마이크",0,3,0.00,42.7
"https://studionol.co.kr/ko/stories/microphone-types1",microphone-types1,"다이나믹 마이크 콘덴서 마이크 차이",0,3,0.00,30.3
"https://studionol.co.kr/ko/stories/microphone-types1",microphone-types1,"다이나믹 콘덴서 차이",0,2,0.00,28.0
"https://studionol.co.kr/ko/stories/microphone-types1",microphone-types1,"리본 마이크",0,6,0.00,21.8
"https://studionol.co.kr/ko/stories/microphone-types1",microphone-types1,"리본마이크",0,5,0.00,18.0
"https://studionol.co.kr/ko/stories/microphone-types1",microphone-types1,"마이크 device.type",0,1,0.00,5.0
"https://studionol.co.kr/ko/stories/microphone-types1",microphone-types1,"마이크 스튜디오",0,7,0.00,27.3
"https://studionol.co.kr/ko/stories/microphone-types1",microphone-types1,"마이크의 종류",0,8,0.00,10.5
"https://studionol.co.kr/ko/stories/microphone-types1",microphone-types1,"마이크종류",0,23,0.00,8.5
"https://studionol.co.kr/ko/stories/microphone-types1",microphone-types1,"보컬용 마이크",0,2,0.00,28.0
"https://studionol.co.kr/ko/stories/microphone-types1",microphone-types1,"보컬용 콘덴서 마이크 추천",0,1,0.00,61.0
"https://studionol.co.kr/ko/stories/microphone-types1",microphone-types1,"스튜디오 마이크",0,1,0.00,58.0
"https://studionol.co.kr/ko/stories/microphone-types1",microphone-types1,"아이돌 마이크 종류",0,1,0.00,17.0
"https://studionol.co.kr/ko/stories/microphone-types1",microphone-types1,"아이돌마이크 종류",0,3,0.00,19.0
"https://studionol.co.kr/ko/stories/microphone-types1",microphone-types1,"종류뭐야",0,1,0.00,1.0
"https://studionol.co.kr/ko/stories/microphone-types1",microphone-types1,"카디오이드 패턴",0,1,0.00,10.0
"https://studionol.co.kr/ko/stories/microphone-types1",microphone-types1,"컴퓨터 마이크",0,1,0.00,9.0
"https://studionol.co.kr/ko/stories/microphone-types1",microphone-types1,"콘덴서 다이나믹",0,1,0.00,1.0
"https://studionol.co.kr/ko/stories/microphone-types1",microphone-types1,"콘덴서 다이나믹 차이",0,2,0.00,16.5
"https://studionol.co.kr/ko/stories/microphone-types1",microphone-types1,"콘덴서 마이크 다이나믹 마이크",0,2,0.00,12.0
"https://studionol.co.kr/ko/stories/microphone-types1",microphone-types1,"콘덴서 마이크 다이나믹 마이크 차이",0,2,0.00,22.0
"https://studionol.co.kr/ko/stories/microphone-types1",microphone-types1,"콘덴서 마이크 특징",0,2,0.00,10.5
"https://studionol.co.kr/ko/stories/microphone1",microphone1,"노래 녹음용 마이크",0,1,0.00,44.0
"https://studionol.co.kr/ko/stories/microphone1",microphone1,"녹음 마이크",0,1,0.00,14.0
"https://studionol.co.kr/ko/stories/microphone1",microphone1,"녹음마이크",0,1,0.00,22.0
"https://studionol.co.kr/ko/stories/microphone1",microphone1,"녹음실 마이크",0,1,0.00,62.0
"https://studionol.co.kr/ko/stories/microphone1",microphone1,"녹음용 마이크",0,1,0.00,10.0
"https://studionol.co.kr/ko/stories/microphone1",microphone1,"녹음용 마이크 추천",0,7,0.00,8.3
"https://studionol.co.kr/ko/stories/microphone1",microphone1,"다이나믹 마이크 세팅",0,1,0.00,52.0
"https://studionol.co.kr/ko/stories/microphone1",microphone1,"다이나믹 마이크 위치",0,1,0.00,42.0
"https://studionol.co.kr/ko/stories/microphone1",microphone1,"다이나믹 마이크 콘덴서 마이크 차이",0,1,0.00,55.0
"https://studionol.co.kr/ko/stories/microphone1",microphone1,"마이크 녹음",0,1,0.00,35.0
"https://studionol.co.kr/ko/stories/microphone1",microphone1,"마이크 종류",0,6,0.00,7.5
"https://studionol.co.kr/ko/stories/microphone1",microphone1,"마이크종류",0,1,0.00,9.0
"https://studionol.co.kr/ko/stories/microphone1",microphone1,"보컬 마이크",0,20,0.00,10.9
"https://studionol.co.kr/ko/stories/microphone1",microphone1,"보컬 마이크 추천",0,1,0.00,10.0
"https://studionol.co.kr/ko/stories/microphone1",microphone1,"보컬마이크",0,2,0.00,8.5
"https://studionol.co.kr/ko/stories/microphone1",microphone1,"보컬용 마이크",0,10,0.00,6.5
"https://studionol.co.kr/ko/stories/microphone1",microphone1,"보컬용 콘덴서 마이크 추천",0,1,0.00,28.0
"https://studionol.co.kr/ko/stories/microphone1",microphone1,"스튜디오 마이크",0,1,0.00,12.0
"https://studionol.co.kr/ko/stories/microphone1",microphone1,"콘덴서 마이크",0,1,0.00,55.0
"https://studionol.co.kr/ko/stories/microphone1",microphone1,"콘덴서 마이크 세팅",0,1,0.00,41.0
"https://studionol.co.kr/ko/stories/microphone1",microphone1,"콘덴서 마이크 지향성",0,2,0.00,5.5
"https://studionol.co.kr/ko/stories/microphone1#%EB%A7%88%EC%9D%B4%ED%81%AC%EB%8A%94-%EB%B3%B4%EC%BB%AC%EC%9D%98-%EC%B2%AB-%EB%B2%88%EC%A7%B8-%EB%8F%84%EA%B5%AC",microphone1,"보컬 녹음용 마이크",0,1,0.00,8.0
"https://studionol.co.kr/ko/stories/microphone1#%EB%A7%88%EC%9D%B4%ED%81%AC%EB%8A%94-%EB%B3%B4%EC%BB%AC%EC%9D%98-%EC%B2%AB-%EB%B2%88%EC%A7%B8-%EB%8F%84%EA%B5%AC",microphone1,"보컬 녹음용 마이크 추천",0,17,0.00,8.9
"https://studionol.co.kr/ko/stories/microphone1#%EC%BD%98%EB%8D%B4%EC%84%9C-%EB%A7%88%EC%9D%B4%ED%81%AC-vs-%EB%8B%A4%EC%9D%B4%EB%82%98%EB%AF%B9-%EB%A7%88%EC%9D%B4%ED%81%AC",microphone1,"보컬 녹음용 마이크",0,1,0.00,8.0
"https://studionol.co.kr/ko/stories/microphone1#%EC%BD%98%EB%8D%B4%EC%84%9C-%EB%A7%88%EC%9D%B4%ED%81%AC-vs-%EB%8B%A4%EC%9D%B4%EB%82%98%EB%AF%B9-%EB%A7%88%EC%9D%B4%ED%81%AC",microphone1,"보컬 녹음용 마이크 추천",0,17,0.00,8.9
"https://studionol.co.kr/ko/stories/mictechnique1",mictechnique1,"다이나믹 마이크 위치",0,1,0.00,38.0
"https://studionol.co.kr/ko/stories/mid-side1",mid-side1,"m/s eq",0,1,0.00,6.0
"https://studionol.co.kr/ko/stories/mid-side1",mid-side1,"mid side",0,18,0.00,5.6
"https://studionol.co.kr/ko/stories/mid-side1",mid-side1,"mid side eq",0,5,0.00,4.6
"https://studionol.co.kr/ko/stories/mid-side1",mid-side1,"mid-side",0,94,0.00,6.4
"https://studionol.co.kr/ko/stories/mid-side1",mid-side1,"mid-side eq",0,1,0.00,1.0
"https://studionol.co.kr/ko/stories/mid-side1",mid-side1,"mid/side",0,1,0.00,2.0
"https://studionol.co.kr/ko/stories/mid-side1",mid-side1,"mid/side eq",0,1,0.00,1.0
"https://studionol.co.kr/ko/stories/mid-side1",mid-side1,"midside",0,1,0.00,4.0
"https://studionol.co.kr/ko/stories/mid-side1",mid-side1,"ms eq",0,7,0.00,3.3
"https://studionol.co.kr/ko/stories/mid-side1",mid-side1,"site:studionol.co.kr",0,1,0.00,126.0
"https://studionol.co.kr/ko/stories/midi-arrangement1",midi-arrangement1,"daw midi",0,1,0.00,5.0
"https://studionol.co.kr/ko/stories/midi-arrangement1",midi-arrangement1,"midi daw",0,3,0.00,7.0
"https://studionol.co.kr/ko/stories/midi-composition1",midi-composition1,"midi programming",0,1,0.00,5.0
"https://studionol.co.kr/ko/stories/midi-composition1",midi-composition1,"midi 작곡",0,24,0.00,7.6
"https://studionol.co.kr/ko/stories/midi-composition1",midi-composition1,"midi 편집",0,1,0.00,27.0
"https://studionol.co.kr/ko/stories/midi-composition1",midi-composition1,"site:studionol.co.kr",0,1,0.00,71.0
"https://studionol.co.kr/ko/stories/midi-composition1",midi-composition1,"미디 시퀀서",0,7,0.00,10.0
"https://studionol.co.kr/ko/stories/midi-composition1",midi-composition1,"미디 작곡",0,1,0.00,1.0
"https://studionol.co.kr/ko/stories/midi-composition1",midi-composition1,"미디의 정리",0,1,0.00,49.0
"https://studionol.co.kr/ko/stories/midi-composition1",midi-composition1,"미디작곡",0,1,0.00,1.0
"https://studionol.co.kr/ko/stories/midi-composition1",midi-composition1,"음악 시퀀싱",0,85,0.00,8.6
"https://studionol.co.kr/ko/stories/midi-composition1",midi-composition1,"편곡하는 법",0,1,0.00,12.0
"https://studionol.co.kr/ko/stories/mix-automation1",mix-automation1,"gain riding",0,1,0.00,8.0
"https://studionol.co.kr/ko/stories/mix-automation1",mix-automation1,"오토메이션",0,1,0.00,1.0
"https://studionol.co.kr/ko/stories/mix-automation1",mix-automation1,"오토메이션 뜻",0,1,0.00,10.0
"https://studionol.co.kr/ko/stories/mix-checklist1",mix-checklist1,"보컬 믹싱 순서",0,1,0.00,50.0
"https://studionol.co.kr/ko/stories/mix-delivery1",mix-delivery1,"site:studionol.co.kr",0,1,0.00,135.0
"https://studionol.co.kr/ko/stories/mix-delivery1",mix-delivery1,"믹스마스터링",0,1,0.00,10.0
"https://studionol.co.kr/ko/stories/mix-reference1",mix-reference1,"site:studionol.co.kr",0,1,0.00,68.0
"https://studionol.co.kr/ko/stories/mix-reference1",mix-reference1,"믹싱",0,1,0.00,48.0
"https://studionol.co.kr/ko/stories/mix-reference1",mix-reference1,"음악 믹싱",0,1,0.00,31.0
"https://studionol.co.kr/ko/stories/mixdown1",mixdown1,"site:studionol.co.kr",0,1,0.00,18.0
"https://studionol.co.kr/ko/stories/mixdown1",mixdown1,"믹스다운",0,22,0.00,2.6
"https://studionol.co.kr/ko/stories/mixedvoice1",mixedvoice1,"두성 확인법",0,3,0.00,12.7
"https://studionol.co.kr/ko/stories/mixedvoice1",mixedvoice1,"믹스보이스 내는법",0,3,0.00,18.3
"https://studionol.co.kr/ko/stories/mixedvoice1",mixedvoice1,"믹스보이스 단점",0,1,0.00,20.0
"https://studionol.co.kr/ko/stories/mixedvoice1",mixedvoice1,"믹스보이스 뜻",0,2,0.00,6.0
"https://studionol.co.kr/ko/stories/mixedvoice1",mixedvoice1,"믹스보이스 연습법",0,1,0.00,10.0
"https://studionol.co.kr/ko/stories/mixedvoice1",mixedvoice1,"발성법",0,1,0.00,2.0
"https://studionol.co.kr/ko/stories/mixedvoice1",mixedvoice1,"흉성 패키지",0,1,0.00,24.0
"https://studionol.co.kr/ko/stories/mixing-complete-guide",mixing-complete-guide,"tdr kotelnikov",0,1,0.00,18.0
"https://studionol.co.kr/ko/stories/mixing-complete-guide",mixing-complete-guide,"마스터 링 하는 법",0,3,0.00,27.0
"https://studionol.co.kr/ko/stories/mixing-complete-guide",mixing-complete-guide,"마스터링 하는법",0,1,0.00,24.0
"https://studionol.co.kr/ko/stories/mixing-complete-guide",mixing-complete-guide,"믹스마스터 믹스 표",0,1,0.00,8.0
"https://studionol.co.kr/ko/stories/mixing-complete-guide",mixing-complete-guide,"믹싱 마스터 링 독학",0,23,0.00,8.0
"https://studionol.co.kr/ko/stories/mixing-complete-guide",mixing-complete-guide,"믹싱 마스터링 레슨",0,2,0.00,20.5
"https://studionol.co.kr/ko/stories/mixing-complete-guide",mixing-complete-guide,"믹싱 마스터링 하는법",0,2,0.00,7.0
"https://studionol.co.kr/ko/stories/mixing-complete-guide",mixing-complete-guide,"믹싱 하는 법",0,16,0.00,18.9
"https://studionol.co.kr/ko/stories/mixing-complete-guide",mixing-complete-guide,"믹싱 하는법",0,20,0.00,8.8
"https://studionol.co.kr/ko/stories/mixing-complete-guide",mixing-complete-guide,"믹싱하는 법",0,9,0.00,10.6
"https://studionol.co.kr/ko/stories/mixing-complete-guide",mixing-complete-guide,"보컬 믹싱 순서",0,3,0.00,13.3
"https://studionol.co.kr/ko/stories/mixing-complete-guide#%EB%AF%B9%EC%8B%B1%EC%9D%B4%EB%9D%BC%EB%8A%94-%EA%B8%B4-%EC%97%AC%EC%A0%95",mixing-complete-guide,"믹싱 강의",0,14,0.00,6.9
"https://studionol.co.kr/ko/stories/mixing-complete-guide#%EB%AF%B9%EC%8B%B1%EC%9D%B4%EB%9D%BC%EB%8A%94-%EA%B8%B4-%EC%97%AC%EC%A0%95",mixing-complete-guide,"믹싱 레슨",0,5,0.00,8.4
"https://studionol.co.kr/ko/stories/mixing-complete-guide#%ED%95%99%EC%8A%B5-%EB%A1%9C%EB%93%9C%EB%A7%B5-4%EB%8B%A8%EA%B3%84",mixing-complete-guide,"믹싱 강의",0,4,0.00,6.8
"https://studionol.co.kr/ko/stories/mixing-complete-guide#%ED%95%99%EC%8A%B5-%EB%A1%9C%EB%93%9C%EB%A7%B5-4%EB%8B%A8%EA%B3%84",mixing-complete-guide,"믹싱 레슨",0,2,0.00,6.5
"https://studionol.co.kr/ko/stories/mixing-complete-guide#1%EB%8B%A8%EA%B3%84-%EA%B8%B0%EC%B4%88-%EC%9D%B4%ED%95%B4-15%EB%B6%80",mixing-complete-guide,"믹싱 강의",0,14,0.00,6.9
"https://studionol.co.kr/ko/stories/mixing-complete-guide#1%EB%8B%A8%EA%B3%84-%EA%B8%B0%EC%B4%88-%EC%9D%B4%ED%95%B4-15%EB%B6%80",mixing-complete-guide,"믹싱 레슨",0,5,0.00,8.4
"https://studionol.co.kr/ko/stories/mixing-complete-guide#2%EB%8B%A8%EA%B3%84-eq%EC%BB%B4%ED%94%84%EB%A0%88%EC%84%9C-612%EB%B6%80",mixing-complete-guide,"믹싱 강의",0,14,0.00,6.9
"https://studionol.co.kr/ko/stories/mixing-complete-guide#2%EB%8B%A8%EA%B3%84-eq%EC%BB%B4%ED%94%84%EB%A0%88%EC%84%9C-612%EB%B6%80",mixing-complete-guide,"믹싱 레슨",0,5,0.00,8.4
"https://studionol.co.kr/ko/stories/mixing-complete-guide#3%EB%8B%A8%EA%B3%84-%EA%B3%B5%EA%B0%84%EA%B3%84%EC%9D%B4%ED%8E%99%ED%8A%B8-1318%EB%B6%80",mixing-complete-guide,"믹싱 강의",0,4,0.00,6.8
"https://studionol.co.kr/ko/stories/mixing-complete-guide#3%EB%8B%A8%EA%B3%84-%EA%B3%B5%EA%B0%84%EA%B3%84%EC%9D%B4%ED%8E%99%ED%8A%B8-1318%EB%B6%80",mixing-complete-guide,"믹싱 레슨",0,2,0.00,6.5
"https://studionol.co.kr/ko/stories/mixing-complete-guide#4%EB%8B%A8%EA%B3%84-%EB%B3%B4%EC%BB%AC%EB%A7%88%EC%8A%A4%ED%84%B0%EB%A7%81-1923%EB%B6%80",mixing-complete-guide,"믹싱 강의",0,4,0.00,6.8
"https://studionol.co.kr/ko/stories/mixing-complete-guide#4%EB%8B%A8%EA%B3%84-%EB%B3%B4%EC%BB%AC%EB%A7%88%EC%8A%A4%ED%84%B0%EB%A7%81-1923%EB%B6%80",mixing-complete-guide,"믹싱 레슨",0,2,0.00,6.5
"https://studionol.co.kr/ko/stories/mixing-vs-mastering1",mixing-vs-mastering1,"마스터링 믹싱 차이",0,2,0.00,10.5
"https://studionol.co.kr/ko/stories/mixing-vs-mastering1",mixing-vs-mastering1,"마스터링 순서",0,13,0.00,9.2
"https://studionol.co.kr/ko/stories/mixing-vs-mastering1",mixing-vs-mastering1,"믹싱 마스터링",0,2,0.00,39.0
"https://studionol.co.kr/ko/stories/mixing-vs-mastering1",mixing-vs-mastering1,"믹싱 마스터링 차이",0,4,0.00,11.3
"https://studionol.co.kr/ko/stories/mixing-vs-mastering1",mixing-vs-mastering1,"믹싱 순서",0,5,0.00,9.8
"https://studionol.co.kr/ko/stories/mixing-vs-mastering1",mixing-vs-mastering1,"믹싱과 마스터링 차이",0,7,0.00,10.6
"https://studionol.co.kr/ko/stories/mixing-vs-mastering1",mixing-vs-mastering1,"믹싱이란",0,4,0.00,11.8
"https://studionol.co.kr/ko/stories/mixing-workflow1",mixing-workflow1,"보컬 믹싱 순서",0,1,0.00,35.0
"https://studionol.co.kr/ko/stories/mixing1",mixing1,"mixing",0,33,0.00,3.2
"https://studionol.co.kr/ko/stories/mixing1",mixing1,"mixing 뜻",0,1,0.00,2.0
"https://studionol.co.kr/ko/stories/mixing1",mixing1,"site:studionol.co.kr",0,2,0.00,13.5
"https://studionol.co.kr/ko/stories/mixing1",mixing1,"믹싱",0,12,0.00,27.0
"https://studionol.co.kr/ko/stories/mixing1",mixing1,"믹싱 뜻",0,13,0.00,12.6
"https://studionol.co.kr/ko/stories/mixing1",mixing1,"믹싱 레슨",0,8,0.00,19.3
"https://studionol.co.kr/ko/stories/mixing1",mixing1,"믹싱 하는 법",0,24,0.00,12.5
"https://studionol.co.kr/ko/stories/mixing1",mixing1,"믹싱 하는법",0,50,0.00,9.0
"https://studionol.co.kr/ko/stories/mixing1",mixing1,"믹싱뜻",0,1,0.00,12.0
"https://studionol.co.kr/ko/stories/mixing1",mixing1,"믹싱이란",0,20,0.00,8.3
"https://studionol.co.kr/ko/stories/mixing1",mixing1,"음악 믹싱",0,2,0.00,10.5
"https://studionol.co.kr/ko/stories/mixing11",mixing11,"comping",0,1,0.00,1.0
"https://studionol.co.kr/ko/stories/mixing11",mixing11,"comping 뜻",0,4,0.00,13.8
"https://studionol.co.kr/ko/stories/mixing11",mixing11,"editing 뜻",0,2,0.00,7.5
"https://studionol.co.kr/ko/stories/mixing11",mixing11,"mixing 뜻",0,2,0.00,21.0
"https://studionol.co.kr/ko/stories/mixing11",mixing11,"나츠 믹싱",0,1,0.00,15.0
"https://studionol.co.kr/ko/stories/mixing11",mixing11,"노래 믹싱 뜻",0,6,0.00,13.8
"https://studionol.co.kr/ko/stories/mixing11",mixing11,"믹싱",0,1,0.00,48.0
"https://studionol.co.kr/ko/stories/mixing11",mixing11,"믹싱 뜻",0,12,0.00,10.9
"https://studionol.co.kr/ko/stories/mixing11",mixing11,"믹싱 순서",0,1,0.00,11.0
"https://studionol.co.kr/ko/stories/mixing11",mixing11,"믹싱뜻",0,3,0.00,11.0
"https://studionol.co.kr/ko/stories/mixing11",mixing11,"믹싱본 뜻",0,4,0.00,10.5
"https://studionol.co.kr/ko/stories/mixing11",mixing11,"보컬",0,1,0.00,1.0
"https://studionol.co.kr/ko/stories/mixing11",mixing11,"보컬 에디팅",0,2,0.00,8.0
"https://studionol.co.kr/ko/stories/mixing11",mixing11,"오디오 믹싱",0,2,0.00,14.0
"https://studionol.co.kr/ko/stories/mixing11",mixing11,"컴핑 뜻",0,27,0.00,11.3
"https://studionol.co.kr/ko/stories/mixing12",mixing12,"busmaster 사용법",0,1,0.00,9.0
"https://studionol.co.kr/ko/stories/mixing12",mixing12,"site:studionol.co.kr",0,6,0.00,27.7
"https://studionol.co.kr/ko/stories/mixing15",mixing15,"pan",0,1,0.00,1.0
"https://studionol.co.kr/ko/stories/mixing15",mixing15,"pannig",0,3,0.00,8.0
"https://studionol.co.kr/ko/stories/mixing15",mixing15,"panning 뜻",0,183,0.00,4.8
"https://studionol.co.kr/ko/stories/mixing15",mixing15,"기타 패닝",0,2,0.00,7.5
"https://studionol.co.kr/ko/stories/mixing15",mixing15,"드럼",0,1,0.00,1.0
"https://studionol.co.kr/ko/stories/mixing15",mixing15,"드럼 패닝",0,9,0.00,11.8
"https://studionol.co.kr/ko/stories/mixing15",mixing15,"믹싱 패닝",0,18,0.00,6.7
"https://studionol.co.kr/ko/stories/mixing15",mixing15,"밴드 악기",0,1,0.00,1.0
"https://studionol.co.kr/ko/stories/mixing15",mixing15,"스테레오 뜻",0,1,0.00,8.0
"https://studionol.co.kr/ko/stories/mixing15",mixing15,"스테레오 믹스 없음",0,1,0.00,20.0
"https://studionol.co.kr/ko/stories/mixing15",mixing15,"스테레오 패닝",0,4,0.00,4.5
"https://studionol.co.kr/ko/stories/mixing15",mixing15,"음악 패닝",0,4,0.00,7.8
"https://studionol.co.kr/ko/stories/mixing15",mixing15,"카메라 패닝",0,1,0.00,4.0
"https://studionol.co.kr/ko/stories/mixing15",mixing15,"패닝 뜻",0,345,0.00,8.1
"https://studionol.co.kr/ko/stories/mixing15",mixing15,"팬닝 뜻",0,23,0.00,1.0
"https://studionol.co.kr/ko/stories/mixing15",mixing15,"페닝",0,1,0.00,1.0
"https://studionol.co.kr/ko/stories/mixing16",mixing16,"""보컬 두께감""",0,3,0.00,8.0
"https://studionol.co.kr/ko/stories/mixing18",mixing18,"reverb",0,4,0.00,2.3
"https://studionol.co.kr/ko/stories/mixing18",mixing18,"reverb 뜻",0,10,0.00,5.1
"https://studionol.co.kr/ko/stories/mixing18",mixing18,"리버브 디케이",0,3,0.00,4.0
"https://studionol.co.kr/ko/stories/mixing18",mixing18,"리버브 뜻",0,6,0.00,11.2
"https://studionol.co.kr/ko/stories/mixing18",mixing18,"리버브 종류",0,4,0.00,7.5
"https://studionol.co.kr/ko/stories/mixing18",mixing18,"리버브 프리딜레이",0,7,0.00,3.7
"https://studionol.co.kr/ko/stories/mixing18",mixing18,"프리딜레이",0,2,0.00,5.5
"https://studionol.co.kr/ko/stories/mixing19",mixing19,"""보컬 두께감""",0,45,0.00,9.9
"https://studionol.co.kr/ko/stories/mixing19",mixing19,"delay",0,74,0.00,7.9
"https://studionol.co.kr/ko/stories/mixing19",mixing19,"delay 뜻",0,2,0.00,14.0
"https://studionol.co.kr/ko/stories/mixing19",mixing19,"elffpdl",0,3,0.00,9.7
"https://studionol.co.kr/ko/stories/mixing19",mixing19,"딜레이 뜻",0,349,0.00,9.7
"https://studionol.co.kr/ko/stories/mixing19",mixing19,"딜레이 스펠링",0,1,0.00,11.0
"https://studionol.co.kr/ko/stories/mixing19",mixing19,"딜레이뜻",0,19,0.00,9.6
"https://studionol.co.kr/ko/stories/mixing19",mixing19,"딜레이텍스",0,1,0.00,10.0
"https://studionol.co.kr/ko/stories/mixing19",mixing19,"슬랩백",0,21,0.00,3.8
"https://studionol.co.kr/ko/stories/mixing19",mixing19,"테이프 딜레이",0,6,0.00,8.3
"https://studionol.co.kr/ko/stories/mixing2",mixing2,"모니터 스피커",0,1,0.00,1.0
"https://studionol.co.kr/ko/stories/mixing2",mixing2,"배치",0,1,0.00,1.0
"https://studionol.co.kr/ko/stories/mixing2",mixing2,"스튜디오 모니터 스피커",0,1,0.00,2.0
"https://studionol.co.kr/ko/stories/mixing2",mixing2,"스피커 세팅",0,1,0.00,19.0
"https://studionol.co.kr/ko/stories/mixing2",mixing2,"음악 작업",0,1,0.00,2.0
"https://studionol.co.kr/ko/stories/mixing2",mixing2,"저음",0,1,0.00,2.0
"https://studionol.co.kr/ko/stories/mixing20",mixing20,"플랜져",0,1,0.00,8.0
"https://studionol.co.kr/ko/stories/mixing23",mixing23,"mastering 뜻",0,2,0.00,8.5
"https://studionol.co.kr/ko/stories/mixing23",mixing23,"믹싱 뜻",0,6,0.00,5.5
"https://studionol.co.kr/ko/stories/mixing23",mixing23,"믹싱뜻",0,2,0.00,6.0
"https://studionol.co.kr/ko/stories/mixing4",mixing4,"44.1khz 48khz 차이",0,2,0.00,10.0
"https://studionol.co.kr/ko/stories/mixing5",mixing5,"jitter 사용법",0,14,0.00,9.2
"https://studionol.co.kr/ko/stories/mixing5",mixing5,"디지털 클리핑",0,11,0.00,4.5
"https://studionol.co.kr/ko/stories/mixing5",mixing5,"지터 노이즈",0,4,0.00,10.8
"https://studionol.co.kr/ko/stories/mixing5",mixing5,"지터노이즈",0,2,0.00,6.0
"https://studionol.co.kr/ko/stories/mixing6",mixing6,"lufs",0,1,0.00,2.0
"https://studionol.co.kr/ko/stories/mixing6",mixing6,"lufs 뜻",0,40,0.00,10.2
"https://studionol.co.kr/ko/stories/mixing6",mixing6,"meter lufs",0,3,0.00,7.0
"https://studionol.co.kr/ko/stories/mixing6",mixing6,"metered 뜻",0,19,0.00,11.1
"https://studionol.co.kr/ko/stories/mixing6",mixing6,"metering",0,23,0.00,4.3
"https://studionol.co.kr/ko/stories/mixing6",mixing6,"metering 뜻",0,128,0.00,6.7
"https://studionol.co.kr/ko/stories/mixing6",mixing6,"metring",0,1,0.00,1.0
"https://studionol.co.kr/ko/stories/mixing6",mixing6,"rms lufs",0,1,0.00,11.0
"https://studionol.co.kr/ko/stories/mixing6",mixing6,"vu 미터",0,1,0.00,29.0
"https://studionol.co.kr/ko/stories/mixing6",mixing6,"vu미터",0,1,0.00,2.0
"https://studionol.co.kr/ko/stories/mixing6",mixing6,"미터링 뜻",0,15,0.00,5.9
"https://studionol.co.kr/ko/stories/mixing6",mixing6,"믹싱 뜻",0,23,0.00,10.0
"https://studionol.co.kr/ko/stories/mixing6",mixing6,"믹싱뜻",0,1,0.00,11.0
"https://studionol.co.kr/ko/stories/mixing6#1-%ED%94%BC%ED%81%AC-%EB%AF%B8%ED%84%B0peak-meter-%EC%88%9C%EA%B0%84%EC%9D%98-%EC%B0%B0%EB%82%98",mixing6,"미터링",0,1,0.00,11.0
"https://studionol.co.kr/ko/stories/mixing6#2-%EB%AF%B9%EC%8A%A4-%EB%B2%84%EC%8A%A4master-bus-lufs%EB%A5%BC-%EB%B3%B4%EC%84%B8%EC%9A%94",mixing6,"미터링",0,1,0.00,11.0
"https://studionol.co.kr/ko/stories/mixing7",mixing7,"daw 사용법",0,1,0.00,9.0
"https://studionol.co.kr/ko/stories/mixing7",mixing7,"site:studionol.co.kr",0,6,0.00,22.5
"https://studionol.co.kr/ko/stories/mixing8",mixing8,"gain stage",0,3,0.00,7.0
"https://studionol.co.kr/ko/stories/mixing8",mixing8,"gain staging",0,6,0.00,4.7
"https://studionol.co.kr/ko/stories/mixing8",mixing8,"gain 뜻",0,6,0.00,10.8
"https://studionol.co.kr/ko/stories/mixing8",mixing8,"gainstaging",0,1,0.00,10.0
"https://studionol.co.kr/ko/stories/mixing8",mixing8,"staging 뜻",0,160,0.00,8.2
"https://studionol.co.kr/ko/stories/mixing8",mixing8,"게인 뜻",0,1,0.00,10.0
"https://studionol.co.kr/ko/stories/mixing8",mixing8,"게인 스테이징 뜻",0,4,0.00,4.8
"https://studionol.co.kr/ko/stories/mixing8",mixing8,"레코딩 뜻",0,3,0.00,17.7
"https://studionol.co.kr/ko/stories/mixing8",mixing8,"스테이징 뜻",0,1,0.00,7.0
"https://studionol.co.kr/ko/stories/mixing9",mixing9,"다중 뜻",0,1,0.00,23.0
"https://studionol.co.kr/ko/stories/mixvoice1",mixvoice1,"고음 잘 내는법",0,1,0.00,3.0
"https://studionol.co.kr/ko/stories/mixvoice1",mixvoice1,"두성 느낌",0,3,0.00,8.3
"https://studionol.co.kr/ko/stories/mixvoice1",mixvoice1,"두성 흉성",0,6,0.00,8.2
"https://studionol.co.kr/ko/stories/mixvoice1",mixvoice1,"믹스",0,36,0.00,3.3
"https://studionol.co.kr/ko/stories/mixvoice1",mixvoice1,"믹스 보이스",0,61,0.00,6.4
"https://studionol.co.kr/ko/stories/mixvoice1",mixvoice1,"믹스보이스 가성 차이",0,1,0.00,1.0
"https://studionol.co.kr/ko/stories/mixvoice1",mixvoice1,"믹스보이스 느낌",0,44,0.00,7.3
"https://studionol.co.kr/ko/stories/mixvoice1",mixvoice1,"믹스보이스 뜻",0,49,0.00,6.1
"https://studionol.co.kr/ko/stories/mixvoice1",mixvoice1,"믹스보이스 연습 방법",0,2,0.00,6.0
"https://studionol.co.kr/ko/stories/mixvoice1",mixvoice1,"믹스보이스 연습곡",0,5,0.00,24.6
"https://studionol.co.kr/ko/stories/mixvoice1",mixvoice1,"믹스보이스 연습법",0,6,0.00,7.3
"https://studionol.co.kr/ko/stories/mixvoice1",mixvoice1,"믹스보이스 하는법",0,11,0.00,4.1
"https://studionol.co.kr/ko/stories/mixvoice1",mixvoice1,"믹스보이스란",0,3,0.00,9.3
"https://studionol.co.kr/ko/stories/mixvoice1",mixvoice1,"보이스 뜻",0,1,0.00,1.0
"https://studionol.co.kr/ko/stories/mixvoice1",mixvoice1,"여자목소리 내는법",0,1,0.00,2.0
"https://studionol.co.kr/ko/stories/mixvoice1",mixvoice1,"흉성 풀에겐",0,1,0.00,1.0
"https://studionol.co.kr/ko/stories/mixvoice1#%EB%AF%B9%EC%8A%A4-%EB%B3%B4%EC%9D%B4%EC%8A%A4-%EC%B0%BE%EB%8A%94-%ED%9B%88%EB%A0%A8",mixvoice1,"믹스보이스 내는법",0,81,0.00,6.0
"https://studionol.co.kr/ko/stories/mixvoice1#%EB%AF%B9%EC%8A%A4-%EB%B3%B4%EC%9D%B4%EC%8A%A4-%EC%B0%BE%EB%8A%94-%ED%9B%88%EB%A0%A8",mixvoice1,"믹스보이스 연습법",0,4,0.00,7.0
"https://studionol.co.kr/ko/stories/mixvoice1#%EB%AF%B9%EC%8A%A4-%EB%B3%B4%EC%9D%B4%EC%8A%A4-%EC%B0%BE%EB%8A%94-%ED%9B%88%EB%A0%A8",mixvoice1,"흉성 두성",0,2,0.00,7.5
"https://studionol.co.kr/ko/stories/mixvoice1#%ED%8C%A8%EC%8B%9C%EC%A7%80%EC%98%A4passaggio-%EC%9C%84%EC%B9%98",mixvoice1,"믹스보이스 내는법",0,81,0.00,6.0
"https://studionol.co.kr/ko/stories/mixvoice1#%ED%8C%A8%EC%8B%9C%EC%A7%80%EC%98%A4passaggio-%EC%9C%84%EC%B9%98",mixvoice1,"믹스보이스 연습법",0,4,0.00,7.0
"https://studionol.co.kr/ko/stories/mixvoice1#%ED%8C%A8%EC%8B%9C%EC%A7%80%EC%98%A4passaggio-%EC%9C%84%EC%B9%98",mixvoice1,"흉성 두성",0,2,0.00,7.5
"https://studionol.co.kr/ko/stories/mixvoice1#%ED%9D%89%EC%84%B1%EA%B3%BC-%EB%91%90%EC%84%B1-%EC%82%AC%EC%9D%B4%EC%9D%98-%EC%A0%9C3%EC%9D%98-%EC%86%8C%EB%A6%AC",mixvoice1,"믹스보이스 내는법",0,81,0.00,6.0
"https://studionol.co.kr/ko/stories/mixvoice1#%ED%9D%89%EC%84%B1%EA%B3%BC-%EB%91%90%EC%84%B1-%EC%82%AC%EC%9D%B4%EC%9D%98-%EC%A0%9C3%EC%9D%98-%EC%86%8C%EB%A6%AC",mixvoice1,"믹스보이스 연습법",0,4,0.00,7.0
"https://studionol.co.kr/ko/stories/mixvoice1#%ED%9D%89%EC%84%B1%EA%B3%BC-%EB%91%90%EC%84%B1-%EC%82%AC%EC%9D%B4%EC%9D%98-%EC%A0%9C3%EC%9D%98-%EC%86%8C%EB%A6%AC",mixvoice1,"흉성 두성",0,2,0.00,7.5
"https://studionol.co.kr/ko/stories/monitor-speakers1",monitor-speakers1,"모니터 스피커",0,1,0.00,19.0
"https://studionol.co.kr/ko/stories/monitor-speakers1",monitor-speakers1,"모니터링 스피커 입문",0,20,0.00,6.4
"https://studionol.co.kr/ko/stories/monitor-speakers1",monitor-speakers1,"모니터용 스피커",0,3,0.00,10.3
"https://studionol.co.kr/ko/stories/monitor-speakers1",monitor-speakers1,"스튜디오 스피커",0,5,0.00,10.0
"https://studionol.co.kr/ko/stories/monitor-speakers1#%EB%AA%A8%EB%8B%88%ED%84%B0-%EC%8A%A4%ED%94%BC%EC%BB%A4-%EB%AF%B9%EC%8B%B1-%ED%8C%90%EB%8B%A8%EC%9D%98-%EA%B8%B0%EC%A4%80",monitor-speakers1,"모니터용 스피커",0,1,0.00,11.0
"https://studionol.co.kr/ko/stories/monitor-speakers1#%EB%AA%A8%EB%8B%88%ED%84%B0-%EC%8A%A4%ED%94%BC%EC%BB%A4-%EB%AF%B9%EC%8B%B1-%ED%8C%90%EB%8B%A8%EC%9D%98-%EA%B8%B0%EC%A4%80",monitor-speakers1,"스튜디오 모니터 스피커",0,3,0.00,9.0
"https://studionol.co.kr/ko/stories/monitor-speakers1#%EC%9E%85%EB%AC%B8%EC%A4%91%EA%B8%89-1570%EB%A7%8C-%EC%9B%901%EA%B0%9C",monitor-speakers1,"모니터용 스피커",0,1,0.00,11.0
"https://studionol.co.kr/ko/stories/monitor-speakers1#%EC%9E%85%EB%AC%B8%EC%A4%91%EA%B8%89-1570%EB%A7%8C-%EC%9B%901%EA%B0%9C",monitor-speakers1,"스튜디오 모니터 스피커",0,3,0.00,9.0
"https://studionol.co.kr/ko/stories/monitor-speakers1#%EC%A0%84%EB%AC%B8%EA%B0%80%EA%B8%89-100%EB%A7%8C-%EC%9B%901%EA%B0%9C",monitor-speakers1,"스튜디오 모니터 스피커",0,2,0.00,8.5
"https://studionol.co.kr/ko/stories/monitoring1",monitoring1,"site:studionol.co.kr",0,1,0.00,23.0
"https://studionol.co.kr/ko/stories/monitoring1",monitoring1,"오디오 인터페이스",0,1,0.00,1.0
"https://studionol.co.kr/ko/stories/multiband1",multiband1,"멀티밴드",0,4,0.00,9.3
"https://studionol.co.kr/ko/stories/music-analytics1",music-analytics1,"site:studionol.co.kr",0,2,0.00,147.5
"https://studionol.co.kr/ko/stories/music-analytics1",music-analytics1,"노래 스트리밍 데이터",0,7,0.00,7.6
"https://studionol.co.kr/ko/stories/music-analytics1",music-analytics1,"음악 스트리밍 알고리즘",0,1,0.00,6.0
"https://studionol.co.kr/ko/stories/music-business1",music-business1,"site:studionol.co.kr",0,1,0.00,63.0
"https://studionol.co.kr/ko/stories/music-business1",music-business1,"나만의 음악 유통 회사를 시작하는 방법은?",0,5,0.00,9.0
"https://studionol.co.kr/ko/stories/music-business1",music-business1,"더 정리해줘",0,1,0.00,1.0
"https://studionol.co.kr/ko/stories/music-business1",music-business1,"수입",0,1,0.00,5.0
"https://studionol.co.kr/ko/stories/music-business1",music-business1,"오디오 콘텐츠 외주",0,2,0.00,59.5
"https://studionol.co.kr/ko/stories/music-business1",music-business1,"음악으로 돈버는법",0,13,0.00,10.0
"https://studionol.co.kr/ko/stories/music-business1",music-business1,"음악으로 돈벌기",0,2,0.00,19.5
"https://studionol.co.kr/ko/stories/music-business1",music-business1,"음원 발매 사이트",0,1,0.00,1.0
"https://studionol.co.kr/ko/stories/music-business1",music-business1,"음원 수익 구조",0,1,0.00,47.0
"https://studionol.co.kr/ko/stories/music-business1",music-business1,"음원 유통사",0,2,0.00,1.0
"https://studionol.co.kr/ko/stories/music-business1",music-business1,"음원수익",0,1,0.00,50.0
"https://studionol.co.kr/ko/stories/music-business1",music-business1,"음원유통사",0,1,0.00,1.0
"https://studionol.co.kr/ko/stories/music-collab1",music-collab1,"site:studionol.co.kr",0,2,0.00,119.0
"https://studionol.co.kr/ko/stories/music-collab1",music-collab1,"보컬로이드 저작권",0,1,0.00,1.0
"https://studionol.co.kr/ko/stories/music-copyright1",music-copyright1,"한국음악실연자연합회 저작인접권 공식",0,1,0.00,6.0
"https://studionol.co.kr/ko/stories/music-copyright1",music-copyright1,"가수 저작권",0,1,0.00,9.0
"https://studionol.co.kr/ko/stories/music-copyright1",music-copyright1,"마스터권",0,2,0.00,25.0
"https://studionol.co.kr/ko/stories/music-copyright1",music-copyright1,"마스터권 뜻",0,2,0.00,6.0
"https://studionol.co.kr/ko/stories/music-copyright1",music-copyright1,"마스터권 인접권 차이",0,1,0.00,11.0
"https://studionol.co.kr/ko/stories/music-copyright1",music-copyright1,"음악 저작 인접권",0,1,0.00,8.0
"https://studionol.co.kr/ko/stories/music-copyright1",music-copyright1,"음악 저작권 구매 방법",0,1,0.00,42.0
"https://studionol.co.kr/ko/stories/music-copyright1",music-copyright1,"음악 저작권료",0,1,0.00,50.0
"https://studionol.co.kr/ko/stories/music-copyright1",music-copyright1,"음악 저작인접권",0,2,0.00,8.5
"https://studionol.co.kr/ko/stories/music-copyright1",music-copyright1,"인접권",0,1,0.00,31.0
"https://studionol.co.kr/ko/stories/music-copyright1",music-copyright1,"인접권료",0,8,0.00,7.8
"https://studionol.co.kr/ko/stories/music-copyright1",music-copyright1,"인접권이란",0,1,0.00,9.0
"https://studionol.co.kr/ko/stories/music-copyright1",music-copyright1,"작곡가가 가질수 있는 저작권",0,16,0.00,7.6
"https://studionol.co.kr/ko/stories/music-copyright1",music-copyright1,"저작 인접권",0,1,0.00,40.0
"https://studionol.co.kr/ko/stories/music-copyright1",music-copyright1,"저작권 음악",0,14,0.00,45.6
"https://studionol.co.kr/ko/stories/music-copyright1",music-copyright1,"저작권료",0,1,0.00,58.0
"https://studionol.co.kr/ko/stories/music-copyright1",music-copyright1,"저작권료기준",0,7,0.00,9.1
"https://studionol.co.kr/ko/stories/music-copyright1",music-copyright1,"저작인접권",0,1,0.00,1.0
"https://studionol.co.kr/ko/stories/music-copyright1",music-copyright1,"저작인접권료",0,4,0.00,9.5
"https://studionol.co.kr/ko/stories/music-crowdfunding1",music-crowdfunding1,"site:studionol.co.kr",0,1,0.00,59.0
"https://studionol.co.kr/ko/stories/music-crowdfunding1",music-crowdfunding1,"와디즈 텀블벅 프로젝트 올리기 조건",0,2,0.00,43.0
"https://studionol.co.kr/ko/stories/music-crowdfunding1",music-crowdfunding1,"텀블벅 와디즈",0,11,0.00,6.8
"https://studionol.co.kr/ko/stories/music-distribution1",music-distribution1,"distrokid melon",0,1,0.00,11.0
"https://studionol.co.kr/ko/stories/music-distribution1",music-distribution1,"distrokid 멜론",0,1,0.00,12.0
"https://studionol.co.kr/ko/stories/music-distribution1",music-distribution1,"distrokid 음원 등록",0,3,0.00,7.0
"https://studionol.co.kr/ko/stories/music-distribution1",music-distribution1,"국내는?",0,1,0.00,6.0
"https://studionol.co.kr/ko/stories/music-distribution1",music-distribution1,"레이블이 spotify에 음원을 유통하는 방법은?",0,3,0.00,9.7
"https://studionol.co.kr/ko/stories/music-distribution1",music-distribution1,"멜론 아티스트 등록",0,1,0.00,2.0
"https://studionol.co.kr/ko/stories/music-distribution1",music-distribution1,"멜론 음원 등록",0,6,0.00,6.8
"https://studionol.co.kr/ko/stories/music-distribution1",music-distribution1,"멜론 음원 등록 방법",0,4,0.00,7.3
"https://studionol.co.kr/ko/stories/music-distribution1",music-distribution1,"멜론 음원 등록 비용",0,15,0.00,8.7
"https://studionol.co.kr/ko/stories/music-distribution1",music-distribution1,"멜론 음원신청",0,1,0.00,19.0
"https://studionol.co.kr/ko/stories/music-distribution1",music-distribution1,"멜론, 지니, 벅스에 유통하면서 해외 dsp에도 함께 유통할 수 있는 서비스는?",0,15,0.00,5.3
"https://studionol.co.kr/ko/stories/music-distribution1",music-distribution1,"멜론에 노래 올리기",0,1,0.00,1.0
"https://studionol.co.kr/ko/stories/music-distribution1",music-distribution1,"뮤직앤뉴 유통",0,1,0.00,13.0
"https://studionol.co.kr/ko/stories/music-distribution1",music-distribution1,"스포티 파이 음원 등록 비용",0,4,0.00,1.0
"https://studionol.co.kr/ko/stories/music-distribution1",music-distribution1,"스포티파이 음악 등록",0,1,0.00,3.0
"https://studionol.co.kr/ko/stories/music-distribution1",music-distribution1,"스포티파이 음원 등록",0,14,0.00,10.2
"https://studionol.co.kr/ko/stories/music-distribution1",music-distribution1,"음원 등록",0,11,0.00,13.0
"https://studionol.co.kr/ko/stories/music-distribution1",music-distribution1,"음원 등록 방법",0,4,0.00,35.5
"https://studionol.co.kr/ko/stories/music-distribution1",music-distribution1,"음원등록",0,5,0.00,18.8
"https://studionol.co.kr/ko/stories/music-distribution1",music-distribution1,"한국 음악 레이블이 해외(spotify, apple music)로 음원을 유통하는 가장 좋은 방법은?",0,14,0.00,5.9
"https://studionol.co.kr/ko/stories/music-grants1",music-grants1,"음악 지원사업",0,3,0.00,7.0
"https://studionol.co.kr/ko/stories/music-grants1",music-grants1,"음악인 지원금",0,1,0.00,7.0
"https://studionol.co.kr/ko/stories/music-management1",music-management1,"매니저 역할",0,1,0.00,19.0
"https://studionol.co.kr/ko/stories/music-management1",music-management1,"매니지먼트 하는 일",0,4,0.00,10.5
"https://studionol.co.kr/ko/stories/music-management1",music-management1,"아티스트매니지먼트",0,2,0.00,8.5
"https://studionol.co.kr/ko/stories/music-marketing1",music-marketing1,"site:studionol.co.kr",0,1,0.00,62.0
"https://studionol.co.kr/ko/stories/music-marketing1",music-marketing1,"곡 카피 하는 법",0,1,0.00,10.0
"https://studionol.co.kr/ko/stories/music-marketing1",music-marketing1,"그거말고 다른거",0,1,0.00,1.0
"https://studionol.co.kr/ko/stories/music-marketing1",music-marketing1,"뮤직마케팅",0,38,0.00,4.4
"https://studionol.co.kr/ko/stories/music-marketing1",music-marketing1,"신곡홍보",0,7,0.00,19.0
"https://studionol.co.kr/ko/stories/music-marketing1",music-marketing1,"아티스트 마케팅",0,208,0.00,11.3
"https://studionol.co.kr/ko/stories/music-marketing1",music-marketing1,"음악 콘텐츠",0,1,0.00,40.0
"https://studionol.co.kr/ko/stories/music-marketing1",music-marketing1,"음원 홍보 디시",0,1,0.00,11.0
"https://studionol.co.kr/ko/stories/music-marketing1",music-marketing1,"인디 밴드",0,1,0.00,2.0
"https://studionol.co.kr/ko/stories/music-marketing1#%EC%95%84%ED%8B%B0%EC%8A%A4%ED%8A%B8-%EB%A7%88%EC%BC%80%ED%8C%85-%EA%B3%A1-%ED%99%8D%EB%B3%B4%EC%99%80-%EB%AC%B4%EC%97%87%EC%9D%B4-%EB%8B%A4%EB%A5%B8%EA%B0%80",music-marketing1,"뮤직마케팅",0,13,0.00,3.0
"https://studionol.co.kr/ko/stories/music-marketing1#%EC%95%84%ED%8B%B0%EC%8A%A4%ED%8A%B8-%EB%A7%88%EC%BC%80%ED%8C%85-%EA%B3%A1-%ED%99%8D%EB%B3%B4%EC%99%80-%EB%AC%B4%EC%97%87%EC%9D%B4-%EB%8B%A4%EB%A5%B8%EA%B0%80",music-marketing1,"음악 마케팅",0,8,0.00,3.4
"https://studionol.co.kr/ko/stories/music-marketing1#%EC%95%84%ED%8B%B0%EC%8A%A4%ED%8A%B8-%EB%A7%88%EC%BC%80%ED%8C%85-%EA%B3%A1-%ED%99%8D%EB%B3%B4%EC%99%80-%EB%AC%B4%EC%97%87%EC%9D%B4-%EB%8B%A4%EB%A5%B8%EA%B0%80",music-marketing1,"음악 홍보",0,8,0.00,2.8
"https://studionol.co.kr/ko/stories/music-marketing1#%EC%95%84%ED%8B%B0%EC%8A%A4%ED%8A%B8-%EB%A7%88%EC%BC%80%ED%8C%85-%EA%B3%A1-%ED%99%8D%EB%B3%B4%EC%99%80-%EB%AC%B4%EC%97%87%EC%9D%B4-%EB%8B%A4%EB%A5%B8%EA%B0%80",music-marketing1,"음원 마케팅",0,6,0.00,4.0
"https://studionol.co.kr/ko/stories/music-marketing1#%EC%95%84%ED%8B%B0%EC%8A%A4%ED%8A%B8-%EB%A7%88%EC%BC%80%ED%8C%85-%EA%B3%A1-%ED%99%8D%EB%B3%B4%EC%99%80-%EB%AC%B4%EC%97%87%EC%9D%B4-%EB%8B%A4%EB%A5%B8%EA%B0%80",music-marketing1,"음원 홍보",0,11,0.00,7.5
"https://studionol.co.kr/ko/stories/music-marketing1#%EC%9D%8C%EC%95%85-%EB%A7%88%EC%BC%80%ED%8C%85-%EC%A2%8B%EC%9D%80-%EC%9D%8C%EC%95%85%EB%8F%84-%EC%95%8C%EB%A0%A4%EC%95%BC-%EB%93%A4%EB%A6%B0%EB%8B%A4",music-marketing1,"뮤직마케팅",0,13,0.00,3.0
"https://studionol.co.kr/ko/stories/music-marketing1#%EC%9D%8C%EC%95%85-%EB%A7%88%EC%BC%80%ED%8C%85-%EC%A2%8B%EC%9D%80-%EC%9D%8C%EC%95%85%EB%8F%84-%EC%95%8C%EB%A0%A4%EC%95%BC-%EB%93%A4%EB%A6%B0%EB%8B%A4",music-marketing1,"음악 마케팅",0,8,0.00,3.4
"https://studionol.co.kr/ko/stories/music-marketing1#%EC%9D%8C%EC%95%85-%EB%A7%88%EC%BC%80%ED%8C%85-%EC%A2%8B%EC%9D%80-%EC%9D%8C%EC%95%85%EB%8F%84-%EC%95%8C%EB%A0%A4%EC%95%BC-%EB%93%A4%EB%A6%B0%EB%8B%A4",music-marketing1,"음악 홍보",0,8,0.00,2.8
"https://studionol.co.kr/ko/stories/music-marketing1#%EC%9D%8C%EC%95%85-%EB%A7%88%EC%BC%80%ED%8C%85-%EC%A2%8B%EC%9D%80-%EC%9D%8C%EC%95%85%EB%8F%84-%EC%95%8C%EB%A0%A4%EC%95%BC-%EB%93%A4%EB%A6%B0%EB%8B%A4",music-marketing1,"음원 마케팅",0,6,0.00,4.0
"https://studionol.co.kr/ko/stories/music-marketing1#%EC%9D%8C%EC%95%85-%EB%A7%88%EC%BC%80%ED%8C%85-%EC%A2%8B%EC%9D%80-%EC%9D%8C%EC%95%85%EB%8F%84-%EC%95%8C%EB%A0%A4%EC%95%BC-%EB%93%A4%EB%A6%B0%EB%8B%A4",music-marketing1,"음원 홍보",0,11,0.00,7.5
"https://studionol.co.kr/ko/stories/music-merchandise1",music-merchandise1,"site:studionol.co.kr",0,2,0.00,151.5
"https://studionol.co.kr/ko/stories/music-merchandise1",music-merchandise1,"굿즈 제작 수익성",0,40,0.00,5.8
"https://studionol.co.kr/ko/stories/music-merchandise1#%EA%B5%BF%EC%A6%88-%EC%A0%9C%EC%9E%91-%EC%A0%84%EB%9E%B5",music-merchandise1,"음악 굿즈",0,1,0.00,10.0
"https://studionol.co.kr/ko/stories/music-merchandise1#%EA%B5%BF%EC%A6%88-%ED%8C%AC%EA%B3%BC%EC%9D%98-%EB%AC%BC%EB%A6%AC%EC%A0%81-%EC%97%B0%EA%B2%B0%EA%B3%A0%EB%A6%AC",music-merchandise1,"음악 굿즈",0,5,0.00,9.8
"https://studionol.co.kr/ko/stories/music-merchandise1#%EB%AE%A4%EC%A7%80%EC%85%98-%EA%B5%BF%EC%A6%88-%EC%A2%85%EB%A5%98%EC%99%80-%EC%88%98%EC%9D%B5%EC%84%B1",music-merchandise1,"음악 굿즈",0,5,0.00,9.8
"https://studionol.co.kr/ko/stories/music-merchandise1#%EC%B4%88%EA%B8%B0-%EB%AE%A4%EC%A7%80%EC%85%98-%EA%B5%BF%EC%A6%88-%EB%A1%9C%EB%93%9C%EB%A7%B5",music-merchandise1,"음악 굿즈",0,5,0.00,9.8
"https://studionol.co.kr/ko/stories/music-merchandise1#%ED%94%8C%EB%9E%AB%ED%8F%BC%EB%B3%84-%ED%8A%B9%EC%A7%95",music-merchandise1,"음악 굿즈",0,1,0.00,10.0
"https://studionol.co.kr/ko/stories/music-network1",music-network1,"site:studionol.co.kr",0,2,0.00,101.0
"https://studionol.co.kr/ko/stories/music-newsletter1",music-newsletter1,"site:studionol.co.kr",0,1,0.00,66.0
"https://studionol.co.kr/ko/stories/music-podcast1",music-podcast1,"오디오 콘텐츠 견적",0,2,0.00,13.0
"https://studionol.co.kr/ko/stories/music-podcast1",music-podcast1,"오디오 콘텐츠 외주",0,2,0.00,30.0
"https://studionol.co.kr/ko/stories/music-podcast1",music-podcast1,"오디오 콘텐츠 전문가",0,2,0.00,30.5
"https://studionol.co.kr/ko/stories/music-producer1",music-producer1,"음반 프로듀서",0,6,0.00,9.5
"https://studionol.co.kr/ko/stories/music-producer1",music-producer1,"음악 프로듀서",0,4,0.00,20.0
"https://studionol.co.kr/ko/stories/music-producer1",music-producer1,"음악 프로듀서 되는 법",0,4,0.00,11.3
"https://studionol.co.kr/ko/stories/music-producer1",music-producer1,"음악 프로듀서 현실",0,1,0.00,11.0
"https://studionol.co.kr/ko/stories/music-producer1",music-producer1,"음악 프로듀서가 하는일",0,6,0.00,9.3
"https://studionol.co.kr/ko/stories/music-producer1",music-producer1,"프로듀서 되는법",0,3,0.00,20.0
"https://studionol.co.kr/ko/stories/music-producer1",music-producer1,"프로듀서 역할",0,19,0.00,8.7
"https://studionol.co.kr/ko/stories/music-producer1",music-producer1,"프로듀서 하는 일",0,1,0.00,34.0
"https://studionol.co.kr/ko/stories/music-producer1",music-producer1,"프로듀서 하는일",0,1,0.00,1.0
"https://studionol.co.kr/ko/stories/music-publishing1",music-publishing1,"게임 퍼블리싱 음악 퍼블리싱 차이점 비교",0,2,0.00,38.5
"https://studionol.co.kr/ko/stories/music-publishing1",music-publishing1,"뮤직 퍼블리싱",0,1,0.00,5.0
"https://studionol.co.kr/ko/stories/music-scale1",music-scale1,"장음계 단음계",0,1,0.00,11.0
"https://studionol.co.kr/ko/stories/music-sns1",music-sns1,"sns스튜디오",0,6,0.00,8.7
"https://studionol.co.kr/ko/stories/music-video1",music-video1,"site:studionol.co.kr",0,1,0.00,65.0
"https://studionol.co.kr/ko/stories/music-video1",music-video1,"뮤비 제작",0,4,0.00,19.5
"https://studionol.co.kr/ko/stories/music-video1",music-video1,"뮤비 촬영",0,10,0.00,7.0
"https://studionol.co.kr/ko/stories/music-video1",music-video1,"뮤직 비디오 만들기",0,3,0.00,32.7
"https://studionol.co.kr/ko/stories/music-video1",music-video1,"뮤직 비디오 제작",0,8,0.00,20.4
"https://studionol.co.kr/ko/stories/music-video1",music-video1,"뮤직비디오",0,1,0.00,137.0
"https://studionol.co.kr/ko/stories/music-video1",music-video1,"뮤직비디오 스튜디오",0,2,0.00,15.0
"https://studionol.co.kr/ko/stories/music-video1",music-video1,"뮤직비디오 제작 비용",0,1,0.00,1.0
"https://studionol.co.kr/ko/stories/music-video1",music-video1,"뮤직비디오 제작사",0,8,0.00,7.0
"https://studionol.co.kr/ko/stories/music-video1",music-video1,"뮤직비디오 촬영",0,14,0.00,9.6
"https://studionol.co.kr/ko/stories/music-video1",music-video1,"뮤직비디오 프로덕션",0,1,0.00,20.0
"https://studionol.co.kr/ko/stories/musical-vocal1",musical-vocal1,"뮤지컬 녹음",0,12,0.00,4.0
"https://studionol.co.kr/ko/stories/narration1",narration1,"site:studionol.co.kr",0,1,0.00,7.0
"https://studionol.co.kr/ko/stories/narration1",narration1,"나레이션 녹음",0,13,0.00,8.2
"https://studionol.co.kr/ko/stories/narration1",narration1,"나레이션 녹음 프로그램",0,3,0.00,22.7
"https://studionol.co.kr/ko/stories/narration1",narration1,"성우 녹음",0,4,0.00,59.5
"https://studionol.co.kr/ko/stories/narration1#%EC%84%B1%EC%9A%B0%EB%82%98%EB%A0%88%EC%9D%B4%EC%85%98-%EC%A0%84%EB%AC%B8-%EC%8A%A4%ED%8A%9C%EB%94%94%EC%98%A4%EC%97%90%EC%84%9C-%ED%95%B4%EC%95%BC-%ED%95%98%EB%8A%94-%EC%9D%B4%EC%9C%A0",narration1,"광고 나레이션 대본",0,3,0.00,4.7
"https://studionol.co.kr/ko/stories/narration1#%EC%9A%A9%EB%8F%84%EB%B3%84-%EB%82%98%EB%A0%88%EC%9D%B4%EC%85%98-%EB%85%B9%EC%9D%8C-%EA%B0%80%EC%9D%B4%EB%93%9C",narration1,"광고 나레이션 대본",0,3,0.00,4.7
"https://studionol.co.kr/ko/stories/nationwide1",nationwide1,"site:studionol.co.kr",0,7,0.00,21.3
"https://studionol.co.kr/ko/stories/nationwide1",nationwide1,"서울 녹음실",0,1,0.00,10.0
"https://studionol.co.kr/ko/stories/nectar1",nectar1,"ai 믹싱 플러그인",0,1,0.00,10.0
"https://studionol.co.kr/ko/stories/nectar1",nectar1,"izotope ai",0,1,0.00,10.0
"https://studionol.co.kr/ko/stories/nectar1",nectar1,"izotope nectar 3",0,1,0.00,9.0
"https://studionol.co.kr/ko/stories/nectar1",nectar1,"izotope nectar 4",0,14,0.00,6.4
"https://studionol.co.kr/ko/stories/nectar1",nectar1,"nectar 4",0,7,0.00,7.4
"https://studionol.co.kr/ko/stories/nectar1",nectar1,"nectar 4 advanced",0,1,0.00,8.0
"https://studionol.co.kr/ko/stories/nectar1",nectar1,"nectar 4 standard",0,1,0.00,6.0
"https://studionol.co.kr/ko/stories/nectar1",nectar1,"nectar 4 vocal assistant",0,1,0.00,4.0
"https://studionol.co.kr/ko/stories/nectar1",nectar1,"nectar 4 voices",0,3,0.00,4.0
"https://studionol.co.kr/ko/stories/nectar1",nectar1,"nectar izotope",0,2,0.00,6.5
"https://studionol.co.kr/ko/stories/nectar1",nectar1,"nectar vocal plugin",0,1,0.00,4.0
"https://studionol.co.kr/ko/stories/nectar1",nectar1,"nectar.ai",0,1,0.00,19.0
"https://studionol.co.kr/ko/stories/nectar1",nectar1,"nectar4",0,3,0.00,6.3
"https://studionol.co.kr/ko/stories/nectar1",nectar1,"site:studionol.co.kr",0,7,0.00,7.4
"https://studionol.co.kr/ko/stories/neo-soul1",neo-soul1,"gm9 피아노 코드",0,1,0.00,2.0
"https://studionol.co.kr/ko/stories/neo-soul1",neo-soul1,"네오 소울",0,1,0.00,9.0
"https://studionol.co.kr/ko/stories/noise-gate1",noise-gate1,"gate attack hold release",0,1,0.00,4.0
"https://studionol.co.kr/ko/stories/noise-gate1",noise-gate1,"site:studionol.co.kr",0,1,0.00,122.0
"https://studionol.co.kr/ko/stories/noise-gate1",noise-gate1,"노이즈 게이트",0,120,0.00,8.2
"https://studionol.co.kr/ko/stories/noise-gate1",noise-gate1,"노이즈 게이트 사용법",0,2,0.00,6.5
"https://studionol.co.kr/ko/stories/noise-gate1",noise-gate1,"노이즈 게이트 위치",0,2,0.00,10.5
"https://studionol.co.kr/ko/stories/noise-gate1",noise-gate1,"노이즈게이트",0,75,0.00,6.1
"https://studionol.co.kr/ko/stories/noise-gate1",noise-gate1,"노이즈게이트 위치",0,5,0.00,11.2
"https://studionol.co.kr/ko/stories/noise-reduction1",noise-reduction1,"골드웨이브 잡음제거",0,1,0.00,10.0
"https://studionol.co.kr/ko/stories/noise-reduction1",noise-reduction1,"관중 소리 제거 설정",0,1,0.00,9.0
"https://studionol.co.kr/ko/stories/noise-reduction1",noise-reduction1,"노래 잡음 제거",0,1,0.00,6.0
"https://studionol.co.kr/ko/stories/noise-reduction1",noise-reduction1,"노이즈 제거 방법",0,10,0.00,8.2
"https://studionol.co.kr/ko/stories/noise-reduction1",noise-reduction1,"녹음 잡음제거",0,14,0.00,7.6
"https://studionol.co.kr/ko/stories/noise-reduction1",noise-reduction1,"녹음 파일 잡음 제거",0,7,0.00,12.9
"https://studionol.co.kr/ko/stories/noise-reduction1",noise-reduction1,"녹음본 잡음 제거",0,5,0.00,8.8
"https://studionol.co.kr/ko/stories/noise-reduction1",noise-reduction1,"녹음파일 노이즈 제거",0,2,0.00,19.0
"https://studionol.co.kr/ko/stories/noise-reduction1",noise-reduction1,"배경 잡음 제거",0,499,0.00,29.9
"https://studionol.co.kr/ko/stories/noise-reduction1",noise-reduction1,"소리 잡음 제거",0,3,0.00,11.7
"https://studionol.co.kr/ko/stories/noise-reduction1",noise-reduction1,"아이폰 녹음 잡음 제거",0,1,0.00,42.0
"https://studionol.co.kr/ko/stories/noise-reduction1",noise-reduction1,"오디오 노이즈 제거",0,2,0.00,14.0
"https://studionol.co.kr/ko/stories/noise-reduction1",noise-reduction1,"오디오 배경 소음 제거",0,2,0.00,9.0
"https://studionol.co.kr/ko/stories/noise-reduction1",noise-reduction1,"오디오 잡음 제거",0,9,0.00,18.6
"https://studionol.co.kr/ko/stories/noise-reduction1",noise-reduction1,"오디오 잡음제거",0,1,0.00,20.0
"https://studionol.co.kr/ko/stories/noise-reduction1",noise-reduction1,"음성 노이즈 제거",0,1,0.00,32.0
"https://studionol.co.kr/ko/stories/noise-reduction1",noise-reduction1,"음성 잡음 제거",0,4,0.00,17.3
"https://studionol.co.kr/ko/stories/noise-reduction1",noise-reduction1,"음성녹음 잡음제거",0,45,0.00,7.9
"https://studionol.co.kr/ko/stories/noise-reduction1",noise-reduction1,"음성파일 노이즈 제거",0,1,0.00,26.0
"https://studionol.co.kr/ko/stories/noise-reduction1",noise-reduction1,"음성파일 잡음제거",0,6,0.00,11.0
"https://studionol.co.kr/ko/stories/noise-reduction1",noise-reduction1,"음악 잡음 제거",0,1,0.00,9.0
"https://studionol.co.kr/ko/stories/noise-reduction1",noise-reduction1,"음원 노이즈 제거",0,3,0.00,15.0
"https://studionol.co.kr/ko/stories/noise-reduction1",noise-reduction1,"음원 잡음 제거",0,6,0.00,8.3
"https://studionol.co.kr/ko/stories/noise-reduction1",noise-reduction1,"이어폰 잡음 제거",0,1,0.00,11.0
"https://studionol.co.kr/ko/stories/noise-reduction1",noise-reduction1,"잡음",0,1,0.00,2.0
"https://studionol.co.kr/ko/stories/noise-reduction1",noise-reduction1,"잡음 제거",0,167,0.00,37.3
"https://studionol.co.kr/ko/stories/noise-reduction1",noise-reduction1,"잡음 제거 사이트",0,1,0.00,11.0
"https://studionol.co.kr/ko/stories/noise-reduction1",noise-reduction1,"잡음제거",0,29,0.00,12.4
"https://studionol.co.kr/ko/stories/noise-reduction1",noise-reduction1,"전기 노이즈 제거",0,18,0.00,10.1
"https://studionol.co.kr/ko/stories/noise-reduction1",noise-reduction1,"프로젝트 노이즈",0,8,0.00,9.5
"https://studionol.co.kr/ko/stories/noise-reduction1",noise-reduction1,"핸드폰 녹음 잡음 제거",0,3,0.00,12.7
"https://studionol.co.kr/ko/stories/noise-reduction1#%EB%85%B9%EC%9D%8C-%EC%84%B8%EC%85%98%EC%97%90%EC%84%9C-%EA%B0%80%EC%9E%A5-%EC%9E%90%EC%A3%BC-%EB%A7%88%EC%A3%BC%EC%B9%98%EB%8A%94-%EC%9E%A1%EC%9D%8C-%EC%BC%80%EC%9D%B4%EC%8A%A4-5%EA%B0%80%EC%A7%80",noise-reduction1,"녹음 잡음 제거",0,23,0.00,7.5
"https://studionol.co.kr/ko/stories/noise-reduction1#%EB%85%B9%EC%9D%8C-%EC%84%B8%EC%85%98%EC%97%90%EC%84%9C-%EA%B0%80%EC%9E%A5-%EC%9E%90%EC%A3%BC-%EB%A7%88%EC%A3%BC%EC%B9%98%EB%8A%94-%EC%9E%A1%EC%9D%8C-%EC%BC%80%EC%9D%B4%EC%8A%A4-5%EA%B0%80%EC%A7%80",noise-reduction1,"음성녹음 잡음제거",0,3,0.00,8.0
"https://studionol.co.kr/ko/stories/noise-reduction1#%EB%B0%B0%EA%B2%BD-%EC%9E%A1%EC%9D%8C-%EC%A0%9C%EA%B1%B0-%EB%B0%A9%EB%B2%95-%EC%97%90%EC%96%B4%EC%BB%A8%EC%BB%B4%ED%93%A8%ED%84%B0-%ED%8C%AC%EC%83%9D%ED%99%9C-%EC%86%8C%EC%9D%8C-%EC%B0%A8%EB%8B%A8",noise-reduction1,"녹음 잡음 제거",0,9,0.00,7.1
"https://studionol.co.kr/ko/stories/noise-reduction1#%EB%B0%B0%EA%B2%BD-%EC%9E%A1%EC%9D%8C-%EC%A0%9C%EA%B1%B0-%EB%B0%A9%EB%B2%95-%EC%97%90%EC%96%B4%EC%BB%A8%EC%BB%B4%ED%93%A8%ED%84%B0-%ED%8C%AC%EC%83%9D%ED%99%9C-%EC%86%8C%EC%9D%8C-%EC%B0%A8%EB%8B%A8",noise-reduction1,"음성녹음 잡음제거",0,3,0.00,8.0
"https://studionol.co.kr/ko/stories/noise-reduction1#%EC%9D%B4%EB%AF%B8-%EB%85%B9%EC%9D%8C%EB%90%9C-%EC%98%81%EC%83%81%EC%9D%8C%EC%84%B1%EC%97%90%EC%84%9C-%EB%B0%B0%EA%B2%BD-%EC%9E%A1%EC%9D%8C%EB%A7%8C-%EC%A0%9C%EA%B1%B0%ED%95%98%EB%8A%94-%EB%B2%95",noise-reduction1,"녹음 노이즈 제거",0,1,0.00,9.0
"https://studionol.co.kr/ko/stories/noise-reduction1#%EC%9D%B4%EB%AF%B8-%EB%85%B9%EC%9D%8C%EB%90%9C-%EC%98%81%EC%83%81%EC%9D%8C%EC%84%B1%EC%97%90%EC%84%9C-%EB%B0%B0%EA%B2%BD-%EC%9E%A1%EC%9D%8C%EB%A7%8C-%EC%A0%9C%EA%B1%B0%ED%95%98%EB%8A%94-%EB%B2%95",noise-reduction1,"녹음 잡음 제거",0,9,0.00,7.1
"https://studionol.co.kr/ko/stories/noise-reduction1#%EC%9D%B4%EB%AF%B8-%EB%85%B9%EC%9D%8C%EB%90%9C-%EC%98%81%EC%83%81%EC%9D%8C%EC%84%B1%EC%97%90%EC%84%9C-%EB%B0%B0%EA%B2%BD-%EC%9E%A1%EC%9D%8C%EB%A7%8C-%EC%A0%9C%EA%B1%B0%ED%95%98%EB%8A%94-%EB%B2%95",noise-reduction1,"음성녹음 잡음제거",0,4,0.00,8.0
"https://studionol.co.kr/ko/stories/noise-reduction1#%ED%99%88%EB%A0%88%EC%BD%94%EB%94%A9-%EB%B0%B0%EA%B2%BD-%EC%9E%A1%EC%9D%8C%EB%85%B9%EC%9D%8C-%EB%85%B8%EC%9D%B4%EC%A6%88-%EC%A0%9C%EA%B1%B0-%EC%88%9C%EC%84%9C",noise-reduction1,"녹음 노이즈 제거",0,1,0.00,9.0
"https://studionol.co.kr/ko/stories/noise-reduction1#%ED%99%88%EB%A0%88%EC%BD%94%EB%94%A9-%EB%B0%B0%EA%B2%BD-%EC%9E%A1%EC%9D%8C%EB%85%B9%EC%9D%8C-%EB%85%B8%EC%9D%B4%EC%A6%88-%EC%A0%9C%EA%B1%B0-%EC%88%9C%EC%84%9C",noise-reduction1,"녹음 잡음 제거",0,23,0.00,7.5
"https://studionol.co.kr/ko/stories/noise-reduction1#%ED%99%88%EB%A0%88%EC%BD%94%EB%94%A9-%EB%B0%B0%EA%B2%BD-%EC%9E%A1%EC%9D%8C%EB%85%B9%EC%9D%8C-%EB%85%B8%EC%9D%B4%EC%A6%88-%EC%A0%9C%EA%B1%B0-%EC%88%9C%EC%84%9C",noise-reduction1,"음성녹음 잡음제거",0,4,0.00,8.0
"https://studionol.co.kr/ko/stories/noise-reduction1#%ED%99%88%EB%A0%88%EC%BD%94%EB%94%A9-%EB%B0%B0%EA%B2%BD-%EC%9E%A1%EC%9D%8C%EB%85%B9%EC%9D%8C-%EB%85%B8%EC%9D%B4%EC%A6%88-%EC%A0%9C%EA%B1%B0-%EC%88%9C%EC%84%9C",noise-reduction1,"음원 잡음 제거",0,1,0.00,6.0
"https://studionol.co.kr/ko/stories/noise-reduction1#%ED%99%88-%EB%A0%88%EC%BD%94%EB%94%A9-%EC%A3%BC%EC%9A%94-%EB%85%B8%EC%9D%B4%EC%A6%88-%EC%9B%90%EC%9D%B8%EA%B3%BC-%ED%95%B4%EA%B2%B0%EC%B1%85",noise-reduction1,"녹음 잡음 제거",0,9,0.00,7.1
"https://studionol.co.kr/ko/stories/noise-reduction1#%ED%99%88-%EB%A0%88%EC%BD%94%EB%94%A9-%EC%A3%BC%EC%9A%94-%EB%85%B8%EC%9D%B4%EC%A6%88-%EC%9B%90%EC%9D%B8%EA%B3%BC-%ED%95%B4%EA%B2%B0%EC%B1%85",noise-reduction1,"음성녹음 잡음제거",0,3,0.00,8.0
"https://studionol.co.kr/ko/stories/noise-reduction1#ai-%EC%9B%90%ED%81%B4%EB%A6%AD-%EB%B0%B0%EA%B2%BD-%EC%9E%A1%EC%9D%8C-%EC%A0%9C%EA%B1%B0-%EB%8F%84%EA%B5%AC-%EC%98%81%EC%83%81%EC%9D%8C%EC%84%B1-%EC%BD%98%ED%85%90%EC%B8%A0%EC%9A%A9",noise-reduction1,"녹음 잡음 제거",0,9,0.00,7.1
"https://studionol.co.kr/ko/stories/noise-reduction1#ai-%EC%9B%90%ED%81%B4%EB%A6%AD-%EB%B0%B0%EA%B2%BD-%EC%9E%A1%EC%9D%8C-%EC%A0%9C%EA%B1%B0-%EB%8F%84%EA%B5%AC-%EC%98%81%EC%83%81%EC%9D%8C%EC%84%B1-%EC%BD%98%ED%85%90%EC%B8%A0%EC%9A%A9",noise-reduction1,"음성녹음 잡음제거",0,3,0.00,8.0
"https://studionol.co.kr/ko/stories/noise-reduction1#ai-%EC%9B%90%ED%81%B4%EB%A6%AD-%EB%B0%B0%EA%B2%BD-%EC%9E%A1%EC%9D%8C-%EC%A0%9C%EA%B1%B0-%EB%8F%84%EA%B5%AC-%EC%98%81%EC%83%81%EC%9D%8C%EC%84%B1-%EC%BD%98%ED%85%90%EC%B8%A0%EC%9A%A9",noise-reduction1,"음원 잡음 제거",0,1,0.00,6.0
"https://studionol.co.kr/ko/stories/onlinelesson1",onlinelesson1,"site:studionol.co.kr",0,1,0.00,57.0
"https://studionol.co.kr/ko/stories/onlinelesson1",onlinelesson1,"온라인 보컬 레슨",0,2,0.00,18.0
"https://studionol.co.kr/ko/stories/onlinemix1",onlinemix1,"site:studionol.co.kr",0,1,0.00,44.0
"https://studionol.co.kr/ko/stories/orchestration1",orchestration1,"기악편성법",0,6,0.00,6.0
"https://studionol.co.kr/ko/stories/orchestration1",orchestration1,"오케스트라 편곡",0,1,0.00,7.0
"https://studionol.co.kr/ko/stories/orchestration1",orchestration1,"오케스트레이션 음악",0,2,0.00,3.5
"https://studionol.co.kr/ko/stories/orchestration1",orchestration1,"음악",0,1,0.00,1.0
"https://studionol.co.kr/ko/stories/orchestration1",orchestration1,"편곡",0,2,0.00,1.0
"https://studionol.co.kr/ko/stories/orchestration1",orchestration1,"편곡 뜻",0,2,0.00,1.0
"https://studionol.co.kr/ko/stories/orchestration1",orchestration1,"편곡뜻",0,1,0.00,3.0
"https://studionol.co.kr/ko/stories/orchestration1",orchestration1,"편곡이란",0,1,0.00,11.0
"https://studionol.co.kr/ko/stories/orchestration1",orchestration1,"편곡하는 법",0,10,0.00,10.0
"https://studionol.co.kr/ko/stories/original-song1",original-song1,"노래 만드는 법",0,13,0.00,9.5
"https://studionol.co.kr/ko/stories/original-song1",original-song1,"노래 만드는법",0,6,0.00,9.8
"https://studionol.co.kr/ko/stories/original-song1",original-song1,"노래 작곡",0,2,0.00,31.0
"https://studionol.co.kr/ko/stories/original-song1",original-song1,"노래만드는법",0,1,0.00,5.0
"https://studionol.co.kr/ko/stories/original-song1",original-song1,"어떻게 만들어",0,1,0.00,3.0
"https://studionol.co.kr/ko/stories/original-song1",original-song1,"오리지널 곡",0,3,0.00,10.3
"https://studionol.co.kr/ko/stories/original-song1",original-song1,"음악 만드는 법",0,8,0.00,7.8
"https://studionol.co.kr/ko/stories/original-song1",original-song1,"음악 만드는법",0,1,0.00,9.0
"https://studionol.co.kr/ko/stories/original-song1",original-song1,"음악 제작",0,3,0.00,31.0
"https://studionol.co.kr/ko/stories/original-song1",original-song1,"음원제작",0,5,0.00,39.0
"https://studionol.co.kr/ko/stories/original-song1",original-song1,"자작곡",0,1,0.00,11.0
"https://studionol.co.kr/ko/stories/original-song1",original-song1,"자작곡 가사",0,1,0.00,12.0
"https://studionol.co.kr/ko/stories/original-song1",original-song1,"작곡 순서",0,1,0.00,19.0
"https://studionol.co.kr/ko/stories/original-song1",original-song1,"작사 작곡",0,12,0.00,11.0
"https://studionol.co.kr/ko/stories/original-song1",original-song1,"작사 작곡 순서",0,1,0.00,15.0
"https://studionol.co.kr/ko/stories/original-song1",original-song1,"작사 작곡 하는법",0,9,0.00,8.2
"https://studionol.co.kr/ko/stories/original-song1",original-song1,"작사작곡",0,4,0.00,5.3
"https://studionol.co.kr/ko/stories/original-song1",original-song1,"작사작곡 하는법",0,4,0.00,9.3
"https://studionol.co.kr/ko/stories/original-song1#%EC%95%85%EA%B8%B0-%EC%97%86%EC%9D%B4-%EB%B0%98%EC%A3%BC-%EB%A7%8C%EB%93%9C%EB%8A%94-%EB%8F%84%EA%B5%AC",original-song1,"자작곡 만들기",0,8,0.00,4.9
"https://studionol.co.kr/ko/stories/original-song1#%EC%98%A4%EB%A6%AC%EC%A7%80%EB%84%90-%EA%B3%A1-%EC%A0%9C%EC%9E%91-%EB%8B%A8%EA%B3%84",original-song1,"자작곡 만들기",0,8,0.00,4.9
"https://studionol.co.kr/ko/stories/original-song1#%EC%9E%90%EC%9E%91%EA%B3%A1-%EC%B0%BD%EC%9E%91%EC%9D%98-%EC%B6%9C%EB%B0%9C%EC%A0%90",original-song1,"자작곡 만들기",0,8,0.00,4.9
"https://studionol.co.kr/ko/stories/original-song1#%EC%A2%8B%EC%9D%80-%EA%B0%80%EC%82%AC%EC%9D%98-%ED%8A%B9%EC%A7%95",original-song1,"자작곡 만들기",0,2,0.00,6.5
"https://studionol.co.kr/ko/stories/overdubbing1",overdubbing1,"site:studionol.co.kr",0,1,0.00,8.0
"https://studionol.co.kr/ko/stories/overdubbing1",overdubbing1,"오버더빙",0,81,0.00,7.1
"https://studionol.co.kr/ko/stories/overdubbing1",overdubbing1,"큐베이스 모니터링 레이턴시",0,1,0.00,19.0
"https://studionol.co.kr/ko/stories/panning-guide1",panning-guide1,"드럼 배치",0,2,0.00,9.0
"https://studionol.co.kr/ko/stories/panning-guide1",panning-guide1,"드럼 패닝",0,31,0.00,8.3
"https://studionol.co.kr/ko/stories/panning-guide1",panning-guide1,"믹싱 패닝",0,14,0.00,7.6
"https://studionol.co.kr/ko/stories/panning-guide1#%EC%95%85%EA%B8%B0%EB%B3%84-%ED%8C%A8%EB%8B%9D-%EA%B8%B0%EC%A4%80",panning-guide1,"드럼 패닝",0,1,0.00,7.0
"https://studionol.co.kr/ko/stories/panning-guide1#%ED%8C%A8%EB%8B%9D-%EA%B3%B5%EA%B0%84%EC%9D%84-%EB%82%98%EB%88%84%EB%8A%94-%EB%AF%B9%EC%8B%B1%EC%9D%98-%EA%B8%B0%EC%88%A0",panning-guide1,"드럼 패닝",0,1,0.00,7.0
"https://studionol.co.kr/ko/stories/parametric-eq1",parametric-eq1,"eq 120",0,1,0.00,3.0
"https://studionol.co.kr/ko/stories/parametric-eq1",parametric-eq1,"eq gain",0,3,0.00,8.3
"https://studionol.co.kr/ko/stories/parametric-eq1",parametric-eq1,"eq parameter",0,1,0.00,4.0
"https://studionol.co.kr/ko/stories/parametric-eq1",parametric-eq1,"eq q값",0,17,0.00,5.6
"https://studionol.co.kr/ko/stories/parametric-eq1",parametric-eq1,"q eq",0,1,0.00,1.0
"https://studionol.co.kr/ko/stories/parametric-eq1",parametric-eq1,"파라메트릭 이퀄라이저",0,13,0.00,9.7
"https://studionol.co.kr/ko/stories/parametric-eq1",parametric-eq1,"파라메트릭 이큐",0,16,0.00,7.6
"https://studionol.co.kr/ko/stories/parametric-eq1#%EB%B3%B4%EC%BB%AC-%ED%8C%8C%EB%9D%BC%EB%A9%94%ED%8A%B8%EB%A6%AD-eq-%EC%B2%B4%EA%B3%84",parametric-eq1,"파라메트릭 eq",0,21,0.00,7.0
"https://studionol.co.kr/ko/stories/parametric-eq1#%EB%B3%B4%EC%BB%AC-%ED%8C%8C%EB%9D%BC%EB%A9%94%ED%8A%B8%EB%A6%AD-eq-%EC%B2%B4%EA%B3%84",parametric-eq1,"파라메트릭 이퀄라이저",0,5,0.00,9.4
"https://studionol.co.kr/ko/stories/parametric-eq1#%EB%B3%B4%EC%BB%AC-%ED%8C%8C%EB%9D%BC%EB%A9%94%ED%8A%B8%EB%A6%AD-eq-%EC%B2%B4%EA%B3%84",parametric-eq1,"파라메트릭 이큐",0,3,0.00,7.3
"https://studionol.co.kr/ko/stories/parametric-eq1#%ED%8C%8C%EB%9D%BC%EB%A9%94%ED%8A%B8%EB%A6%AD-eq-%EC%A0%95%EB%B0%80%ED%95%9C-%EC%A3%BC%ED%8C%8C%EC%88%98-%EC%A1%B0%EA%B0%81",parametric-eq1,"파라메트릭 eq",0,21,0.00,7.0
"https://studionol.co.kr/ko/stories/parametric-eq1#%ED%8C%8C%EB%9D%BC%EB%A9%94%ED%8A%B8%EB%A6%AD-eq-%EC%A0%95%EB%B0%80%ED%95%9C-%EC%A3%BC%ED%8C%8C%EC%88%98-%EC%A1%B0%EA%B0%81",parametric-eq1,"파라메트릭 이퀄라이저",0,5,0.00,9.4
"https://studionol.co.kr/ko/stories/parametric-eq1#%ED%8C%8C%EB%9D%BC%EB%A9%94%ED%8A%B8%EB%A6%AD-eq-%EC%A0%95%EB%B0%80%ED%95%9C-%EC%A3%BC%ED%8C%8C%EC%88%98-%EC%A1%B0%EA%B0%81",parametric-eq1,"파라메트릭 이큐",0,3,0.00,7.3
"https://studionol.co.kr/ko/stories/passaggio1",passaggio1,"site:studionol.co.kr",0,1,0.00,45.0
"https://studionol.co.kr/ko/stories/performance-anxiety1",performance-anxiety1,"site:studionol.co.kr",0,1,0.00,92.0
"https://studionol.co.kr/ko/stories/performance-prep1",performance-prep1,"site:studionol.co.kr",0,1,0.00,1.0
"https://studionol.co.kr/ko/stories/performance-prep1",performance-prep1,"콘서트 녹음 팁",0,2,0.00,14.5
"https://studionol.co.kr/ko/stories/phase1",phase1,"site:studionol.co.kr",0,1,0.00,13.0
"https://studionol.co.kr/ko/stories/phase1",phase1,"로직 위상반전",0,7,0.00,6.0
"https://studionol.co.kr/ko/stories/phase1",phase1,"마이크 교정",0,1,0.00,61.0
"https://studionol.co.kr/ko/stories/phase1",phase1,"사용용도",0,1,0.00,1.0
"https://studionol.co.kr/ko/stories/phase1",phase1,"소리 위상",0,20,0.00,7.3
"https://studionol.co.kr/ko/stories/phase1",phase1,"소리의 위상",0,6,0.00,9.0
"https://studionol.co.kr/ko/stories/phase1",phase1,"위상 phase",0,5,0.00,11.6
"https://studionol.co.kr/ko/stories/phase1",phase1,"위상 문제",0,4,0.00,8.3
"https://studionol.co.kr/ko/stories/phase1",phase1,"위상 반전",0,41,0.00,7.3
"https://studionol.co.kr/ko/stories/phase1",phase1,"위상 변이",0,1,0.00,32.0
"https://studionol.co.kr/ko/stories/phase1",phase1,"위상반전",0,44,0.00,6.6
"https://studionol.co.kr/ko/stories/phase1",phase1,"위상변이",0,2,0.00,26.0
"https://studionol.co.kr/ko/stories/phase1",phase1,"위상변환",0,4,0.00,2.5
"https://studionol.co.kr/ko/stories/phase1",phase1,"음향 위상",0,24,0.00,6.6
"https://studionol.co.kr/ko/stories/piano-recording1",piano-recording1,"site:studionol.co.kr",0,3,0.00,108.3
"https://studionol.co.kr/ko/stories/piano-recording1",piano-recording1,"피아노 녹음",0,1,0.00,10.0
"https://studionol.co.kr/ko/stories/piano-recording1",piano-recording1,"피아노 마이킹",0,23,0.00,8.3
"https://studionol.co.kr/ko/stories/pitch-correction1",pitch-correction1,"retune speed",0,3,0.00,7.7
"https://studionol.co.kr/ko/stories/pitch-correction1",pitch-correction1,"site:studionol.co.kr",0,1,0.00,137.0
"https://studionol.co.kr/ko/stories/pitch-correction1",pitch-correction1,"노래 보정",0,1,0.00,15.0
"https://studionol.co.kr/ko/stories/pitch-correction1",pitch-correction1,"노래 피치",0,1,0.00,35.0
"https://studionol.co.kr/ko/stories/pitch-correction1",pitch-correction1,"멜로다인",0,1,0.00,4.0
"https://studionol.co.kr/ko/stories/pitch-correction1",pitch-correction1,"멜로다인 가격",0,1,0.00,7.0
"https://studionol.co.kr/ko/stories/pitch-correction1",pitch-correction1,"멜로다인 박튠",0,1,0.00,19.0
"https://studionol.co.kr/ko/stories/pitch-correction1",pitch-correction1,"멜로다인 버전 차이",0,1,0.00,10.0
"https://studionol.co.kr/ko/stories/pitch-correction1",pitch-correction1,"멜로다인 사용법",0,9,0.00,14.0
"https://studionol.co.kr/ko/stories/pitch-correction1",pitch-correction1,"멜로다인 자르기",0,1,0.00,10.0
"https://studionol.co.kr/ko/stories/pitch-correction1",pitch-correction1,"보컬 보정",0,6,0.00,7.7
"https://studionol.co.kr/ko/stories/pitch-correction1",pitch-correction1,"보컬 피치",0,3,0.00,16.3
"https://studionol.co.kr/ko/stories/pitch-correction1",pitch-correction1,"보컬튠",0,2,0.00,23.0
"https://studionol.co.kr/ko/stories/pitch-correction1",pitch-correction1,"오디오 피치",0,1,0.00,28.0
"https://studionol.co.kr/ko/stories/pitch-correction1",pitch-correction1,"오토튠 원리",0,1,0.00,10.0
"https://studionol.co.kr/ko/stories/pitch-correction1",pitch-correction1,"음보정 프로그램",0,1,0.00,19.0
"https://studionol.co.kr/ko/stories/pitch-correction1",pitch-correction1,"음악 피치",0,2,0.00,54.5
"https://studionol.co.kr/ko/stories/pitch-correction1",pitch-correction1,"음악 피치 조절",0,2,0.00,39.0
"https://studionol.co.kr/ko/stories/pitch-correction1",pitch-correction1,"음원 피치 조절",0,1,0.00,35.0
"https://studionol.co.kr/ko/stories/pitch-correction1",pitch-correction1,"음정 보정",0,4,0.00,17.5
"https://studionol.co.kr/ko/stories/pitch-correction1",pitch-correction1,"음정 보정 프로그램",0,1,0.00,20.0
"https://studionol.co.kr/ko/stories/pitch-correction1",pitch-correction1,"음정 보정 프로그램 무료",0,1,0.00,24.0
"https://studionol.co.kr/ko/stories/pitch-correction1",pitch-correction1,"음정 조절",0,1,0.00,31.0
"https://studionol.co.kr/ko/stories/pitch-correction1",pitch-correction1,"음정 조절 프로그램",0,1,0.00,37.0
"https://studionol.co.kr/ko/stories/pitch-correction1",pitch-correction1,"응",0,1,0.00,2.0
"https://studionol.co.kr/ko/stories/pitch-correction1",pitch-correction1,"피치 변경",0,1,0.00,30.0
"https://studionol.co.kr/ko/stories/pitch-correction1",pitch-correction1,"피치 올리기",0,1,0.00,33.0
"https://studionol.co.kr/ko/stories/pitch-training1",pitch-training1,"음정 연습",0,1,0.00,16.0
"https://studionol.co.kr/ko/stories/pitch1",pitch1,"site:studionol.co.kr",0,2,0.00,51.0
"https://studionol.co.kr/ko/stories/pitch1",pitch1,"멜로다인 버전 차이",0,1,0.00,32.0
"https://studionol.co.kr/ko/stories/pitchtool1",pitchtool1,"vocal pitch monitor",0,1,0.00,3.0
"https://studionol.co.kr/ko/stories/pitchtool1",pitchtool1,"waves tune vs melodyne",0,1,0.00,6.0
"https://studionol.co.kr/ko/stories/pitchtool1",pitchtool1,"녹음의 수정",0,1,0.00,39.0
"https://studionol.co.kr/ko/stories/pitchtool1",pitchtool1,"보컬 믹싱 프로그램",0,1,0.00,68.0
"https://studionol.co.kr/ko/stories/pitchtool1",pitchtool1,"보컬 튠",0,1,0.00,32.0
"https://studionol.co.kr/ko/stories/pitchtool1",pitchtool1,"보컬 튠 플러그인",0,1,0.00,9.0
"https://studionol.co.kr/ko/stories/pitchtool1",pitchtool1,"오토튠",0,1,0.00,2.0
"https://studionol.co.kr/ko/stories/pitchtool1",pitchtool1,"음정 맞추기",0,1,0.00,27.0
"https://studionol.co.kr/ko/stories/pitchtool1",pitchtool1,"음정 보정",0,1,0.00,16.0
"https://studionol.co.kr/ko/stories/pitchtool1",pitchtool1,"음정 보정 프로그램",0,1,0.00,24.0
"https://studionol.co.kr/ko/stories/pitchtool1",pitchtool1,"음정 보정 프로그램 무료",0,1,0.00,38.0
"https://studionol.co.kr/ko/stories/placement1",placement1,"공명 근육",0,1,0.00,2.0
"https://studionol.co.kr/ko/stories/placement1",placement1,"교정 방법",0,1,0.00,1.0
"https://studionol.co.kr/ko/stories/placement1",placement1,"발성 위치",0,6,0.00,5.2
"https://studionol.co.kr/ko/stories/placement1",placement1,"발성 좋아지는 법",0,1,0.00,1.0
"https://studionol.co.kr/ko/stories/placement1",placement1,"보컬",0,1,0.00,1.0
"https://studionol.co.kr/ko/stories/placement1",placement1,"비성 내는법",0,1,0.00,2.0
"https://studionol.co.kr/ko/stories/placement1",placement1,"성대 위치 찾기",0,12,0.00,8.6
"https://studionol.co.kr/ko/stories/placement1",placement1,"성악 발성",0,1,0.00,2.0
"https://studionol.co.kr/ko/stories/placement1",placement1,"성악발성",0,1,0.00,1.0
"https://studionol.co.kr/ko/stories/placement1",placement1,"이거는 뭐예요?",0,1,0.00,3.0
"https://studionol.co.kr/ko/stories/placement1",placement1,"허밍 하는법",0,1,0.00,3.0
"https://studionol.co.kr/ko/stories/playlist-pitch1",playlist-pitch1,"site:studionol.co.kr",0,2,0.00,118.0
"https://studionol.co.kr/ko/stories/playlist-pitch1",playlist-pitch1,"사운드 리 퍼블 리카 거절",0,5,0.00,19.0
"https://studionol.co.kr/ko/stories/playlist-pitch1",playlist-pitch1,"플레이리스트 정리 기준",0,3,0.00,9.0
"https://studionol.co.kr/ko/stories/playlist1",playlist1,"site:studionol.co.kr",0,2,0.00,49.0
"https://studionol.co.kr/ko/stories/playlist1",playlist1,"스포티 파이 음원 등록 비용",0,1,0.00,13.0
"https://studionol.co.kr/ko/stories/playlist1",playlist1,"스포티파이 디깅",0,1,0.00,55.0
"https://studionol.co.kr/ko/stories/playlist1",playlist1,"스포티파이 수익",0,1,0.00,117.0
"https://studionol.co.kr/ko/stories/playlist1",playlist1,"스포티파이 스밍",0,1,0.00,69.0
"https://studionol.co.kr/ko/stories/playlist1",playlist1,"스포티파이 스밍하는법",0,1,0.00,64.0
"https://studionol.co.kr/ko/stories/playlist1",playlist1,"스포티파이 큐레이션",0,1,0.00,54.0
"https://studionol.co.kr/ko/stories/playlist1",playlist1,"스포티파이 피칭",0,7,0.00,11.7
"https://studionol.co.kr/ko/stories/playlist1",playlist1,"음악 큐레이션",0,1,0.00,62.0
"https://studionol.co.kr/ko/stories/plugins1",plugins1,"eq 플러그인",0,15,0.00,8.4
"https://studionol.co.kr/ko/stories/plugins1",plugins1,"eq 플러그인 추천",0,9,0.00,4.2
"https://studionol.co.kr/ko/stories/plugins1",plugins1,"obsidian 플러그인 추천",0,1,0.00,11.0
"https://studionol.co.kr/ko/stories/plugins1",plugins1,"reaplugs 사용법",0,1,0.00,17.0
"https://studionol.co.kr/ko/stories/plugins1",plugins1,"uad 플러그인 추천",0,1,0.00,11.0
"https://studionol.co.kr/ko/stories/plugins1",plugins1,"valhalla room",0,1,0.00,10.0
"https://studionol.co.kr/ko/stories/plugins1",plugins1,"vencord 플러그인 추천",0,1,0.00,7.0
"https://studionol.co.kr/ko/stories/plugins1",plugins1,"waves 플러그인 추천",0,23,0.00,9.1
"https://studionol.co.kr/ko/stories/plugins1",plugins1,"디에서 플러그인 추천",0,4,0.00,8.0
"https://studionol.co.kr/ko/stories/plugins1",plugins1,"로직 플러그인 추천",0,2,0.00,7.0
"https://studionol.co.kr/ko/stories/plugins1",plugins1,"리버브 추천",0,4,0.00,15.0
"https://studionol.co.kr/ko/stories/plugins1",plugins1,"리버브 플러그인 추천",0,40,0.00,9.3
"https://studionol.co.kr/ko/stories/plugins1",plugins1,"마스터링 플러그인",0,2,0.00,27.0
"https://studionol.co.kr/ko/stories/plugins1",plugins1,"마스터링 플러그인 추천",0,10,0.00,8.7
"https://studionol.co.kr/ko/stories/plugins1",plugins1,"믹싱 플러그인 추천",0,34,0.00,7.1
"https://studionol.co.kr/ko/stories/plugins1",plugins1,"보컬 리버브 플러그인",0,6,0.00,6.3
"https://studionol.co.kr/ko/stories/plugins1",plugins1,"보컬 믹싱 프로그램",0,1,0.00,38.0
"https://studionol.co.kr/ko/stories/plugins1",plugins1,"보컬 믹싱 플러그인",0,2,0.00,4.5
"https://studionol.co.kr/ko/stories/plugins1",plugins1,"컴프레서 추천",0,6,0.00,11.5
"https://studionol.co.kr/ko/stories/plugins1",plugins1,"클로드 코드 플러그인 추천",0,1,0.00,10.0
"https://studionol.co.kr/ko/stories/plugins1",plugins1,"클로드코드 플러그인 추천",0,1,0.00,9.0
"https://studionol.co.kr/ko/stories/plugins1",plugins1,"필수 플러그인",0,7,0.00,7.3
"https://studionol.co.kr/ko/stories/plugins1",plugins1,"힙합",0,1,0.00,20.0
"https://studionol.co.kr/ko/stories/plugins1#%EB%B3%B4%EC%BB%AC-%EB%AF%B9%EC%8B%B1-%ED%95%84%EC%88%98-%ED%94%8C%EB%9F%AC%EA%B7%B8%EC%9D%B8",plugins1,"eq 플러그인",0,1,0.00,7.0
"https://studionol.co.kr/ko/stories/plugins1#%EB%B3%B4%EC%BB%AC-%EB%AF%B9%EC%8B%B1-%ED%95%84%EC%88%98-%ED%94%8C%EB%9F%AC%EA%B7%B8%EC%9D%B8",plugins1,"디에서 플러그인 추천",0,2,0.00,7.5
"https://studionol.co.kr/ko/stories/plugins1#%EB%B3%B4%EC%BB%AC-%EB%AF%B9%EC%8B%B1-%ED%95%84%EC%88%98-%ED%94%8C%EB%9F%AC%EA%B7%B8%EC%9D%B8",plugins1,"리버브 추천",0,1,0.00,10.0
"https://studionol.co.kr/ko/stories/plugins1#%EB%B3%B4%EC%BB%AC-%EB%AF%B9%EC%8B%B1-%ED%95%84%EC%88%98-%ED%94%8C%EB%9F%AC%EA%B7%B8%EC%9D%B8",plugins1,"리버브 플러그인 추천",0,3,0.00,9.7
"https://studionol.co.kr/ko/stories/plugins1#%EB%B3%B4%EC%BB%AC-%EB%AF%B9%EC%8B%B1-%ED%95%84%EC%88%98-%ED%94%8C%EB%9F%AC%EA%B7%B8%EC%9D%B8",plugins1,"믹싱 플러그인 추천",0,5,0.00,7.0
"https://studionol.co.kr/ko/stories/plugins1#%EB%B3%B4%EC%BB%AC-%EB%AF%B9%EC%8B%B1-%ED%95%84%EC%88%98-%ED%94%8C%EB%9F%AC%EA%B7%B8%EC%9D%B8",plugins1,"보컬 리버브 플러그인",0,3,0.00,7.0
"https://studionol.co.kr/ko/stories/plugins1#%EB%B3%B4%EC%BB%AC-%EB%AF%B9%EC%8B%B1-%ED%95%84%EC%88%98-%ED%94%8C%EB%9F%AC%EA%B7%B8%EC%9D%B8",plugins1,"보컬 믹싱 플러그인",0,2,0.00,4.5
"https://studionol.co.kr/ko/stories/plugins1#%EB%B3%B4%EC%BB%AC-%EB%AF%B9%EC%8B%B1-%ED%95%84%EC%88%98-%ED%94%8C%EB%9F%AC%EA%B7%B8%EC%9D%B8",plugins1,"보컬 컴프레서 추천",0,1,0.00,7.0
"https://studionol.co.kr/ko/stories/plugins1#%EB%B3%B4%EC%BB%AC-%EB%AF%B9%EC%8B%B1-%ED%95%84%EC%88%98-%ED%94%8C%EB%9F%AC%EA%B7%B8%EC%9D%B8",plugins1,"보컬 플러그인",0,7,0.00,4.4
"https://studionol.co.kr/ko/stories/plugins1#%EB%B3%B4%EC%BB%AC-%EB%AF%B9%EC%8B%B1-%ED%95%84%EC%88%98-%ED%94%8C%EB%9F%AC%EA%B7%B8%EC%9D%B8",plugins1,"보컬 플러그인 추천",0,6,0.00,3.3
"https://studionol.co.kr/ko/stories/plugins1#%EB%B3%B4%EC%BB%AC-%EB%AF%B9%EC%8B%B1-%ED%95%84%EC%88%98-%ED%94%8C%EB%9F%AC%EA%B7%B8%EC%9D%B8",plugins1,"컴프레서 플러그인",0,4,0.00,7.5
"https://studionol.co.kr/ko/stories/plugins1#%EB%B3%B4%EC%BB%AC-%EB%AF%B9%EC%8B%B1-%ED%95%84%EC%88%98-%ED%94%8C%EB%9F%AC%EA%B7%B8%EC%9D%B8",plugins1,"컴프레서 플러그인 추천",0,4,0.00,5.3
"https://studionol.co.kr/ko/stories/plugins1#%EB%B3%B4%EC%BB%AC-%EB%AF%B9%EC%8B%B1-%ED%95%84%EC%88%98-%ED%94%8C%EB%9F%AC%EA%B7%B8%EC%9D%B8",plugins1,"플러그인 추천",0,7,0.00,6.9
"https://studionol.co.kr/ko/stories/plugins1#%EB%B3%B4%EC%BB%AC-%EB%AF%B9%EC%8B%B1-%ED%95%84%EC%88%98-%ED%94%8C%EB%9F%AC%EA%B7%B8%EC%9D%B8",plugins1,"필수 플러그인",0,1,0.00,10.0
"https://studionol.co.kr/ko/stories/plugins1#eq-%ED%94%8C%EB%9F%AC%EA%B7%B8%EC%9D%B8",plugins1,"eq 플러그인",0,1,0.00,7.0
"https://studionol.co.kr/ko/stories/plugins1#eq-%ED%94%8C%EB%9F%AC%EA%B7%B8%EC%9D%B8",plugins1,"디에서 플러그인 추천",0,2,0.00,7.5
"https://studionol.co.kr/ko/stories/plugins1#eq-%ED%94%8C%EB%9F%AC%EA%B7%B8%EC%9D%B8",plugins1,"리버브 추천",0,1,0.00,10.0
"https://studionol.co.kr/ko/stories/plugins1#eq-%ED%94%8C%EB%9F%AC%EA%B7%B8%EC%9D%B8",plugins1,"리버브 플러그인 추천",0,3,0.00,9.7
"https://studionol.co.kr/ko/stories/plugins1#eq-%ED%94%8C%EB%9F%AC%EA%B7%B8%EC%9D%B8",plugins1,"믹싱 플러그인 추천",0,5,0.00,7.0
"https://studionol.co.kr/ko/stories/plugins1#eq-%ED%94%8C%EB%9F%AC%EA%B7%B8%EC%9D%B8",plugins1,"보컬 리버브 플러그인",0,3,0.00,7.0
"https://studionol.co.kr/ko/stories/plugins1#eq-%ED%94%8C%EB%9F%AC%EA%B7%B8%EC%9D%B8",plugins1,"보컬 믹싱 플러그인",0,2,0.00,4.5
"https://studionol.co.kr/ko/stories/plugins1#eq-%ED%94%8C%EB%9F%AC%EA%B7%B8%EC%9D%B8",plugins1,"보컬 컴프레서 추천",0,1,0.00,7.0
"https://studionol.co.kr/ko/stories/plugins1#eq-%ED%94%8C%EB%9F%AC%EA%B7%B8%EC%9D%B8",plugins1,"보컬 플러그인",0,7,0.00,4.4
"https://studionol.co.kr/ko/stories/plugins1#eq-%ED%94%8C%EB%9F%AC%EA%B7%B8%EC%9D%B8",plugins1,"보컬 플러그인 추천",0,6,0.00,3.3
"https://studionol.co.kr/ko/stories/plugins1#eq-%ED%94%8C%EB%9F%AC%EA%B7%B8%EC%9D%B8",plugins1,"컴프레서 플러그인",0,4,0.00,7.5
"https://studionol.co.kr/ko/stories/plugins1#eq-%ED%94%8C%EB%9F%AC%EA%B7%B8%EC%9D%B8",plugins1,"컴프레서 플러그인 추천",0,4,0.00,5.3
"https://studionol.co.kr/ko/stories/plugins1#eq-%ED%94%8C%EB%9F%AC%EA%B7%B8%EC%9D%B8",plugins1,"플러그인 추천",0,7,0.00,6.9
"https://studionol.co.kr/ko/stories/plugins1#eq-%ED%94%8C%EB%9F%AC%EA%B7%B8%EC%9D%B8",plugins1,"필수 플러그인",0,1,0.00,10.0
"https://studionol.co.kr/ko/stories/podcast-vocal1",podcast-vocal1,"팟캐스트 세팅",0,6,0.00,7.2
"https://studionol.co.kr/ko/stories/podcast1",podcast1,"오디오 콘텐츠 견적",0,1,0.00,16.0
"https://studionol.co.kr/ko/stories/pop-production1",pop-production1,"site:studionol.co.kr",0,1,0.00,143.0
"https://studionol.co.kr/ko/stories/pop-vocal1",pop-vocal1,"site:studionol.co.kr",0,1,0.00,94.0
"https://studionol.co.kr/ko/stories/posture1",posture1,"site:studionol.co.kr",0,1,0.00,55.0
"https://studionol.co.kr/ko/stories/posture1",posture1,"노래 자세",0,6,0.00,6.8
"https://studionol.co.kr/ko/stories/practice-room-accompanist1",practice-room-accompanist1,"피아노 반주자",0,2,0.00,8.5
"https://studionol.co.kr/ko/stories/practice-room-adult-beginner1",practice-room-adult-beginner1,"site:studionol.co.kr",0,2,0.00,231.0
"https://studionol.co.kr/ko/stories/practice-room-adult-beginner1",practice-room-adult-beginner1,"베이스 입문 난이도",0,2,0.00,26.5
"https://studionol.co.kr/ko/stories/practice-room-adult-beginner1",practice-room-adult-beginner1,"악기 입문 난이도",0,6,0.00,8.8
"https://studionol.co.kr/ko/stories/practice-room-arts-high1",practice-room-arts-high1,"예고 입시 준비 기간",0,1,0.00,11.0
"https://studionol.co.kr/ko/stories/practice-room-arts-high1",practice-room-arts-high1,"예고 준비",0,1,0.00,8.0
"https://studionol.co.kr/ko/stories/practice-room-audition1",practice-room-audition1,"보컬 오디션",0,4,0.00,22.5
"https://studionol.co.kr/ko/stories/practice-room-band-vocal1",practice-room-band-vocal1,"site:studionol.co.kr",0,1,0.00,249.0
"https://studionol.co.kr/ko/stories/practice-room-bass-5string1",practice-room-bass-5string1,"4현 베이스 코드",0,4,0.00,13.3
"https://studionol.co.kr/ko/stories/practice-room-bass-5string1",practice-room-bass-5string1,"4현 베이스 튜닝",0,1,0.00,15.0
"https://studionol.co.kr/ko/stories/practice-room-bass-5string1",practice-room-bass-5string1,"5 현 베이스",0,3,0.00,14.3
"https://studionol.co.kr/ko/stories/practice-room-bass-5string1",practice-room-bass-5string1,"5줄 기타",0,4,0.00,9.3
"https://studionol.co.kr/ko/stories/practice-room-bass-5string1",practice-room-bass-5string1,"5줄 베이스",0,2,0.00,8.0
"https://studionol.co.kr/ko/stories/practice-room-bass-5string1",practice-room-bass-5string1,"5현",0,3,0.00,6.3
"https://studionol.co.kr/ko/stories/practice-room-bass-5string1",practice-room-bass-5string1,"5현 기타",0,54,0.00,6.3
"https://studionol.co.kr/ko/stories/practice-room-bass-5string1",practice-room-bass-5string1,"5현 베이스 입문",0,12,0.00,10.3
"https://studionol.co.kr/ko/stories/practice-room-bass-5string1",practice-room-bass-5string1,"5현 베이스 지판",0,2,0.00,2.5
"https://studionol.co.kr/ko/stories/practice-room-bass-5string1",practice-room-bass-5string1,"5현기타",0,7,0.00,7.3
"https://studionol.co.kr/ko/stories/practice-room-bass-5string1",practice-room-bass-5string1,"5현베이스",0,3,0.00,17.7
"https://studionol.co.kr/ko/stories/practice-room-bass-5string1",practice-room-bass-5string1,"8현 베이스",0,1,0.00,17.0
"https://studionol.co.kr/ko/stories/practice-room-bass-5string1",practice-room-bass-5string1,"더블베이스 개방현",0,1,0.00,1.0
"https://studionol.co.kr/ko/stories/practice-room-bass-5string1",practice-room-bass-5string1,"베이스",0,1,0.00,5.0
"https://studionol.co.kr/ko/stories/practice-room-bass-5string1",practice-room-bass-5string1,"베이스 4현 5현",0,1,0.00,16.0
"https://studionol.co.kr/ko/stories/practice-room-bass-5string1",practice-room-bass-5string1,"베이스 5현",0,5,0.00,21.2
"https://studionol.co.kr/ko/stories/practice-room-bass-5string1",practice-room-bass-5string1,"베이스 개방현",0,2,0.00,7.0
"https://studionol.co.kr/ko/stories/practice-room-bass-5string1",practice-room-bass-5string1,"베이스 연습",0,2,0.00,9.0
"https://studionol.co.kr/ko/stories/practice-room-bass-5string1",practice-room-bass-5string1,"베이스 연습실",0,1,0.00,21.0
"https://studionol.co.kr/ko/stories/practice-room-bass-5string1",practice-room-bass-5string1,"베이스 튜닝",0,1,0.00,3.0
"https://studionol.co.kr/ko/stories/practice-room-bass-5string1",practice-room-bass-5string1,"베이스 현",0,1,0.00,12.0
"https://studionol.co.kr/ko/stories/practice-room-bass-5string1",practice-room-bass-5string1,"베이스 현 음",0,20,0.00,8.0
"https://studionol.co.kr/ko/stories/practice-room-bass-blues1",practice-room-bass-blues1,"12마디 블루스",0,3,0.00,6.3
"https://studionol.co.kr/ko/stories/practice-room-bass-blues1",practice-room-bass-blues1,"블루스 12마디 진행",0,12,0.00,8.8
"https://studionol.co.kr/ko/stories/practice-room-bass-country-bluegrass1",practice-room-bass-country-bluegrass1,"site:studionol.co.kr",0,1,0.00,271.0
"https://studionol.co.kr/ko/stories/practice-room-bass-country1",practice-room-bass-country1,"베이스 연습 루틴",0,1,0.00,28.0
"https://studionol.co.kr/ko/stories/practice-room-bass-country1",practice-room-bass-country1,"베이스 주법",0,1,0.00,19.0
"https://studionol.co.kr/ko/stories/practice-room-bass-detuning1",practice-room-bass-detuning1,"drop d 튜닝",0,3,0.00,10.3
"https://studionol.co.kr/ko/stories/practice-room-bass-detuning1",practice-room-bass-detuning1,"site:studionol.co.kr",0,1,0.00,235.0
"https://studionol.co.kr/ko/stories/practice-room-bass-detuning1",practice-room-bass-detuning1,"기타 하프다운튜닝",0,1,0.00,24.0
"https://studionol.co.kr/ko/stories/practice-room-bass-detuning1",practice-room-bass-detuning1,"다운튜닝",0,32,0.00,7.5
"https://studionol.co.kr/ko/stories/practice-room-bass-detuning1",practice-room-bass-detuning1,"드롭 d 튜닝",0,4,0.00,7.8
"https://studionol.co.kr/ko/stories/practice-room-bass-detuning1",practice-room-bass-detuning1,"베이스 튜닝",0,2,0.00,24.0
"https://studionol.co.kr/ko/stories/practice-room-bass-detuning1",practice-room-bass-detuning1,"베이스 튜닝 음",0,1,0.00,24.0
"https://studionol.co.kr/ko/stories/practice-room-bass-detuning1",practice-room-bass-detuning1,"베이스 하프다운 튜닝",0,13,0.00,9.9
"https://studionol.co.kr/ko/stories/practice-room-bass-detuning1",practice-room-bass-detuning1,"하프 다운 튜닝",0,1,0.00,18.0
"https://studionol.co.kr/ko/stories/practice-room-bass-detuning1",practice-room-bass-detuning1,"하프다운 튜닝",0,1,0.00,19.0
"https://studionol.co.kr/ko/stories/practice-room-bass-detuning1",practice-room-bass-detuning1,"하프다운 튜닝 하는법",0,1,0.00,20.0
"https://studionol.co.kr/ko/stories/practice-room-bass-detuning1#%EB%93%9C%EB%A1%AD%ED%8A%9C%EB%8B%9D%EC%9D%B4-%EB%B2%A0%EC%9D%B4%EC%8A%A4%EC%9D%98-%EC%A0%80%EC%9D%8C%EC%97%AD%EC%9D%84-%ED%99%95%EC%9E%A5%ED%95%A9%EB%8B%88%EB%8B%A4",practice-room-bass-detuning1,"drop d 튜닝",0,2,0.00,10.0
"https://studionol.co.kr/ko/stories/practice-room-bass-detuning1#%EB%93%9C%EB%A1%AD%ED%8A%9C%EB%8B%9D%EC%9D%B4-%EB%B2%A0%EC%9D%B4%EC%8A%A4%EC%9D%98-%EC%A0%80%EC%9D%8C%EC%97%AD%EC%9D%84-%ED%99%95%EC%9E%A5%ED%95%A9%EB%8B%88%EB%8B%A4",practice-room-bass-detuning1,"다운튜닝",0,12,0.00,6.8
"https://studionol.co.kr/ko/stories/practice-room-bass-detuning1#%EB%93%9C%EB%A1%AD%ED%8A%9C%EB%8B%9D%EC%9D%B4-%EB%B2%A0%EC%9D%B4%EC%8A%A4%EC%9D%98-%EC%A0%80%EC%9D%8C%EC%97%AD%EC%9D%84-%ED%99%95%EC%9E%A5%ED%95%A9%EB%8B%88%EB%8B%A4",practice-room-bass-detuning1,"드랍튜닝",0,8,0.00,3.9
"https://studionol.co.kr/ko/stories/practice-room-bass-detuning1#%EB%93%9C%EB%A1%AD%ED%8A%9C%EB%8B%9D%EC%9D%B4-%EB%B2%A0%EC%9D%B4%EC%8A%A4%EC%9D%98-%EC%A0%80%EC%9D%8C%EC%97%AD%EC%9D%84-%ED%99%95%EC%9E%A5%ED%95%A9%EB%8B%88%EB%8B%A4",practice-room-bass-detuning1,"드롭 d 튜닝",0,3,0.00,9.7
"https://studionol.co.kr/ko/stories/practice-room-bass-detuning1#%EB%93%9C%EB%A1%AD%ED%8A%9C%EB%8B%9D%EC%9D%B4-%EB%B2%A0%EC%9D%B4%EC%8A%A4%EC%9D%98-%EC%A0%80%EC%9D%8C%EC%97%AD%EC%9D%84-%ED%99%95%EC%9E%A5%ED%95%A9%EB%8B%88%EB%8B%A4",practice-room-bass-detuning1,"베이스 다운튜닝",0,3,0.00,3.0
"https://studionol.co.kr/ko/stories/practice-room-bass-detuning1#%EB%93%9C%EB%A1%AD%ED%8A%9C%EB%8B%9D%EC%9D%B4-%EB%B2%A0%EC%9D%B4%EC%8A%A4%EC%9D%98-%EC%A0%80%EC%9D%8C%EC%97%AD%EC%9D%84-%ED%99%95%EC%9E%A5%ED%95%A9%EB%8B%88%EB%8B%A4",practice-room-bass-detuning1,"베이스 드롭 d 튜닝",0,1,0.00,4.0
"https://studionol.co.kr/ko/stories/practice-room-bass-detuning1#%EB%B2%A0%EC%9D%B4%EC%8A%A4-%EB%93%9C%EB%A1%AD%ED%8A%9C%EB%8B%9D%EB%8B%A4%EC%9A%B4%ED%8A%9C%EB%8B%9D-%ED%9B%88%EB%A0%A8%EC%9D%84-%EA%B7%B9%EB%8C%80%ED%99%94%ED%95%98%EB%8A%94-4%EA%B0%80%EC%A7%80-%EC%9B%90%EC%B9%99",practice-room-bass-detuning1,"drop d 튜닝",0,2,0.00,10.0
"https://studionol.co.kr/ko/stories/practice-room-bass-detuning1#%EB%B2%A0%EC%9D%B4%EC%8A%A4-%EB%93%9C%EB%A1%AD%ED%8A%9C%EB%8B%9D%EB%8B%A4%EC%9A%B4%ED%8A%9C%EB%8B%9D-%ED%9B%88%EB%A0%A8%EC%9D%84-%EA%B7%B9%EB%8C%80%ED%99%94%ED%95%98%EB%8A%94-4%EA%B0%80%EC%A7%80-%EC%9B%90%EC%B9%99",practice-room-bass-detuning1,"다운튜닝",0,12,0.00,6.8
"https://studionol.co.kr/ko/stories/practice-room-bass-detuning1#%EB%B2%A0%EC%9D%B4%EC%8A%A4-%EB%93%9C%EB%A1%AD%ED%8A%9C%EB%8B%9D%EB%8B%A4%EC%9A%B4%ED%8A%9C%EB%8B%9D-%ED%9B%88%EB%A0%A8%EC%9D%84-%EA%B7%B9%EB%8C%80%ED%99%94%ED%95%98%EB%8A%94-4%EA%B0%80%EC%A7%80-%EC%9B%90%EC%B9%99",practice-room-bass-detuning1,"드랍튜닝",0,8,0.00,3.9
"https://studionol.co.kr/ko/stories/practice-room-bass-detuning1#%EB%B2%A0%EC%9D%B4%EC%8A%A4-%EB%93%9C%EB%A1%AD%ED%8A%9C%EB%8B%9D%EB%8B%A4%EC%9A%B4%ED%8A%9C%EB%8B%9D-%ED%9B%88%EB%A0%A8%EC%9D%84-%EA%B7%B9%EB%8C%80%ED%99%94%ED%95%98%EB%8A%94-4%EA%B0%80%EC%A7%80-%EC%9B%90%EC%B9%99",practice-room-bass-detuning1,"드롭 d 튜닝",0,3,0.00,9.7
"https://studionol.co.kr/ko/stories/practice-room-bass-detuning1#%EB%B2%A0%EC%9D%B4%EC%8A%A4-%EB%93%9C%EB%A1%AD%ED%8A%9C%EB%8B%9D%EB%8B%A4%EC%9A%B4%ED%8A%9C%EB%8B%9D-%ED%9B%88%EB%A0%A8%EC%9D%84-%EA%B7%B9%EB%8C%80%ED%99%94%ED%95%98%EB%8A%94-4%EA%B0%80%EC%A7%80-%EC%9B%90%EC%B9%99",practice-room-bass-detuning1,"베이스 다운튜닝",0,3,0.00,3.0
"https://studionol.co.kr/ko/stories/practice-room-bass-detuning1#%EB%B2%A0%EC%9D%B4%EC%8A%A4-%EB%93%9C%EB%A1%AD%ED%8A%9C%EB%8B%9D%EB%8B%A4%EC%9A%B4%ED%8A%9C%EB%8B%9D-%ED%9B%88%EB%A0%A8%EC%9D%84-%EA%B7%B9%EB%8C%80%ED%99%94%ED%95%98%EB%8A%94-4%EA%B0%80%EC%A7%80-%EC%9B%90%EC%B9%99",practice-room-bass-detuning1,"베이스 드롭 d 튜닝",0,1,0.00,4.0
"https://studionol.co.kr/ko/stories/practice-room-bass-detuning1#%EC%97%B0%EC%8A%B5-%EC%A4%91-%EC%9E%90%EC%A3%BC-%ED%95%98%EB%8A%94-%EC%8B%A4%EC%88%98",practice-room-bass-detuning1,"drop d 튜닝",0,1,0.00,10.0
"https://studionol.co.kr/ko/stories/practice-room-bass-detuning1#%EC%97%B0%EC%8A%B5-%EC%A4%91-%EC%9E%90%EC%A3%BC-%ED%95%98%EB%8A%94-%EC%8B%A4%EC%88%98",practice-room-bass-detuning1,"다운튜닝",0,10,0.00,6.8
"https://studionol.co.kr/ko/stories/practice-room-bass-detuning1#%EC%97%B0%EC%8A%B5-%EC%A4%91-%EC%9E%90%EC%A3%BC-%ED%95%98%EB%8A%94-%EC%8B%A4%EC%88%98",practice-room-bass-detuning1,"드랍튜닝",0,8,0.00,3.9
"https://studionol.co.kr/ko/stories/practice-room-bass-detuning1#%EC%97%B0%EC%8A%B5-%EC%A4%91-%EC%9E%90%EC%A3%BC-%ED%95%98%EB%8A%94-%EC%8B%A4%EC%88%98",practice-room-bass-detuning1,"드롭 d 튜닝",0,3,0.00,9.7
"https://studionol.co.kr/ko/stories/practice-room-bass-detuning1#%EC%97%B0%EC%8A%B5-%EC%A4%91-%EC%9E%90%EC%A3%BC-%ED%95%98%EB%8A%94-%EC%8B%A4%EC%88%98",practice-room-bass-detuning1,"베이스 다운튜닝",0,2,0.00,2.5
"https://studionol.co.kr/ko/stories/practice-room-bass-detuning1#%EC%97%B0%EC%8A%B5-%EC%A4%91-%EC%9E%90%EC%A3%BC-%ED%95%98%EB%8A%94-%EC%8B%A4%EC%88%98",practice-room-bass-detuning1,"베이스 드롭 d 튜닝",0,1,0.00,4.0
"https://studionol.co.kr/ko/stories/practice-room-bass-extended-range1",practice-room-bass-extended-range1,"4현 베이스 코드",0,1,0.00,12.0
"https://studionol.co.kr/ko/stories/practice-room-bass-extended-range1",practice-room-bass-extended-range1,"5현 베이스 튜닝",0,11,0.00,6.1
"https://studionol.co.kr/ko/stories/practice-room-bass-extended-range1",practice-room-bass-extended-range1,"5현베이스 튜닝",0,1,0.00,3.0
"https://studionol.co.kr/ko/stories/practice-room-bass-extended-range1",practice-room-bass-extended-range1,"6 현 베이스",0,1,0.00,12.0
"https://studionol.co.kr/ko/stories/practice-room-bass-extended-range1",practice-room-bass-extended-range1,"6현",0,3,0.00,7.3
"https://studionol.co.kr/ko/stories/practice-room-bass-extended-range1",practice-room-bass-extended-range1,"6현 베이스",0,25,0.00,14.1
"https://studionol.co.kr/ko/stories/practice-room-bass-extended-range1",practice-room-bass-extended-range1,"6현베이스",0,8,0.00,10.1
"https://studionol.co.kr/ko/stories/practice-room-bass-extended-range1",practice-room-bass-extended-range1,"베이스 6현",0,2,0.00,8.5
"https://studionol.co.kr/ko/stories/practice-room-bass-extended-range1",practice-room-bass-extended-range1,"베이스 개방현",0,1,0.00,27.0
"https://studionol.co.kr/ko/stories/practice-room-bass-extended-range1",practice-room-bass-extended-range1,"베이스 음역",0,2,0.00,8.5
"https://studionol.co.kr/ko/stories/practice-room-bass-extended-range1",practice-room-bass-extended-range1,"베이스 현 음",0,8,0.00,7.6
"https://studionol.co.kr/ko/stories/practice-room-bass-fingering1",practice-room-bass-fingering1,"베이스 기술",0,5,0.00,3.2
"https://studionol.co.kr/ko/stories/practice-room-bass-fingering1",practice-room-bass-fingering1,"베이스 연습실",0,3,0.00,10.0
"https://studionol.co.kr/ko/stories/practice-room-bass-fingering1",practice-room-bass-fingering1,"베이스 오른손 자세",0,2,0.00,12.0
"https://studionol.co.kr/ko/stories/practice-room-bass-fingering1",practice-room-bass-fingering1,"베이스 태핑",0,1,0.00,49.0
"https://studionol.co.kr/ko/stories/practice-room-bass-fingering1",practice-room-bass-fingering1,"베이스 피킹",0,2,0.00,14.5
"https://studionol.co.kr/ko/stories/practice-room-bass-fingering1",practice-room-bass-fingering1,"베이스 핑거 피킹",0,2,0.00,9.0
"https://studionol.co.kr/ko/stories/practice-room-bass-fingering1",practice-room-bass-fingering1,"베이스 핑거링 속도",0,3,0.00,5.3
"https://studionol.co.kr/ko/stories/practice-room-bass-fingering1",practice-room-bass-fingering1,"베이스 핑거피킹",0,5,0.00,9.6
"https://studionol.co.kr/ko/stories/practice-room-bass-fingerstyle-technique1",practice-room-bass-fingerstyle-technique1,"베이스 피킹",0,1,0.00,28.0
"https://studionol.co.kr/ko/stories/practice-room-bass-fingerstyle-technique1",practice-room-bass-fingerstyle-technique1,"베이스 핑거링",0,1,0.00,18.0
"https://studionol.co.kr/ko/stories/practice-room-bass-fingerstyle-technique1",practice-room-bass-fingerstyle-technique1,"베이스 핑거링 속도",0,5,0.00,7.8
"https://studionol.co.kr/ko/stories/practice-room-bass-fingerstyle-technique1",practice-room-bass-fingerstyle-technique1,"핑거링 자세",0,1,0.00,8.0
"https://studionol.co.kr/ko/stories/practice-room-bass-fretless-jazz1",practice-room-bass-fretless-jazz1,"베이스 프렛",0,1,0.00,30.0
"https://studionol.co.kr/ko/stories/practice-room-bass-fretless1",practice-room-bass-fretless1,"리즈 베이스",0,1,0.00,10.0
"https://studionol.co.kr/ko/stories/practice-room-bass-fretless1",practice-room-bass-fretless1,"베이스 글리산도",0,24,0.00,5.7
"https://studionol.co.kr/ko/stories/practice-room-bass-fretless1",practice-room-bass-fretless1,"베이스 인토네이션",0,24,0.00,9.0
"https://studionol.co.kr/ko/stories/practice-room-bass-fretless1",practice-room-bass-fretless1,"프렛리스",0,1,0.00,9.0
"https://studionol.co.kr/ko/stories/practice-room-bass-fretless1",practice-room-bass-fretless1,"프렛리스 베이스",0,2,0.00,16.5
"https://studionol.co.kr/ko/stories/practice-room-bass-funk-groove1",practice-room-bass-funk-groove1,"펑크 계이름",0,1,0.00,2.0
"https://studionol.co.kr/ko/stories/practice-room-bass-ghost-notes1",practice-room-bass-ghost-notes1,"고스트 노트",0,4,0.00,8.3
"https://studionol.co.kr/ko/stories/practice-room-bass-ghost-notes1",practice-room-bass-ghost-notes1,"고스트 노트 베이스",0,1,0.00,6.0
"https://studionol.co.kr/ko/stories/practice-room-bass-ghost-notes1",practice-room-bass-ghost-notes1,"고스트노트",0,2,0.00,3.0
"https://studionol.co.kr/ko/stories/practice-room-bass-ghost-notes1",practice-room-bass-ghost-notes1,"노트베이스",0,6,0.00,28.8
"https://studionol.co.kr/ko/stories/practice-room-bass-ghost-notes1",practice-room-bass-ghost-notes1,"베이스 고스트노트",0,68,0.00,6.3
"https://studionol.co.kr/ko/stories/practice-room-bass-ghost-notes1",practice-room-bass-ghost-notes1,"베이스 뮤트",0,3,0.00,11.7
"https://studionol.co.kr/ko/stories/practice-room-bass-gospel1",practice-room-bass-gospel1,"site:studionol.co.kr",0,1,0.00,223.0
"https://studionol.co.kr/ko/stories/practice-room-bass-harmonics1",practice-room-bass-harmonics1,"e5 옥타브",0,1,0.00,18.0
"https://studionol.co.kr/ko/stories/practice-room-bass-harmonics1",practice-room-bass-harmonics1,"site:studionol.co.kr",0,1,0.00,250.0
"https://studionol.co.kr/ko/stories/practice-room-bass-harmonics1",practice-room-bass-harmonics1,"하모닉 에이스",0,7,0.00,59.7
"https://studionol.co.kr/ko/stories/practice-room-bass-harmonics1",practice-room-bass-harmonics1,"하모닉스 합주실",0,31,0.00,10.1
"https://studionol.co.kr/ko/stories/practice-room-bass-neck-position1",practice-room-bass-neck-position1,"5현 베이스 지판",0,4,0.00,10.0
"https://studionol.co.kr/ko/stories/practice-room-bass-neck-position1",practice-room-bass-neck-position1,"베이스 지판",0,96,0.00,9.5
"https://studionol.co.kr/ko/stories/practice-room-bass-neck-position1",practice-room-bass-neck-position1,"베이스 지판 음",0,4,0.00,7.5
"https://studionol.co.kr/ko/stories/practice-room-bass-neck-position1",practice-room-bass-neck-position1,"베이스 지판 표",0,1,0.00,17.0
"https://studionol.co.kr/ko/stories/practice-room-bass-neck-position1",practice-room-bass-neck-position1,"베이스기타 지판",0,1,0.00,22.0
"https://studionol.co.kr/ko/stories/practice-room-bass-neck-position1",practice-room-bass-neck-position1,"베이스지판",0,6,0.00,9.7
"https://studionol.co.kr/ko/stories/practice-room-bass-neck-position1",practice-room-bass-neck-position1,"운지마스터",0,1,0.00,7.0
"https://studionol.co.kr/ko/stories/practice-room-bass-octave1",practice-room-bass-octave1,"site:studionol.co.kr",0,1,0.00,254.0
"https://studionol.co.kr/ko/stories/practice-room-bass-octave1",practice-room-bass-octave1,"기타 옥타브 주법",0,1,0.00,16.0
"https://studionol.co.kr/ko/stories/practice-room-bass-octave1",practice-room-bass-octave1,"베이스 옥타브",0,55,0.00,6.7
"https://studionol.co.kr/ko/stories/practice-room-bass-octave1",practice-room-bass-octave1,"베이스 주법",0,4,0.00,10.5
"https://studionol.co.kr/ko/stories/practice-room-bass-octave1",practice-room-bass-octave1,"베이스기타",0,1,0.00,3.0
"https://studionol.co.kr/ko/stories/practice-room-bass-octave1",practice-room-bass-octave1,"옥타브",0,1,0.00,4.0
"https://studionol.co.kr/ko/stories/practice-room-bass-octave1",practice-room-bass-octave1,"옥타브 주법",0,86,0.00,6.2
"https://studionol.co.kr/ko/stories/practice-room-bass-octave1",practice-room-bass-octave1,"옥타브 코드",0,3,0.00,11.7
"https://studionol.co.kr/ko/stories/practice-room-bass-orchestral1",practice-room-bass-orchestral1,"더블베이스 구조",0,32,0.00,9.9
"https://studionol.co.kr/ko/stories/practice-room-bass-orchestral1",practice-room-bass-orchestral1,"업라이트 베이스",0,2,0.00,18.0
"https://studionol.co.kr/ko/stories/practice-room-bass-orchestral1",practice-room-bass-orchestral1,"오케스트라 베이스",0,23,0.00,7.9
"https://studionol.co.kr/ko/stories/practice-room-bass-orchestral1",practice-room-bass-orchestral1,"콘트라베이스 구조",0,4,0.00,12.0
"https://studionol.co.kr/ko/stories/practice-room-bass-orchestral1",practice-room-bass-orchestral1,"콘트라베이스 더블베이스",0,2,0.00,1.0
"https://studionol.co.kr/ko/stories/practice-room-bass-orchestral1",practice-room-bass-orchestral1,"콘트라베이스 연주방법",0,7,0.00,9.0
"https://studionol.co.kr/ko/stories/practice-room-bass-pentatonic1",practice-room-bass-pentatonic1,"블루 노트 스케일",0,1,0.00,8.0
"https://studionol.co.kr/ko/stories/practice-room-bass-pentatonic1",practice-room-bass-pentatonic1,"블루스",0,2,0.00,2.5
"https://studionol.co.kr/ko/stories/practice-room-bass-pentatonic1",practice-room-bass-pentatonic1,"블루스 스케일",0,1,0.00,3.0
"https://studionol.co.kr/ko/stories/practice-room-bass-pentatonic1",practice-room-bass-pentatonic1,"블루스 음계",0,1,0.00,1.0
"https://studionol.co.kr/ko/stories/practice-room-bass-pentatonic1",practice-room-bass-pentatonic1,"블루스케일",0,1,0.00,10.0
"https://studionol.co.kr/ko/stories/practice-room-bass-pentatonic1",practice-room-bass-pentatonic1,"저울 기반 (스케일 베이스)",0,10,0.00,5.2
"https://studionol.co.kr/ko/stories/practice-room-bass-pentatonic1",practice-room-bass-pentatonic1,"펜타토닉 스케일 베이스",0,1,0.00,10.0
"https://studionol.co.kr/ko/stories/practice-room-bass-pentatonic1",practice-room-bass-pentatonic1,"펜타토닉 스케일 종류",0,1,0.00,1.0
"https://studionol.co.kr/ko/stories/practice-room-bass-pick-fingerstyle1",practice-room-bass-pick-fingerstyle1,"site:studionol.co.kr",0,2,0.00,280.5
"https://studionol.co.kr/ko/stories/practice-room-bass-rhythm-locking1",practice-room-bass-rhythm-locking1,"레이백 드럼",0,1,0.00,8.0
"https://studionol.co.kr/ko/stories/practice-room-bass-rhythm-locking1",practice-room-bass-rhythm-locking1,"베이스 리듬 패턴",0,2,0.00,9.0
"https://studionol.co.kr/ko/stories/practice-room-bass-root-adv1",practice-room-bass-root-adv1,"베이스 코드",0,1,0.00,10.0
"https://studionol.co.kr/ko/stories/practice-room-bass-root-fifth1",practice-room-bass-root-fifth1,"site:studionol.co.kr",0,1,0.00,276.0
"https://studionol.co.kr/ko/stories/practice-room-bass-root-fifth1",practice-room-bass-root-fifth1,"베이스 기본 코드",0,6,0.00,7.7
"https://studionol.co.kr/ko/stories/practice-room-bass-root-fifth1",practice-room-bass-root-fifth1,"베이스 연습 루틴",0,3,0.00,26.3
"https://studionol.co.kr/ko/stories/practice-room-bass-root-fifth1",practice-room-bass-root-fifth1,"베이스 연주법",0,1,0.00,2.0
"https://studionol.co.kr/ko/stories/practice-room-bass-slap-advanced1",practice-room-bass-slap-advanced1,"site:studionol.co.kr",0,1,0.00,279.0
"https://studionol.co.kr/ko/stories/practice-room-bass-slap-advanced1",practice-room-bass-slap-advanced1,"베이스 기술",0,15,0.00,9.0
"https://studionol.co.kr/ko/stories/practice-room-bass-slap-advanced1",practice-room-bass-slap-advanced1,"베이스 스트로크",0,1,0.00,7.0
"https://studionol.co.kr/ko/stories/practice-room-bass-slap-advanced1",practice-room-bass-slap-advanced1,"베이스 슬랩",0,13,0.00,9.1
"https://studionol.co.kr/ko/stories/practice-room-bass-slap-advanced1",practice-room-bass-slap-advanced1,"베이스 슬랩 곡",0,1,0.00,18.0
"https://studionol.co.kr/ko/stories/practice-room-bass-slap-advanced1",practice-room-bass-slap-advanced1,"베이스 슬랩 치는법",0,1,0.00,8.0
"https://studionol.co.kr/ko/stories/practice-room-bass-slap-advanced1",practice-room-bass-slap-advanced1,"베이스 썸레스트",0,1,0.00,20.0
"https://studionol.co.kr/ko/stories/practice-room-bass-slap-advanced1",practice-room-bass-slap-advanced1,"슬랩 베이스",0,2,0.00,9.0
"https://studionol.co.kr/ko/stories/practice-room-bass-slap-advanced1",practice-room-bass-slap-advanced1,"썸풀링",0,1,0.00,27.0
"https://studionol.co.kr/ko/stories/practice-room-bass-slap-pop1",practice-room-bass-slap-pop1,"베이스 슬랩",0,11,0.00,8.5
"https://studionol.co.kr/ko/stories/practice-room-bass-slap1",practice-room-bass-slap1,"site:studionol.co.kr",0,1,0.00,211.0
"https://studionol.co.kr/ko/stories/practice-room-bass-slap1",practice-room-bass-slap1,"베이스 태핑",0,1,0.00,59.0
"https://studionol.co.kr/ko/stories/practice-room-bass-solo-grooving1",practice-room-bass-solo-grooving1,"site:studionol.co.kr",0,1,0.00,282.0
"https://studionol.co.kr/ko/stories/practice-room-bass-string-muting1",practice-room-bass-string-muting1,"베이스 뮤트",0,1,0.00,17.0
"https://studionol.co.kr/ko/stories/practice-room-bass-sustain1",practice-room-bass-sustain1,"site:studionol.co.kr",0,1,0.00,239.0
"https://studionol.co.kr/ko/stories/practice-room-bass-tapping1",practice-room-bass-tapping1,"tapping",0,2,0.00,4.0
"https://studionol.co.kr/ko/stories/practice-room-bass-tapping1",practice-room-bass-tapping1,"tapping 뜻",0,1,0.00,2.0
"https://studionol.co.kr/ko/stories/practice-room-bass-tapping1",practice-room-bass-tapping1,"기타 태핑",0,2,0.00,15.0
"https://studionol.co.kr/ko/stories/practice-room-bass-tapping1",practice-room-bass-tapping1,"베이스 기술",0,2,0.00,8.0
"https://studionol.co.kr/ko/stories/practice-room-bass-tapping1",practice-room-bass-tapping1,"베이스 연습실",0,1,0.00,1.0
"https://studionol.co.kr/ko/stories/practice-room-bass-tapping1",practice-room-bass-tapping1,"베이스 오른손",0,1,0.00,25.0
"https://studionol.co.kr/ko/stories/practice-room-bass-tapping1",practice-room-bass-tapping1,"태핑",0,234,0.00,8.8
"https://studionol.co.kr/ko/stories/practice-room-bass-tapping1",practice-room-bass-tapping1,"탭핑",0,3,0.00,1.7
"https://studionol.co.kr/ko/stories/practice-room-bass-theory-harmony1",practice-room-bass-theory-harmony1,"베이스 메이저 스케일 표",0,13,0.00,7.9
"https://studionol.co.kr/ko/stories/practice-room-bass-theory-harmony1",practice-room-bass-theory-harmony1,"베이스 스케일 표",0,3,0.00,7.3
"https://studionol.co.kr/ko/stories/practice-room-bass-theory-harmony1",practice-room-bass-theory-harmony1,"베이스 이론",0,1,0.00,10.0
"https://studionol.co.kr/ko/stories/practice-room-bass-theory-harmony1",practice-room-bass-theory-harmony1,"베이스 펜타토닉 스케일 표",0,4,0.00,14.8
"https://studionol.co.kr/ko/stories/practice-room-bass-theory-harmony1",practice-room-bass-theory-harmony1,"베이스 화성학",0,2,0.00,24.0
"https://studionol.co.kr/ko/stories/practice-room-bass-thumb-technique1",practice-room-bass-thumb-technique1,"베이스 기술",0,2,0.00,8.0
"https://studionol.co.kr/ko/stories/practice-room-bass-thumb-technique1",practice-room-bass-thumb-technique1,"베이스 스트로크",0,1,0.00,8.0
"https://studionol.co.kr/ko/stories/practice-room-bass-thumb-technique1",practice-room-bass-thumb-technique1,"베이스 슬랩 톤",0,1,0.00,30.0
"https://studionol.co.kr/ko/stories/practice-room-bass-two-hand-tapping1",practice-room-bass-two-hand-tapping1,"베이스 태핑",0,1,0.00,36.0
"https://studionol.co.kr/ko/stories/practice-room-bass1",practice-room-bass1,"site:studionol.co.kr",0,1,0.00,163.0
"https://studionol.co.kr/ko/stories/practice-room-bass1",practice-room-bass1,"개인연습실",0,1,0.00,6.0
"https://studionol.co.kr/ko/stories/practice-room-bass1",practice-room-bass1,"합주실 대여 비용",0,2,0.00,2.5
"https://studionol.co.kr/ko/stories/practice-room-booking1",practice-room-booking1,"요금",0,1,0.00,3.0
"https://studionol.co.kr/ko/stories/practice-room-breath-control1",practice-room-breath-control1,"복식호흡 발성 연습",0,1,0.00,7.0
"https://studionol.co.kr/ko/stories/practice-room-breath-control1",practice-room-breath-control1,"개호흡",0,1,0.00,19.0
"https://studionol.co.kr/ko/stories/practice-room-breath-control1",practice-room-breath-control1,"노래 복식호흡",0,4,0.00,12.5
"https://studionol.co.kr/ko/stories/practice-room-breath-control1",practice-room-breath-control1,"노래 복식호흡 하는 법",0,2,0.00,8.5
"https://studionol.co.kr/ko/stories/practice-room-breath-control1",practice-room-breath-control1,"딕션 좋아지는 법 디시",0,1,0.00,10.0
"https://studionol.co.kr/ko/stories/practice-room-breath-control1",practice-room-breath-control1,"발성",0,1,0.00,2.0
"https://studionol.co.kr/ko/stories/practice-room-breath-control1",practice-room-breath-control1,"보컬",0,2,0.00,6.0
"https://studionol.co.kr/ko/stories/practice-room-breath-control1",practice-room-breath-control1,"복식 발성",0,1,0.00,8.0
"https://studionol.co.kr/ko/stories/practice-room-breath-control1",practice-room-breath-control1,"복식 호흡 발성",0,13,0.00,12.2
"https://studionol.co.kr/ko/stories/practice-room-breath-control1",practice-room-breath-control1,"복식 호흡 훈련",0,1,0.00,27.0
"https://studionol.co.kr/ko/stories/practice-room-breath-control1",practice-room-breath-control1,"복식발성",0,7,0.00,8.3
"https://studionol.co.kr/ko/stories/practice-room-breath-control1",practice-room-breath-control1,"복식호흡 노래",0,4,0.00,4.5
"https://studionol.co.kr/ko/stories/practice-room-breath-control1",practice-room-breath-control1,"복식호흡 목소리",0,1,0.00,10.0
"https://studionol.co.kr/ko/stories/practice-room-breath-control1",practice-room-breath-control1,"복식호흡 발성",0,68,0.00,8.3
"https://studionol.co.kr/ko/stories/practice-room-breath-control1",practice-room-breath-control1,"복식호흡 방법",0,1,0.00,30.0
"https://studionol.co.kr/ko/stories/practice-room-breath-control1",practice-room-breath-control1,"브레스컨트롤 하는법",0,1,0.00,1.0
"https://studionol.co.kr/ko/stories/practice-room-breath-control1",practice-room-breath-control1,"호흡 연습",0,9,0.00,8.1
"https://studionol.co.kr/ko/stories/practice-room-breath-control1",practice-room-breath-control1,"호흡연습",0,3,0.00,1.3
"https://studionol.co.kr/ko/stories/practice-room-breath-control1",practice-room-breath-control1,"훈련법",0,1,0.00,1.0
"https://studionol.co.kr/ko/stories/practice-room-bulgwang1",practice-room-bulgwang1,"site:studionol.co.kr",0,1,0.00,171.0
"https://studionol.co.kr/ko/stories/practice-room-bulgwang1",practice-room-bulgwang1,"불광동",0,1,0.00,4.0
"https://studionol.co.kr/ko/stories/practice-room-bulgwang1",practice-room-bulgwang1,"스튜디오 놀",0,1,0.00,8.0
"https://studionol.co.kr/ko/stories/practice-room-busking1",practice-room-busking1,"site:studionol.co.kr",0,1,0.00,169.0
"https://studionol.co.kr/ko/stories/practice-room-busking1",practice-room-busking1,"버스킹 무대",0,1,0.00,10.0
"https://studionol.co.kr/ko/stories/practice-room-busking1",practice-room-busking1,"버스킹 하는법",0,6,0.00,8.5
"https://studionol.co.kr/ko/stories/practice-room-busking1",practice-room-busking1,"버스킹 하려면",0,1,0.00,44.0
"https://studionol.co.kr/ko/stories/practice-room-busking1",practice-room-busking1,"셋다 알려줘",0,1,0.00,3.0
"https://studionol.co.kr/ko/stories/practice-room-busking1",practice-room-busking1,"연습",0,1,0.00,4.0
"https://studionol.co.kr/ko/stories/practice-room-cajon1",practice-room-cajon1,"카혼 대여",0,1,0.00,19.0
"https://studionol.co.kr/ko/stories/practice-room-cello1",practice-room-cello1,"site:studionol.co.kr",0,1,0.00,161.0
"https://studionol.co.kr/ko/stories/practice-room-cello1",practice-room-cello1,"첼로 개방현",0,1,0.00,30.0
"https://studionol.co.kr/ko/stories/practice-room-certification1",practice-room-certification1,"site:studionol.co.kr",0,1,0.00,196.0
"https://studionol.co.kr/ko/stories/practice-room-certification1",practice-room-certification1,"피아노 자격증",0,1,0.00,28.0
"https://studionol.co.kr/ko/stories/practice-room-church1",practice-room-church1,"site:studionol.co.kr",0,1,0.00,178.0
"https://studionol.co.kr/ko/stories/practice-room-classical1",practice-room-classical1,"바이올린 연습실",0,2,0.00,1.0
"https://studionol.co.kr/ko/stories/practice-room-composition1",practice-room-composition1,"site:studionol.co.kr",0,1,0.00,197.0
"https://studionol.co.kr/ko/stories/practice-room-content-creator1",practice-room-content-creator1,"site:studionol.co.kr",0,1,0.00,243.0
"https://studionol.co.kr/ko/stories/practice-room-contract1",practice-room-contract1,"개인연습실 월세",0,1,0.00,11.0
"https://studionol.co.kr/ko/stories/practice-room-contract1",practice-room-contract1,"연습실 월세",0,4,0.00,11.0
"https://studionol.co.kr/ko/stories/practice-room-contract1",practice-room-contract1,"음악 스튜디오 월세",0,1,0.00,33.0
"https://studionol.co.kr/ko/stories/practice-room-contract1",practice-room-contract1,"음악 연습실 월세",0,2,0.00,10.0
"https://studionol.co.kr/ko/stories/practice-room-cooling1",practice-room-cooling1,"site:studionol.co.kr",0,1,0.00,162.0
"https://studionol.co.kr/ko/stories/practice-room-couple1",practice-room-couple1,"site:studionol.co.kr",0,1,0.00,194.0
"https://studionol.co.kr/ko/stories/practice-room-couple1",practice-room-couple1,"노래 잘하는법",0,1,0.00,3.0
"https://studionol.co.kr/ko/stories/practice-room-couple1",practice-room-couple1,"연습",0,1,0.00,2.0
"https://studionol.co.kr/ko/stories/practice-room-couple1",practice-room-couple1,"취미",0,1,0.00,1.0
"https://studionol.co.kr/ko/stories/practice-room-daejo1",practice-room-daejo1,"스튜디오 놀",0,1,0.00,1.0
"https://studionol.co.kr/ko/stories/practice-room-demo1",practice-room-demo1,"site:studionol.co.kr",0,1,0.00,203.0
"https://studionol.co.kr/ko/stories/practice-room-demo1",practice-room-demo1,"데모테이프",0,1,0.00,7.0
"https://studionol.co.kr/ko/stories/practice-room-deogyang1",practice-room-deogyang1,"site:studionol.co.kr",0,1,0.00,185.0
"https://studionol.co.kr/ko/stories/practice-room-dokbawi1",practice-room-dokbawi1,"site:studionol.co.kr",0,1,0.00,158.0
"https://studionol.co.kr/ko/stories/practice-room-dokbawi1",practice-room-dokbawi1,"방음실 대여",0,1,0.00,25.0
"https://studionol.co.kr/ko/stories/practice-room-dongdaemun1",practice-room-dongdaemun1,"기타연습실",0,1,0.00,3.0
"https://studionol.co.kr/ko/stories/practice-room-drum-accent1",practice-room-drum-accent1,"site:studionol.co.kr",0,1,0.00,214.0
"https://studionol.co.kr/ko/stories/practice-room-drum-afro-cuban-clave1",practice-room-drum-afro-cuban-clave1,"네",0,1,0.00,1.0
"https://studionol.co.kr/ko/stories/practice-room-drum-afro-cuban-clave1",practice-room-drum-afro-cuban-clave1,"아프로큐반",0,1,0.00,21.0
"https://studionol.co.kr/ko/stories/practice-room-drum-afro-cuban-clave1",practice-room-drum-afro-cuban-clave1,"악보",0,1,0.00,1.0
"https://studionol.co.kr/ko/stories/practice-room-drum-afro-cuban-clave1",practice-room-drum-afro-cuban-clave1,"클라베 리듬",0,62,0.00,7.9
"https://studionol.co.kr/ko/stories/practice-room-drum-afro-cuban-clave1",practice-room-drum-afro-cuban-clave1,"클라베 악기",0,21,0.00,8.8
"https://studionol.co.kr/ko/stories/practice-room-drum-afro-cuban-clave1",practice-room-drum-afro-cuban-clave1,"클라베스",0,1,0.00,2.0
"https://studionol.co.kr/ko/stories/practice-room-drum-afrobeat1",practice-room-drum-afrobeat1,"서양 펠라",0,1,0.00,30.0
"https://studionol.co.kr/ko/stories/practice-room-drum-bossa-nova1",practice-room-drum-bossa-nova1,"site:studionol.co.kr",0,1,0.00,273.0
"https://studionol.co.kr/ko/stories/practice-room-drum-bossa-nova1",practice-room-drum-bossa-nova1,"보사노바 드럼",0,28,0.00,7.5
"https://studionol.co.kr/ko/stories/practice-room-drum-bossa-nova1",practice-room-drum-bossa-nova1,"보사노바 리듬 패턴",0,5,0.00,7.8
"https://studionol.co.kr/ko/stories/practice-room-drum-bossa-nova1",practice-room-drum-bossa-nova1,"보사노바 악기",0,1,0.00,12.0
"https://studionol.co.kr/ko/stories/practice-room-drum-bossa-nova1",practice-room-drum-bossa-nova1,"클라베 리듬",0,1,0.00,10.0
"https://studionol.co.kr/ko/stories/practice-room-drum-brushwork-advanced1",practice-room-drum-brushwork-advanced1,"드럼 주법",0,18,0.00,9.6
"https://studionol.co.kr/ko/stories/practice-room-drum-brushwork-jazz-waltz1",practice-room-drum-brushwork-jazz-waltz1,"왈츠 박자",0,93,0.00,9.4
"https://studionol.co.kr/ko/stories/practice-room-drum-brushwork-jazz-waltz1",practice-room-drum-brushwork-jazz-waltz1,"재즈 박자",0,34,0.00,8.5
"https://studionol.co.kr/ko/stories/practice-room-drum-cajon1",practice-room-drum-cajon1,"손으로 치는 타악기",0,1,0.00,12.0
"https://studionol.co.kr/ko/stories/practice-room-drum-cajon1",practice-room-drum-cajon1,"앉아서 치는 타악기",0,10,0.00,10.5
"https://studionol.co.kr/ko/stories/practice-room-drum-cajon1",practice-room-drum-cajon1,"카혼 대여",0,1,0.00,93.0
"https://studionol.co.kr/ko/stories/practice-room-drum-cajon1",practice-room-drum-cajon1,"카혼 마이킹",0,1,0.00,19.0
"https://studionol.co.kr/ko/stories/practice-room-drum-cajon1",practice-room-drum-cajon1,"카혼 연주",0,7,0.00,7.9
"https://studionol.co.kr/ko/stories/practice-room-drum-cajon1",practice-room-drum-cajon1,"카혼 연주법",0,3,0.00,15.3
"https://studionol.co.kr/ko/stories/practice-room-drum-count1",practice-room-drum-count1,"드럼 기본 박자",0,12,0.00,9.1
"https://studionol.co.kr/ko/stories/practice-room-drum-count1",practice-room-drum-count1,"파트 카운팅 장비",0,9,0.00,79.1
"https://studionol.co.kr/ko/stories/practice-room-drum-cymbal-techniques1",practice-room-drum-cymbal-techniques1,"드럼 라이드 벨",0,2,0.00,5.0
"https://studionol.co.kr/ko/stories/practice-room-drum-cymbal-techniques1",practice-room-drum-cymbal-techniques1,"드럼 라이드 심벌",0,1,0.00,9.0
"https://studionol.co.kr/ko/stories/practice-room-drum-cymbal-techniques1",practice-room-drum-cymbal-techniques1,"드럼 심벌 위치",0,13,0.00,9.1
"https://studionol.co.kr/ko/stories/practice-room-drum-cymbal-techniques1",practice-room-drum-cymbal-techniques1,"드럼 심벌 종류",0,3,0.00,7.7
"https://studionol.co.kr/ko/stories/practice-room-drum-cymbal-techniques1",practice-room-drum-cymbal-techniques1,"드럼 크래쉬",0,93,0.00,8.5
"https://studionol.co.kr/ko/stories/practice-room-drum-cymbal-techniques1",practice-room-drum-cymbal-techniques1,"드럼 크래쉬 심벌",0,16,0.00,8.0
"https://studionol.co.kr/ko/stories/practice-room-drum-cymbal-techniques1",practice-room-drum-cymbal-techniques1,"드럼 크래시",0,21,0.00,9.0
"https://studionol.co.kr/ko/stories/practice-room-drum-cymbal-techniques1",practice-room-drum-cymbal-techniques1,"라이드 드럼",0,26,0.00,7.6
"https://studionol.co.kr/ko/stories/practice-room-drum-cymbal-techniques1",practice-room-drum-cymbal-techniques1,"라이드 벨",0,2,0.00,8.5
"https://studionol.co.kr/ko/stories/practice-room-drum-cymbal-techniques1",practice-room-drum-cymbal-techniques1,"라이드 심벌",0,59,0.00,9.0
"https://studionol.co.kr/ko/stories/practice-room-drum-cymbal-techniques1",practice-room-drum-cymbal-techniques1,"라이드 심벌 위치",0,3,0.00,12.0
"https://studionol.co.kr/ko/stories/practice-room-drum-cymbal-techniques1",practice-room-drum-cymbal-techniques1,"라이드심벌",0,8,0.00,9.5
"https://studionol.co.kr/ko/stories/practice-room-drum-cymbal-techniques1",practice-room-drum-cymbal-techniques1,"크래쉬 드럼",0,1,0.00,9.0
"https://studionol.co.kr/ko/stories/practice-room-drum-cymbal-techniques1",practice-room-drum-cymbal-techniques1,"크래쉬 심벌",0,6,0.00,11.7
"https://studionol.co.kr/ko/stories/practice-room-drum-cymbal-techniques1",practice-room-drum-cymbal-techniques1,"크래시 심벌",0,16,0.00,10.4
"https://studionol.co.kr/ko/stories/practice-room-drum-cymbal1",practice-room-drum-cymbal1,"드럼 라이드",0,63,0.00,8.0
"https://studionol.co.kr/ko/stories/practice-room-drum-cymbal1",practice-room-drum-cymbal1,"드럼 심벌 위치",0,1,0.00,10.0
"https://studionol.co.kr/ko/stories/practice-room-drum-cymbal1",practice-room-drum-cymbal1,"드럼 크래쉬",0,4,0.00,9.3
"https://studionol.co.kr/ko/stories/practice-room-drum-cymbal1",practice-room-drum-cymbal1,"드럼 크래쉬 심벌",0,1,0.00,9.0
"https://studionol.co.kr/ko/stories/practice-room-drum-cymbal1",practice-room-drum-cymbal1,"드럼 크래시",0,6,0.00,6.0
"https://studionol.co.kr/ko/stories/practice-room-drum-cymbal1",practice-room-drum-cymbal1,"드럼 테크닉",0,1,0.00,13.0
"https://studionol.co.kr/ko/stories/practice-room-drum-cymbal1",practice-room-drum-cymbal1,"라이드 드럼",0,3,0.00,12.7
"https://studionol.co.kr/ko/stories/practice-room-drum-cymbal1",practice-room-drum-cymbal1,"라이드 심벌",0,2,0.00,9.0
"https://studionol.co.kr/ko/stories/practice-room-drum-cymbal1",practice-room-drum-cymbal1,"라이드 심벌 위치",0,1,0.00,2.0
"https://studionol.co.kr/ko/stories/practice-room-drum-double-kick1",practice-room-drum-double-kick1,"더블 킥",0,6,0.00,9.5
"https://studionol.co.kr/ko/stories/practice-room-drum-double-kick1",practice-room-drum-double-kick1,"드럼 더블베이스",0,1,0.00,9.0
"https://studionol.co.kr/ko/stories/practice-room-drum-double-kick1",practice-room-drum-double-kick1,"드럼 더블킥",0,25,0.00,7.4
"https://studionol.co.kr/ko/stories/practice-room-drum-double-kick1",practice-room-drum-double-kick1,"드럼 발",0,2,0.00,1.0
"https://studionol.co.kr/ko/stories/practice-room-drum-electronic1",practice-room-drum-electronic1,"전자드럼의원리",0,58,0.00,9.9
"https://studionol.co.kr/ko/stories/practice-room-drum-fills-transitions1",practice-room-drum-fills-transitions1,"음악 트랜지션",0,13,0.00,11.5
"https://studionol.co.kr/ko/stories/practice-room-drum-fills-transitions1",practice-room-drum-fills-transitions1,"트랜지션 음악",0,3,0.00,7.3
"https://studionol.co.kr/ko/stories/practice-room-drum-ghost-notes1",practice-room-drum-ghost-notes1,"ghost note",0,1,0.00,2.0
"https://studionol.co.kr/ko/stories/practice-room-drum-ghost-notes1",practice-room-drum-ghost-notes1,"gost 뜻",0,2,0.00,1.0
"https://studionol.co.kr/ko/stories/practice-room-drum-ghost-notes1",practice-room-drum-ghost-notes1,"드럼 고스트",0,16,0.00,7.1
"https://studionol.co.kr/ko/stories/practice-room-drum-ghost-notes1",practice-room-drum-ghost-notes1,"드럼 고스트 노트",0,23,0.00,8.5
"https://studionol.co.kr/ko/stories/practice-room-drum-groove-pocket1",practice-room-drum-groove-pocket1,"pocket drumming",0,1,0.00,8.0
"https://studionol.co.kr/ko/stories/practice-room-drum-groove1",practice-room-drum-groove1,"site:studionol.co.kr",0,1,0.00,262.0
"https://studionol.co.kr/ko/stories/practice-room-drum-groove1",practice-room-drum-groove1,"그루브리듬",0,4,0.00,10.5
"https://studionol.co.kr/ko/stories/practice-room-drum-groove1",practice-room-drum-groove1,"드럼 리듬 종류",0,1,0.00,22.0
"https://studionol.co.kr/ko/stories/practice-room-drum-groove1",practice-room-drum-groove1,"드럼 리듬 패턴",0,1,0.00,7.0
"https://studionol.co.kr/ko/stories/practice-room-drum-hiphop1",practice-room-drum-hiphop1,"드럼트랩",0,1,0.00,11.0
"https://studionol.co.kr/ko/stories/practice-room-drum-hiphop1",practice-room-drum-hiphop1,"힙합 드럼",0,6,0.00,5.8
"https://studionol.co.kr/ko/stories/practice-room-drum-jazz-adv1",practice-room-drum-jazz-adv1,"site:studionol.co.kr",0,1,0.00,274.0
"https://studionol.co.kr/ko/stories/practice-room-drum-jazz-bebop1",practice-room-drum-jazz-bebop1,"리듬셰프 비밥",0,1,0.00,5.0
"https://studionol.co.kr/ko/stories/practice-room-drum-jazz-bebop1",practice-room-drum-jazz-bebop1,"드러밍",0,1,0.00,10.0
"https://studionol.co.kr/ko/stories/practice-room-drum-jazz-bebop1",practice-room-drum-jazz-bebop1,"드러밍 비트",0,1,0.00,9.0
"https://studionol.co.kr/ko/stories/practice-room-drum-jazz-brushwork-bossa1",practice-room-drum-jazz-brushwork-bossa1,"보사노바 드럼",0,38,0.00,6.9
"https://studionol.co.kr/ko/stories/practice-room-drum-jazz-brushwork-bossa1",practice-room-drum-jazz-brushwork-bossa1,"보사노바 악기",0,25,0.00,8.8
"https://studionol.co.kr/ko/stories/practice-room-drum-jazz-brushwork-bossa1",practice-room-drum-jazz-brushwork-bossa1,"보사노바 재즈 차이",0,1,0.00,17.0
"https://studionol.co.kr/ko/stories/practice-room-drum-jazz-ride1",practice-room-drum-jazz-ride1,"재즈 드럼",0,2,0.00,19.0
"https://studionol.co.kr/ko/stories/practice-room-drum-jazz1",practice-room-drum-jazz1,"site:studionol.co.kr",0,1,0.00,268.0
"https://studionol.co.kr/ko/stories/practice-room-drum-jazz1",practice-room-drum-jazz1,"드럼 브러쉬",0,3,0.00,7.0
"https://studionol.co.kr/ko/stories/practice-room-drum-jazz1",practice-room-drum-jazz1,"브러쉬 드럼",0,1,0.00,6.0
"https://studionol.co.kr/ko/stories/practice-room-drum-latin-percussion1",practice-room-drum-latin-percussion1,"삼바 리듬",0,3,0.00,6.3
"https://studionol.co.kr/ko/stories/practice-room-drum-latin-percussion1",practice-room-drum-latin-percussion1,"삼바리듬",0,1,0.00,6.0
"https://studionol.co.kr/ko/stories/practice-room-drum-latin-percussion1",practice-room-drum-latin-percussion1,"클라베 리듬",0,1,0.00,16.0
"https://studionol.co.kr/ko/stories/practice-room-drum-metal-death1",practice-room-drum-metal-death1,"site:studionol.co.kr",0,1,0.00,295.0
"https://studionol.co.kr/ko/stories/practice-room-drum-metal-death1",practice-room-drum-metal-death1,"xxxsdxx",0,1,0.00,95.0
"https://studionol.co.kr/ko/stories/practice-room-drum-metronome1",practice-room-drum-metronome1,"드럼",0,1,0.00,2.0
"https://studionol.co.kr/ko/stories/practice-room-drum-metronome1",practice-room-drum-metronome1,"드럼 메트로놈",0,1,0.00,10.0
"https://studionol.co.kr/ko/stories/practice-room-drum-metronome1",practice-room-drum-metronome1,"드럼 박자 연습",0,1,0.00,9.0
"https://studionol.co.kr/ko/stories/practice-room-drum-odd-time1",practice-room-drum-odd-time1,"site:studionol.co.kr",0,1,0.00,278.0
"https://studionol.co.kr/ko/stories/practice-room-drum-odd-time1",practice-room-drum-odd-time1,"드럼 박자",0,1,0.00,6.0
"https://studionol.co.kr/ko/stories/practice-room-drum-odd-time1",practice-room-drum-odd-time1,"변박",0,1,0.00,17.0
"https://studionol.co.kr/ko/stories/practice-room-drum-odd-time1",practice-room-drum-odd-time1,"변박 뜻",0,1,0.00,10.0
"https://studionol.co.kr/ko/stories/practice-room-drum-paradiddle1",practice-room-drum-paradiddle1,"rudiments",0,1,0.00,1.0
"https://studionol.co.kr/ko/stories/practice-room-drum-paradiddle1",practice-room-drum-paradiddle1,"드럼 기술",0,1,0.00,1.0
"https://studionol.co.kr/ko/stories/practice-room-drum-paradiddle1",practice-room-drum-paradiddle1,"드럼 파라디들",0,5,0.00,4.8
"https://studionol.co.kr/ko/stories/practice-room-drum-paradiddle1",practice-room-drum-paradiddle1,"루디 먼트",0,5,0.00,17.2
"https://studionol.co.kr/ko/stories/practice-room-drum-paradiddle1",practice-room-drum-paradiddle1,"루디먼트",0,31,0.00,8.0
"https://studionol.co.kr/ko/stories/practice-room-drum-paradiddle1",practice-room-drum-paradiddle1,"파라디들",0,4,0.00,10.0
"https://studionol.co.kr/ko/stories/practice-room-drum-polyrhythm1",practice-room-drum-polyrhythm1,"site:studionol.co.kr",0,1,0.00,219.0
"https://studionol.co.kr/ko/stories/practice-room-drum-polyrhythm1",practice-room-drum-polyrhythm1,"폴리리듬 뜻",0,1,0.00,1.0
"https://studionol.co.kr/ko/stories/practice-room-drum-recording-overdub1",practice-room-drum-recording-overdub1,"site:studionol.co.kr",0,1,0.00,270.0
"https://studionol.co.kr/ko/stories/practice-room-drum-rim-techniques1",practice-room-drum-rim-techniques1,"드럼 림",0,33,0.00,5.8
"https://studionol.co.kr/ko/stories/practice-room-drum-rim-techniques1",practice-room-drum-rim-techniques1,"드럼 림샷",0,48,0.00,7.5
"https://studionol.co.kr/ko/stories/practice-room-drum-rim-techniques1",practice-room-drum-rim-techniques1,"드럼림",0,3,0.00,6.7
"https://studionol.co.kr/ko/stories/practice-room-drum-rim-techniques1",practice-room-drum-rim-techniques1,"림샷",0,60,0.00,6.6
"https://studionol.co.kr/ko/stories/practice-room-drum-rim-techniques1",practice-room-drum-rim-techniques1,"림샷 드럼",0,1,0.00,4.0
"https://studionol.co.kr/ko/stories/practice-room-drum-rim-techniques1",practice-room-drum-rim-techniques1,"림샷 뜻",0,1,0.00,7.0
"https://studionol.co.kr/ko/stories/practice-room-drum-rim-techniques1",practice-room-drum-rim-techniques1,"스네어 림샷",0,1,0.00,5.0
"https://studionol.co.kr/ko/stories/practice-room-drum-rimshot-adv1",practice-room-drum-rimshot-adv1,"드럼 림샷",0,2,0.00,5.5
"https://studionol.co.kr/ko/stories/practice-room-drum-rimshot-adv1",practice-room-drum-rimshot-adv1,"드럼 테크닉",0,3,0.00,7.7
"https://studionol.co.kr/ko/stories/practice-room-drum-rimshot-adv1",practice-room-drum-rimshot-adv1,"림샷",0,4,0.00,16.8
"https://studionol.co.kr/ko/stories/practice-room-drum-rimshot-adv1",practice-room-drum-rimshot-adv1,"림샷 드럼",0,1,0.00,7.0
"https://studionol.co.kr/ko/stories/practice-room-drum-rimshot1",practice-room-drum-rimshot1,"site:studionol.co.kr",0,1,0.00,213.0
"https://studionol.co.kr/ko/stories/practice-room-drum-rimshot1",practice-room-drum-rimshot1,"드럼 림샷",0,1,0.00,18.0
"https://studionol.co.kr/ko/stories/practice-room-drum-rimshot1",practice-room-drum-rimshot1,"림샷",0,2,0.00,13.0
"https://studionol.co.kr/ko/stories/practice-room-drum-rock-fills1",practice-room-drum-rock-fills1,"드럼 기본 필인",0,2,0.00,8.0
"https://studionol.co.kr/ko/stories/practice-room-drum-rock-fills1",practice-room-drum-rock-fills1,"음악 트랜지션",0,1,0.00,38.0
"https://studionol.co.kr/ko/stories/practice-room-drum-rockabilly1",practice-room-drum-rockabilly1,"킥 스네어 하이햇",0,2,0.00,9.0
"https://studionol.co.kr/ko/stories/practice-room-drum-rudiments-advanced1",practice-room-drum-rudiments-advanced1,"rlrlrrlrlrll",0,3,0.00,1.0
"https://studionol.co.kr/ko/stories/practice-room-drum-rudiments-advanced1",practice-room-drum-rudiments-advanced1,"rudiments",0,1,0.00,1.0
"https://studionol.co.kr/ko/stories/practice-room-drum-rudiments-advanced1",practice-room-drum-rudiments-advanced1,"드럼",0,1,0.00,3.0
"https://studionol.co.kr/ko/stories/practice-room-drum-rudiments1",practice-room-drum-rudiments1,"rudiment",0,1,0.00,8.0
"https://studionol.co.kr/ko/stories/practice-room-drum-rudiments1",practice-room-drum-rudiments1,"rudiment 뜻",0,60,0.00,8.9
"https://studionol.co.kr/ko/stories/practice-room-drum-rudiments1",practice-room-drum-rudiments1,"rudiment's",0,1,0.00,3.0
"https://studionol.co.kr/ko/stories/practice-room-drum-rudiments1",practice-room-drum-rudiments1,"rudimental 뜻",0,4,0.00,9.8
"https://studionol.co.kr/ko/stories/practice-room-drum-rudiments1",practice-room-drum-rudiments1,"rudimentary",0,1,0.00,2.0
"https://studionol.co.kr/ko/stories/practice-room-drum-rudiments1",practice-room-drum-rudiments1,"rudiments",0,1,0.00,1.0
"https://studionol.co.kr/ko/stories/practice-room-drum-rudiments1",practice-room-drum-rudiments1,"rudiments 뜻",0,27,0.00,9.4
"https://studionol.co.kr/ko/stories/practice-room-drum-rudiments1",practice-room-drum-rudiments1,"드럼 드래그",0,1,0.00,1.0
"https://studionol.co.kr/ko/stories/practice-room-drum-rudiments1",practice-room-drum-rudiments1,"드럼 스트로크 연습",0,1,0.00,2.0
"https://studionol.co.kr/ko/stories/practice-room-drum-rudiments1",practice-room-drum-rudiments1,"드럼 테크닉",0,1,0.00,15.0
"https://studionol.co.kr/ko/stories/practice-room-drum-rudiments1",practice-room-drum-rudiments1,"루디 뜻",0,19,0.00,7.1
"https://studionol.co.kr/ko/stories/practice-room-drum-rudiments1",practice-room-drum-rudiments1,"루디 먼트",0,19,0.00,9.7
"https://studionol.co.kr/ko/stories/practice-room-drum-rudiments1",practice-room-drum-rudiments1,"루디먼츠",0,1,0.00,2.0
"https://studionol.co.kr/ko/stories/practice-room-drum-rudiments1",practice-room-drum-rudiments1,"루디먼트 뜻",0,54,0.00,6.1
"https://studionol.co.kr/ko/stories/practice-room-drum-samba1",practice-room-drum-samba1,"삼바 리듬",0,52,0.00,6.0
"https://studionol.co.kr/ko/stories/practice-room-drum-samba1",practice-room-drum-samba1,"삼바 악기",0,5,0.00,2.4
"https://studionol.co.kr/ko/stories/practice-room-drum-snare-techniques1",practice-room-drum-snare-techniques1,"드럼",0,1,0.00,1.0
"https://studionol.co.kr/ko/stories/practice-room-drum-snare-techniques1",practice-room-drum-snare-techniques1,"드럼 부위 별 명칭",0,1,0.00,26.0
"https://studionol.co.kr/ko/stories/practice-room-drum-snare-techniques1",practice-room-drum-snare-techniques1,"드럼 테크닉",0,6,0.00,4.8
"https://studionol.co.kr/ko/stories/practice-room-drum-snare-techniques1",practice-room-drum-snare-techniques1,"림샷",0,48,0.00,6.6
"https://studionol.co.kr/ko/stories/practice-room-drum-snare-techniques1",practice-room-drum-snare-techniques1,"스네어",0,2,0.00,1.0
"https://studionol.co.kr/ko/stories/practice-room-drum-snare-techniques1",practice-room-drum-snare-techniques1,"스네어 드럼 구조",0,3,0.00,10.7
"https://studionol.co.kr/ko/stories/practice-room-drum-snare-techniques1",practice-room-drum-snare-techniques1,"스네어 림샷",0,13,0.00,4.6
"https://studionol.co.kr/ko/stories/practice-room-drum-snare1",practice-room-drum-snare1,"site:studionol.co.kr",0,1,0.00,240.0
"https://studionol.co.kr/ko/stories/practice-room-drum-snare1",practice-room-drum-snare1,"드럼 고스트노트",0,1,0.00,23.0
"https://studionol.co.kr/ko/stories/practice-room-drum-snare1",practice-room-drum-snare1,"림샷 뜻",0,16,0.00,9.3
"https://studionol.co.kr/ko/stories/practice-room-drum-snare1",practice-room-drum-snare1,"스네어 림샷",0,46,0.00,5.2
"https://studionol.co.kr/ko/stories/practice-room-drum-speed1",practice-room-drum-speed1,"site:studionol.co.kr",0,1,0.00,258.0
"https://studionol.co.kr/ko/stories/practice-room-drum-speed1",practice-room-drum-speed1,"드럼 bpm",0,1,0.00,9.0
"https://studionol.co.kr/ko/stories/practice-room-drum-tempo1",practice-room-drum-tempo1,"site:studionol.co.kr",0,1,0.00,253.0
"https://studionol.co.kr/ko/stories/practice-room-drum-tempo1",practice-room-drum-tempo1,"리타르",0,14,0.00,2.9
"https://studionol.co.kr/ko/stories/practice-room-drum-tempo1",practice-room-drum-tempo1,"리타르단도",0,2,0.00,13.0
"https://studionol.co.kr/ko/stories/practice-room-drum1",practice-room-drum1,"드럼 연습실",0,2,0.00,10.0
"https://studionol.co.kr/ko/stories/practice-room-drum1",practice-room-drum1,"드럼 방음",0,3,0.00,10.7
"https://studionol.co.kr/ko/stories/practice-room-drum1",practice-room-drum1,"드럼 연습실 대여",0,4,0.00,8.5
"https://studionol.co.kr/ko/stories/practice-room-drum1",practice-room-drum1,"드럼연습실",0,47,0.00,9.5
"https://studionol.co.kr/ko/stories/practice-room-drum1",practice-room-drum1,"드럼연습실 대여",0,1,0.00,7.0
"https://studionol.co.kr/ko/stories/practice-room-ear-training1",practice-room-ear-training1,"상대음감",0,4,0.00,10.5
"https://studionol.co.kr/ko/stories/practice-room-ear-training1",practice-room-ear-training1,"음감 훈련",0,25,0.00,7.4
"https://studionol.co.kr/ko/stories/practice-room-ear-training1",practice-room-ear-training1,"절대음감 훈련",0,2,0.00,14.5
"https://studionol.co.kr/ko/stories/practice-room-ear-training1",practice-room-ear-training1,"청음 연습",0,7,0.00,8.1
"https://studionol.co.kr/ko/stories/practice-room-ear-training1",practice-room-ear-training1,"청음훈련",0,46,0.00,6.6
"https://studionol.co.kr/ko/stories/practice-room-ear-training1",practice-room-ear-training1,"피아노 청음",0,4,0.00,9.5
"https://studionol.co.kr/ko/stories/practice-room-electric-bass1",practice-room-electric-bass1,"site:studionol.co.kr",0,1,0.00,221.0
"https://studionol.co.kr/ko/stories/practice-room-electric-bass1",practice-room-electric-bass1,"기타 기본음",0,10,0.00,10.1
"https://studionol.co.kr/ko/stories/practice-room-electric-bass1",practice-room-electric-bass1,"베이스",0,6,0.00,1.5
"https://studionol.co.kr/ko/stories/practice-room-electric-bass1",practice-room-electric-bass1,"베이스 기본기",0,9,0.00,8.3
"https://studionol.co.kr/ko/stories/practice-room-electric-bass1",practice-room-electric-bass1,"베이스 기본기 연습",0,3,0.00,4.3
"https://studionol.co.kr/ko/stories/practice-room-electric-bass1",practice-room-electric-bass1,"베이스 기본음",0,4,0.00,4.8
"https://studionol.co.kr/ko/stories/practice-room-electric-bass1",practice-room-electric-bass1,"베이스 기술",0,4,0.00,8.5
"https://studionol.co.kr/ko/stories/practice-room-electric-bass1",practice-room-electric-bass1,"베이스 기타 난이도",0,1,0.00,2.0
"https://studionol.co.kr/ko/stories/practice-room-electric-bass1",practice-room-electric-bass1,"베이스 기타 독학",0,12,0.00,9.0
"https://studionol.co.kr/ko/stories/practice-room-electric-bass1",practice-room-electric-bass1,"베이스 기타 특징",0,1,0.00,3.0
"https://studionol.co.kr/ko/stories/practice-room-electric-bass1",practice-room-electric-bass1,"베이스 난이도",0,1,0.00,16.0
"https://studionol.co.kr/ko/stories/practice-room-electric-bass1",practice-room-electric-bass1,"베이스 독학",0,6,0.00,19.3
"https://studionol.co.kr/ko/stories/practice-room-electric-bass1",practice-room-electric-bass1,"베이스 연습실",0,20,0.00,8.2
"https://studionol.co.kr/ko/stories/practice-room-electric-bass1",practice-room-electric-bass1,"베이스 일렉",0,2,0.00,14.0
"https://studionol.co.kr/ko/stories/practice-room-electric-bass1",practice-room-electric-bass1,"베이스 일렉 난이도",0,2,0.00,16.0
"https://studionol.co.kr/ko/stories/practice-room-electric-bass1",practice-room-electric-bass1,"베이스 일렉 차이",0,1,0.00,27.0
"https://studionol.co.kr/ko/stories/practice-room-electric-bass1",practice-room-electric-bass1,"베이스 입문 독학",0,10,0.00,8.0
"https://studionol.co.kr/ko/stories/practice-room-electric-bass1",practice-room-electric-bass1,"베이스 전공",0,1,0.00,1.0
"https://studionol.co.kr/ko/stories/practice-room-electric-bass1",practice-room-electric-bass1,"베이스 치는 법",0,1,0.00,1.0
"https://studionol.co.kr/ko/stories/practice-room-electric-bass1",practice-room-electric-bass1,"베이스 치는법",0,1,0.00,1.0
"https://studionol.co.kr/ko/stories/practice-room-electric-bass1",practice-room-electric-bass1,"베이스 크로매틱 연습",0,1,0.00,3.0
"https://studionol.co.kr/ko/stories/practice-room-electric-bass1",practice-room-electric-bass1,"베이스기타 독학",0,5,0.00,7.4
"https://studionol.co.kr/ko/stories/practice-room-electric-bass1",practice-room-electric-bass1,"베이스는?",0,1,0.00,2.0
"https://studionol.co.kr/ko/stories/practice-room-electric-bass1",practice-room-electric-bass1,"악기 베이스",0,1,0.00,3.0
"https://studionol.co.kr/ko/stories/practice-room-electric-bass1",practice-room-electric-bass1,"일렉 기타 연습",0,1,0.00,22.0
"https://studionol.co.kr/ko/stories/practice-room-electric-bass1",practice-room-electric-bass1,"일렉 베이스",0,6,0.00,13.3
"https://studionol.co.kr/ko/stories/practice-room-electric-bass1",practice-room-electric-bass1,"일렉 베이스 차이",0,2,0.00,11.0
"https://studionol.co.kr/ko/stories/practice-room-electric-bass1",practice-room-electric-bass1,"일렉기타 기본기",0,2,0.00,21.0
"https://studionol.co.kr/ko/stories/practice-room-electric-bass1",practice-room-electric-bass1,"일렉기타 기초",0,1,0.00,21.0
"https://studionol.co.kr/ko/stories/practice-room-electric-bass1",practice-room-electric-bass1,"일렉기타 연습",0,2,0.00,22.5
"https://studionol.co.kr/ko/stories/practice-room-electric-bass1",practice-room-electric-bass1,"일렉베이스",0,7,0.00,15.6
"https://studionol.co.kr/ko/stories/practice-room-electric-guitar1",practice-room-electric-guitar1,"site:studionol.co.kr",0,1,0.00,264.0
"https://studionol.co.kr/ko/stories/practice-room-electric-guitar1",practice-room-electric-guitar1,"기타 연습실",0,23,0.00,6.6
"https://studionol.co.kr/ko/stories/practice-room-electric-guitar1",practice-room-electric-guitar1,"일렉 기타 집에서 연습",0,1,0.00,9.0
"https://studionol.co.kr/ko/stories/practice-room-electric-guitar1",practice-room-electric-guitar1,"일렉기타 집에서 연습",0,4,0.00,10.8
"https://studionol.co.kr/ko/stories/practice-room-equipment1",practice-room-equipment1,"site:studionol.co.kr",0,1,0.00,191.0
"https://studionol.co.kr/ko/stories/practice-room-eunpyeong1",practice-room-eunpyeong1,"site:studionol.co.kr",0,1,0.00,159.0
"https://studionol.co.kr/ko/stories/practice-room-eunpyeong1",practice-room-eunpyeong1,"스튜디오 놀",0,1,0.00,2.0
"https://studionol.co.kr/ko/stories/practice-room-family1",practice-room-family1,"site:studionol.co.kr",0,1,0.00,166.0
"https://studionol.co.kr/ko/stories/practice-room-fingerstyle1",practice-room-fingerstyle1,"핑거피킹",0,1,0.00,46.0
"https://studionol.co.kr/ko/stories/practice-room-first1",practice-room-first1,"기타연습실",0,1,0.00,9.0
"https://studionol.co.kr/ko/stories/practice-room-first1",practice-room-first1,"스튜디오 놀",0,4,0.00,1.0
"https://studionol.co.kr/ko/stories/practice-room-first1",practice-room-first1,"연습실",0,6,0.00,8.3
"https://studionol.co.kr/ko/stories/practice-room-first1",practice-room-first1,"연습실 대여",0,3,0.00,7.7
"https://studionol.co.kr/ko/stories/practice-room-first1",practice-room-first1,"연습실 예약",0,33,0.00,7.6
"https://studionol.co.kr/ko/stories/practice-room-goyang1",practice-room-goyang1,"site:studionol.co.kr",0,1,0.00,193.0
"https://studionol.co.kr/ko/stories/practice-room-goyang1",practice-room-goyang1,"피아노 연습실",0,1,0.00,1.0
"https://studionol.co.kr/ko/stories/practice-room-gugak1",practice-room-gugak1,"무인",0,1,0.00,4.0
"https://studionol.co.kr/ko/stories/practice-room-guide1",practice-room-guide1,"개인 연습실",0,2,0.00,13.5
"https://studionol.co.kr/ko/stories/practice-room-guide1",practice-room-guide1,"개인 음악작업실",0,9,0.00,8.4
"https://studionol.co.kr/ko/stories/practice-room-guide1",practice-room-guide1,"기타 연습실",0,4,0.00,7.5
"https://studionol.co.kr/ko/stories/practice-room-guide1",practice-room-guide1,"기타연습실",0,5,0.00,8.8
"https://studionol.co.kr/ko/stories/practice-room-guide1",practice-room-guide1,"댄스 연습실 대여 가격",0,1,0.00,1.0
"https://studionol.co.kr/ko/stories/practice-room-guide1",practice-room-guide1,"스튜디오 놀",0,3,0.00,1.3
"https://studionol.co.kr/ko/stories/practice-room-guide1",practice-room-guide1,"악기 연습실",0,4,0.00,8.5
"https://studionol.co.kr/ko/stories/practice-room-guide1",practice-room-guide1,"악기연습실",0,1,0.00,8.0
"https://studionol.co.kr/ko/stories/practice-room-guide1",practice-room-guide1,"음악 스튜디오",0,2,0.00,11.0
"https://studionol.co.kr/ko/stories/practice-room-guide1",practice-room-guide1,"음악 연습실",0,6,0.00,10.2
"https://studionol.co.kr/ko/stories/practice-room-guide1",practice-room-guide1,"음악 작업실",0,28,0.00,10.0
"https://studionol.co.kr/ko/stories/practice-room-guide1",practice-room-guide1,"음악 작업실 구하기",0,1,0.00,25.0
"https://studionol.co.kr/ko/stories/practice-room-guide1",practice-room-guide1,"음악 작업실 구하는 사이트",0,1,0.00,36.0
"https://studionol.co.kr/ko/stories/practice-room-guide1",practice-room-guide1,"음악실",0,1,0.00,49.0
"https://studionol.co.kr/ko/stories/practice-room-guide1",practice-room-guide1,"음악실 대여",0,1,0.00,1.0
"https://studionol.co.kr/ko/stories/practice-room-guide1",practice-room-guide1,"음악연습실",0,5,0.00,9.2
"https://studionol.co.kr/ko/stories/practice-room-guide1",practice-room-guide1,"음악작업실",0,8,0.00,13.9
"https://studionol.co.kr/ko/stories/practice-room-guide1",practice-room-guide1,"음악작업실 구하기",0,1,0.00,19.0
"https://studionol.co.kr/ko/stories/practice-room-guitar-12string1",practice-room-guitar-12string1,"12현 기타",0,1,0.00,22.0
"https://studionol.co.kr/ko/stories/practice-room-guitar-acoustic-fingerpick1",practice-room-guitar-acoustic-fingerpick1,"통기타 핑거스타일",0,4,0.00,8.0
"https://studionol.co.kr/ko/stories/practice-room-guitar-acoustic-fingerpick1",practice-room-guitar-acoustic-fingerpick1,"핑거피킹",0,15,0.00,7.0
"https://studionol.co.kr/ko/stories/practice-room-guitar-acoustic-fingerstyle1",practice-room-guitar-acoustic-fingerstyle1,"dadgad 튜닝 곡",0,9,0.00,5.3
"https://studionol.co.kr/ko/stories/practice-room-guitar-acoustic-fingerstyle1",practice-room-guitar-acoustic-fingerstyle1,"어쿠스틱 기타",0,1,0.00,1.0
"https://studionol.co.kr/ko/stories/practice-room-guitar-ambient-textures1",practice-room-guitar-ambient-textures1,"amp texture",0,1,0.00,11.0
"https://studionol.co.kr/ko/stories/practice-room-guitar-archtop1",practice-room-guitar-archtop1,"site:studionol.co.kr",0,1,0.00,210.0
"https://studionol.co.kr/ko/stories/practice-room-guitar-archtop1#%EA%B5%AC%EC%A1%B0%EC%99%80-%ED%8A%B9%EC%A7%95",practice-room-guitar-archtop1,"아치탑 기타",0,10,0.00,9.7
"https://studionol.co.kr/ko/stories/practice-room-guitar-archtop1#%EC%86%94%EB%A1%9C-%EA%B8%B0%ED%83%80%EC%9D%98-%EA%B1%B0%EC%9E%A5",practice-room-guitar-archtop1,"아치탑 기타",0,10,0.00,9.7
"https://studionol.co.kr/ko/stories/practice-room-guitar-archtop1#%EC%97%84%EC%A7%80%EC%99%80-%EC%98%A5%ED%83%80%EB%B8%8C",practice-room-guitar-archtop1,"아치탑 기타",0,10,0.00,9.7
"https://studionol.co.kr/ko/stories/practice-room-guitar-archtop1#%EC%9E%AC%EC%A6%88-%EC%BD%94%EB%93%9C-%EA%B8%B0%EB%B3%B8-%ED%98%95%ED%83%9C",practice-room-guitar-archtop1,"아치탑 기타",0,10,0.00,9.7
"https://studionol.co.kr/ko/stories/practice-room-guitar-arpeggio1",practice-room-guitar-arpeggio1,"site:studionol.co.kr",0,1,0.00,237.0
"https://studionol.co.kr/ko/stories/practice-room-guitar-arpeggio1",practice-room-guitar-arpeggio1,"분산화음",0,64,0.00,8.2
"https://studionol.co.kr/ko/stories/practice-room-guitar-arpeggios-advanced1",practice-room-guitar-arpeggios-advanced1,"site:studionol.co.kr",0,1,0.00,286.0
"https://studionol.co.kr/ko/stories/practice-room-guitar-arpeggios-advanced1",practice-room-guitar-arpeggios-advanced1,"다운피킹",0,1,0.00,30.0
"https://studionol.co.kr/ko/stories/practice-room-guitar-arpeggios1",practice-room-guitar-arpeggios1,"기타 아르페지오 패턴",0,3,0.00,10.7
"https://studionol.co.kr/ko/stories/practice-room-guitar-barre1",practice-room-guitar-barre1,"f 코드",0,2,0.00,9.0
"https://studionol.co.kr/ko/stories/practice-room-guitar-barre1",practice-room-guitar-barre1,"f코드",0,1,0.00,8.0
"https://studionol.co.kr/ko/stories/practice-room-guitar-beginner1",practice-room-guitar-beginner1,"기타연습실",0,5,0.00,9.4
"https://studionol.co.kr/ko/stories/practice-room-guitar-beginner1",practice-room-guitar-beginner1,"일렉기타 독학 난이도",0,1,0.00,24.0
"https://studionol.co.kr/ko/stories/practice-room-guitar-bends1",practice-room-guitar-bends1,"site:studionol.co.kr",0,1,0.00,257.0
"https://studionol.co.kr/ko/stories/practice-room-guitar-bends1",practice-room-guitar-bends1,"기타 밴딩",0,8,0.00,7.5
"https://studionol.co.kr/ko/stories/practice-room-guitar-bends1",practice-room-guitar-bends1,"기타 벤딩",0,32,0.00,6.5
"https://studionol.co.kr/ko/stories/practice-room-guitar-bends1",practice-room-guitar-bends1,"기타 비브라토",0,1,0.00,8.0
"https://studionol.co.kr/ko/stories/practice-room-guitar-bends1",practice-room-guitar-bends1,"벤딩",0,3,0.00,9.3
"https://studionol.co.kr/ko/stories/practice-room-guitar-bends1",practice-room-guitar-bends1,"벤딩 뜻",0,2,0.00,11.0
"https://studionol.co.kr/ko/stories/practice-room-guitar-bends1",practice-room-guitar-bends1,"히든밴딩",0,1,0.00,3.0
"https://studionol.co.kr/ko/stories/practice-room-guitar-blues-licks1",practice-room-guitar-blues-licks1,"기타솔로",0,1,0.00,9.0
"https://studionol.co.kr/ko/stories/practice-room-guitar-blues-rock1",practice-room-guitar-blues-rock1,"srv eric clapton",0,2,0.00,5.0
"https://studionol.co.kr/ko/stories/practice-room-guitar-blues-scale1",practice-room-guitar-blues-scale1,"블루스",0,1,0.00,2.0
"https://studionol.co.kr/ko/stories/practice-room-guitar-blues1",practice-room-guitar-blues1,"기타 블루스 스케일",0,6,0.00,6.2
"https://studionol.co.kr/ko/stories/practice-room-guitar-blues1",practice-room-guitar-blues1,"블루스 12마디 진행",0,3,0.00,6.7
"https://studionol.co.kr/ko/stories/practice-room-guitar-bossa1",practice-room-guitar-bossa1,"site:studionol.co.kr",0,1,0.00,216.0
"https://studionol.co.kr/ko/stories/practice-room-guitar-bossa1",practice-room-guitar-bossa1,"보사노바 기타",0,1,0.00,7.0
"https://studionol.co.kr/ko/stories/practice-room-guitar-bossa1",practice-room-guitar-bossa1,"보사노바 리듬 특징",0,4,0.00,7.3
"https://studionol.co.kr/ko/stories/practice-room-guitar-bossa1",practice-room-guitar-bossa1,"보사노바 리듬 패턴",0,14,0.00,7.9
"https://studionol.co.kr/ko/stories/practice-room-guitar-bossa1",practice-room-guitar-bossa1,"삼바 악기",0,1,0.00,1.0
"https://studionol.co.kr/ko/stories/practice-room-guitar-capo-techniques1",practice-room-guitar-capo-techniques1,"capo studio",0,4,0.00,7.5
"https://studionol.co.kr/ko/stories/practice-room-guitar-capo-techniques1",practice-room-guitar-capo-techniques1,"기타 키",0,1,0.00,10.0
"https://studionol.co.kr/ko/stories/practice-room-guitar-capo-techniques1",practice-room-guitar-capo-techniques1,"기타 키 올리기",0,3,0.00,5.3
"https://studionol.co.kr/ko/stories/practice-room-guitar-capo-techniques1",practice-room-guitar-capo-techniques1,"키카포",0,11,0.00,6.6
"https://studionol.co.kr/ko/stories/practice-room-guitar-capo1",practice-room-guitar-capo1,"site:studionol.co.kr",0,1,0.00,252.0
"https://studionol.co.kr/ko/stories/practice-room-guitar-chord-adv1",practice-room-guitar-chord-adv1,"익스텐션 코드",0,2,0.00,1.0
"https://studionol.co.kr/ko/stories/practice-room-guitar-chord-arpeggio1",practice-room-guitar-chord-arpeggio1,"아르페지오 코드",0,4,0.00,4.3
"https://studionol.co.kr/ko/stories/practice-room-guitar-chord-melody1",practice-room-guitar-chord-melody1,"기타 멜로디",0,2,0.00,6.5
"https://studionol.co.kr/ko/stories/practice-room-guitar-chord-prog1",practice-room-guitar-chord-prog1,"iv v",0,1,0.00,1.0
"https://studionol.co.kr/ko/stories/practice-room-guitar-chord-prog1",practice-room-guitar-chord-prog1,"iv vi",0,1,0.00,11.0
"https://studionol.co.kr/ko/stories/practice-room-guitar-chord-prog1",practice-room-guitar-chord-prog1,"기타 코드진행",0,6,0.00,8.8
"https://studionol.co.kr/ko/stories/practice-room-guitar-chord-prog1",practice-room-guitar-chord-prog1,"차용화음",0,3,0.00,14.7
"https://studionol.co.kr/ko/stories/practice-room-guitar-chord-progressions1",practice-room-guitar-chord-progressions1,"기타 코드 진행",0,8,0.00,14.4
"https://studionol.co.kr/ko/stories/practice-room-guitar-chord-progressions1",practice-room-guitar-chord-progressions1,"기타 코드진행",0,2,0.00,7.5
"https://studionol.co.kr/ko/stories/practice-room-guitar-chord-progressions1",practice-room-guitar-chord-progressions1,"전조",0,1,0.00,2.0
"https://studionol.co.kr/ko/stories/practice-room-guitar-chord-substitution1",practice-room-guitar-chord-substitution1,"db7 코드",0,1,0.00,10.0
"https://studionol.co.kr/ko/stories/practice-room-guitar-chord-substitution1",practice-room-guitar-chord-substitution1,"기타 f 코드 대체",0,3,0.00,8.7
"https://studionol.co.kr/ko/stories/practice-room-guitar-chord-substitution1",practice-room-guitar-chord-substitution1,"패싱코드",0,1,0.00,8.0
"https://studionol.co.kr/ko/stories/practice-room-guitar-chord1",practice-room-guitar-chord1,"기타 코드 변환",0,1,0.00,23.0
"https://studionol.co.kr/ko/stories/practice-room-guitar-chord1",practice-room-guitar-chord1,"코드 연습",0,6,0.00,15.5
"https://studionol.co.kr/ko/stories/practice-room-guitar-chord1",practice-room-guitar-chord1,"코드연습",0,2,0.00,16.0
"https://studionol.co.kr/ko/stories/practice-room-guitar-chord21",practice-room-guitar-chord21,"am/g 코드",0,8,0.00,10.0
"https://studionol.co.kr/ko/stories/practice-room-guitar-chord21",practice-room-guitar-chord21,"f - g - em - am",0,1,0.00,11.0
"https://studionol.co.kr/ko/stories/practice-room-guitar-chord21",practice-room-guitar-chord21,"f g em am",0,1,0.00,1.0
"https://studionol.co.kr/ko/stories/practice-room-guitar-chord21",practice-room-guitar-chord21,"g/d 기타 코드",0,53,0.00,7.6
"https://studionol.co.kr/ko/stories/practice-room-guitar-chord21",practice-room-guitar-chord21,"g/d 기타코드",0,16,0.00,7.0
"https://studionol.co.kr/ko/stories/practice-room-guitar-chord21",practice-room-guitar-chord21,"g/d 코드",0,14,0.00,9.8
"https://studionol.co.kr/ko/stories/practice-room-guitar-chord21",practice-room-guitar-chord21,"g/d 코드 기타",0,4,0.00,9.8
"https://studionol.co.kr/ko/stories/practice-room-guitar-chord21",practice-room-guitar-chord21,"g키",0,1,0.00,3.0
"https://studionol.co.kr/ko/stories/practice-room-guitar-chord21",practice-room-guitar-chord21,"기본 코드",0,1,0.00,7.0
"https://studionol.co.kr/ko/stories/practice-room-guitar-chord21",practice-room-guitar-chord21,"기타",0,1,0.00,1.0
"https://studionol.co.kr/ko/stories/practice-room-guitar-chord21",practice-room-guitar-chord21,"기타 기본 코드",0,4,0.00,5.5
"https://studionol.co.kr/ko/stories/practice-room-guitar-chord21",practice-room-guitar-chord21,"기타 기본 코드 운지법",0,1,0.00,8.0
"https://studionol.co.kr/ko/stories/practice-room-guitar-chord21",practice-room-guitar-chord21,"기타 기초 코드",0,16,0.00,5.7
"https://studionol.co.kr/ko/stories/practice-room-guitar-chord21",practice-room-guitar-chord21,"기타 오픈 코드",0,11,0.00,5.3
"https://studionol.co.kr/ko/stories/practice-room-guitar-chord21",practice-room-guitar-chord21,"기타 오픈코드",0,47,0.00,5.4
"https://studionol.co.kr/ko/stories/practice-room-guitar-chord21",practice-room-guitar-chord21,"기타 코드 연습",0,1,0.00,12.0
"https://studionol.co.kr/ko/stories/practice-room-guitar-chord21",practice-room-guitar-chord21,"마이너 코드",0,1,0.00,3.0
"https://studionol.co.kr/ko/stories/practice-room-guitar-chord21",practice-room-guitar-chord21,"쉬운 곡",0,1,0.00,2.0
"https://studionol.co.kr/ko/stories/practice-room-guitar-chord21",practice-room-guitar-chord21,"오픈코드 기타",0,6,0.00,8.5
"https://studionol.co.kr/ko/stories/practice-room-guitar-chord21",practice-room-guitar-chord21,"운지법",0,1,0.00,15.0
"https://studionol.co.kr/ko/stories/practice-room-guitar-chord21",practice-room-guitar-chord21,"일렉기타 독학",0,1,0.00,3.0
"https://studionol.co.kr/ko/stories/practice-room-guitar-chord21",practice-room-guitar-chord21,"코드 더 알려줘",0,1,0.00,1.0
"https://studionol.co.kr/ko/stories/practice-room-guitar-chord21",practice-room-guitar-chord21,"코드연습",0,1,0.00,28.0
"https://studionol.co.kr/ko/stories/practice-room-guitar-clean-tone1",practice-room-guitar-clean-tone1,"clean tone",0,1,0.00,3.0
"https://studionol.co.kr/ko/stories/practice-room-guitar-clean-tone1",practice-room-guitar-clean-tone1,"treble bass 세팅",0,3,0.00,8.7
"https://studionol.co.kr/ko/stories/practice-room-guitar-clean-tone1",practice-room-guitar-clean-tone1,"기타 톤",0,1,0.00,14.0
"https://studionol.co.kr/ko/stories/practice-room-guitar-clean-tone1",practice-room-guitar-clean-tone1,"일렉 기타 eq 세팅",0,1,0.00,1.0
"https://studionol.co.kr/ko/stories/practice-room-guitar-clean-tone1",practice-room-guitar-clean-tone1,"일렉기타",0,1,0.00,2.0
"https://studionol.co.kr/ko/stories/practice-room-guitar-clean-tone1",practice-room-guitar-clean-tone1,"일렉기타 앰프 세팅",0,1,0.00,16.0
"https://studionol.co.kr/ko/stories/practice-room-guitar-clean-tone1",practice-room-guitar-clean-tone1,"일렉기타 톤 세팅",0,1,0.00,8.0
"https://studionol.co.kr/ko/stories/practice-room-guitar-clean-tone1",practice-room-guitar-clean-tone1,"크런치톤",0,1,0.00,22.0
"https://studionol.co.kr/ko/stories/practice-room-guitar-clean-tone1#%ED%81%B4%EB%A6%B0%ED%86%A4%EC%9D%B4%EB%9E%80-%EB%AC%B4%EC%97%87%EC%9D%B8%EA%B0%80",practice-room-guitar-clean-tone1,"기타 클린톤",0,6,0.00,5.5
"https://studionol.co.kr/ko/stories/practice-room-guitar-clean-tone1#%ED%81%B4%EB%A6%B0%ED%86%A4%EC%9D%B4%EB%9E%80-%EB%AC%B4%EC%97%87%EC%9D%B8%EA%B0%80",practice-room-guitar-clean-tone1,"일렉기타 톤 세팅",0,1,0.00,8.0
"https://studionol.co.kr/ko/stories/practice-room-guitar-clean-tone1#%ED%81%B4%EB%A6%B0%ED%86%A4%EC%9D%B4%EB%9E%80-%EB%AC%B4%EC%97%87%EC%9D%B8%EA%B0%80",practice-room-guitar-clean-tone1,"클린톤",0,10,0.00,5.6
"https://studionol.co.kr/ko/stories/practice-room-guitar-clean-tone1#1%EC%8B%9C%EA%B0%84-%ED%81%B4%EB%A6%B0%ED%86%A4-%EC%84%B8%ED%8C%85-%EB%A3%A8%ED%8B%B4",practice-room-guitar-clean-tone1,"기타 클린톤",0,6,0.00,5.5
"https://studionol.co.kr/ko/stories/practice-room-guitar-clean-tone1#1%EC%8B%9C%EA%B0%84-%ED%81%B4%EB%A6%B0%ED%86%A4-%EC%84%B8%ED%8C%85-%EB%A3%A8%ED%8B%B4",practice-room-guitar-clean-tone1,"일렉기타 톤 세팅",0,1,0.00,8.0
"https://studionol.co.kr/ko/stories/practice-room-guitar-clean-tone1#1%EC%8B%9C%EA%B0%84-%ED%81%B4%EB%A6%B0%ED%86%A4-%EC%84%B8%ED%8C%85-%EB%A3%A8%ED%8B%B4",practice-room-guitar-clean-tone1,"클린톤",0,10,0.00,5.6
"https://studionol.co.kr/ko/stories/practice-room-guitar-country-chicken-picking1",practice-room-guitar-country-chicken-picking1,"치킨피크",0,2,0.00,18.0
"https://studionol.co.kr/ko/stories/practice-room-guitar-country-chicken-picking1",practice-room-guitar-country-chicken-picking1,"피킹",0,1,0.00,1.0
"https://studionol.co.kr/ko/stories/practice-room-guitar-country-chicken-picking1",practice-room-guitar-country-chicken-picking1,"하이브리드 피킹",0,30,0.00,6.5
"https://studionol.co.kr/ko/stories/practice-room-guitar-country-chicken-picking1",practice-room-guitar-country-chicken-picking1,"한국",0,1,0.00,2.0
"https://studionol.co.kr/ko/stories/practice-room-guitar-delta-blues1",practice-room-guitar-delta-blues1,"델타블루스",0,2,0.00,7.0
"https://studionol.co.kr/ko/stories/practice-room-guitar-dobro1",practice-room-guitar-dobro1,"도브로 기타",0,4,0.00,5.3
"https://studionol.co.kr/ko/stories/practice-room-guitar-dobro1",practice-room-guitar-dobro1,"레조네이터 기타",0,1,0.00,10.0
"https://studionol.co.kr/ko/stories/practice-room-guitar-double-stop1",practice-room-guitar-double-stop1,"double stop",0,2,0.00,33.0
"https://studionol.co.kr/ko/stories/practice-room-guitar-double-stop1",practice-room-guitar-double-stop1,"site:studionol.co.kr",0,1,0.00,285.0
"https://studionol.co.kr/ko/stories/practice-room-guitar-double-stop1",practice-room-guitar-double-stop1,"더블스톱",0,3,0.00,7.0
"https://studionol.co.kr/ko/stories/practice-room-guitar-double-stop1#%EB%A1%9C%ED%81%B0%EB%A1%A4-%EB%8D%94%EB%B8%94-%EC%8A%A4%ED%83%91",practice-room-guitar-double-stop1,"기타 더블스탑",0,8,0.00,3.1
"https://studionol.co.kr/ko/stories/practice-room-guitar-double-stop1#%EB%A1%9C%ED%81%B0%EB%A1%A4-%EB%8D%94%EB%B8%94-%EC%8A%A4%ED%83%91",practice-room-guitar-double-stop1,"더블스탑",0,16,0.00,3.9
"https://studionol.co.kr/ko/stories/practice-room-guitar-double-stop1#%EB%A1%9C%ED%81%B0%EB%A1%A4-%EB%8D%94%EB%B8%94-%EC%8A%A4%ED%83%91",practice-room-guitar-double-stop1,"더블스탑 기타",0,8,0.00,3.3
"https://studionol.co.kr/ko/stories/practice-room-guitar-double-stop1#%EB%A1%9C%ED%81%B0%EB%A1%A4-%EB%8D%94%EB%B8%94-%EC%8A%A4%ED%83%91",practice-room-guitar-double-stop1,"더블스톱",0,2,0.00,7.0
"https://studionol.co.kr/ko/stories/practice-room-guitar-double-stop1#%EB%B8%94%EB%A3%A8%EC%8A%A4-%EB%8D%94%EB%B8%94-%EC%8A%A4%ED%83%91",practice-room-guitar-double-stop1,"기타 더블스탑",0,8,0.00,3.1
"https://studionol.co.kr/ko/stories/practice-room-guitar-double-stop1#%EB%B8%94%EB%A3%A8%EC%8A%A4-%EB%8D%94%EB%B8%94-%EC%8A%A4%ED%83%91",practice-room-guitar-double-stop1,"더블스탑",0,16,0.00,3.9
"https://studionol.co.kr/ko/stories/practice-room-guitar-double-stop1#%EB%B8%94%EB%A3%A8%EC%8A%A4-%EB%8D%94%EB%B8%94-%EC%8A%A4%ED%83%91",practice-room-guitar-double-stop1,"더블스탑 기타",0,8,0.00,3.3
"https://studionol.co.kr/ko/stories/practice-room-guitar-double-stop1#%EB%B8%94%EB%A3%A8%EC%8A%A4-%EB%8D%94%EB%B8%94-%EC%8A%A4%ED%83%91",practice-room-guitar-double-stop1,"더블스톱",0,2,0.00,7.0
"https://studionol.co.kr/ko/stories/practice-room-guitar-double-stop1#%EC%9D%B8%ED%84%B0%EB%B2%8C-%EC%9D%8C%EC%A0%95-%EC%9D%B4%ED%95%B4",practice-room-guitar-double-stop1,"기타 더블스탑",0,8,0.00,3.1
"https://studionol.co.kr/ko/stories/practice-room-guitar-double-stop1#%EC%9D%B8%ED%84%B0%EB%B2%8C-%EC%9D%8C%EC%A0%95-%EC%9D%B4%ED%95%B4",practice-room-guitar-double-stop1,"더블스탑",0,16,0.00,3.9
"https://studionol.co.kr/ko/stories/practice-room-guitar-double-stop1#%EC%9D%B8%ED%84%B0%EB%B2%8C-%EC%9D%8C%EC%A0%95-%EC%9D%B4%ED%95%B4",practice-room-guitar-double-stop1,"더블스탑 기타",0,8,0.00,3.3
"https://studionol.co.kr/ko/stories/practice-room-guitar-double-stop1#%EC%9D%B8%ED%84%B0%EB%B2%8C-%EC%9D%8C%EC%A0%95-%EC%9D%B4%ED%95%B4",practice-room-guitar-double-stop1,"더블스톱",0,2,0.00,7.0
"https://studionol.co.kr/ko/stories/practice-room-guitar-double-stop1#%EC%BB%A8%ED%8A%B8%EB%A6%AC-%EB%8D%94%EB%B8%94-%EC%8A%A4%ED%83%91",practice-room-guitar-double-stop1,"기타 더블스탑",0,8,0.00,3.1
"https://studionol.co.kr/ko/stories/practice-room-guitar-double-stop1#%EC%BB%A8%ED%8A%B8%EB%A6%AC-%EB%8D%94%EB%B8%94-%EC%8A%A4%ED%83%91",practice-room-guitar-double-stop1,"더블스탑",0,16,0.00,3.9
"https://studionol.co.kr/ko/stories/practice-room-guitar-double-stop1#%EC%BB%A8%ED%8A%B8%EB%A6%AC-%EB%8D%94%EB%B8%94-%EC%8A%A4%ED%83%91",practice-room-guitar-double-stop1,"더블스탑 기타",0,8,0.00,3.3
"https://studionol.co.kr/ko/stories/practice-room-guitar-double-stop1#%EC%BB%A8%ED%8A%B8%EB%A6%AC-%EB%8D%94%EB%B8%94-%EC%8A%A4%ED%83%91",practice-room-guitar-double-stop1,"더블스톱",0,2,0.00,7.0
"https://studionol.co.kr/ko/stories/practice-room-guitar-economy-picking1",practice-room-guitar-economy-picking1,"site:studionol.co.kr",0,1,0.00,284.0
"https://studionol.co.kr/ko/stories/practice-room-guitar-economy-picking1",practice-room-guitar-economy-picking1,"기타 피킹 뜻",0,14,0.00,9.2
"https://studionol.co.kr/ko/stories/practice-room-guitar-economy-picking1",practice-room-guitar-economy-picking1,"이코노미피킹",0,17,0.00,6.6
"https://studionol.co.kr/ko/stories/practice-room-guitar-finger-vibrato1",practice-room-guitar-finger-vibrato1,"기타 비브라토",0,41,0.00,8.4
"https://studionol.co.kr/ko/stories/practice-room-guitar-finger-vibrato1",practice-room-guitar-finger-vibrato1,"베이스 비브라토",0,1,0.00,11.0
"https://studionol.co.kr/ko/stories/practice-room-guitar-finger-vibrato1",practice-room-guitar-finger-vibrato1,"비브라토 기타",0,8,0.00,9.5
"https://studionol.co.kr/ko/stories/practice-room-guitar-fingerpick-pattern1",practice-room-guitar-fingerpick-pattern1,"핑거피킹",0,1,0.00,20.0
"https://studionol.co.kr/ko/stories/practice-room-guitar-fingerpicking-patterns1",practice-room-guitar-fingerpicking-patterns1,"핑거피킹",0,4,0.00,10.0
"https://studionol.co.kr/ko/stories/practice-room-guitar-fingerpicking1",practice-room-guitar-fingerpicking1,"site:studionol.co.kr",0,1,0.00,212.0
"https://studionol.co.kr/ko/stories/practice-room-guitar-fingerpicking1",practice-room-guitar-fingerpicking1,"기타 핑거링",0,1,0.00,7.0
"https://studionol.co.kr/ko/stories/practice-room-guitar-fingerpicking1",practice-room-guitar-fingerpicking1,"핑거피킹",0,74,0.00,8.4
"https://studionol.co.kr/ko/stories/practice-room-guitar-flamenco1",practice-room-guitar-flamenco1,"라스",0,5,0.00,5.4
"https://studionol.co.kr/ko/stories/practice-room-guitar-flamenco1",practice-room-guitar-flamenco1,"라스 뜻",0,2,0.00,2.0
"https://studionol.co.kr/ko/stories/practice-room-guitar-flamenco1",practice-room-guitar-flamenco1,"라스게아도 주법",0,2,0.00,10.0
"https://studionol.co.kr/ko/stories/practice-room-guitar-flamenco1",practice-room-guitar-flamenco1,"아도란",0,1,0.00,21.0
"https://studionol.co.kr/ko/stories/practice-room-guitar-gypsy-jazz1",practice-room-guitar-gypsy-jazz1,"집시 기타",0,4,0.00,7.8
"https://studionol.co.kr/ko/stories/practice-room-guitar-gypsy-jazz1",practice-room-guitar-gypsy-jazz1,"집시 재즈",0,5,0.00,12.8
"https://studionol.co.kr/ko/stories/practice-room-guitar-gypsy-jazz1",practice-room-guitar-gypsy-jazz1,"집시기타",0,4,0.00,14.5
"https://studionol.co.kr/ko/stories/practice-room-guitar-gypsy-jazz1",practice-room-guitar-gypsy-jazz1,"집시재즈",0,1,0.00,6.0
"https://studionol.co.kr/ko/stories/practice-room-guitar-harmonics1",practice-room-guitar-harmonics1,"e5 옥타브",0,1,0.00,18.0
"https://studionol.co.kr/ko/stories/practice-room-guitar-harmonics1",practice-room-guitar-harmonics1,"site:studionol.co.kr",0,1,0.00,259.0
"https://studionol.co.kr/ko/stories/practice-room-guitar-harmonics1",practice-room-guitar-harmonics1,"기타 기본음",0,2,0.00,11.0
"https://studionol.co.kr/ko/stories/practice-room-guitar-harmonics1",practice-room-guitar-harmonics1,"기타 하모닉스",0,110,0.00,8.3
"https://studionol.co.kr/ko/stories/practice-room-guitar-harmonics1",practice-room-guitar-harmonics1,"기타 하모닉스 위치",0,10,0.00,9.1
"https://studionol.co.kr/ko/stories/practice-room-guitar-harmonics1",practice-room-guitar-harmonics1,"기타 하모닉스 표기",0,1,0.00,18.0
"https://studionol.co.kr/ko/stories/practice-room-guitar-harmonics1",practice-room-guitar-harmonics1,"기타 하모닉스 하는법",0,8,0.00,7.3
"https://studionol.co.kr/ko/stories/practice-room-guitar-harmonics1",practice-room-guitar-harmonics1,"내추럴 하모닉스",0,1,0.00,10.0
"https://studionol.co.kr/ko/stories/practice-room-guitar-harmonics1",practice-room-guitar-harmonics1,"베이스 하모닉스",0,1,0.00,18.0
"https://studionol.co.kr/ko/stories/practice-room-guitar-harmonics1",practice-room-guitar-harmonics1,"인공 하모닉스",0,52,0.00,8.2
"https://studionol.co.kr/ko/stories/practice-room-guitar-harmonics1",practice-room-guitar-harmonics1,"인공하모닉스",0,38,0.00,6.9
"https://studionol.co.kr/ko/stories/practice-room-guitar-harmonics1",practice-room-guitar-harmonics1,"피킹 하모닉스",0,1,0.00,16.0
"https://studionol.co.kr/ko/stories/practice-room-guitar-harmonics1",practice-room-guitar-harmonics1,"피킹하모닉스",0,1,0.00,15.0
"https://studionol.co.kr/ko/stories/practice-room-guitar-harmonics1",practice-room-guitar-harmonics1,"핀치 하모닉스",0,19,0.00,7.5
"https://studionol.co.kr/ko/stories/practice-room-guitar-harmonics1",practice-room-guitar-harmonics1,"하모닉스",0,24,0.00,10.0
"https://studionol.co.kr/ko/stories/practice-room-guitar-harmonics1",practice-room-guitar-harmonics1,"하모닉스 기타",0,8,0.00,8.5
"https://studionol.co.kr/ko/stories/practice-room-guitar-harmonics1",practice-room-guitar-harmonics1,"하모닉스 뜻",0,2,0.00,12.0
"https://studionol.co.kr/ko/stories/practice-room-guitar-harmonics1",practice-room-guitar-harmonics1,"하모닉스 원리",0,17,0.00,8.6
"https://studionol.co.kr/ko/stories/practice-room-guitar-harmonics1",practice-room-guitar-harmonics1,"하모닉스 주법",0,33,0.00,8.9
"https://studionol.co.kr/ko/stories/practice-room-guitar-harmonics1",practice-room-guitar-harmonics1,"하모닉스 합주실",0,2,0.00,23.5
"https://studionol.co.kr/ko/stories/practice-room-guitar-hybrid-picking1",practice-room-guitar-hybrid-picking1,"핑거피킹",0,1,0.00,37.0
"https://studionol.co.kr/ko/stories/practice-room-guitar-hybrid-picking1",practice-room-guitar-hybrid-picking1,"하이브리드 피킹",0,88,0.00,5.9
"https://studionol.co.kr/ko/stories/practice-room-guitar-hybrid1",practice-room-guitar-hybrid1,"하이브리드 피킹",0,2,0.00,6.0
"https://studionol.co.kr/ko/stories/practice-room-guitar-improv1",practice-room-guitar-improv1,"site:studionol.co.kr",0,1,0.00,206.0
"https://studionol.co.kr/ko/stories/practice-room-guitar-improv1",practice-room-guitar-improv1,"기타 즉흥연주",0,3,0.00,5.3
"https://studionol.co.kr/ko/stories/practice-room-guitar-improv1",practice-room-guitar-improv1,"임프로비제이션",0,1,0.00,21.0
"https://studionol.co.kr/ko/stories/practice-room-guitar-jazz-bebop1",practice-room-guitar-jazz-bebop1,"g5 옥타브",0,1,0.00,19.0
"https://studionol.co.kr/ko/stories/practice-room-guitar-jazz-chord-melody1",practice-room-guitar-jazz-chord-melody1,"pass cord",0,1,0.00,1.0
"https://studionol.co.kr/ko/stories/practice-room-guitar-jazz-chord-melody1",practice-room-guitar-jazz-chord-melody1,"기타",0,1,0.00,6.0
"https://studionol.co.kr/ko/stories/practice-room-guitar-jazz-chord-melody1",practice-room-guitar-jazz-chord-melody1,"기타 재즈 코드",0,2,0.00,12.0
"https://studionol.co.kr/ko/stories/practice-room-guitar-jazz-chord1",practice-room-guitar-jazz-chord1,"재즈 코드",0,2,0.00,8.0
"https://studionol.co.kr/ko/stories/practice-room-guitar-jazz-chords1",practice-room-guitar-jazz-chords1,"기타 보이싱",0,24,0.00,7.4
"https://studionol.co.kr/ko/stories/practice-room-guitar-jazz-chords1",practice-room-guitar-jazz-chords1,"기타 재즈 코드",0,26,0.00,8.8
"https://studionol.co.kr/ko/stories/practice-room-guitar-jazz-chords1",practice-room-guitar-jazz-chords1,"기타 텐션코드",0,2,0.00,10.5
"https://studionol.co.kr/ko/stories/practice-room-guitar-jazz-chords1",practice-room-guitar-jazz-chords1,"블랙 코드",0,1,0.00,1.0
"https://studionol.co.kr/ko/stories/practice-room-guitar-jazz-chords1",practice-room-guitar-jazz-chords1,"재즈코드",0,1,0.00,10.0
"https://studionol.co.kr/ko/stories/practice-room-guitar-jazz-voicing1",practice-room-guitar-jazz-voicing1,"기타 재즈 코드",0,4,0.00,6.5
"https://studionol.co.kr/ko/stories/practice-room-guitar-left-hand1",practice-room-guitar-left-hand1,"기타 기본기",0,1,0.00,1.0
"https://studionol.co.kr/ko/stories/practice-room-guitar-left-hand1",practice-room-guitar-left-hand1,"기타 코드",0,1,0.00,2.0
"https://studionol.co.kr/ko/stories/practice-room-guitar-left-hand1",practice-room-guitar-left-hand1,"약지 독립",0,5,0.00,7.8
"https://studionol.co.kr/ko/stories/practice-room-guitar-left-hand1",practice-room-guitar-left-hand1,"왼손",0,1,0.00,1.0
"https://studionol.co.kr/ko/stories/practice-room-guitar-legato1",practice-room-guitar-legato1,"기타 레가토",0,23,0.00,8.2
"https://studionol.co.kr/ko/stories/practice-room-guitar-legato1",practice-room-guitar-legato1,"풀오프",0,9,0.00,9.6
"https://studionol.co.kr/ko/stories/practice-room-guitar-mute1",practice-room-guitar-mute1,"기타 뮤트",0,2,0.00,11.0
"https://studionol.co.kr/ko/stories/practice-room-guitar-mute1",practice-room-guitar-mute1,"왼손 피치카토",0,5,0.00,10.0
"https://studionol.co.kr/ko/stories/practice-room-guitar-mute1",practice-room-guitar-mute1,"팝뮤트",0,4,0.00,6.0
"https://studionol.co.kr/ko/stories/practice-room-guitar-mute1",practice-room-guitar-mute1,"피치카토 주법",0,18,0.00,9.9
"https://studionol.co.kr/ko/stories/practice-room-guitar-neofolk1",practice-room-guitar-neofolk1,"네오포크",0,1,0.00,14.0
"https://studionol.co.kr/ko/stories/practice-room-guitar-nylon1",practice-room-guitar-nylon1,"클래식기타 자세",0,1,0.00,10.0
"https://studionol.co.kr/ko/stories/practice-room-guitar-open-chord-sonority1",practice-room-guitar-open-chord-sonority1,"기타 오픈코드",0,1,0.00,8.0
"https://studionol.co.kr/ko/stories/practice-room-guitar-open-chord-sonority1",practice-room-guitar-open-chord-sonority1,"소노리티",0,10,0.00,9.2
"https://studionol.co.kr/ko/stories/practice-room-guitar-open-tuning1",practice-room-guitar-open-tuning1,"site:studionol.co.kr",0,1,0.00,297.0
"https://studionol.co.kr/ko/stories/practice-room-guitar-pentatonic-modes1",practice-room-guitar-pentatonic-modes1,"모드 스케일 정리",0,3,0.00,8.3
"https://studionol.co.kr/ko/stories/practice-room-guitar-pentatonic-modes1",practice-room-guitar-pentatonic-modes1,"모드스케일 정리",0,1,0.00,9.0
"https://studionol.co.kr/ko/stories/practice-room-guitar-pinch-harmonic1",practice-room-guitar-pinch-harmonic1,"핀치 하모닉스",0,4,0.00,8.5
"https://studionol.co.kr/ko/stories/practice-room-guitar-reggae1",practice-room-guitar-reggae1,"site:studionol.co.kr",0,1,0.00,251.0
"https://studionol.co.kr/ko/stories/practice-room-guitar-rock-lead1",practice-room-guitar-rock-lead1,"site:studionol.co.kr",0,1,0.00,303.0
"https://studionol.co.kr/ko/stories/practice-room-guitar-scale-pos1",practice-room-guitar-scale-pos1,"기타 스케일",0,6,0.00,7.2
"https://studionol.co.kr/ko/stories/practice-room-guitar-scale-pos1",practice-room-guitar-scale-pos1,"기타 포지션",0,1,0.00,9.0
"https://studionol.co.kr/ko/stories/practice-room-guitar-scale-pos1",practice-room-guitar-scale-pos1,"스케일 연습",0,1,0.00,11.0
"https://studionol.co.kr/ko/stories/practice-room-guitar-scale-pos1",practice-room-guitar-scale-pos1,"펜타토닉 스케일 연습",0,1,0.00,10.0
"https://studionol.co.kr/ko/stories/practice-room-guitar-scale-position1",practice-room-guitar-scale-position1,"site:studionol.co.kr",0,1,0.00,302.0
"https://studionol.co.kr/ko/stories/practice-room-guitar-scale-position1",practice-room-guitar-scale-position1,"기타 포지션",0,13,0.00,7.2
"https://studionol.co.kr/ko/stories/practice-room-guitar-slide-advanced1",practice-room-guitar-slide-advanced1,"allman 스타일",0,1,0.00,19.0
"https://studionol.co.kr/ko/stories/practice-room-guitar-slide-advanced1",practice-room-guitar-slide-advanced1,"기타 보틀넥",0,16,0.00,7.5
"https://studionol.co.kr/ko/stories/practice-room-guitar-slide-advanced1",practice-room-guitar-slide-advanced1,"보틀 넥 주법",0,4,0.00,9.8
"https://studionol.co.kr/ko/stories/practice-room-guitar-slide-advanced1",practice-room-guitar-slide-advanced1,"보틀넥 주법",0,38,0.00,8.6
"https://studionol.co.kr/ko/stories/practice-room-guitar-slide-electric1",practice-room-guitar-slide-electric1,"allman 스타일",0,56,0.00,3.6
"https://studionol.co.kr/ko/stories/practice-room-guitar-slide-electric1",practice-room-guitar-slide-electric1,"site:studionol.co.kr",0,1,0.00,301.0
"https://studionol.co.kr/ko/stories/practice-room-guitar-slide-electric1",practice-room-guitar-slide-electric1,"기타 보틀넥",0,7,0.00,9.0
"https://studionol.co.kr/ko/stories/practice-room-guitar-slide-electric1",practice-room-guitar-slide-electric1,"보틀넥 주법",0,1,0.00,3.0
"https://studionol.co.kr/ko/stories/practice-room-guitar-slide-electric1",practice-room-guitar-slide-electric1,"슬라이드 기타",0,5,0.00,18.4
"https://studionol.co.kr/ko/stories/practice-room-guitar-slide-electric1",practice-room-guitar-slide-electric1,"일렉기타 슬라이드",0,15,0.00,7.9
"https://studionol.co.kr/ko/stories/practice-room-guitar-slide1",practice-room-guitar-slide1,"보틀넥 주법",0,1,0.00,3.0
"https://studionol.co.kr/ko/stories/practice-room-guitar-solo1",practice-room-guitar-solo1,"기타 연습법",0,1,0.00,9.0
"https://studionol.co.kr/ko/stories/practice-room-guitar-solo1",practice-room-guitar-solo1,"리드 기타",0,5,0.00,8.8
"https://studionol.co.kr/ko/stories/practice-room-guitar-solo1",practice-room-guitar-solo1,"리드기타",0,2,0.00,9.5
"https://studionol.co.kr/ko/stories/practice-room-guitar-stretch1",practice-room-guitar-stretch1,"기타 핑거링",0,10,0.00,7.8
"https://studionol.co.kr/ko/stories/practice-room-guitar-strumming1",practice-room-guitar-strumming1,"스트러밍",0,62,0.00,7.5
"https://studionol.co.kr/ko/stories/practice-room-guitar-sweep-picking1",practice-room-guitar-sweep-picking1,"스윕피킹",0,3,0.00,10.3
"https://studionol.co.kr/ko/stories/practice-room-guitar-sweep1",practice-room-guitar-sweep1,"이코노미 피킹",0,6,0.00,12.2
"https://studionol.co.kr/ko/stories/practice-room-guitar-theory-modes1",practice-room-guitar-theory-modes1,"site:studionol.co.kr",0,1,0.00,298.0
"https://studionol.co.kr/ko/stories/practice-room-guitar-theory1",practice-room-guitar-theory1,"기타 이론",0,1,0.00,8.0
"https://studionol.co.kr/ko/stories/practice-room-guitar-tremolo-picking1",practice-room-guitar-tremolo-picking1,"tremolo 뜻",0,1,0.00,2.0
"https://studionol.co.kr/ko/stories/practice-room-guitar-tremolo-picking1",practice-room-guitar-tremolo-picking1,"스트로크 주법",0,1,0.00,1.0
"https://studionol.co.kr/ko/stories/practice-room-guitar-tremolo-picking1",practice-room-guitar-tremolo-picking1,"얼터 네이트 피킹",0,2,0.00,14.5
"https://studionol.co.kr/ko/stories/practice-room-guitar-tremolo-picking1",practice-room-guitar-tremolo-picking1,"얼터너티브 피킹",0,1,0.00,12.0
"https://studionol.co.kr/ko/stories/practice-room-guitar-tremolo-picking1",practice-room-guitar-tremolo-picking1,"얼터네이트",0,2,0.00,2.5
"https://studionol.co.kr/ko/stories/practice-room-guitar-tremolo-picking1",practice-room-guitar-tremolo-picking1,"얼터네이트 피킹",0,8,0.00,12.1
"https://studionol.co.kr/ko/stories/practice-room-guitar-tremolo-picking1",practice-room-guitar-tremolo-picking1,"얼터네이티브 피킹",0,2,0.00,8.0
"https://studionol.co.kr/ko/stories/practice-room-guitar-tremolo-picking1",practice-room-guitar-tremolo-picking1,"트레몰로",0,2,0.00,1.5
"https://studionol.co.kr/ko/stories/practice-room-guitar-tremolo-picking1",practice-room-guitar-tremolo-picking1,"트레몰로 기타",0,1,0.00,1.0
"https://studionol.co.kr/ko/stories/practice-room-guitar-tremolo-picking1#%EC%86%90%EB%AA%A9%EA%B3%BC-%ED%8C%94%EA%BF%88%EC%B9%98",practice-room-guitar-tremolo-picking1,"트레몰로 피킹",0,14,0.00,4.5
"https://studionol.co.kr/ko/stories/practice-room-guitar-tremolo-picking1#%EC%96%BC%ED%84%B0%EB%84%A4%EC%9D%B4%ED%8A%B8-%ED%94%BC%ED%82%B9%EC%9D%B4%EB%9E%80",practice-room-guitar-tremolo-picking1,"트레몰로 피킹",0,28,0.00,4.6
"https://studionol.co.kr/ko/stories/practice-room-guitar-tremolo-picking1#%ED%8A%B8%EB%A0%88%EB%AA%B0%EB%A1%9C-%ED%94%BC%ED%82%B9",practice-room-guitar-tremolo-picking1,"트레몰로 피킹",0,28,0.00,4.6
"https://studionol.co.kr/ko/stories/practice-room-guitar-tremolo-picking1#2%EB%8B%A8%EA%B3%84-%EB%8B%A8%EC%9D%BC-%ED%98%84-%EC%8A%A4%EC%BC%80%EC%9D%BC-bpm-80120",practice-room-guitar-tremolo-picking1,"트레몰로 피킹",0,14,0.00,4.5
"https://studionol.co.kr/ko/stories/practice-room-guitar-tremolo-picking1#3%EB%8B%A8%EA%B3%84-%ED%8F%AC%EC%A7%80%EC%85%98-%EC%9D%B4%EB%8F%99-%EC%97%B0%EC%8A%B5-bpm-100140",practice-room-guitar-tremolo-picking1,"트레몰로 피킹",0,28,0.00,4.6
"https://studionol.co.kr/ko/stories/practice-room-guitar-vibrato1",practice-room-guitar-vibrato1,"기타 비브라토",0,31,0.00,8.6
"https://studionol.co.kr/ko/stories/practice-room-guitar-vibrato1",practice-room-guitar-vibrato1,"베이스 비브라토",0,7,0.00,7.7
"https://studionol.co.kr/ko/stories/practice-room-guitar-volume-swell1",practice-room-guitar-volume-swell1,"site:studionol.co.kr",0,1,0.00,300.0
"https://studionol.co.kr/ko/stories/practice-room-guitar-volume-swell1",practice-room-guitar-volume-swell1,"기타 장비",0,1,0.00,1.0
"https://studionol.co.kr/ko/stories/practice-room-guitar-volume-swell1",practice-room-guitar-volume-swell1,"바이올린 주법",0,1,0.00,5.0
"https://studionol.co.kr/ko/stories/practice-room-guitar-whammy-bar1",practice-room-guitar-whammy-bar1,"트레몰로 암",0,1,0.00,20.0
"https://studionol.co.kr/ko/stories/practice-room-guitar-whammy-bar1",practice-room-guitar-whammy-bar1,"트레몰로 암 사용법",0,1,0.00,18.0
"https://studionol.co.kr/ko/stories/practice-room-guitar-whammy1",practice-room-guitar-whammy1,"기타 트레몰로",0,11,0.00,11.2
"https://studionol.co.kr/ko/stories/practice-room-guitar-whammy1",practice-room-guitar-whammy1,"트레몰로 기타",0,2,0.00,9.0
"https://studionol.co.kr/ko/stories/practice-room-guitar-whammy1",practice-room-guitar-whammy1,"피아노 트레몰로",0,3,0.00,1.0
"https://studionol.co.kr/ko/stories/practice-room-gusan1",practice-room-gusan1,"방음 연습실 월세",0,4,0.00,13.8
"https://studionol.co.kr/ko/stories/practice-room-hourly-vs-monthly-cost",practice-room-hourly-vs-monthly-cost,"시간당 이용가격",0,3,0.00,38.7
"https://studionol.co.kr/ko/stories/practice-room-idol1",practice-room-idol1,"아이돌 녹음실",0,13,0.00,9.9
"https://studionol.co.kr/ko/stories/practice-room-idol1",practice-room-idol1,"아이돌 안무 연습",0,68,0.00,7.4
"https://studionol.co.kr/ko/stories/practice-room-idol1",practice-room-idol1,"아이돌 연습",0,1,0.00,10.0
"https://studionol.co.kr/ko/stories/practice-room-idol1",practice-room-idol1,"아이돌 연습실",0,203,0.00,6.3
"https://studionol.co.kr/ko/stories/practice-room-idol1",practice-room-idol1,"아이돌 오디션 준비 방법",0,5,0.00,7.2
"https://studionol.co.kr/ko/stories/practice-room-ilsan1",practice-room-ilsan1,"스튜디오 놀",0,1,0.00,1.0
"https://studionol.co.kr/ko/stories/practice-room-improvisation1",practice-room-improvisation1,"임프로비제이션",0,80,0.00,7.2
"https://studionol.co.kr/ko/stories/practice-room-improvisation1",practice-room-improvisation1,"즉흥 연주",0,2,0.00,36.0
"https://studionol.co.kr/ko/stories/practice-room-jazz-piano1",practice-room-jazz-piano1,"cmaj7 코드 피아노",0,1,0.00,11.0
"https://studionol.co.kr/ko/stories/practice-room-jazz-piano1",practice-room-jazz-piano1,"site:studionol.co.kr",0,1,0.00,255.0
"https://studionol.co.kr/ko/stories/practice-room-jazz-theory1",practice-room-jazz-theory1,"재즈 스케일",0,2,0.00,10.5
"https://studionol.co.kr/ko/stories/practice-room-jeungsan1",practice-room-jeungsan1,"방음 연습실",0,1,0.00,30.0
"https://studionol.co.kr/ko/stories/practice-room-journal1",practice-room-journal1,"site:studionol.co.kr",0,1,0.00,165.0
"https://studionol.co.kr/ko/stories/practice-room-journal1",practice-room-journal1,"연습 일지",0,13,0.00,5.8
"https://studionol.co.kr/ko/stories/practice-room-journal1",practice-room-journal1,"연습일지 양식",0,10,0.00,9.9
"https://studionol.co.kr/ko/stories/practice-room-keyboard-synth1",practice-room-keyboard-synth1,"신디사이저 소리",0,1,0.00,21.0
"https://studionol.co.kr/ko/stories/practice-room-keyboard-synth1",practice-room-keyboard-synth1,"신디사이저 입문",0,1,0.00,9.0
"https://studionol.co.kr/ko/stories/practice-room-keyboard-synth1",practice-room-keyboard-synth1,"신스 사운드",0,25,0.00,8.8
"https://studionol.co.kr/ko/stories/practice-room-keyboard-synth1",practice-room-keyboard-synth1,"신스 소리",0,3,0.00,1.0
"https://studionol.co.kr/ko/stories/practice-room-keyboard-synth1",practice-room-keyboard-synth1,"신스 피아노",0,6,0.00,7.7
"https://studionol.co.kr/ko/stories/practice-room-keyboard-synth1",practice-room-keyboard-synth1,"신스사운드",0,9,0.00,10.0
"https://studionol.co.kr/ko/stories/practice-room-keyboard-synth1",practice-room-keyboard-synth1,"자유 연주 공간",0,1,0.00,7.0
"https://studionol.co.kr/ko/stories/practice-room-keyboard-synth1",practice-room-keyboard-synth1,"자유연주공간",0,3,0.00,7.3
"https://studionol.co.kr/ko/stories/practice-room-keyboard-synth1",practice-room-keyboard-synth1,"키보드 신디사이저",0,1,0.00,20.0
"https://studionol.co.kr/ko/stories/practice-room-keyboard-synth1",practice-room-keyboard-synth1,"키보드 연주",0,1,0.00,2.0
"https://studionol.co.kr/ko/stories/practice-room-keyboard1",practice-room-keyboard1,"피아노",0,1,0.00,2.0
"https://studionol.co.kr/ko/stories/practice-room-latin-music1",practice-room-latin-music1,"site:studionol.co.kr",0,1,0.00,261.0
"https://studionol.co.kr/ko/stories/practice-room-medley1",practice-room-medley1,"site:studionol.co.kr",0,1,0.00,195.0
"https://studionol.co.kr/ko/stories/practice-room-medley1",practice-room-medley1,"베이스 이펙터 입문",0,1,0.00,32.0
"https://studionol.co.kr/ko/stories/practice-room-mental-training1",practice-room-mental-training1,"site:studionol.co.kr",0,1,0.00,260.0
"https://studionol.co.kr/ko/stories/practice-room-midi1",practice-room-midi1,"미디",0,1,0.00,2.0
"https://studionol.co.kr/ko/stories/practice-room-midi1",practice-room-midi1,"미디 작업",0,4,0.00,12.0
"https://studionol.co.kr/ko/stories/practice-room-midi1",practice-room-midi1,"미디 작업실 대여",0,2,0.00,10.0
"https://studionol.co.kr/ko/stories/practice-room-midi1",practice-room-midi1,"음악 작업실",0,3,0.00,32.7
"https://studionol.co.kr/ko/stories/practice-room-midi1",practice-room-midi1,"작곡 작업실",0,1,0.00,9.0
"https://studionol.co.kr/ko/stories/practice-room-mix-voice1",practice-room-mix-voice1,"믹스보이스",0,1,0.00,34.0
"https://studionol.co.kr/ko/stories/practice-room-mix-voice1",practice-room-mix-voice1,"믹스보이스 연습법",0,1,0.00,10.0
"https://studionol.co.kr/ko/stories/practice-room-mix-voice1",practice-room-mix-voice1,"팔세토",0,5,0.00,28.4
"https://studionol.co.kr/ko/stories/practice-room-monthly1",practice-room-monthly1,"monthly studio rental",0,1,0.00,1.0
"https://studionol.co.kr/ko/stories/practice-room-monthly1",practice-room-monthly1,"music studio monthly rental",0,1,0.00,3.0
"https://studionol.co.kr/ko/stories/practice-room-monthly1",practice-room-monthly1,"smc 연습실",0,1,0.00,2.0
"https://studionol.co.kr/ko/stories/practice-room-monthly1",practice-room-monthly1,"smc 연습실 가격",0,1,0.00,10.0
"https://studionol.co.kr/ko/stories/practice-room-monthly1",practice-room-monthly1,"smc 음악연습실",0,1,0.00,6.0
"https://studionol.co.kr/ko/stories/practice-room-monthly1",practice-room-monthly1,"개포동 보컬 녹음 연습실 대여",0,2,0.00,6.0
"https://studionol.co.kr/ko/stories/practice-room-monthly1",practice-room-monthly1,"개포동 보컬 연습실 대여",0,6,0.00,8.0
"https://studionol.co.kr/ko/stories/practice-room-monthly1",practice-room-monthly1,"가갹",0,1,0.00,5.0
"https://studionol.co.kr/ko/stories/practice-room-monthly1",practice-room-monthly1,"가격",0,1,0.00,6.0
"https://studionol.co.kr/ko/stories/practice-room-monthly1",practice-room-monthly1,"개인 연습실",0,2,0.00,7.0
"https://studionol.co.kr/ko/stories/practice-room-monthly1",practice-room-monthly1,"개인 음악작업실",0,5,0.00,6.6
"https://studionol.co.kr/ko/stories/practice-room-monthly1",practice-room-monthly1,"개인 작업실",0,1,0.00,9.0
"https://studionol.co.kr/ko/stories/practice-room-monthly1",practice-room-monthly1,"개인 작업실 구하기",0,1,0.00,1.0
"https://studionol.co.kr/ko/stories/practice-room-monthly1",practice-room-monthly1,"개인 작업실 대여",0,2,0.00,8.5
"https://studionol.co.kr/ko/stories/practice-room-monthly1",practice-room-monthly1,"개인연습실",0,5,0.00,5.4
"https://studionol.co.kr/ko/stories/practice-room-monthly1",practice-room-monthly1,"개인연습실 대여",0,4,0.00,5.8
"https://studionol.co.kr/ko/stories/practice-room-monthly1",practice-room-monthly1,"개인연습실 월세",0,37,0.00,5.6
"https://studionol.co.kr/ko/stories/practice-room-monthly1",practice-room-monthly1,"개인작업실 월세",0,6,0.00,9.7
"https://studionol.co.kr/ko/stories/practice-room-monthly1",practice-room-monthly1,"기타 연습실 대여",0,4,0.00,13.0
"https://studionol.co.kr/ko/stories/practice-room-monthly1",practice-room-monthly1,"노래 연습실 대여",0,1,0.00,10.0
"https://studionol.co.kr/ko/stories/practice-room-monthly1",practice-room-monthly1,"댄스 연습실 대여 가격",0,1,0.00,5.0
"https://studionol.co.kr/ko/stories/practice-room-monthly1",practice-room-monthly1,"무보증 월세",0,1,0.00,1.0
"https://studionol.co.kr/ko/stories/practice-room-monthly1",practice-room-monthly1,"미디 작업실 대여",0,22,0.00,8.5
"https://studionol.co.kr/ko/stories/practice-room-monthly1",practice-room-monthly1,"방음 연습실 대여",0,8,0.00,13.9
"https://studionol.co.kr/ko/stories/practice-room-monthly1",practice-room-monthly1,"방음 작업실",0,2,0.00,8.5
"https://studionol.co.kr/ko/stories/practice-room-monthly1",practice-room-monthly1,"방음실 대여",0,1,0.00,11.0
"https://studionol.co.kr/ko/stories/practice-room-monthly1",practice-room-monthly1,"보컬 연습실 대여 가격",0,1,0.00,6.0
"https://studionol.co.kr/ko/stories/practice-room-monthly1",practice-room-monthly1,"보컬연습실 대여 가격",0,27,0.00,9.0
"https://studionol.co.kr/ko/stories/practice-room-monthly1",practice-room-monthly1,"비용은?",0,1,0.00,1.0
"https://studionol.co.kr/ko/stories/practice-room-monthly1",practice-room-monthly1,"서울 음악작업실 월세",0,29,0.00,7.0
"https://studionol.co.kr/ko/stories/practice-room-monthly1",practice-room-monthly1,"서울 작업실 월세",0,3,0.00,6.7
"https://studionol.co.kr/ko/stories/practice-room-monthly1",practice-room-monthly1,"스튜디오 월세",0,13,0.00,8.4
"https://studionol.co.kr/ko/stories/practice-room-monthly1",practice-room-monthly1,"악기 연습실",0,1,0.00,6.0
"https://studionol.co.kr/ko/stories/practice-room-monthly1",practice-room-monthly1,"악기 연습실 대여",0,5,0.00,7.4
"https://studionol.co.kr/ko/stories/practice-room-monthly1",practice-room-monthly1,"연습실 가격",0,1,0.00,10.0
"https://studionol.co.kr/ko/stories/practice-room-monthly1",practice-room-monthly1,"연습실 대여",0,1,0.00,7.0
"https://studionol.co.kr/ko/stories/practice-room-monthly1",practice-room-monthly1,"연습실 대여 가격",0,24,0.00,5.4
"https://studionol.co.kr/ko/stories/practice-room-monthly1",practice-room-monthly1,"연습실 대여료",0,15,0.00,8.6
"https://studionol.co.kr/ko/stories/practice-room-monthly1",practice-room-monthly1,"연습실 매매",0,1,0.00,39.0
"https://studionol.co.kr/ko/stories/practice-room-monthly1",practice-room-monthly1,"연습실 임대",0,10,0.00,10.7
"https://studionol.co.kr/ko/stories/practice-room-monthly1",practice-room-monthly1,"연습실 한달 대여",0,8,0.00,14.5
"https://studionol.co.kr/ko/stories/practice-room-monthly1",practice-room-monthly1,"음악 스튜디오",0,2,0.00,10.5
"https://studionol.co.kr/ko/stories/practice-room-monthly1",practice-room-monthly1,"음악 연습실",0,5,0.00,10.8
"https://studionol.co.kr/ko/stories/practice-room-monthly1",practice-room-monthly1,"음악 연습실 대여",0,1,0.00,18.0
"https://studionol.co.kr/ko/stories/practice-room-monthly1",practice-room-monthly1,"음악 연습실 월세",0,20,0.00,4.8
"https://studionol.co.kr/ko/stories/practice-room-monthly1",practice-room-monthly1,"음악 작업실 구하기",0,1,0.00,36.0
"https://studionol.co.kr/ko/stories/practice-room-monthly1",practice-room-monthly1,"음악 작업실 구하는 사이트",0,1,0.00,20.0
"https://studionol.co.kr/ko/stories/practice-room-monthly1",practice-room-monthly1,"음악 작업실 임대",0,5,0.00,12.6
"https://studionol.co.kr/ko/stories/practice-room-monthly1",practice-room-monthly1,"음악연습실",0,4,0.00,9.5
"https://studionol.co.kr/ko/stories/practice-room-monthly1",practice-room-monthly1,"음악연습실 대여",0,1,0.00,10.0
"https://studionol.co.kr/ko/stories/practice-room-monthly1",practice-room-monthly1,"음악연습실 대여 가격",0,15,0.00,8.9
"https://studionol.co.kr/ko/stories/practice-room-monthly1",practice-room-monthly1,"음악작업실 대여",0,7,0.00,7.1
"https://studionol.co.kr/ko/stories/practice-room-monthly1",practice-room-monthly1,"임윤찬 어머니 인터뷰",0,1,0.00,9.0
"https://studionol.co.kr/ko/stories/practice-room-monthly1",practice-room-monthly1,"작업실 가격",0,8,0.00,2.9
"https://studionol.co.kr/ko/stories/practice-room-monthly1",practice-room-monthly1,"작업실 비용",0,1,0.00,4.0
"https://studionol.co.kr/ko/stories/practice-room-monthly1",practice-room-monthly1,"작업실 월세 디시",0,2,0.00,4.0
"https://studionol.co.kr/ko/stories/practice-room-monthly1",practice-room-monthly1,"주거형 음악작업실",0,3,0.00,32.7
"https://studionol.co.kr/ko/stories/practice-room-monthly1",practice-room-monthly1,"피아노 연습실 가격",0,2,0.00,13.0
"https://studionol.co.kr/ko/stories/practice-room-monthly1",practice-room-monthly1,"한달",0,1,0.00,2.0
"https://studionol.co.kr/ko/stories/practice-room-monthly1",practice-room-monthly1,"합주실 대여 비용",0,18,0.00,10.6
"https://studionol.co.kr/ko/stories/practice-room-monthly1#%EC%9B%94%EC%84%B8-%EC%9E%85%EC%A3%BC-%EC%97%B0%EC%8A%B5%EC%8B%A4%EC%9D%98-%EC%9E%A5%EC%A0%90",practice-room-monthly1,"개인 음악작업실",0,1,0.00,8.0
"https://studionol.co.kr/ko/stories/practice-room-monthly1#%EC%9B%94%EC%84%B8-%EC%9E%85%EC%A3%BC-%EC%97%B0%EC%8A%B5%EC%8B%A4%EC%9D%98-%EC%9E%A5%EC%A0%90",practice-room-monthly1,"개인 작업실 월세",0,3,0.00,10.0
"https://studionol.co.kr/ko/stories/practice-room-monthly1#%EC%9B%94%EC%84%B8-%EC%9E%85%EC%A3%BC-%EC%97%B0%EC%8A%B5%EC%8B%A4%EC%9D%98-%EC%9E%A5%EC%A0%90",practice-room-monthly1,"개인연습실",0,2,0.00,6.0
"https://studionol.co.kr/ko/stories/practice-room-monthly1#%EC%9B%94%EC%84%B8-%EC%9E%85%EC%A3%BC-%EC%97%B0%EC%8A%B5%EC%8B%A4%EC%9D%98-%EC%9E%A5%EC%A0%90",practice-room-monthly1,"개인연습실 대여",0,1,0.00,9.0
"https://studionol.co.kr/ko/stories/practice-room-monthly1#%EC%9B%94%EC%84%B8-%EC%9E%85%EC%A3%BC-%EC%97%B0%EC%8A%B5%EC%8B%A4%EC%9D%98-%EC%9E%A5%EC%A0%90",practice-room-monthly1,"개인연습실 월세",0,6,0.00,5.0
"https://studionol.co.kr/ko/stories/practice-room-monthly1#%EC%9B%94%EC%84%B8-%EC%9E%85%EC%A3%BC-%EC%97%B0%EC%8A%B5%EC%8B%A4%EC%9D%98-%EC%9E%A5%EC%A0%90",practice-room-monthly1,"노래 연습실 대여",0,1,0.00,10.0
"https://studionol.co.kr/ko/stories/practice-room-monthly1#%EC%9B%94%EC%84%B8-%EC%9E%85%EC%A3%BC-%EC%97%B0%EC%8A%B5%EC%8B%A4%EC%9D%98-%EC%9E%A5%EC%A0%90",practice-room-monthly1,"미디 작업실 대여",0,9,0.00,9.1
"https://studionol.co.kr/ko/stories/practice-room-monthly1#%EC%9B%94%EC%84%B8-%EC%9E%85%EC%A3%BC-%EC%97%B0%EC%8A%B5%EC%8B%A4%EC%9D%98-%EC%9E%A5%EC%A0%90",practice-room-monthly1,"방음 연습실 대여",0,3,0.00,9.3
"https://studionol.co.kr/ko/stories/practice-room-monthly1#%EC%9B%94%EC%84%B8-%EC%9E%85%EC%A3%BC-%EC%97%B0%EC%8A%B5%EC%8B%A4%EC%9D%98-%EC%9E%A5%EC%A0%90",practice-room-monthly1,"방음 연습실 월세",0,15,0.00,5.7
"https://studionol.co.kr/ko/stories/practice-room-monthly1#%EC%9B%94%EC%84%B8-%EC%9E%85%EC%A3%BC-%EC%97%B0%EC%8A%B5%EC%8B%A4%EC%9D%98-%EC%9E%A5%EC%A0%90",practice-room-monthly1,"방음 작업실",0,1,0.00,9.0
"https://studionol.co.kr/ko/stories/practice-room-monthly1#%EC%9B%94%EC%84%B8-%EC%9E%85%EC%A3%BC-%EC%97%B0%EC%8A%B5%EC%8B%A4%EC%9D%98-%EC%9E%A5%EC%A0%90",practice-room-monthly1,"방음 작업실 월세",0,6,0.00,8.7
"https://studionol.co.kr/ko/stories/practice-room-monthly1#%EC%9B%94%EC%84%B8-%EC%9E%85%EC%A3%BC-%EC%97%B0%EC%8A%B5%EC%8B%A4%EC%9D%98-%EC%9E%A5%EC%A0%90",practice-room-monthly1,"보컬연습실 대여 가격",0,1,0.00,10.0
"https://studionol.co.kr/ko/stories/practice-room-monthly1#%EC%9B%94%EC%84%B8-%EC%9E%85%EC%A3%BC-%EC%97%B0%EC%8A%B5%EC%8B%A4%EC%9D%98-%EC%9E%A5%EC%A0%90",practice-room-monthly1,"서울 음악작업실 월세",0,3,0.00,8.3
"https://studionol.co.kr/ko/stories/practice-room-monthly1#%EC%9B%94%EC%84%B8-%EC%9E%85%EC%A3%BC-%EC%97%B0%EC%8A%B5%EC%8B%A4%EC%9D%98-%EC%9E%A5%EC%A0%90",practice-room-monthly1,"악기 연습실 대여",0,1,0.00,10.0
"https://studionol.co.kr/ko/stories/practice-room-monthly1#%EC%9B%94%EC%84%B8-%EC%9E%85%EC%A3%BC-%EC%97%B0%EC%8A%B5%EC%8B%A4%EC%9D%98-%EC%9E%A5%EC%A0%90",practice-room-monthly1,"연습실 월대여",0,3,0.00,7.3
"https://studionol.co.kr/ko/stories/practice-room-monthly1#%EC%9B%94%EC%84%B8-%EC%9E%85%EC%A3%BC-%EC%97%B0%EC%8A%B5%EC%8B%A4%EC%9D%98-%EC%9E%A5%EC%A0%90",practice-room-monthly1,"연습실 월세",0,9,0.00,6.0
"https://studionol.co.kr/ko/stories/practice-room-monthly1#%EC%9B%94%EC%84%B8-%EC%9E%85%EC%A3%BC-%EC%97%B0%EC%8A%B5%EC%8B%A4%EC%9D%98-%EC%9E%A5%EC%A0%90",practice-room-monthly1,"연습실 임대",0,5,0.00,9.2
"https://studionol.co.kr/ko/stories/practice-room-monthly1#%EC%9B%94%EC%84%B8-%EC%9E%85%EC%A3%BC-%EC%97%B0%EC%8A%B5%EC%8B%A4%EC%9D%98-%EC%9E%A5%EC%A0%90",practice-room-monthly1,"연습실 한달 대여",0,6,0.00,8.0
"https://studionol.co.kr/ko/stories/practice-room-monthly1#%EC%9B%94%EC%84%B8-%EC%9E%85%EC%A3%BC-%EC%97%B0%EC%8A%B5%EC%8B%A4%EC%9D%98-%EC%9E%A5%EC%A0%90",practice-room-monthly1,"음악 연습실",0,5,0.00,10.8
"https://studionol.co.kr/ko/stories/practice-room-monthly1#%EC%9B%94%EC%84%B8-%EC%9E%85%EC%A3%BC-%EC%97%B0%EC%8A%B5%EC%8B%A4%EC%9D%98-%EC%9E%A5%EC%A0%90",practice-room-monthly1,"음악 연습실 월세",0,5,0.00,7.0
"https://studionol.co.kr/ko/stories/practice-room-monthly1#%EC%9B%94%EC%84%B8-%EC%9E%85%EC%A3%BC-%EC%97%B0%EC%8A%B5%EC%8B%A4%EC%9D%98-%EC%9E%A5%EC%A0%90",practice-room-monthly1,"음악 작업실",0,2,0.00,7.5
"https://studionol.co.kr/ko/stories/practice-room-monthly1#%EC%9B%94%EC%84%B8-%EC%9E%85%EC%A3%BC-%EC%97%B0%EC%8A%B5%EC%8B%A4%EC%9D%98-%EC%9E%A5%EC%A0%90",practice-room-monthly1,"음악 작업실 대여",0,1,0.00,9.0
"https://studionol.co.kr/ko/stories/practice-room-monthly1#%EC%9B%94%EC%84%B8-%EC%9E%85%EC%A3%BC-%EC%97%B0%EC%8A%B5%EC%8B%A4%EC%9D%98-%EC%9E%A5%EC%A0%90",practice-room-monthly1,"음악 작업실 월세",0,1,0.00,10.0
"https://studionol.co.kr/ko/stories/practice-room-monthly1#%EC%9B%94%EC%84%B8-%EC%9E%85%EC%A3%BC-%EC%97%B0%EC%8A%B5%EC%8B%A4%EC%9D%98-%EC%9E%A5%EC%A0%90",practice-room-monthly1,"음악연습실",0,4,0.00,9.5
"https://studionol.co.kr/ko/stories/practice-room-monthly1#%EC%9B%94%EC%84%B8-%EC%9E%85%EC%A3%BC-%EC%97%B0%EC%8A%B5%EC%8B%A4%EC%9D%98-%EC%9E%A5%EC%A0%90",practice-room-monthly1,"음악연습실 월세",0,4,0.00,8.5
"https://studionol.co.kr/ko/stories/practice-room-monthly1#%EC%9B%94%EC%84%B8-%EC%9E%85%EC%A3%BC-%EC%97%B0%EC%8A%B5%EC%8B%A4%EC%9D%98-%EC%9E%A5%EC%A0%90",practice-room-monthly1,"음악작업실 대여",0,1,0.00,8.0
"https://studionol.co.kr/ko/stories/practice-room-monthly1#%EC%9B%94%EC%84%B8-%EC%9E%85%EC%A3%BC-%EC%97%B0%EC%8A%B5%EC%8B%A4%EC%9D%98-%EC%9E%A5%EC%A0%90",practice-room-monthly1,"음악작업실 월세",0,6,0.00,9.8
"https://studionol.co.kr/ko/stories/practice-room-monthly1#%EC%9B%94%EC%84%B8-%EC%9E%85%EC%A3%BC-%EC%97%B0%EC%8A%B5%EC%8B%A4%EC%9D%98-%EC%9E%A5%EC%A0%90",practice-room-monthly1,"음악작업실 임대",0,1,0.00,9.0
"https://studionol.co.kr/ko/stories/practice-room-monthly1#%EC%9B%94%EC%84%B8-%EC%9E%85%EC%A3%BC-%EC%97%B0%EC%8A%B5%EC%8B%A4%EC%9D%98-%EC%9E%A5%EC%A0%90",practice-room-monthly1,"작업실 월세",0,1,0.00,10.0
"https://studionol.co.kr/ko/stories/practice-room-monthly1#%EC%9E%85%EC%A3%BC-%EB%B9%84%EC%9A%A9-%EA%B5%AC%EC%A1%B0-%EC%9B%94%EC%84%B8-%EC%99%B8%EC%97%90-%EB%AC%B4%EC%97%87%EC%9D%B4-%EC%9E%88%EB%82%98",practice-room-monthly1,"개인 음악작업실",0,1,0.00,8.0
"https://studionol.co.kr/ko/stories/practice-room-monthly1#%EC%9E%85%EC%A3%BC-%EB%B9%84%EC%9A%A9-%EA%B5%AC%EC%A1%B0-%EC%9B%94%EC%84%B8-%EC%99%B8%EC%97%90-%EB%AC%B4%EC%97%87%EC%9D%B4-%EC%9E%88%EB%82%98",practice-room-monthly1,"개인 작업실 월세",0,3,0.00,10.0
"https://studionol.co.kr/ko/stories/practice-room-monthly1#%EC%9E%85%EC%A3%BC-%EB%B9%84%EC%9A%A9-%EA%B5%AC%EC%A1%B0-%EC%9B%94%EC%84%B8-%EC%99%B8%EC%97%90-%EB%AC%B4%EC%97%87%EC%9D%B4-%EC%9E%88%EB%82%98",practice-room-monthly1,"개인연습실",0,2,0.00,6.0
"https://studionol.co.kr/ko/stories/practice-room-monthly1#%EC%9E%85%EC%A3%BC-%EB%B9%84%EC%9A%A9-%EA%B5%AC%EC%A1%B0-%EC%9B%94%EC%84%B8-%EC%99%B8%EC%97%90-%EB%AC%B4%EC%97%87%EC%9D%B4-%EC%9E%88%EB%82%98",practice-room-monthly1,"개인연습실 월세",0,4,0.00,4.0
"https://studionol.co.kr/ko/stories/practice-room-monthly1#%EC%9E%85%EC%A3%BC-%EB%B9%84%EC%9A%A9-%EA%B5%AC%EC%A1%B0-%EC%9B%94%EC%84%B8-%EC%99%B8%EC%97%90-%EB%AC%B4%EC%97%87%EC%9D%B4-%EC%9E%88%EB%82%98",practice-room-monthly1,"노래 연습실 대여",0,1,0.00,10.0
"https://studionol.co.kr/ko/stories/practice-room-monthly1#%EC%9E%85%EC%A3%BC-%EB%B9%84%EC%9A%A9-%EA%B5%AC%EC%A1%B0-%EC%9B%94%EC%84%B8-%EC%99%B8%EC%97%90-%EB%AC%B4%EC%97%87%EC%9D%B4-%EC%9E%88%EB%82%98",practice-room-monthly1,"미디 작업실 대여",0,7,0.00,9.0
"https://studionol.co.kr/ko/stories/practice-room-monthly1#%EC%9E%85%EC%A3%BC-%EB%B9%84%EC%9A%A9-%EA%B5%AC%EC%A1%B0-%EC%9B%94%EC%84%B8-%EC%99%B8%EC%97%90-%EB%AC%B4%EC%97%87%EC%9D%B4-%EC%9E%88%EB%82%98",practice-room-monthly1,"방음 연습실 대여",0,2,0.00,8.5
"https://studionol.co.kr/ko/stories/practice-room-monthly1#%EC%9E%85%EC%A3%BC-%EB%B9%84%EC%9A%A9-%EA%B5%AC%EC%A1%B0-%EC%9B%94%EC%84%B8-%EC%99%B8%EC%97%90-%EB%AC%B4%EC%97%87%EC%9D%B4-%EC%9E%88%EB%82%98",practice-room-monthly1,"방음 연습실 월세",0,11,0.00,6.1
"https://studionol.co.kr/ko/stories/practice-room-monthly1#%EC%9E%85%EC%A3%BC-%EB%B9%84%EC%9A%A9-%EA%B5%AC%EC%A1%B0-%EC%9B%94%EC%84%B8-%EC%99%B8%EC%97%90-%EB%AC%B4%EC%97%87%EC%9D%B4-%EC%9E%88%EB%82%98",practice-room-monthly1,"방음 작업실 월세",0,6,0.00,8.7
"https://studionol.co.kr/ko/stories/practice-room-monthly1#%EC%9E%85%EC%A3%BC-%EB%B9%84%EC%9A%A9-%EA%B5%AC%EC%A1%B0-%EC%9B%94%EC%84%B8-%EC%99%B8%EC%97%90-%EB%AC%B4%EC%97%87%EC%9D%B4-%EC%9E%88%EB%82%98",practice-room-monthly1,"보컬연습실 대여 가격",0,1,0.00,10.0
"https://studionol.co.kr/ko/stories/practice-room-monthly1#%EC%9E%85%EC%A3%BC-%EB%B9%84%EC%9A%A9-%EA%B5%AC%EC%A1%B0-%EC%9B%94%EC%84%B8-%EC%99%B8%EC%97%90-%EB%AC%B4%EC%97%87%EC%9D%B4-%EC%9E%88%EB%82%98",practice-room-monthly1,"서울 음악작업실 월세",0,3,0.00,8.3
"https://studionol.co.kr/ko/stories/practice-room-monthly1#%EC%9E%85%EC%A3%BC-%EB%B9%84%EC%9A%A9-%EA%B5%AC%EC%A1%B0-%EC%9B%94%EC%84%B8-%EC%99%B8%EC%97%90-%EB%AC%B4%EC%97%87%EC%9D%B4-%EC%9E%88%EB%82%98",practice-room-monthly1,"연습실 월대여",0,1,0.00,4.0
"https://studionol.co.kr/ko/stories/practice-room-monthly1#%EC%9E%85%EC%A3%BC-%EB%B9%84%EC%9A%A9-%EA%B5%AC%EC%A1%B0-%EC%9B%94%EC%84%B8-%EC%99%B8%EC%97%90-%EB%AC%B4%EC%97%87%EC%9D%B4-%EC%9E%88%EB%82%98",practice-room-monthly1,"연습실 월세",0,8,0.00,5.9
"https://studionol.co.kr/ko/stories/practice-room-monthly1#%EC%9E%85%EC%A3%BC-%EB%B9%84%EC%9A%A9-%EA%B5%AC%EC%A1%B0-%EC%9B%94%EC%84%B8-%EC%99%B8%EC%97%90-%EB%AC%B4%EC%97%87%EC%9D%B4-%EC%9E%88%EB%82%98",practice-room-monthly1,"연습실 임대",0,4,0.00,9.5
"https://studionol.co.kr/ko/stories/practice-room-monthly1#%EC%9E%85%EC%A3%BC-%EB%B9%84%EC%9A%A9-%EA%B5%AC%EC%A1%B0-%EC%9B%94%EC%84%B8-%EC%99%B8%EC%97%90-%EB%AC%B4%EC%97%87%EC%9D%B4-%EC%9E%88%EB%82%98",practice-room-monthly1,"연습실 한달 대여",0,6,0.00,8.0
"https://studionol.co.kr/ko/stories/practice-room-monthly1#%EC%9E%85%EC%A3%BC-%EB%B9%84%EC%9A%A9-%EA%B5%AC%EC%A1%B0-%EC%9B%94%EC%84%B8-%EC%99%B8%EC%97%90-%EB%AC%B4%EC%97%87%EC%9D%B4-%EC%9E%88%EB%82%98",practice-room-monthly1,"음악 연습실",0,2,0.00,11.5
"https://studionol.co.kr/ko/stories/practice-room-monthly1#%EC%9E%85%EC%A3%BC-%EB%B9%84%EC%9A%A9-%EA%B5%AC%EC%A1%B0-%EC%9B%94%EC%84%B8-%EC%99%B8%EC%97%90-%EB%AC%B4%EC%97%87%EC%9D%B4-%EC%9E%88%EB%82%98",practice-room-monthly1,"음악 연습실 월세",0,2,0.00,5.5
"https://studionol.co.kr/ko/stories/practice-room-monthly1#%EC%9E%85%EC%A3%BC-%EB%B9%84%EC%9A%A9-%EA%B5%AC%EC%A1%B0-%EC%9B%94%EC%84%B8-%EC%99%B8%EC%97%90-%EB%AC%B4%EC%97%87%EC%9D%B4-%EC%9E%88%EB%82%98",practice-room-monthly1,"음악 작업실",0,3,0.00,8.3
"https://studionol.co.kr/ko/stories/practice-room-monthly1#%EC%9E%85%EC%A3%BC-%EB%B9%84%EC%9A%A9-%EA%B5%AC%EC%A1%B0-%EC%9B%94%EC%84%B8-%EC%99%B8%EC%97%90-%EB%AC%B4%EC%97%87%EC%9D%B4-%EC%9E%88%EB%82%98",practice-room-monthly1,"음악 작업실 대여",0,1,0.00,9.0
"https://studionol.co.kr/ko/stories/practice-room-monthly1#%EC%9E%85%EC%A3%BC-%EB%B9%84%EC%9A%A9-%EA%B5%AC%EC%A1%B0-%EC%9B%94%EC%84%B8-%EC%99%B8%EC%97%90-%EB%AC%B4%EC%97%87%EC%9D%B4-%EC%9E%88%EB%82%98",practice-room-monthly1,"음악 작업실 월세",0,1,0.00,10.0
"https://studionol.co.kr/ko/stories/practice-room-monthly1#%EC%9E%85%EC%A3%BC-%EB%B9%84%EC%9A%A9-%EA%B5%AC%EC%A1%B0-%EC%9B%94%EC%84%B8-%EC%99%B8%EC%97%90-%EB%AC%B4%EC%97%87%EC%9D%B4-%EC%9E%88%EB%82%98",practice-room-monthly1,"음악연습실",0,3,0.00,10.3
"https://studionol.co.kr/ko/stories/practice-room-monthly1#%EC%9E%85%EC%A3%BC-%EB%B9%84%EC%9A%A9-%EA%B5%AC%EC%A1%B0-%EC%9B%94%EC%84%B8-%EC%99%B8%EC%97%90-%EB%AC%B4%EC%97%87%EC%9D%B4-%EC%9E%88%EB%82%98",practice-room-monthly1,"음악연습실 월세",0,3,0.00,8.3
"https://studionol.co.kr/ko/stories/practice-room-monthly1#%EC%9E%85%EC%A3%BC-%EB%B9%84%EC%9A%A9-%EA%B5%AC%EC%A1%B0-%EC%9B%94%EC%84%B8-%EC%99%B8%EC%97%90-%EB%AC%B4%EC%97%87%EC%9D%B4-%EC%9E%88%EB%82%98",practice-room-monthly1,"음악작업실",0,3,0.00,8.7
"https://studionol.co.kr/ko/stories/practice-room-monthly1#%EC%9E%85%EC%A3%BC-%EB%B9%84%EC%9A%A9-%EA%B5%AC%EC%A1%B0-%EC%9B%94%EC%84%B8-%EC%99%B8%EC%97%90-%EB%AC%B4%EC%97%87%EC%9D%B4-%EC%9E%88%EB%82%98",practice-room-monthly1,"음악작업실 대여",0,1,0.00,8.0
"https://studionol.co.kr/ko/stories/practice-room-monthly1#%EC%9E%85%EC%A3%BC-%EB%B9%84%EC%9A%A9-%EA%B5%AC%EC%A1%B0-%EC%9B%94%EC%84%B8-%EC%99%B8%EC%97%90-%EB%AC%B4%EC%97%87%EC%9D%B4-%EC%9E%88%EB%82%98",practice-room-monthly1,"음악작업실 월세",0,6,0.00,9.8
"https://studionol.co.kr/ko/stories/practice-room-monthly1#%EC%9E%85%EC%A3%BC-%EB%B9%84%EC%9A%A9-%EA%B5%AC%EC%A1%B0-%EC%9B%94%EC%84%B8-%EC%99%B8%EC%97%90-%EB%AC%B4%EC%97%87%EC%9D%B4-%EC%9E%88%EB%82%98",practice-room-monthly1,"음악작업실 임대",0,1,0.00,9.0
"https://studionol.co.kr/ko/stories/practice-room-monthly1#%EC%9E%85%EC%A3%BC-%EB%B9%84%EC%9A%A9-%EA%B5%AC%EC%A1%B0-%EC%9B%94%EC%84%B8-%EC%99%B8%EC%97%90-%EB%AC%B4%EC%97%87%EC%9D%B4-%EC%9E%88%EB%82%98",practice-room-monthly1,"작업실 월세",0,1,0.00,10.0
"https://studionol.co.kr/ko/stories/practice-room-monthly1#%EC%9E%85%EC%A3%BC-%EC%97%B0%EC%8A%B5%EC%8B%A4-%EC%96%B8%EC%A0%9C-%EC%84%A0%ED%83%9D%ED%95%B4%EC%95%BC-%ED%95%A0%EA%B9%8C",practice-room-monthly1,"개인 음악작업실",0,1,0.00,8.0
"https://studionol.co.kr/ko/stories/practice-room-monthly1#%EC%9E%85%EC%A3%BC-%EC%97%B0%EC%8A%B5%EC%8B%A4-%EC%96%B8%EC%A0%9C-%EC%84%A0%ED%83%9D%ED%95%B4%EC%95%BC-%ED%95%A0%EA%B9%8C",practice-room-monthly1,"개인 작업실 월세",0,3,0.00,10.0
"https://studionol.co.kr/ko/stories/practice-room-monthly1#%EC%9E%85%EC%A3%BC-%EC%97%B0%EC%8A%B5%EC%8B%A4-%EC%96%B8%EC%A0%9C-%EC%84%A0%ED%83%9D%ED%95%B4%EC%95%BC-%ED%95%A0%EA%B9%8C",practice-room-monthly1,"개인연습실",0,2,0.00,6.0
"https://studionol.co.kr/ko/stories/practice-room-monthly1#%EC%9E%85%EC%A3%BC-%EC%97%B0%EC%8A%B5%EC%8B%A4-%EC%96%B8%EC%A0%9C-%EC%84%A0%ED%83%9D%ED%95%B4%EC%95%BC-%ED%95%A0%EA%B9%8C",practice-room-monthly1,"개인연습실 대여",0,1,0.00,9.0
"https://studionol.co.kr/ko/stories/practice-room-monthly1#%EC%9E%85%EC%A3%BC-%EC%97%B0%EC%8A%B5%EC%8B%A4-%EC%96%B8%EC%A0%9C-%EC%84%A0%ED%83%9D%ED%95%B4%EC%95%BC-%ED%95%A0%EA%B9%8C",practice-room-monthly1,"개인연습실 월세",0,6,0.00,5.0
"https://studionol.co.kr/ko/stories/practice-room-monthly1#%EC%9E%85%EC%A3%BC-%EC%97%B0%EC%8A%B5%EC%8B%A4-%EC%96%B8%EC%A0%9C-%EC%84%A0%ED%83%9D%ED%95%B4%EC%95%BC-%ED%95%A0%EA%B9%8C",practice-room-monthly1,"노래 연습실 대여",0,1,0.00,10.0
"https://studionol.co.kr/ko/stories/practice-room-monthly1#%EC%9E%85%EC%A3%BC-%EC%97%B0%EC%8A%B5%EC%8B%A4-%EC%96%B8%EC%A0%9C-%EC%84%A0%ED%83%9D%ED%95%B4%EC%95%BC-%ED%95%A0%EA%B9%8C",practice-room-monthly1,"미디 작업실 대여",0,9,0.00,9.1
"https://studionol.co.kr/ko/stories/practice-room-monthly1#%EC%9E%85%EC%A3%BC-%EC%97%B0%EC%8A%B5%EC%8B%A4-%EC%96%B8%EC%A0%9C-%EC%84%A0%ED%83%9D%ED%95%B4%EC%95%BC-%ED%95%A0%EA%B9%8C",practice-room-monthly1,"방음 연습실 대여",0,3,0.00,9.3
"https://studionol.co.kr/ko/stories/practice-room-monthly1#%EC%9E%85%EC%A3%BC-%EC%97%B0%EC%8A%B5%EC%8B%A4-%EC%96%B8%EC%A0%9C-%EC%84%A0%ED%83%9D%ED%95%B4%EC%95%BC-%ED%95%A0%EA%B9%8C",practice-room-monthly1,"방음 연습실 월세",0,15,0.00,5.7
"https://studionol.co.kr/ko/stories/practice-room-monthly1#%EC%9E%85%EC%A3%BC-%EC%97%B0%EC%8A%B5%EC%8B%A4-%EC%96%B8%EC%A0%9C-%EC%84%A0%ED%83%9D%ED%95%B4%EC%95%BC-%ED%95%A0%EA%B9%8C",practice-room-monthly1,"방음 작업실",0,1,0.00,9.0
"https://studionol.co.kr/ko/stories/practice-room-monthly1#%EC%9E%85%EC%A3%BC-%EC%97%B0%EC%8A%B5%EC%8B%A4-%EC%96%B8%EC%A0%9C-%EC%84%A0%ED%83%9D%ED%95%B4%EC%95%BC-%ED%95%A0%EA%B9%8C",practice-room-monthly1,"방음 작업실 월세",0,5,0.00,8.6
"https://studionol.co.kr/ko/stories/practice-room-monthly1#%EC%9E%85%EC%A3%BC-%EC%97%B0%EC%8A%B5%EC%8B%A4-%EC%96%B8%EC%A0%9C-%EC%84%A0%ED%83%9D%ED%95%B4%EC%95%BC-%ED%95%A0%EA%B9%8C",practice-room-monthly1,"보컬연습실 대여 가격",0,1,0.00,10.0
"https://studionol.co.kr/ko/stories/practice-room-monthly1#%EC%9E%85%EC%A3%BC-%EC%97%B0%EC%8A%B5%EC%8B%A4-%EC%96%B8%EC%A0%9C-%EC%84%A0%ED%83%9D%ED%95%B4%EC%95%BC-%ED%95%A0%EA%B9%8C",practice-room-monthly1,"서울 음악작업실 월세",0,2,0.00,9.0
"https://studionol.co.kr/ko/stories/practice-room-monthly1#%EC%9E%85%EC%A3%BC-%EC%97%B0%EC%8A%B5%EC%8B%A4-%EC%96%B8%EC%A0%9C-%EC%84%A0%ED%83%9D%ED%95%B4%EC%95%BC-%ED%95%A0%EA%B9%8C",practice-room-monthly1,"악기 연습실 대여",0,1,0.00,10.0
"https://studionol.co.kr/ko/stories/practice-room-monthly1#%EC%9E%85%EC%A3%BC-%EC%97%B0%EC%8A%B5%EC%8B%A4-%EC%96%B8%EC%A0%9C-%EC%84%A0%ED%83%9D%ED%95%B4%EC%95%BC-%ED%95%A0%EA%B9%8C",practice-room-monthly1,"연습실 월대여",0,3,0.00,7.3
"https://studionol.co.kr/ko/stories/practice-room-monthly1#%EC%9E%85%EC%A3%BC-%EC%97%B0%EC%8A%B5%EC%8B%A4-%EC%96%B8%EC%A0%9C-%EC%84%A0%ED%83%9D%ED%95%B4%EC%95%BC-%ED%95%A0%EA%B9%8C",practice-room-monthly1,"연습실 월세",0,9,0.00,6.0
"https://studionol.co.kr/ko/stories/practice-room-monthly1#%EC%9E%85%EC%A3%BC-%EC%97%B0%EC%8A%B5%EC%8B%A4-%EC%96%B8%EC%A0%9C-%EC%84%A0%ED%83%9D%ED%95%B4%EC%95%BC-%ED%95%A0%EA%B9%8C",practice-room-monthly1,"연습실 임대",0,5,0.00,9.2
"https://studionol.co.kr/ko/stories/practice-room-monthly1#%EC%9E%85%EC%A3%BC-%EC%97%B0%EC%8A%B5%EC%8B%A4-%EC%96%B8%EC%A0%9C-%EC%84%A0%ED%83%9D%ED%95%B4%EC%95%BC-%ED%95%A0%EA%B9%8C",practice-room-monthly1,"연습실 한달 대여",0,6,0.00,8.0
"https://studionol.co.kr/ko/stories/practice-room-monthly1#%EC%9E%85%EC%A3%BC-%EC%97%B0%EC%8A%B5%EC%8B%A4-%EC%96%B8%EC%A0%9C-%EC%84%A0%ED%83%9D%ED%95%B4%EC%95%BC-%ED%95%A0%EA%B9%8C",practice-room-monthly1,"음악 연습실",0,5,0.00,10.8
"https://studionol.co.kr/ko/stories/practice-room-monthly1#%EC%9E%85%EC%A3%BC-%EC%97%B0%EC%8A%B5%EC%8B%A4-%EC%96%B8%EC%A0%9C-%EC%84%A0%ED%83%9D%ED%95%B4%EC%95%BC-%ED%95%A0%EA%B9%8C",practice-room-monthly1,"음악 연습실 월세",0,5,0.00,7.0
"https://studionol.co.kr/ko/stories/practice-room-monthly1#%EC%9E%85%EC%A3%BC-%EC%97%B0%EC%8A%B5%EC%8B%A4-%EC%96%B8%EC%A0%9C-%EC%84%A0%ED%83%9D%ED%95%B4%EC%95%BC-%ED%95%A0%EA%B9%8C",practice-room-monthly1,"음악 작업실",0,3,0.00,8.3
"https://studionol.co.kr/ko/stories/practice-room-monthly1#%EC%9E%85%EC%A3%BC-%EC%97%B0%EC%8A%B5%EC%8B%A4-%EC%96%B8%EC%A0%9C-%EC%84%A0%ED%83%9D%ED%95%B4%EC%95%BC-%ED%95%A0%EA%B9%8C",practice-room-monthly1,"음악 작업실 대여",0,1,0.00,9.0
"https://studionol.co.kr/ko/stories/practice-room-monthly1#%EC%9E%85%EC%A3%BC-%EC%97%B0%EC%8A%B5%EC%8B%A4-%EC%96%B8%EC%A0%9C-%EC%84%A0%ED%83%9D%ED%95%B4%EC%95%BC-%ED%95%A0%EA%B9%8C",practice-room-monthly1,"음악 작업실 월세",0,1,0.00,10.0
"https://studionol.co.kr/ko/stories/practice-room-monthly1#%EC%9E%85%EC%A3%BC-%EC%97%B0%EC%8A%B5%EC%8B%A4-%EC%96%B8%EC%A0%9C-%EC%84%A0%ED%83%9D%ED%95%B4%EC%95%BC-%ED%95%A0%EA%B9%8C",practice-room-monthly1,"음악연습실",0,4,0.00,9.5
"https://studionol.co.kr/ko/stories/practice-room-monthly1#%EC%9E%85%EC%A3%BC-%EC%97%B0%EC%8A%B5%EC%8B%A4-%EC%96%B8%EC%A0%9C-%EC%84%A0%ED%83%9D%ED%95%B4%EC%95%BC-%ED%95%A0%EA%B9%8C",practice-room-monthly1,"음악연습실 월세",0,4,0.00,8.5
"https://studionol.co.kr/ko/stories/practice-room-monthly1#%EC%9E%85%EC%A3%BC-%EC%97%B0%EC%8A%B5%EC%8B%A4-%EC%96%B8%EC%A0%9C-%EC%84%A0%ED%83%9D%ED%95%B4%EC%95%BC-%ED%95%A0%EA%B9%8C",practice-room-monthly1,"음악작업실",0,3,0.00,8.7
"https://studionol.co.kr/ko/stories/practice-room-monthly1#%EC%9E%85%EC%A3%BC-%EC%97%B0%EC%8A%B5%EC%8B%A4-%EC%96%B8%EC%A0%9C-%EC%84%A0%ED%83%9D%ED%95%B4%EC%95%BC-%ED%95%A0%EA%B9%8C",practice-room-monthly1,"음악작업실 대여",0,1,0.00,8.0
"https://studionol.co.kr/ko/stories/practice-room-monthly1#%EC%9E%85%EC%A3%BC-%EC%97%B0%EC%8A%B5%EC%8B%A4-%EC%96%B8%EC%A0%9C-%EC%84%A0%ED%83%9D%ED%95%B4%EC%95%BC-%ED%95%A0%EA%B9%8C",practice-room-monthly1,"음악작업실 월세",0,4,0.00,10.0
"https://studionol.co.kr/ko/stories/practice-room-monthly1#%EC%9E%85%EC%A3%BC-%EC%97%B0%EC%8A%B5%EC%8B%A4-%EC%96%B8%EC%A0%9C-%EC%84%A0%ED%83%9D%ED%95%B4%EC%95%BC-%ED%95%A0%EA%B9%8C",practice-room-monthly1,"음악작업실 임대",0,1,0.00,9.0
"https://studionol.co.kr/ko/stories/practice-room-monthly1#%EC%9E%85%EC%A3%BC-%EC%97%B0%EC%8A%B5%EC%8B%A4-%EC%96%B8%EC%A0%9C-%EC%84%A0%ED%83%9D%ED%95%B4%EC%95%BC-%ED%95%A0%EA%B9%8C",practice-room-monthly1,"작업실 월세",0,1,0.00,10.0
"https://studionol.co.kr/ko/stories/practice-room-monthly1#%EC%9E%85%EC%A3%BC-%EC%A0%84-%EC%B2%B4%ED%81%AC%EB%A6%AC%EC%8A%A4%ED%8A%B8",practice-room-monthly1,"개인 음악작업실",0,1,0.00,8.0
"https://studionol.co.kr/ko/stories/practice-room-monthly1#%EC%9E%85%EC%A3%BC-%EC%A0%84-%EC%B2%B4%ED%81%AC%EB%A6%AC%EC%8A%A4%ED%8A%B8",practice-room-monthly1,"개인 작업실 월세",0,3,0.00,10.0
"https://studionol.co.kr/ko/stories/practice-room-monthly1#%EC%9E%85%EC%A3%BC-%EC%A0%84-%EC%B2%B4%ED%81%AC%EB%A6%AC%EC%8A%A4%ED%8A%B8",practice-room-monthly1,"개인연습실",0,2,0.00,6.0
"https://studionol.co.kr/ko/stories/practice-room-monthly1#%EC%9E%85%EC%A3%BC-%EC%A0%84-%EC%B2%B4%ED%81%AC%EB%A6%AC%EC%8A%A4%ED%8A%B8",practice-room-monthly1,"개인연습실 대여",0,1,0.00,9.0
"https://studionol.co.kr/ko/stories/practice-room-monthly1#%EC%9E%85%EC%A3%BC-%EC%A0%84-%EC%B2%B4%ED%81%AC%EB%A6%AC%EC%8A%A4%ED%8A%B8",practice-room-monthly1,"개인연습실 월세",0,6,0.00,5.0
"https://studionol.co.kr/ko/stories/practice-room-monthly1#%EC%9E%85%EC%A3%BC-%EC%A0%84-%EC%B2%B4%ED%81%AC%EB%A6%AC%EC%8A%A4%ED%8A%B8",practice-room-monthly1,"노래 연습실 대여",0,1,0.00,10.0
"https://studionol.co.kr/ko/stories/practice-room-monthly1#%EC%9E%85%EC%A3%BC-%EC%A0%84-%EC%B2%B4%ED%81%AC%EB%A6%AC%EC%8A%A4%ED%8A%B8",practice-room-monthly1,"미디 작업실 대여",0,9,0.00,9.1
"https://studionol.co.kr/ko/stories/practice-room-monthly1#%EC%9E%85%EC%A3%BC-%EC%A0%84-%EC%B2%B4%ED%81%AC%EB%A6%AC%EC%8A%A4%ED%8A%B8",practice-room-monthly1,"방음 연습실 대여",0,3,0.00,9.3
"https://studionol.co.kr/ko/stories/practice-room-monthly1#%EC%9E%85%EC%A3%BC-%EC%A0%84-%EC%B2%B4%ED%81%AC%EB%A6%AC%EC%8A%A4%ED%8A%B8",practice-room-monthly1,"방음 연습실 월세",0,15,0.00,5.7
"https://studionol.co.kr/ko/stories/practice-room-monthly1#%EC%9E%85%EC%A3%BC-%EC%A0%84-%EC%B2%B4%ED%81%AC%EB%A6%AC%EC%8A%A4%ED%8A%B8",practice-room-monthly1,"방음 작업실",0,1,0.00,9.0
"https://studionol.co.kr/ko/stories/practice-room-monthly1#%EC%9E%85%EC%A3%BC-%EC%A0%84-%EC%B2%B4%ED%81%AC%EB%A6%AC%EC%8A%A4%ED%8A%B8",practice-room-monthly1,"방음 작업실 월세",0,6,0.00,8.7
"https://studionol.co.kr/ko/stories/practice-room-monthly1#%EC%9E%85%EC%A3%BC-%EC%A0%84-%EC%B2%B4%ED%81%AC%EB%A6%AC%EC%8A%A4%ED%8A%B8",practice-room-monthly1,"보컬연습실 대여 가격",0,1,0.00,10.0
"https://studionol.co.kr/ko/stories/practice-room-monthly1#%EC%9E%85%EC%A3%BC-%EC%A0%84-%EC%B2%B4%ED%81%AC%EB%A6%AC%EC%8A%A4%ED%8A%B8",practice-room-monthly1,"서울 음악작업실 월세",0,3,0.00,8.3
"https://studionol.co.kr/ko/stories/practice-room-monthly1#%EC%9E%85%EC%A3%BC-%EC%A0%84-%EC%B2%B4%ED%81%AC%EB%A6%AC%EC%8A%A4%ED%8A%B8",practice-room-monthly1,"악기 연습실 대여",0,1,0.00,10.0
"https://studionol.co.kr/ko/stories/practice-room-monthly1#%EC%9E%85%EC%A3%BC-%EC%A0%84-%EC%B2%B4%ED%81%AC%EB%A6%AC%EC%8A%A4%ED%8A%B8",practice-room-monthly1,"연습실 월대여",0,3,0.00,7.3
"https://studionol.co.kr/ko/stories/practice-room-monthly1#%EC%9E%85%EC%A3%BC-%EC%A0%84-%EC%B2%B4%ED%81%AC%EB%A6%AC%EC%8A%A4%ED%8A%B8",practice-room-monthly1,"연습실 월세",0,9,0.00,6.0
"https://studionol.co.kr/ko/stories/practice-room-monthly1#%EC%9E%85%EC%A3%BC-%EC%A0%84-%EC%B2%B4%ED%81%AC%EB%A6%AC%EC%8A%A4%ED%8A%B8",practice-room-monthly1,"연습실 임대",0,5,0.00,9.2
"https://studionol.co.kr/ko/stories/practice-room-monthly1#%EC%9E%85%EC%A3%BC-%EC%A0%84-%EC%B2%B4%ED%81%AC%EB%A6%AC%EC%8A%A4%ED%8A%B8",practice-room-monthly1,"연습실 한달 대여",0,6,0.00,8.0
"https://studionol.co.kr/ko/stories/practice-room-monthly1#%EC%9E%85%EC%A3%BC-%EC%A0%84-%EC%B2%B4%ED%81%AC%EB%A6%AC%EC%8A%A4%ED%8A%B8",practice-room-monthly1,"음악 연습실",0,5,0.00,10.8
"https://studionol.co.kr/ko/stories/practice-room-monthly1#%EC%9E%85%EC%A3%BC-%EC%A0%84-%EC%B2%B4%ED%81%AC%EB%A6%AC%EC%8A%A4%ED%8A%B8",practice-room-monthly1,"음악 연습실 월세",0,5,0.00,7.0
"https://studionol.co.kr/ko/stories/practice-room-monthly1#%EC%9E%85%EC%A3%BC-%EC%A0%84-%EC%B2%B4%ED%81%AC%EB%A6%AC%EC%8A%A4%ED%8A%B8",practice-room-monthly1,"음악 작업실",0,2,0.00,7.5
"https://studionol.co.kr/ko/stories/practice-room-monthly1#%EC%9E%85%EC%A3%BC-%EC%A0%84-%EC%B2%B4%ED%81%AC%EB%A6%AC%EC%8A%A4%ED%8A%B8",practice-room-monthly1,"음악 작업실 대여",0,1,0.00,9.0
"https://studionol.co.kr/ko/stories/practice-room-monthly1#%EC%9E%85%EC%A3%BC-%EC%A0%84-%EC%B2%B4%ED%81%AC%EB%A6%AC%EC%8A%A4%ED%8A%B8",practice-room-monthly1,"음악 작업실 월세",0,1,0.00,10.0
"https://studionol.co.kr/ko/stories/practice-room-monthly1#%EC%9E%85%EC%A3%BC-%EC%A0%84-%EC%B2%B4%ED%81%AC%EB%A6%AC%EC%8A%A4%ED%8A%B8",practice-room-monthly1,"음악연습실",0,4,0.00,9.5
"https://studionol.co.kr/ko/stories/practice-room-monthly1#%EC%9E%85%EC%A3%BC-%EC%A0%84-%EC%B2%B4%ED%81%AC%EB%A6%AC%EC%8A%A4%ED%8A%B8",practice-room-monthly1,"음악연습실 월세",0,4,0.00,8.5
"https://studionol.co.kr/ko/stories/practice-room-monthly1#%EC%9E%85%EC%A3%BC-%EC%A0%84-%EC%B2%B4%ED%81%AC%EB%A6%AC%EC%8A%A4%ED%8A%B8",practice-room-monthly1,"음악작업실 대여",0,1,0.00,8.0
"https://studionol.co.kr/ko/stories/practice-room-monthly1#%EC%9E%85%EC%A3%BC-%EC%A0%84-%EC%B2%B4%ED%81%AC%EB%A6%AC%EC%8A%A4%ED%8A%B8",practice-room-monthly1,"음악작업실 월세",0,6,0.00,9.8
"https://studionol.co.kr/ko/stories/practice-room-monthly1#%EC%9E%85%EC%A3%BC-%EC%A0%84-%EC%B2%B4%ED%81%AC%EB%A6%AC%EC%8A%A4%ED%8A%B8",practice-room-monthly1,"음악작업실 임대",0,1,0.00,9.0
"https://studionol.co.kr/ko/stories/practice-room-monthly1#%EC%9E%85%EC%A3%BC-%EC%A0%84-%EC%B2%B4%ED%81%AC%EB%A6%AC%EC%8A%A4%ED%8A%B8",practice-room-monthly1,"작업실 월세",0,1,0.00,10.0
"https://studionol.co.kr/ko/stories/practice-room-motivation1",practice-room-motivation1,"site:studionol.co.kr",0,1,0.00,199.0
"https://studionol.co.kr/ko/stories/practice-room-music-college1",practice-room-music-college1,"site:studionol.co.kr",0,1,0.00,267.0
"https://studionol.co.kr/ko/stories/practice-room-music-college1",practice-room-music-college1,"베이스는?",0,1,0.00,2.0
"https://studionol.co.kr/ko/stories/practice-room-music-college1",practice-room-music-college1,"연습실 자동화 시스템",0,14,0.00,26.0
"https://studionol.co.kr/ko/stories/practice-room-music-portfolio1",practice-room-music-portfolio1,"음악 포트폴리오 예시",0,1,0.00,12.0
"https://studionol.co.kr/ko/stories/practice-room-musical-theater1",practice-room-musical-theater1,"site:studionol.co.kr",0,1,0.00,238.0
"https://studionol.co.kr/ko/stories/practice-room-musical-theater1",practice-room-musical-theater1,"뮤지컬 연습",0,3,0.00,9.7
"https://studionol.co.kr/ko/stories/practice-room-musical-theater1",practice-room-musical-theater1,"초등학생이야",0,1,0.00,1.0
"https://studionol.co.kr/ko/stories/practice-room-musical1",practice-room-musical1,"뮤지컬 연습실",0,4,0.00,10.8
"https://studionol.co.kr/ko/stories/practice-room-night1",practice-room-night1,"site:studionol.co.kr",0,1,0.00,164.0
"https://studionol.co.kr/ko/stories/practice-room-night1",practice-room-night1,"심야",0,1,0.00,1.0
"https://studionol.co.kr/ko/stories/practice-room-night1",practice-room-night1,"연습실 자동화 시스템",0,4,0.00,8.5
"https://studionol.co.kr/ko/stories/practice-room-nodeposit1",practice-room-nodeposit1,"개인연습실 월세",0,2,0.00,10.0
"https://studionol.co.kr/ko/stories/practice-room-nodeposit1",practice-room-nodeposit1,"방음 연습실 월세",0,3,0.00,13.3
"https://studionol.co.kr/ko/stories/practice-room-nodeposit1",practice-room-nodeposit1,"베이스 연습실",0,1,0.00,18.0
"https://studionol.co.kr/ko/stories/practice-room-nodeposit1",practice-room-nodeposit1,"연습실 월세",0,1,0.00,20.0
"https://studionol.co.kr/ko/stories/practice-room-nodeposit1",practice-room-nodeposit1,"음악 스튜디오 월세",0,2,0.00,3.5
"https://studionol.co.kr/ko/stories/practice-room-nodeposit1",practice-room-nodeposit1,"음악 연습실 월세",0,1,0.00,11.0
"https://studionol.co.kr/ko/stories/practice-room-nodeposit1",practice-room-nodeposit1,"음악연습실 월세",0,9,0.00,12.8
"https://studionol.co.kr/ko/stories/practice-room-oboe1",practice-room-oboe1,"더블리드",0,25,0.00,8.1
"https://studionol.co.kr/ko/stories/practice-room-oboe1",practice-room-oboe1,"목관악기 리드",0,3,0.00,12.7
"https://studionol.co.kr/ko/stories/practice-room-oboe1",practice-room-oboe1,"오보에 연주법",0,3,0.00,6.7
"https://studionol.co.kr/ko/stories/practice-room-oboe1",practice-room-oboe1,"오보에 주법",0,4,0.00,12.0
"https://studionol.co.kr/ko/stories/practice-room-office-worker1",practice-room-office-worker1,"site:studionol.co.kr",0,1,0.00,209.0
"https://studionol.co.kr/ko/stories/practice-room-office-worker1",practice-room-office-worker1,"연습실 무인 운영",0,1,0.00,16.0
"https://studionol.co.kr/ko/stories/practice-room-percussion1",practice-room-percussion1,"손으로 치는 타악기",0,4,0.00,10.0
"https://studionol.co.kr/ko/stories/practice-room-percussion1",practice-room-percussion1,"퍼커션",0,17,0.00,17.7
"https://studionol.co.kr/ko/stories/practice-room-percussion1",practice-room-percussion1,"퍼커션 드럼 차이",0,7,0.00,12.3
"https://studionol.co.kr/ko/stories/practice-room-percussion1",practice-room-percussion1,"퍼커션 악기",0,1,0.00,32.0
"https://studionol.co.kr/ko/stories/practice-room-physical1",practice-room-physical1,"site:studionol.co.kr",0,1,0.00,190.0
"https://studionol.co.kr/ko/stories/practice-room-piano-ballad1",practice-room-piano-ballad1,"발라드 악기",0,1,0.00,2.0
"https://studionol.co.kr/ko/stories/practice-room-piano-beginner-adult1",practice-room-piano-beginner-adult1,"성인피아노",0,1,0.00,20.0
"https://studionol.co.kr/ko/stories/practice-room-piano-beginner-adult1",practice-room-piano-beginner-adult1,"피아노 성인",0,1,0.00,12.0
"https://studionol.co.kr/ko/stories/practice-room-piano-beginner-adult1",practice-room-piano-beginner-adult1,"피아노 입문",0,6,0.00,9.0
"https://studionol.co.kr/ko/stories/practice-room-piano-beginner1",practice-room-piano-beginner1,"imslp 사용법",0,1,0.00,24.0
"https://studionol.co.kr/ko/stories/practice-room-piano-beginner1",practice-room-piano-beginner1,"아파트에서 피아노 치기",0,1,0.00,17.0
"https://studionol.co.kr/ko/stories/practice-room-piano-beginner1",practice-room-piano-beginner1,"피아노 연습실",0,8,0.00,8.6
"https://studionol.co.kr/ko/stories/practice-room-piano-boogie-woogie1",practice-room-piano-boogie-woogie1,"site:studionol.co.kr",0,1,0.00,272.0
"https://studionol.co.kr/ko/stories/practice-room-piano-boogie-woogie1",practice-room-piano-boogie-woogie1,"피아노",0,1,0.00,1.0
"https://studionol.co.kr/ko/stories/practice-room-piano-chord-substitution1",practice-room-piano-chord-substitution1,"cmaj7 코드 피아노",0,2,0.00,8.5
"https://studionol.co.kr/ko/stories/practice-room-piano-chord-substitution1",practice-room-piano-chord-substitution1,"서브로 나이",0,1,0.00,20.0
"https://studionol.co.kr/ko/stories/practice-room-piano-chord-voicing1",practice-room-piano-chord-voicing1,"site:studionol.co.kr",0,1,0.00,275.0
"https://studionol.co.kr/ko/stories/practice-room-piano-chord-voicing1",practice-room-piano-chord-voicing1,"기타 보이싱",0,1,0.00,1.0
"https://studionol.co.kr/ko/stories/practice-room-piano-chord-voicing1",practice-room-piano-chord-voicing1,"코드 보이싱",0,12,0.00,9.5
"https://studionol.co.kr/ko/stories/practice-room-piano-chord-voicing1",practice-room-piano-chord-voicing1,"코드보이싱",0,6,0.00,6.8
"https://studionol.co.kr/ko/stories/practice-room-piano-chord-voicing1",practice-room-piano-chord-voicing1,"피아노 보이싱",0,6,0.00,6.2
"https://studionol.co.kr/ko/stories/practice-room-piano-chord-voicings-advanced1",practice-room-piano-chord-voicings-advanced1,"재즈 피아노",0,1,0.00,4.0
"https://studionol.co.kr/ko/stories/practice-room-piano-chord-voicings-advanced1",practice-room-piano-chord-voicings-advanced1,"코드 보이싱",0,2,0.00,35.5
"https://studionol.co.kr/ko/stories/practice-room-piano-chord-voicings-advanced1",practice-room-piano-chord-voicings-advanced1,"코드보이싱",0,1,0.00,1.0
"https://studionol.co.kr/ko/stories/practice-room-piano-chord-voicings-advanced1",practice-room-piano-chord-voicings-advanced1,"피아노 보이싱",0,2,0.00,10.5
"https://studionol.co.kr/ko/stories/practice-room-piano-chromatic1",practice-room-piano-chromatic1,"반음계",0,2,0.00,1.0
"https://studionol.co.kr/ko/stories/practice-room-piano-church1",practice-room-piano-church1,"간주 반주 차이",0,2,0.00,13.0
"https://studionol.co.kr/ko/stories/practice-room-piano-church1",practice-room-piano-church1,"교회 반주",0,11,0.00,6.3
"https://studionol.co.kr/ko/stories/practice-room-piano-church1",practice-room-piano-church1,"교회반주",0,6,0.00,6.7
"https://studionol.co.kr/ko/stories/practice-room-piano-church1",practice-room-piano-church1,"반주 간주 차이",0,1,0.00,11.0
"https://studionol.co.kr/ko/stories/practice-room-piano-church1",practice-room-piano-church1,"찬양 반주",0,5,0.00,7.4
"https://studionol.co.kr/ko/stories/practice-room-piano-classical1",practice-room-piano-classical1,"site:studionol.co.kr",0,1,0.00,207.0
"https://studionol.co.kr/ko/stories/practice-room-piano-classical1",practice-room-piano-classical1,"피아노 단계",0,1,0.00,16.0
"https://studionol.co.kr/ko/stories/practice-room-piano-classical1",practice-room-piano-classical1,"피아노 배우는 순서",0,1,0.00,10.0
"https://studionol.co.kr/ko/stories/practice-room-piano-classical1",practice-room-piano-classical1,"피아노 순서",0,7,0.00,10.4
"https://studionol.co.kr/ko/stories/practice-room-piano-classical1",practice-room-piano-classical1,"피아노 연습 순서",0,20,0.00,9.7
"https://studionol.co.kr/ko/stories/practice-room-piano-classical1",practice-room-piano-classical1,"피아노 책 순서",0,1,0.00,9.0
"https://studionol.co.kr/ko/stories/practice-room-piano-comp-jazz1",practice-room-piano-comp-jazz1,"red garland comping",0,1,0.00,3.0
"https://studionol.co.kr/ko/stories/practice-room-piano-comp-jazz1",practice-room-piano-comp-jazz1,"재즈 컴핑",0,1,0.00,8.0
"https://studionol.co.kr/ko/stories/practice-room-piano-comp-jazz1",practice-room-piano-comp-jazz1,"컴핑",0,65,0.00,10.2
"https://studionol.co.kr/ko/stories/practice-room-piano-comp-jazz1",practice-room-piano-comp-jazz1,"컴핑 뜻",0,1,0.00,20.0
"https://studionol.co.kr/ko/stories/practice-room-piano-comp-jazz1",practice-room-piano-comp-jazz1,"코드 컴핑",0,8,0.00,9.5
"https://studionol.co.kr/ko/stories/practice-room-piano-comp-jazz1",practice-room-piano-comp-jazz1,"피아노 컴핑",0,15,0.00,7.6
"https://studionol.co.kr/ko/stories/practice-room-piano-comping1",practice-room-piano-comping1,"컴핑",0,29,0.00,9.7
"https://studionol.co.kr/ko/stories/practice-room-piano-comping1",practice-room-piano-comping1,"코드 컴핑",0,1,0.00,15.0
"https://studionol.co.kr/ko/stories/practice-room-piano-comping1",practice-room-piano-comping1,"피아노 리듬",0,6,0.00,5.7
"https://studionol.co.kr/ko/stories/practice-room-piano-comping1",practice-room-piano-comping1,"피아노 컴핑",0,10,0.00,5.9
"https://studionol.co.kr/ko/stories/practice-room-piano-contemporary1",practice-room-piano-contemporary1,"""역전위"" 상담",0,5,0.00,8.8
"https://studionol.co.kr/ko/stories/practice-room-piano-etude1",practice-room-piano-etude1,"에튀드 뜻",0,15,0.00,9.8
"https://studionol.co.kr/ko/stories/practice-room-piano-etude1",practice-room-piano-etude1,"피아노 에튀드",0,3,0.00,7.0
"https://studionol.co.kr/ko/stories/practice-room-piano-funk1",practice-room-piano-funk1,"site:studionol.co.kr",0,1,0.00,208.0
"https://studionol.co.kr/ko/stories/practice-room-piano-funk1",practice-room-piano-funk1,"클라비넷",0,3,0.00,20.7
"https://studionol.co.kr/ko/stories/practice-room-piano-funk1",practice-room-piano-funk1,"펑크 피아노",0,5,0.00,8.6
"https://studionol.co.kr/ko/stories/practice-room-piano-improv-blues1",practice-room-piano-improv-blues1,"블루스 스케일 피아노",0,6,0.00,7.3
"https://studionol.co.kr/ko/stories/practice-room-piano-improv1",practice-room-piano-improv1,"펜타토닉 스케일 피아노",0,2,0.00,10.0
"https://studionol.co.kr/ko/stories/practice-room-piano-inner-voice1",practice-room-piano-inner-voice1,"음악 성부",0,2,0.00,9.0
"https://studionol.co.kr/ko/stories/practice-room-piano-interval1",practice-room-piano-interval1,"피아노 음정",0,31,0.00,8.6
"https://studionol.co.kr/ko/stories/practice-room-piano-intro-outro1",practice-room-piano-intro-outro1,"site:studionol.co.kr",0,2,0.00,290.0
"https://studionol.co.kr/ko/stories/practice-room-piano-jazz-chord1",practice-room-piano-jazz-chord1,"재즈 보이싱",0,1,0.00,39.0
"https://studionol.co.kr/ko/stories/practice-room-piano-jazz-chord1",practice-room-piano-jazz-chord1,"재즈 피아노 코드",0,1,0.00,17.0
"https://studionol.co.kr/ko/stories/practice-room-piano-jazz-standard-analysis1",practice-room-piano-jazz-standard-analysis1,"피아노 재즈",0,1,0.00,15.0
"https://studionol.co.kr/ko/stories/practice-room-piano-jazz-standard-analysis1",practice-room-piano-jazz-standard-analysis1,"피아노 코드 분석",0,1,0.00,16.0
"https://studionol.co.kr/ko/stories/practice-room-piano-jazz-voicings1",practice-room-piano-jazz-voicings1,"cmaj7 코드 피아노",0,1,0.00,17.0
"https://studionol.co.kr/ko/stories/practice-room-piano-jazz-voicings1",practice-room-piano-jazz-voicings1,"site:studionol.co.kr",0,2,0.00,292.0
"https://studionol.co.kr/ko/stories/practice-room-piano-jazz-voicings1",practice-room-piano-jazz-voicings1,"기타 보이싱",0,2,0.00,1.0
"https://studionol.co.kr/ko/stories/practice-room-piano-jazz-voicings1",practice-room-piano-jazz-voicings1,"보이싱",0,24,0.00,5.2
"https://studionol.co.kr/ko/stories/practice-room-piano-jazz-voicings1",practice-room-piano-jazz-voicings1,"보이싱 뜻",0,1,0.00,1.0
"https://studionol.co.kr/ko/stories/practice-room-piano-jazz-voicings1",practice-room-piano-jazz-voicings1,"오픈보이싱",0,1,0.00,24.0
"https://studionol.co.kr/ko/stories/practice-room-piano-jazz-voicings1",practice-room-piano-jazz-voicings1,"코드 보이싱",0,72,0.00,8.8
"https://studionol.co.kr/ko/stories/practice-room-piano-jazz-voicings1",practice-room-piano-jazz-voicings1,"코드 보이싱 뜻",0,3,0.00,11.0
"https://studionol.co.kr/ko/stories/practice-room-piano-jazz-voicings1",practice-room-piano-jazz-voicings1,"코드보이싱",0,22,0.00,9.2
"https://studionol.co.kr/ko/stories/practice-room-piano-jazz-voicings1",practice-room-piano-jazz-voicings1,"피아노",0,1,0.00,1.0
"https://studionol.co.kr/ko/stories/practice-room-piano-key-signature1",practice-room-piano-key-signature1,"피아노 조표",0,41,0.00,6.5
"https://studionol.co.kr/ko/stories/practice-room-piano-latin-rhythms1",practice-room-piano-latin-rhythms1,"몬투노",0,3,0.00,8.0
"https://studionol.co.kr/ko/stories/practice-room-piano-latin-rhythms1",practice-room-piano-latin-rhythms1,"몬투노 리듬",0,3,0.00,9.0
"https://studionol.co.kr/ko/stories/practice-room-piano-lead-sheet-improvisation1",practice-room-piano-lead-sheet-improvisation1,"lead sheet 뜻",0,18,0.00,5.2
"https://studionol.co.kr/ko/stories/practice-room-piano-lead-sheet-improvisation1",practice-room-piano-lead-sheet-improvisation1,"리드 시트",0,10,0.00,7.1
"https://studionol.co.kr/ko/stories/practice-room-piano-lead-sheet-improvisation1",practice-room-piano-lead-sheet-improvisation1,"리드시트",0,51,0.00,7.9
"https://studionol.co.kr/ko/stories/practice-room-piano-lead-sheet-improvisation1",practice-room-piano-lead-sheet-improvisation1,"리드시트 악보",0,9,0.00,7.9
"https://studionol.co.kr/ko/stories/practice-room-piano-lead-sheet-improvisation1",practice-room-piano-lead-sheet-improvisation1,"리드싯",0,1,0.00,9.0
"https://studionol.co.kr/ko/stories/practice-room-piano-lead-sheet-improvisation1",practice-room-piano-lead-sheet-improvisation1,"리드싯 뜻",0,44,0.00,7.0
"https://studionol.co.kr/ko/stories/practice-room-piano-lead-sheet-improvisation1",practice-room-piano-lead-sheet-improvisation1,"음악 코드 뜻",0,1,0.00,9.0
"https://studionol.co.kr/ko/stories/practice-room-piano-leadsheet1",practice-room-piano-leadsheet1,"site:studionol.co.kr",0,1,0.00,217.0
"https://studionol.co.kr/ko/stories/practice-room-piano-leadsheet1",practice-room-piano-leadsheet1,"리드시트",0,153,0.00,8.0
"https://studionol.co.kr/ko/stories/practice-room-piano-leaps1",practice-room-piano-leaps1,"피아노 도약",0,14,0.00,6.5
"https://studionol.co.kr/ko/stories/practice-room-piano-left-hand1",practice-room-piano-left-hand1,"알베르티 베이스",0,25,0.00,7.5
"https://studionol.co.kr/ko/stories/practice-room-piano-modal1",practice-room-piano-modal1,"모달 재즈",0,1,0.00,19.0
"https://studionol.co.kr/ko/stories/practice-room-piano-modal1",practice-room-piano-modal1,"모달재즈",0,1,0.00,22.0
"https://studionol.co.kr/ko/stories/practice-room-piano-parallel1",practice-room-piano-parallel1,"site:studionol.co.kr",0,1,0.00,247.0
"https://studionol.co.kr/ko/stories/practice-room-piano-parallel1",practice-room-piano-parallel1,"피아노 음계",0,9,0.00,10.3
"https://studionol.co.kr/ko/stories/practice-room-piano-polyphony1",practice-room-piano-polyphony1,"site:studionol.co.kr",0,1,0.00,220.0
"https://studionol.co.kr/ko/stories/practice-room-piano-polyphony1",practice-room-piano-polyphony1,"다성부",0,2,0.00,4.0
"https://studionol.co.kr/ko/stories/practice-room-piano-pop1",practice-room-piano-pop1,"site:studionol.co.kr",0,2,0.00,230.0
"https://studionol.co.kr/ko/stories/practice-room-piano-pop1",practice-room-piano-pop1,"연습",0,1,0.00,1.0
"https://studionol.co.kr/ko/stories/practice-room-piano-reharmonization1",practice-room-piano-reharmonization1,"하모 나이",0,2,0.00,10.0
"https://studionol.co.kr/ko/stories/practice-room-piano-rhythm-patterns1",practice-room-piano-rhythm-patterns1,"리듬 패턴",0,4,0.00,7.5
"https://studionol.co.kr/ko/stories/practice-room-piano-rhythm-patterns1",practice-room-piano-rhythm-patterns1,"피아노 리듬",0,3,0.00,7.0
"https://studionol.co.kr/ko/stories/practice-room-piano-rhythm-patterns1",practice-room-piano-rhythm-patterns1,"피아노 반주 패턴",0,4,0.00,9.0
"https://studionol.co.kr/ko/stories/practice-room-piano-rhythm-patterns1",practice-room-piano-rhythm-patterns1,"피아노 왼손",0,2,0.00,5.0
"https://studionol.co.kr/ko/stories/practice-room-piano-rhythm-patterns1",practice-room-piano-rhythm-patterns1,"피아노 왼손 반주법",0,3,0.00,8.0
"https://studionol.co.kr/ko/stories/practice-room-piano-rhythm-patterns1",practice-room-piano-rhythm-patterns1,"피아노 코드 반주 패턴",0,4,0.00,7.8
"https://studionol.co.kr/ko/stories/practice-room-piano-rubato1",practice-room-piano-rubato1,"루바토",0,1,0.00,4.0
"https://studionol.co.kr/ko/stories/practice-room-piano-scales-modes1",practice-room-piano-scales-modes1,"모드 스케일 정리",0,2,0.00,10.0
"https://studionol.co.kr/ko/stories/practice-room-piano-scales-modes1",practice-room-piano-scales-modes1,"모드스케일 정리",0,4,0.00,10.0
"https://studionol.co.kr/ko/stories/practice-room-piano-sight-adv1",practice-room-piano-sight-adv1,"초견 악보",0,5,0.00,8.6
"https://studionol.co.kr/ko/stories/practice-room-piano-sight-adv1",practice-room-piano-sight-adv1,"피아노 초견",0,32,0.00,8.0
"https://studionol.co.kr/ko/stories/practice-room-piano-sight-adv1",practice-room-piano-sight-adv1,"피아노 초견 악보",0,15,0.00,5.7
"https://studionol.co.kr/ko/stories/practice-room-piano-sight-play1",practice-room-piano-sight-play1,"반주 만들기",0,2,0.00,3.0
"https://studionol.co.kr/ko/stories/practice-room-piano-sight-play1",practice-room-piano-sight-play1,"반주 코드",0,4,0.00,5.5
"https://studionol.co.kr/ko/stories/practice-room-piano-sight-play1",practice-room-piano-sight-play1,"음악 코드 정리",0,1,0.00,16.0
"https://studionol.co.kr/ko/stories/practice-room-piano-sight-play1",practice-room-piano-sight-play1,"코드 반주",0,5,0.00,7.8
"https://studionol.co.kr/ko/stories/practice-room-piano-sight-play1",practice-room-piano-sight-play1,"코드반주",0,1,0.00,3.0
"https://studionol.co.kr/ko/stories/practice-room-piano-sight-play1",practice-room-piano-sight-play1,"피아노 반주 코드",0,7,0.00,8.6
"https://studionol.co.kr/ko/stories/practice-room-piano-sight-play1",practice-room-piano-sight-play1,"피아노 반주 코드표",0,7,0.00,7.1
"https://studionol.co.kr/ko/stories/practice-room-piano-sight-play1",practice-room-piano-sight-play1,"피아노 반주 패턴",0,7,0.00,7.1
"https://studionol.co.kr/ko/stories/practice-room-piano-sight-play1",practice-room-piano-sight-play1,"피아노 코드 연습",0,5,0.00,11.4
"https://studionol.co.kr/ko/stories/practice-room-piano-sight-play1",practice-room-piano-sight-play1,"피아노 코드 연습 악보",0,2,0.00,11.5
"https://studionol.co.kr/ko/stories/practice-room-piano-sight-play1",practice-room-piano-sight-play1,"피아노 코드 정리",0,28,0.00,9.1
"https://studionol.co.kr/ko/stories/practice-room-piano-sight-reading1",practice-room-piano-sight-reading1,"초견 악보",0,1,0.00,8.0
"https://studionol.co.kr/ko/stories/practice-room-piano-sight-reading1",practice-room-piano-sight-reading1,"초견 연습",0,6,0.00,7.5
"https://studionol.co.kr/ko/stories/practice-room-piano-sight-reading1",practice-room-piano-sight-reading1,"피아노 초견",0,4,0.00,6.0
"https://studionol.co.kr/ko/stories/practice-room-piano-sight-reading1",practice-room-piano-sight-reading1,"피아노 초견 악보",0,1,0.00,6.0
"https://studionol.co.kr/ko/stories/practice-room-piano-stride-advanced1",practice-room-piano-stride-advanced1,"스트라이드 피아노",0,2,0.00,8.5
"https://studionol.co.kr/ko/stories/practice-room-piano-stride-beginner1",practice-room-piano-stride-beginner1,"은평구 할렘",0,3,0.00,33.0
"https://studionol.co.kr/ko/stories/practice-room-piano-stride1",practice-room-piano-stride1,"스트라이드 피아노",0,29,0.00,5.8
"https://studionol.co.kr/ko/stories/practice-room-piano-technique-adv1",practice-room-piano-technique-adv1,"피아노 테크닉",0,3,0.00,4.0
"https://studionol.co.kr/ko/stories/practice-room-piano-technique1",practice-room-piano-technique1,"손가락 독립",0,12,0.00,5.5
"https://studionol.co.kr/ko/stories/practice-room-piano-technique1",practice-room-piano-technique1,"손가락 분리 연습",0,6,0.00,10.0
"https://studionol.co.kr/ko/stories/practice-room-piano-technique1",practice-room-piano-technique1,"손가락 피아노",0,4,0.00,4.0
"https://studionol.co.kr/ko/stories/practice-room-piano-technique1",practice-room-piano-technique1,"피아노 기술",0,10,0.00,6.5
"https://studionol.co.kr/ko/stories/practice-room-piano-technique31",practice-room-piano-technique31,"1옥타브 위치",0,1,0.00,11.0
"https://studionol.co.kr/ko/stories/practice-room-piano-technique31",practice-room-piano-technique31,"옥타브 체크",0,5,0.00,16.0
"https://studionol.co.kr/ko/stories/practice-room-piano-technique31",practice-room-piano-technique31,"옥타브체크",0,1,0.00,11.0
"https://studionol.co.kr/ko/stories/practice-room-piano-technique31",practice-room-piano-technique31,"피아노 도약",0,40,0.00,5.2
"https://studionol.co.kr/ko/stories/practice-room-piano-technique31",practice-room-piano-technique31,"피아노 옥타브 위치",0,56,0.00,9.9
"https://studionol.co.kr/ko/stories/practice-room-piano-technique31",practice-room-piano-technique31,"피아노 옥타브 표시",0,5,0.00,11.2
"https://studionol.co.kr/ko/stories/practice-room-piano-technique31",practice-room-piano-technique31,"피아노 음역",0,9,0.00,11.0
"https://studionol.co.kr/ko/stories/practice-room-piano-technique31",practice-room-piano-technique31,"피아노 음정",0,5,0.00,8.4
"https://studionol.co.kr/ko/stories/practice-room-piano-technique31",practice-room-piano-technique31,"피아노 테크닉 종류",0,1,0.00,19.0
"https://studionol.co.kr/ko/stories/practice-room-piano-touch1",practice-room-piano-touch1,"articulation",0,1,0.00,2.0
"https://studionol.co.kr/ko/stories/practice-room-piano-touch1",practice-room-piano-touch1,"site:studionol.co.kr",0,1,0.00,245.0
"https://studionol.co.kr/ko/stories/practice-room-piano-touch1",practice-room-piano-touch1,"스타카토 종류",0,20,0.00,9.8
"https://studionol.co.kr/ko/stories/practice-room-piano-touch1",practice-room-piano-touch1,"아티큘레이션 종류",0,15,0.00,9.3
"https://studionol.co.kr/ko/stories/practice-room-piano-touch1",practice-room-piano-touch1,"테누토 스타카토",0,4,0.00,10.3
"https://studionol.co.kr/ko/stories/practice-room-piano-touch1",practice-room-piano-touch1,"피아노 아티큘레이션",0,1,0.00,10.0
"https://studionol.co.kr/ko/stories/practice-room-piano-tremolo1",practice-room-piano-tremolo1,"베토벤 3번",0,1,0.00,2.0
"https://studionol.co.kr/ko/stories/practice-room-piano-tremolo1",practice-room-piano-tremolo1,"트레몰로",0,10,0.00,5.5
"https://studionol.co.kr/ko/stories/practice-room-piano-tremolo1",practice-room-piano-tremolo1,"트레몰로 기호",0,1,0.00,16.0
"https://studionol.co.kr/ko/stories/practice-room-piano-tremolo1",practice-room-piano-tremolo1,"트레몰로 뜻",0,1,0.00,16.0
"https://studionol.co.kr/ko/stories/practice-room-piano-trills1",practice-room-piano-trills1,"트릴 연습",0,1,0.00,9.0
"https://studionol.co.kr/ko/stories/practice-room-piano-trills1",practice-room-piano-trills1,"피아노 트릴",0,2,0.00,5.5
"https://studionol.co.kr/ko/stories/practice-room-piano-two-hand-independence1",practice-room-piano-two-hand-independence1,"알아봐줘",0,1,0.00,1.0
"https://studionol.co.kr/ko/stories/practice-room-piano-voicing1",practice-room-piano-voicing1,"오픈 보이싱",0,3,0.00,10.3
"https://studionol.co.kr/ko/stories/practice-room-piano-voicing1",practice-room-piano-voicing1,"오픈보이싱",0,2,0.00,9.5
"https://studionol.co.kr/ko/stories/practice-room-piano-voicing1",practice-room-piano-voicing1,"코드 보이싱",0,15,0.00,8.3
"https://studionol.co.kr/ko/stories/practice-room-piano-voicing1",practice-room-piano-voicing1,"코드보이싱",0,3,0.00,14.3
"https://studionol.co.kr/ko/stories/practice-room-piano-wedding1",practice-room-piano-wedding1,"site:studionol.co.kr",0,2,0.00,232.0
"https://studionol.co.kr/ko/stories/practice-room-piano-wedding1",practice-room-piano-wedding1,"결혼식 피아노",0,29,0.00,8.6
"https://studionol.co.kr/ko/stories/practice-room-piano-worship1",practice-room-piano-worship1,"gadd9 코드 피아노",0,1,0.00,18.0
"https://studionol.co.kr/ko/stories/practice-room-piano-worship1",practice-room-piano-worship1,"site:studionol.co.kr",0,1,0.00,225.0
"https://studionol.co.kr/ko/stories/practice-room-piano-worship1",practice-room-piano-worship1,"피아노 ccm",0,1,0.00,10.0
"https://studionol.co.kr/ko/stories/practice-room-piano-worship1",practice-room-piano-worship1,"피아노 코드 반주 패턴",0,1,0.00,10.0
"https://studionol.co.kr/ko/stories/practice-room-piano1",practice-room-piano1,"동명여고 수준",0,1,0.00,22.0
"https://studionol.co.kr/ko/stories/practice-room-piano1",practice-room-piano1,"무료 피아노 연습실",0,1,0.00,35.0
"https://studionol.co.kr/ko/stories/practice-room-piano1",practice-room-piano1,"피아노 연습실",0,6,0.00,8.3
"https://studionol.co.kr/ko/stories/practice-room-piano1",practice-room-piano1,"피아노연습실",0,1,0.00,6.0
"https://studionol.co.kr/ko/stories/practice-room-price1",practice-room-price1,"3명이야",0,1,0.00,3.0
"https://studionol.co.kr/ko/stories/practice-room-price1",practice-room-price1,"4개월",0,1,0.00,1.0
"https://studionol.co.kr/ko/stories/practice-room-price1",practice-room-price1,"5명",0,1,0.00,6.0
"https://studionol.co.kr/ko/stories/practice-room-price1",practice-room-price1,"cuanto cuestan?",0,1,0.00,1.0
"https://studionol.co.kr/ko/stories/practice-room-price1",practice-room-price1,"site:studionol.co.kr",0,2,0.00,179.5
"https://studionol.co.kr/ko/stories/practice-room-price1",practice-room-price1,"smc 연습실",0,1,0.00,8.0
"https://studionol.co.kr/ko/stories/practice-room-price1",practice-room-price1,"smc 연습실 가격",0,1,0.00,6.0
"https://studionol.co.kr/ko/stories/practice-room-price1",practice-room-price1,"개포동 보컬 연습실 대여",0,2,0.00,8.0
"https://studionol.co.kr/ko/stories/practice-room-price1",practice-room-price1,"가격",0,1,0.00,1.0
"https://studionol.co.kr/ko/stories/practice-room-price1",practice-room-price1,"개인 스튜디오",0,1,0.00,21.0
"https://studionol.co.kr/ko/stories/practice-room-price1",practice-room-price1,"개인 작업실 월세",0,1,0.00,60.0
"https://studionol.co.kr/ko/stories/practice-room-price1",practice-room-price1,"개인연습실",0,1,0.00,8.0
"https://studionol.co.kr/ko/stories/practice-room-price1",practice-room-price1,"개인연습실 대여",0,2,0.00,22.0
"https://studionol.co.kr/ko/stories/practice-room-price1",practice-room-price1,"개인연습실 월세",0,2,0.00,15.0
"https://studionol.co.kr/ko/stories/practice-room-price1",practice-room-price1,"공연장 대여",0,1,0.00,3.0
"https://studionol.co.kr/ko/stories/practice-room-price1",practice-room-price1,"기타 연습실 대여",0,4,0.00,15.5
"https://studionol.co.kr/ko/stories/practice-room-price1",practice-room-price1,"기타연습실",0,1,0.00,9.0
"https://studionol.co.kr/ko/stories/practice-room-price1",practice-room-price1,"노래 연습 장소",0,1,0.00,1.0
"https://studionol.co.kr/ko/stories/practice-room-price1",practice-room-price1,"녹음실 대여 비용",0,1,0.00,36.0
"https://studionol.co.kr/ko/stories/practice-room-price1",practice-room-price1,"댄스 연습실 대여 가격",0,6,0.00,11.8
"https://studionol.co.kr/ko/stories/practice-room-price1",practice-room-price1,"댄스연습실",0,1,0.00,7.0
"https://studionol.co.kr/ko/stories/practice-room-price1",practice-room-price1,"드럼 연습실",0,3,0.00,3.7
"https://studionol.co.kr/ko/stories/practice-room-price1",practice-room-price1,"드럼 연습실 가격",0,7,0.00,7.6
"https://studionol.co.kr/ko/stories/practice-room-price1",practice-room-price1,"드럼 학원 비용",0,1,0.00,6.0
"https://studionol.co.kr/ko/stories/practice-room-price1",practice-room-price1,"드럼연습실 대여 가격",0,17,0.00,8.6
"https://studionol.co.kr/ko/stories/practice-room-price1",practice-room-price1,"드럼학원 비용",0,1,0.00,6.0
"https://studionol.co.kr/ko/stories/practice-room-price1",practice-room-price1,"무료 댄스연습실",0,1,0.00,7.0
"https://studionol.co.kr/ko/stories/practice-room-price1",practice-room-price1,"무료 피아노 연습실",0,1,0.00,11.0
"https://studionol.co.kr/ko/stories/practice-room-price1",practice-room-price1,"바이올린 연습실",0,1,0.00,1.0
"https://studionol.co.kr/ko/stories/practice-room-price1",practice-room-price1,"방음 스튜디오 월세",0,1,0.00,9.0
"https://studionol.co.kr/ko/stories/practice-room-price1",practice-room-price1,"방음실 대여",0,1,0.00,38.0
"https://studionol.co.kr/ko/stories/practice-room-price1",practice-room-price1,"밴드 연습실 대여",0,1,0.00,1.0
"https://studionol.co.kr/ko/stories/practice-room-price1",practice-room-price1,"밴드 합주실 대여 비용",0,7,0.00,11.0
"https://studionol.co.kr/ko/stories/practice-room-price1",practice-room-price1,"보컬 연습실 대여",0,1,0.00,9.0
"https://studionol.co.kr/ko/stories/practice-room-price1",practice-room-price1,"보컬 연습실 대여 가격",0,3,0.00,8.0
"https://studionol.co.kr/ko/stories/practice-room-price1",practice-room-price1,"비용은?",0,1,0.00,2.0
"https://studionol.co.kr/ko/stories/practice-room-price1",practice-room-price1,"비용을 알려줘",0,1,0.00,3.0
"https://studionol.co.kr/ko/stories/practice-room-price1",practice-room-price1,"서울 음악작업실 월세",0,1,0.00,25.0
"https://studionol.co.kr/ko/stories/practice-room-price1",practice-room-price1,"스튜디오 월세",0,2,0.00,8.5
"https://studionol.co.kr/ko/stories/practice-room-price1",practice-room-price1,"시간제",0,1,0.00,1.0
"https://studionol.co.kr/ko/stories/practice-room-price1",practice-room-price1,"아이돌 연습실",0,3,0.00,3.0
"https://studionol.co.kr/ko/stories/practice-room-price1",practice-room-price1,"악기 연습실 대여",0,8,0.00,13.3
"https://studionol.co.kr/ko/stories/practice-room-price1",practice-room-price1,"연습실 대여료",0,28,0.00,5.6
"https://studionol.co.kr/ko/stories/practice-room-price1",practice-room-price1,"연습실 월대여",0,1,0.00,25.0
"https://studionol.co.kr/ko/stories/practice-room-price1",practice-room-price1,"연습실 월세",0,2,0.00,12.0
"https://studionol.co.kr/ko/stories/practice-room-price1",practice-room-price1,"연습실 한달 대여",0,19,0.00,7.4
"https://studionol.co.kr/ko/stories/practice-room-price1",practice-room-price1,"요금",0,1,0.00,2.0
"https://studionol.co.kr/ko/stories/practice-room-price1",practice-room-price1,"음악 스튜디오",0,1,0.00,10.0
"https://studionol.co.kr/ko/stories/practice-room-price1",practice-room-price1,"음악 연습실",0,2,0.00,8.0
"https://studionol.co.kr/ko/stories/practice-room-price1",practice-room-price1,"음악 연습실 대여",0,11,0.00,9.9
"https://studionol.co.kr/ko/stories/practice-room-price1",practice-room-price1,"음악 작업실",0,4,0.00,27.0
"https://studionol.co.kr/ko/stories/practice-room-price1",practice-room-price1,"음악 작업실 구하는 사이트",0,1,0.00,58.0
"https://studionol.co.kr/ko/stories/practice-room-price1",practice-room-price1,"음악 작업실 대여",0,5,0.00,8.8
"https://studionol.co.kr/ko/stories/practice-room-price1",practice-room-price1,"음악 작업실 월세",0,7,0.00,21.1
"https://studionol.co.kr/ko/stories/practice-room-price1",practice-room-price1,"음악 작업실 임대",0,1,0.00,36.0
"https://studionol.co.kr/ko/stories/practice-room-price1",practice-room-price1,"음악연습실 대여",0,15,0.00,9.9
"https://studionol.co.kr/ko/stories/practice-room-price1",practice-room-price1,"음악연습실 월세",0,3,0.00,18.3
"https://studionol.co.kr/ko/stories/practice-room-price1",practice-room-price1,"음악작업실",0,1,0.00,35.0
"https://studionol.co.kr/ko/stories/practice-room-price1",practice-room-price1,"작업실 가격",0,8,0.00,8.0
"https://studionol.co.kr/ko/stories/practice-room-price1",practice-room-price1,"작업실 대여",0,1,0.00,1.0
"https://studionol.co.kr/ko/stories/practice-room-price1",practice-room-price1,"작업실 월세",0,1,0.00,32.0
"https://studionol.co.kr/ko/stories/practice-room-price1",practice-room-price1,"춤 연습실 대여",0,2,0.00,3.0
"https://studionol.co.kr/ko/stories/practice-room-price1",practice-room-price1,"춤연습실 대여",0,10,0.00,1.4
"https://studionol.co.kr/ko/stories/practice-room-price1",practice-room-price1,"피아노 연습실 가격",0,3,0.00,10.3
"https://studionol.co.kr/ko/stories/practice-room-price1",practice-room-price1,"피아노 연습실 대여 가격",0,2,0.00,12.0
"https://studionol.co.kr/ko/stories/practice-room-price1",practice-room-price1,"합주실",0,1,0.00,13.0
"https://studionol.co.kr/ko/stories/practice-room-price1",practice-room-price1,"합주실 대여",0,1,0.00,11.0
"https://studionol.co.kr/ko/stories/practice-room-price1",practice-room-price1,"합주실 대여 비용",0,30,0.00,9.2
"https://studionol.co.kr/ko/stories/practice-room-price1#%EC%8B%9C%EA%B0%84-%EB%8C%80%EC%97%AC-%EA%B0%80%EA%B2%A9-%EC%A7%80%EC%97%AD%EC%9C%A0%ED%98%95%EB%B3%84-%EB%B9%84%EA%B5%90",practice-room-price1,"드럼연습실 대여 가격",0,8,0.00,8.8
"https://studionol.co.kr/ko/stories/practice-room-price1#%EC%8B%9C%EA%B0%84-%EB%8C%80%EC%97%AC-%EA%B0%80%EA%B2%A9-%EC%A7%80%EC%97%AD%EC%9C%A0%ED%98%95%EB%B3%84-%EB%B9%84%EA%B5%90",practice-room-price1,"밴드 합주실 대여 비용",0,3,0.00,9.3
"https://studionol.co.kr/ko/stories/practice-room-price1#%EC%8B%9C%EA%B0%84-%EB%8C%80%EC%97%AC-%EA%B0%80%EA%B2%A9-%EC%A7%80%EC%97%AD%EC%9C%A0%ED%98%95%EB%B3%84-%EB%B9%84%EA%B5%90",practice-room-price1,"보컬연습실 대여 가격",0,18,0.00,4.7
"https://studionol.co.kr/ko/stories/practice-room-price1#%EC%8B%9C%EA%B0%84-%EB%8C%80%EC%97%AC-%EA%B0%80%EA%B2%A9-%EC%A7%80%EC%97%AD%EC%9C%A0%ED%98%95%EB%B3%84-%EB%B9%84%EA%B5%90",practice-room-price1,"연습실 대여 가격",0,38,0.00,5.9
"https://studionol.co.kr/ko/stories/practice-room-price1#%EC%8B%9C%EA%B0%84-%EB%8C%80%EC%97%AC-%EA%B0%80%EA%B2%A9-%EC%A7%80%EC%97%AD%EC%9C%A0%ED%98%95%EB%B3%84-%EB%B9%84%EA%B5%90",practice-room-price1,"연습실 한달 대여",0,6,0.00,6.3
"https://studionol.co.kr/ko/stories/practice-room-price1#%EC%8B%9C%EA%B0%84-%EB%8C%80%EC%97%AC-%EA%B0%80%EA%B2%A9-%EC%A7%80%EC%97%AD%EC%9C%A0%ED%98%95%EB%B3%84-%EB%B9%84%EA%B5%90",practice-room-price1,"연습실 한달 대여 가격",0,12,0.00,3.1
"https://studionol.co.kr/ko/stories/practice-room-price1#%EC%8B%9C%EA%B0%84-%EB%8C%80%EC%97%AC-%EA%B0%80%EA%B2%A9-%EC%A7%80%EC%97%AD%EC%9C%A0%ED%98%95%EB%B3%84-%EB%B9%84%EA%B5%90",practice-room-price1,"음악연습실 대여 가격",0,13,0.00,3.7
"https://studionol.co.kr/ko/stories/practice-room-price1#%EC%8B%9C%EA%B0%84-%EB%8C%80%EC%97%AC-vs-%EC%9B%94%EC%84%B8-%EC%86%90%EC%9D%B5-%EB%B6%84%EA%B8%B0%EC%A0%90-%EA%B3%84%EC%82%B0",practice-room-price1,"드럼연습실 대여 가격",0,8,0.00,8.8
"https://studionol.co.kr/ko/stories/practice-room-price1#%EC%8B%9C%EA%B0%84-%EB%8C%80%EC%97%AC-vs-%EC%9B%94%EC%84%B8-%EC%86%90%EC%9D%B5-%EB%B6%84%EA%B8%B0%EC%A0%90-%EA%B3%84%EC%82%B0",practice-room-price1,"밴드 합주실 대여 비용",0,3,0.00,9.3
"https://studionol.co.kr/ko/stories/practice-room-price1#%EC%8B%9C%EA%B0%84-%EB%8C%80%EC%97%AC-vs-%EC%9B%94%EC%84%B8-%EC%86%90%EC%9D%B5-%EB%B6%84%EA%B8%B0%EC%A0%90-%EA%B3%84%EC%82%B0",practice-room-price1,"보컬연습실 대여 가격",0,16,0.00,4.5
"https://studionol.co.kr/ko/stories/practice-room-price1#%EC%8B%9C%EA%B0%84-%EB%8C%80%EC%97%AC-vs-%EC%9B%94%EC%84%B8-%EC%86%90%EC%9D%B5-%EB%B6%84%EA%B8%B0%EC%A0%90-%EA%B3%84%EC%82%B0",practice-room-price1,"연습실 대여 가격",0,31,0.00,5.7
"https://studionol.co.kr/ko/stories/practice-room-price1#%EC%8B%9C%EA%B0%84-%EB%8C%80%EC%97%AC-vs-%EC%9B%94%EC%84%B8-%EC%86%90%EC%9D%B5-%EB%B6%84%EA%B8%B0%EC%A0%90-%EA%B3%84%EC%82%B0",practice-room-price1,"연습실 한달 대여",0,6,0.00,6.3
"https://studionol.co.kr/ko/stories/practice-room-price1#%EC%8B%9C%EA%B0%84-%EB%8C%80%EC%97%AC-vs-%EC%9B%94%EC%84%B8-%EC%86%90%EC%9D%B5-%EB%B6%84%EA%B8%B0%EC%A0%90-%EA%B3%84%EC%82%B0",practice-room-price1,"연습실 한달 대여 가격",0,10,0.00,2.9
"https://studionol.co.kr/ko/stories/practice-room-price1#%EC%8B%9C%EA%B0%84-%EB%8C%80%EC%97%AC-vs-%EC%9B%94%EC%84%B8-%EC%86%90%EC%9D%B5-%EB%B6%84%EA%B8%B0%EC%A0%90-%EA%B3%84%EC%82%B0",practice-room-price1,"음악연습실 대여 가격",0,11,0.00,3.9
"https://studionol.co.kr/ko/stories/practice-room-price1#%EC%9B%94%EC%84%B8-%EC%9E%85%EC%A3%BC-%EA%B0%80%EA%B2%A9-%EB%B0%A9-%ED%81%AC%EA%B8%B0%EB%B3%84-%EC%84%9C%EC%9A%B8-%ED%8F%89%EA%B7%A0",practice-room-price1,"드럼연습실 대여 가격",0,8,0.00,8.8
"https://studionol.co.kr/ko/stories/practice-room-price1#%EC%9B%94%EC%84%B8-%EC%9E%85%EC%A3%BC-%EA%B0%80%EA%B2%A9-%EB%B0%A9-%ED%81%AC%EA%B8%B0%EB%B3%84-%EC%84%9C%EC%9A%B8-%ED%8F%89%EA%B7%A0",practice-room-price1,"밴드 합주실 대여 비용",0,3,0.00,9.3
"https://studionol.co.kr/ko/stories/practice-room-price1#%EC%9B%94%EC%84%B8-%EC%9E%85%EC%A3%BC-%EA%B0%80%EA%B2%A9-%EB%B0%A9-%ED%81%AC%EA%B8%B0%EB%B3%84-%EC%84%9C%EC%9A%B8-%ED%8F%89%EA%B7%A0",practice-room-price1,"보컬연습실 대여 가격",0,16,0.00,4.5
"https://studionol.co.kr/ko/stories/practice-room-price1#%EC%9B%94%EC%84%B8-%EC%9E%85%EC%A3%BC-%EA%B0%80%EA%B2%A9-%EB%B0%A9-%ED%81%AC%EA%B8%B0%EB%B3%84-%EC%84%9C%EC%9A%B8-%ED%8F%89%EA%B7%A0",practice-room-price1,"연습실 대여 가격",0,31,0.00,5.7
"https://studionol.co.kr/ko/stories/practice-room-price1#%EC%9B%94%EC%84%B8-%EC%9E%85%EC%A3%BC-%EA%B0%80%EA%B2%A9-%EB%B0%A9-%ED%81%AC%EA%B8%B0%EB%B3%84-%EC%84%9C%EC%9A%B8-%ED%8F%89%EA%B7%A0",practice-room-price1,"연습실 한달 대여",0,3,0.00,6.0
"https://studionol.co.kr/ko/stories/practice-room-price1#%EC%9B%94%EC%84%B8-%EC%9E%85%EC%A3%BC-%EA%B0%80%EA%B2%A9-%EB%B0%A9-%ED%81%AC%EA%B8%B0%EB%B3%84-%EC%84%9C%EC%9A%B8-%ED%8F%89%EA%B7%A0",practice-room-price1,"연습실 한달 대여 가격",0,10,0.00,2.9
"https://studionol.co.kr/ko/stories/practice-room-price1#%EC%9B%94%EC%84%B8-%EC%9E%85%EC%A3%BC-%EA%B0%80%EA%B2%A9-%EB%B0%A9-%ED%81%AC%EA%B8%B0%EB%B3%84-%EC%84%9C%EC%9A%B8-%ED%8F%89%EA%B7%A0",practice-room-price1,"음악연습실 대여 가격",0,11,0.00,3.9
"https://studionol.co.kr/ko/stories/practice-room-price1#%EC%9D%8C%EC%95%85%EC%97%B0%EC%8A%B5%EC%8B%A4-%EA%B0%80%EA%B2%A9-%EC%99%9C-%EC%9D%B4%EB%A0%87%EA%B2%8C-%EC%A0%9C%EA%B0%81%EA%B0%81%EC%9D%BC%EA%B9%8C",practice-room-price1,"드럼연습실 대여 가격",0,8,0.00,8.8
"https://studionol.co.kr/ko/stories/practice-room-price1#%EC%9D%8C%EC%95%85%EC%97%B0%EC%8A%B5%EC%8B%A4-%EA%B0%80%EA%B2%A9-%EC%99%9C-%EC%9D%B4%EB%A0%87%EA%B2%8C-%EC%A0%9C%EA%B0%81%EA%B0%81%EC%9D%BC%EA%B9%8C",practice-room-price1,"밴드 합주실 대여 비용",0,3,0.00,9.3
"https://studionol.co.kr/ko/stories/practice-room-price1#%EC%9D%8C%EC%95%85%EC%97%B0%EC%8A%B5%EC%8B%A4-%EA%B0%80%EA%B2%A9-%EC%99%9C-%EC%9D%B4%EB%A0%87%EA%B2%8C-%EC%A0%9C%EA%B0%81%EA%B0%81%EC%9D%BC%EA%B9%8C",practice-room-price1,"보컬연습실 대여 가격",0,18,0.00,4.7
"https://studionol.co.kr/ko/stories/practice-room-price1#%EC%9D%8C%EC%95%85%EC%97%B0%EC%8A%B5%EC%8B%A4-%EA%B0%80%EA%B2%A9-%EC%99%9C-%EC%9D%B4%EB%A0%87%EA%B2%8C-%EC%A0%9C%EA%B0%81%EA%B0%81%EC%9D%BC%EA%B9%8C",practice-room-price1,"연습실 대여 가격",0,38,0.00,5.9
"https://studionol.co.kr/ko/stories/practice-room-price1#%EC%9D%8C%EC%95%85%EC%97%B0%EC%8A%B5%EC%8B%A4-%EA%B0%80%EA%B2%A9-%EC%99%9C-%EC%9D%B4%EB%A0%87%EA%B2%8C-%EC%A0%9C%EA%B0%81%EA%B0%81%EC%9D%BC%EA%B9%8C",practice-room-price1,"연습실 한달 대여",0,3,0.00,6.0
"https://studionol.co.kr/ko/stories/practice-room-price1#%EC%9D%8C%EC%95%85%EC%97%B0%EC%8A%B5%EC%8B%A4-%EA%B0%80%EA%B2%A9-%EC%99%9C-%EC%9D%B4%EB%A0%87%EA%B2%8C-%EC%A0%9C%EA%B0%81%EA%B0%81%EC%9D%BC%EA%B9%8C",practice-room-price1,"연습실 한달 대여 가격",0,12,0.00,3.1
"https://studionol.co.kr/ko/stories/practice-room-price1#%EC%9D%8C%EC%95%85%EC%97%B0%EC%8A%B5%EC%8B%A4-%EA%B0%80%EA%B2%A9-%EC%99%9C-%EC%9D%B4%EB%A0%87%EA%B2%8C-%EC%A0%9C%EA%B0%81%EA%B0%81%EC%9D%BC%EA%B9%8C",practice-room-price1,"음악연습실 대여 가격",0,13,0.00,3.7
"https://studionol.co.kr/ko/stories/practice-room-private1",practice-room-private1,"개인 음악작업실",0,1,0.00,6.0
"https://studionol.co.kr/ko/stories/practice-room-pronunciation1",practice-room-pronunciation1,"site:studionol.co.kr",0,1,0.00,175.0
"https://studionol.co.kr/ko/stories/practice-room-pronunciation1",practice-room-pronunciation1,"노래 발음",0,14,0.00,7.1
"https://studionol.co.kr/ko/stories/practice-room-pronunciation1",practice-room-pronunciation1,"발음 연습법",0,3,0.00,9.0
"https://studionol.co.kr/ko/stories/practice-room-pronunciation1",practice-room-pronunciation1,"연습실 영어",0,4,0.00,9.8
"https://studionol.co.kr/ko/stories/practice-room-pronunciation1",practice-room-pronunciation1,"영어발음레슨 듣는데 발음 연습할수있는 노래나 글찾아줘",0,3,0.00,5.0
"https://studionol.co.kr/ko/stories/practice-room-recording1",practice-room-recording1,"보컬 녹음실",0,1,0.00,8.0
"https://studionol.co.kr/ko/stories/practice-room-recording1",practice-room-recording1,"셀프 녹음실",0,4,0.00,10.5
"https://studionol.co.kr/ko/stories/practice-room-recording1",practice-room-recording1,"셀프녹음실",0,4,0.00,17.0
"https://studionol.co.kr/ko/stories/practice-room-recording1",practice-room-recording1,"스튜디오 녹음",0,1,0.00,5.0
"https://studionol.co.kr/ko/stories/practice-room-rehearsal-vocal1",practice-room-rehearsal-vocal1,"site:studionol.co.kr",0,1,0.00,222.0
"https://studionol.co.kr/ko/stories/practice-room-rental1",practice-room-rental1,"개인연습실 대여",0,5,0.00,11.4
"https://studionol.co.kr/ko/stories/practice-room-rental1",practice-room-rental1,"노래 연습실 대여",0,16,0.00,10.1
"https://studionol.co.kr/ko/stories/practice-room-rental1",practice-room-rental1,"노래연습실 대여",0,1,0.00,9.0
"https://studionol.co.kr/ko/stories/practice-room-rental1",practice-room-rental1,"녹음실 대여 비용",0,1,0.00,10.0
"https://studionol.co.kr/ko/stories/practice-room-rental1",practice-room-rental1,"드럼 연습실 대여",0,3,0.00,11.7
"https://studionol.co.kr/ko/stories/practice-room-rental1",practice-room-rental1,"드럼연습실 대여",0,2,0.00,11.0
"https://studionol.co.kr/ko/stories/practice-room-rental1",practice-room-rental1,"드럼연습실 대여 가격",0,2,0.00,12.0
"https://studionol.co.kr/ko/stories/practice-room-rental1",practice-room-rental1,"방음 연습실 대여",0,4,0.00,10.3
"https://studionol.co.kr/ko/stories/practice-room-rental1",practice-room-rental1,"보컬연습실 대여",0,1,0.00,11.0
"https://studionol.co.kr/ko/stories/practice-room-rental1",practice-room-rental1,"보컬연습실 대여 가격",0,1,0.00,24.0
"https://studionol.co.kr/ko/stories/practice-room-rental1",practice-room-rental1,"악기연습실 대여",0,5,0.00,10.0
"https://studionol.co.kr/ko/stories/practice-room-rental1",practice-room-rental1,"연습실 대여",0,13,0.00,7.4
"https://studionol.co.kr/ko/stories/practice-room-rental1",practice-room-rental1,"연습실 대여료",0,1,0.00,23.0
"https://studionol.co.kr/ko/stories/practice-room-rental1",practice-room-rental1,"연습실 한달 대여",0,6,0.00,20.0
"https://studionol.co.kr/ko/stories/practice-room-rental1",practice-room-rental1,"연습실 한달 대여 가격",0,1,0.00,38.0
"https://studionol.co.kr/ko/stories/practice-room-rental1",practice-room-rental1,"음악 연습실",0,1,0.00,19.0
"https://studionol.co.kr/ko/stories/practice-room-rental1",practice-room-rental1,"음악 연습실 대여",0,4,0.00,23.8
"https://studionol.co.kr/ko/stories/practice-room-rental1",practice-room-rental1,"음악 작업실 대여",0,24,0.00,8.8
"https://studionol.co.kr/ko/stories/practice-room-rental1",practice-room-rental1,"음악실 대여",0,1,0.00,18.0
"https://studionol.co.kr/ko/stories/practice-room-rental1",practice-room-rental1,"음악작업실 대여",0,1,0.00,10.0
"https://studionol.co.kr/ko/stories/practice-room-rental1",practice-room-rental1,"합주실 대여",0,6,0.00,10.3
"https://studionol.co.kr/ko/stories/practice-room-rental1",practice-room-rental1,"합주실 대여 비용",0,51,0.00,3.7
"https://studionol.co.kr/ko/stories/practice-room-rental1#%EC%98%88%EC%95%BD-%EB%8B%A8%EA%B3%84%EB%B3%84-%EC%A0%88%EC%B0%A8",practice-room-rental1,"기타 연습실 대여",0,8,0.00,9.0
"https://studionol.co.kr/ko/stories/practice-room-rental1#%EC%98%88%EC%95%BD-%EB%8B%A8%EA%B3%84%EB%B3%84-%EC%A0%88%EC%B0%A8",practice-room-rental1,"노래 연습실 대여",0,1,0.00,10.0
"https://studionol.co.kr/ko/stories/practice-room-rental1#%EC%98%88%EC%95%BD-%EB%8B%A8%EA%B3%84%EB%B3%84-%EC%A0%88%EC%B0%A8",practice-room-rental1,"악기 연습실 대여",0,5,0.00,10.0
"https://studionol.co.kr/ko/stories/practice-room-rental1#%EC%9D%8C%EC%95%85%EC%97%B0%EC%8A%B5%EC%8B%A4-%EB%8C%80%EC%97%AC-%EC%9C%A0%ED%98%95-%EB%B9%84%EA%B5%90-%EC%86%8C%ED%98%95-vs-%EC%A4%91%ED%98%95",practice-room-rental1,"기타 연습실 대여",0,8,0.00,9.0
"https://studionol.co.kr/ko/stories/practice-room-rental1#%EC%9D%8C%EC%95%85%EC%97%B0%EC%8A%B5%EC%8B%A4-%EB%8C%80%EC%97%AC-%EC%9C%A0%ED%98%95-%EB%B9%84%EA%B5%90-%EC%86%8C%ED%98%95-vs-%EC%A4%91%ED%98%95",practice-room-rental1,"노래 연습실 대여",0,1,0.00,10.0
"https://studionol.co.kr/ko/stories/practice-room-rental1#%EC%9D%8C%EC%95%85%EC%97%B0%EC%8A%B5%EC%8B%A4-%EB%8C%80%EC%97%AC-%EC%9C%A0%ED%98%95-%EB%B9%84%EA%B5%90-%EC%86%8C%ED%98%95-vs-%EC%A4%91%ED%98%95",practice-room-rental1,"악기 연습실 대여",0,5,0.00,10.0
"https://studionol.co.kr/ko/stories/practice-room-rental1#%EC%9D%8C%EC%95%85%EC%97%B0%EC%8A%B5%EC%8B%A4-%EB%8C%80%EC%97%AC-%EC%A0%84-%EC%A4%80%EB%B9%84%EC%82%AC%ED%95%AD",practice-room-rental1,"기타 연습실 대여",0,8,0.00,9.0
"https://studionol.co.kr/ko/stories/practice-room-rental1#%EC%9D%8C%EC%95%85%EC%97%B0%EC%8A%B5%EC%8B%A4-%EB%8C%80%EC%97%AC-%EC%A0%84-%EC%A4%80%EB%B9%84%EC%82%AC%ED%95%AD",practice-room-rental1,"노래 연습실 대여",0,1,0.00,10.0
"https://studionol.co.kr/ko/stories/practice-room-rental1#%EC%9D%8C%EC%95%85%EC%97%B0%EC%8A%B5%EC%8B%A4-%EB%8C%80%EC%97%AC-%EC%A0%84-%EC%A4%80%EB%B9%84%EC%82%AC%ED%95%AD",practice-room-rental1,"악기 연습실 대여",0,5,0.00,10.0
"https://studionol.co.kr/ko/stories/practice-room-rental1#%EC%9D%B4%EC%9A%A9-%EC%8B%9C-%EC%97%90%ED%8B%B0%EC%BC%93%EA%B3%BC-%EC%A3%BC%EC%9D%98%EC%82%AC%ED%95%AD",practice-room-rental1,"기타 연습실 대여",0,7,0.00,8.9
"https://studionol.co.kr/ko/stories/practice-room-rental1#%EC%9D%B4%EC%9A%A9-%EC%8B%9C-%EC%97%90%ED%8B%B0%EC%BC%93%EA%B3%BC-%EC%A3%BC%EC%9D%98%EC%82%AC%ED%95%AD",practice-room-rental1,"노래 연습실 대여",0,1,0.00,10.0
"https://studionol.co.kr/ko/stories/practice-room-rental1#%EC%9D%B4%EC%9A%A9-%EC%8B%9C-%EC%97%90%ED%8B%B0%EC%BC%93%EA%B3%BC-%EC%A3%BC%EC%9D%98%EC%82%AC%ED%95%AD",practice-room-rental1,"악기 연습실 대여",0,5,0.00,10.0
"https://studionol.co.kr/ko/stories/practice-room-repertoire1",practice-room-repertoire1,"site:studionol.co.kr",0,1,0.00,173.0
"https://studionol.co.kr/ko/stories/practice-room-rhythm1",practice-room-rhythm1,"리듬 연습",0,1,0.00,20.0
"https://studionol.co.kr/ko/stories/practice-room-rhythm1",practice-room-rhythm1,"리듬연습",0,2,0.00,19.0
"https://studionol.co.kr/ko/stories/practice-room-rhythm1",practice-room-rhythm1,"메트로놈 박자 연습",0,1,0.00,18.0
"https://studionol.co.kr/ko/stories/practice-room-rhythm1",practice-room-rhythm1,"박자 연습",0,5,0.00,12.6
"https://studionol.co.kr/ko/stories/practice-room-rhythm1",practice-room-rhythm1,"박자감각",0,2,0.00,7.5
"https://studionol.co.kr/ko/stories/practice-room-rhythm1",practice-room-rhythm1,"박자감각 키우기",0,3,0.00,15.3
"https://studionol.co.kr/ko/stories/practice-room-rhythm1",practice-room-rhythm1,"박자연습",0,5,0.00,9.8
"https://studionol.co.kr/ko/stories/practice-room-rhythm1",practice-room-rhythm1,"발박자",0,1,0.00,17.0
"https://studionol.co.kr/ko/stories/practice-room-rnb1",practice-room-rnb1,"멜리스마 연습",0,1,0.00,6.0
"https://studionol.co.kr/ko/stories/practice-room-samsong1",practice-room-samsong1,"삼송역",0,1,0.00,1.0
"https://studionol.co.kr/ko/stories/practice-room-samsong1",practice-room-samsong1,"삼송역 다이소",0,1,0.00,3.0
"https://studionol.co.kr/ko/stories/practice-room-sangam1",practice-room-sangam1,"1인 방송 스튜디오 월세",0,4,0.00,10.5
"https://studionol.co.kr/ko/stories/practice-room-saxophone1",practice-room-saxophone1,"색소폰",0,1,0.00,3.0
"https://studionol.co.kr/ko/stories/practice-room-saxophone1",practice-room-saxophone1,"색소폰 난이도",0,2,0.00,21.0
"https://studionol.co.kr/ko/stories/practice-room-saxophone21",practice-room-saxophone21,"바이브레이토",0,1,0.00,10.0
"https://studionol.co.kr/ko/stories/practice-room-self-study1",practice-room-self-study1,"site:studionol.co.kr",0,1,0.00,265.0
"https://studionol.co.kr/ko/stories/practice-room-senior1",practice-room-senior1,"site:studionol.co.kr",0,1,0.00,184.0
"https://studionol.co.kr/ko/stories/practice-room-seodaemun1",practice-room-seodaemun1,"site:studionol.co.kr",0,1,0.00,174.0
"https://studionol.co.kr/ko/stories/practice-room-seoul1",practice-room-seoul1,"방음 연습실",0,4,0.00,7.0
"https://studionol.co.kr/ko/stories/practice-room-seoul1",practice-room-seoul1,"서울 연습실",0,1,0.00,4.0
"https://studionol.co.kr/ko/stories/practice-room-seoul1",practice-room-seoul1,"서울 음악작업실 월세",0,1,0.00,3.0
"https://studionol.co.kr/ko/stories/practice-room-seoul1",practice-room-seoul1,"음악연습실 대여 가격",0,1,0.00,11.0
"https://studionol.co.kr/ko/stories/practice-room-soundproof1",practice-room-soundproof1,"연습실 자동화 시스템",0,2,0.00,10.0
"https://studionol.co.kr/ko/stories/practice-room-soundproof1",practice-room-soundproof1,"옆방 소리 듣기",0,3,0.00,21.7
"https://studionol.co.kr/ko/stories/practice-room-soundproof1",practice-room-soundproof1,"차음 흡음 차이",0,1,0.00,18.0
"https://studionol.co.kr/ko/stories/practice-room-soundproof1",practice-room-soundproof1,"흡음 방음 차이",0,4,0.00,10.5
"https://studionol.co.kr/ko/stories/practice-room-speed1",practice-room-speed1,"기타",0,1,0.00,14.0
"https://studionol.co.kr/ko/stories/practice-room-speed1",practice-room-speed1,"빠른 템포",0,8,0.00,4.3
"https://studionol.co.kr/ko/stories/practice-room-stage-manner1",practice-room-stage-manner1,"무대 매너",0,11,0.00,5.4
"https://studionol.co.kr/ko/stories/practice-room-stage-manner1",practice-room-stage-manner1,"무대매너",0,20,0.00,7.3
"https://studionol.co.kr/ko/stories/practice-room-startup1",practice-room-startup1,"공사비용",0,1,0.00,6.0
"https://studionol.co.kr/ko/stories/practice-room-startup1",practice-room-startup1,"드럼 연습실",0,1,0.00,1.0
"https://studionol.co.kr/ko/stories/practice-room-startup1",practice-room-startup1,"드럼 연습실 대여",0,1,0.00,1.0
"https://studionol.co.kr/ko/stories/practice-room-startup1",practice-room-startup1,"미아동",0,1,0.00,2.0
"https://studionol.co.kr/ko/stories/practice-room-startup1",practice-room-startup1,"베이스 연습실",0,1,0.00,1.0
"https://studionol.co.kr/ko/stories/practice-room-startup1",practice-room-startup1,"보도 사무실 창업비용",0,3,0.00,15.3
"https://studionol.co.kr/ko/stories/practice-room-startup1",practice-room-startup1,"스튜디오 창업",0,3,0.00,11.7
"https://studionol.co.kr/ko/stories/practice-room-startup1",practice-room-startup1,"시간제",0,1,0.00,5.0
"https://studionol.co.kr/ko/stories/practice-room-startup1",practice-room-startup1,"연습실",0,1,0.00,15.0
"https://studionol.co.kr/ko/stories/practice-room-startup1",practice-room-startup1,"연습실 대여 가격",0,5,0.00,9.4
"https://studionol.co.kr/ko/stories/practice-room-startup1",practice-room-startup1,"연습실 대여료",0,2,0.00,15.0
"https://studionol.co.kr/ko/stories/practice-room-startup1",practice-room-startup1,"연습실 무인 운영",0,2,0.00,20.0
"https://studionol.co.kr/ko/stories/practice-room-startup1",practice-room-startup1,"연습실 한달 대여 가격",0,1,0.00,32.0
"https://studionol.co.kr/ko/stories/practice-room-startup1",practice-room-startup1,"음악 연습실",0,1,0.00,47.0
"https://studionol.co.kr/ko/stories/practice-room-startup1",practice-room-startup1,"음악 연습실 대여",0,1,0.00,1.0
"https://studionol.co.kr/ko/stories/practice-room-startup1",practice-room-startup1,"음악 작업실 구하는 사이트",0,1,0.00,52.0
"https://studionol.co.kr/ko/stories/practice-room-startup1",practice-room-startup1,"음악 작업실 월세",0,1,0.00,48.0
"https://studionol.co.kr/ko/stories/practice-room-startup1",practice-room-startup1,"음악연습실 월세",0,1,0.00,19.0
"https://studionol.co.kr/ko/stories/practice-room-startup1",practice-room-startup1,"음악연습실 창업 후기",0,1,0.00,11.0
"https://studionol.co.kr/ko/stories/practice-room-startup1",practice-room-startup1,"임윤찬 어머니 인터뷰",0,1,0.00,9.0
"https://studionol.co.kr/ko/stories/practice-room-startup1",practice-room-startup1,"창업비용",0,1,0.00,1.0
"https://studionol.co.kr/ko/stories/practice-room-startup1",practice-room-startup1,"카페 창업",0,1,0.00,2.0
"https://studionol.co.kr/ko/stories/practice-room-startup1",practice-room-startup1,"피아노 연습실 대여",0,1,0.00,1.0
"https://studionol.co.kr/ko/stories/practice-room-startup1",practice-room-startup1,"피아노연습실 대여 가격",0,1,0.00,1.0
"https://studionol.co.kr/ko/stories/practice-room-startup1",practice-room-startup1,"합주실 대여 비용",0,88,0.00,3.1
"https://studionol.co.kr/ko/stories/practice-room-storage1",practice-room-storage1,"site:studionol.co.kr",0,1,0.00,172.0
"https://studionol.co.kr/ko/stories/practice-room-storage1",practice-room-storage1,"개인연습실 월세",0,9,0.00,9.8
"https://studionol.co.kr/ko/stories/practice-room-storage1",practice-room-storage1,"연습실 월세",0,6,0.00,8.5
"https://studionol.co.kr/ko/stories/practice-room-storage1",practice-room-storage1,"음악 연습실 월세",0,7,0.00,9.6
"https://studionol.co.kr/ko/stories/practice-room-storage1",practice-room-storage1,"음악 작업실 월세",0,1,0.00,54.0
"https://studionol.co.kr/ko/stories/practice-room-storage1",practice-room-storage1,"음악연습실 월세",0,11,0.00,11.3
"https://studionol.co.kr/ko/stories/practice-room-theory1",practice-room-theory1,"악보 읽기 연습",0,3,0.00,9.3
"https://studionol.co.kr/ko/stories/practice-room-theory1",practice-room-theory1,"악보 읽기 연습 프로그램",0,1,0.00,27.0
"https://studionol.co.kr/ko/stories/practice-room-transfer1",practice-room-transfer1,"site:studionol.co.kr",0,1,0.00,187.0
"https://studionol.co.kr/ko/stories/practice-room-transfer1",practice-room-transfer1,"스튜디오 매매",0,2,0.00,9.5
"https://studionol.co.kr/ko/stories/practice-room-transfer1",practice-room-transfer1,"연습실 매물",0,8,0.00,10.3
"https://studionol.co.kr/ko/stories/practice-room-transfer1",practice-room-transfer1,"음악 작업실 구하기",0,1,0.00,58.0
"https://studionol.co.kr/ko/stories/practice-room-transfer1",practice-room-transfer1,"음악작업실 구하기",0,1,0.00,42.0
"https://studionol.co.kr/ko/stories/practice-room-trot1",practice-room-trot1,"site:studionol.co.kr",0,1,0.00,202.0
"https://studionol.co.kr/ko/stories/practice-room-ukulele1",practice-room-ukulele1,"우쿨렐레 입문",0,13,0.00,4.2
"https://studionol.co.kr/ko/stories/practice-room-ukulele1",practice-room-ukulele1,"자유 연주 공간",0,9,0.00,9.6
"https://studionol.co.kr/ko/stories/practice-room-ukulele1",practice-room-ukulele1,"자유연주공간",0,5,0.00,9.0
"https://studionol.co.kr/ko/stories/practice-room-unmanned1",practice-room-unmanned1,"연습실 무인 운영",0,54,0.00,4.7
"https://studionol.co.kr/ko/stories/practice-room-unmanned1",practice-room-unmanned1,"연습실 자동화 시스템",0,56,0.00,3.7
"https://studionol.co.kr/ko/stories/practice-room-vibrato1",practice-room-vibrato1,"site:studionol.co.kr",0,1,0.00,192.0
"https://studionol.co.kr/ko/stories/practice-room-vibrato1",practice-room-vibrato1,"보컬 비브라토",0,1,0.00,1.0
"https://studionol.co.kr/ko/stories/practice-room-vocal-acappella-group1",practice-room-vocal-acappella-group1,"site:studionol.co.kr",0,1,0.00,299.0
"https://studionol.co.kr/ko/stories/practice-room-vocal-acappella-group1",practice-room-vocal-acappella-group1,"멤버구성",0,1,0.00,2.0
"https://studionol.co.kr/ko/stories/practice-room-vocal-acappella-group1",practice-room-vocal-acappella-group1,"아카펠라",0,1,0.00,11.0
"https://studionol.co.kr/ko/stories/practice-room-vocal-agility1",practice-room-vocal-agility1,"멜리스마 연습",0,6,0.00,8.8
"https://studionol.co.kr/ko/stories/practice-room-vocal-agility1",practice-room-vocal-agility1,"멜리스마 창법",0,3,0.00,8.7
"https://studionol.co.kr/ko/stories/practice-room-vocal-articulation1",practice-room-vocal-articulation1,"articulation 뜻",0,1,0.00,2.0
"https://studionol.co.kr/ko/stories/practice-room-vocal-articulation1",practice-room-vocal-articulation1,"아티큘레이션",0,4,0.00,14.5
"https://studionol.co.kr/ko/stories/practice-room-vocal-articulation1",practice-room-vocal-articulation1,"아티큘레이션 뜻",0,3,0.00,12.0
"https://studionol.co.kr/ko/stories/practice-room-vocal-articulation1",practice-room-vocal-articulation1,"아티큘레이션 종류",0,32,0.00,8.5
"https://studionol.co.kr/ko/stories/practice-room-vocal-audition1",practice-room-vocal-audition1,"보컬 오디션",0,1,0.00,11.0
"https://studionol.co.kr/ko/stories/practice-room-vocal-belting1",practice-room-vocal-belting1,"벨팅",0,3,0.00,7.7
"https://studionol.co.kr/ko/stories/practice-room-vocal-breath1",practice-room-vocal-breath1,"브레스컨트롤",0,1,0.00,10.0
"https://studionol.co.kr/ko/stories/practice-room-vocal-chest-voice1",practice-room-vocal-chest-voice1,"site:studionol.co.kr",0,1,0.00,269.0
"https://studionol.co.kr/ko/stories/practice-room-vocal-chest-voice1",practice-room-vocal-chest-voice1,"흉성",0,4,0.00,6.5
"https://studionol.co.kr/ko/stories/practice-room-vocal-classical1",practice-room-vocal-classical1,"보컬 비브라토",0,1,0.00,16.0
"https://studionol.co.kr/ko/stories/practice-room-vocal-classical1",practice-room-vocal-classical1,"보컬 클래식",0,91,0.00,5.3
"https://studionol.co.kr/ko/stories/practice-room-vocal-classical1",practice-room-vocal-classical1,"보컬클래식",0,527,0.00,5.4
"https://studionol.co.kr/ko/stories/practice-room-vocal-color-adv1",practice-room-vocal-color-adv1,"site:studionol.co.kr",0,2,0.00,289.0
"https://studionol.co.kr/ko/stories/practice-room-vocal-color1",practice-room-vocal-color1,"site:studionol.co.kr",0,1,0.00,215.0
"https://studionol.co.kr/ko/stories/practice-room-vocal-consonant1",practice-room-vocal-consonant1,"노래잘부르는법",0,1,0.00,3.0
"https://studionol.co.kr/ko/stories/practice-room-vocal-crooning1",practice-room-vocal-crooning1,"me 음량 뜻",0,1,0.00,7.0
"https://studionol.co.kr/ko/stories/practice-room-vocal-crooning1",practice-room-vocal-crooning1,"크루닝",0,10,0.00,3.2
"https://studionol.co.kr/ko/stories/practice-room-vocal-crooning1",practice-room-vocal-crooning1,"크루닝 창법",0,6,0.00,10.2
"https://studionol.co.kr/ko/stories/practice-room-vocal-diction1",practice-room-vocal-diction1,"diction 뜻",0,3,0.00,2.7
"https://studionol.co.kr/ko/stories/practice-room-vocal-diction1",practice-room-vocal-diction1,"site:studionol.co.kr",0,1,0.00,242.0
"https://studionol.co.kr/ko/stories/practice-room-vocal-diction1",practice-room-vocal-diction1,"디텍션",0,5,0.00,1.0
"https://studionol.co.kr/ko/stories/practice-room-vocal-diction1",practice-room-vocal-diction1,"딕션 연습",0,14,0.00,10.1
"https://studionol.co.kr/ko/stories/practice-room-vocal-diction1",practice-room-vocal-diction1,"딕션 영어로",0,3,0.00,12.0
"https://studionol.co.kr/ko/stories/practice-room-vocal-diction1",practice-room-vocal-diction1,"딕션 의 뜻",0,1,0.00,9.0
"https://studionol.co.kr/ko/stories/practice-room-vocal-diction1",practice-room-vocal-diction1,"딕션 좋아지는 법",0,2,0.00,16.5
"https://studionol.co.kr/ko/stories/practice-room-vocal-diction1",practice-room-vocal-diction1,"딕션 좋아지는법",0,2,0.00,19.0
"https://studionol.co.kr/ko/stories/practice-room-vocal-diction1",practice-room-vocal-diction1,"딕션뜻",0,75,0.00,7.7
"https://studionol.co.kr/ko/stories/practice-room-vocal-diction1",practice-room-vocal-diction1,"딕션의 뜻",0,21,0.00,7.0
"https://studionol.co.kr/ko/stories/practice-room-vocal-diction1",practice-room-vocal-diction1,"딕션이 좋다",0,25,0.00,7.0
"https://studionol.co.kr/ko/stories/practice-room-vocal-diction1",practice-room-vocal-diction1,"딕션이 좋다 뜻",0,1,0.00,13.0
"https://studionol.co.kr/ko/stories/practice-room-vocal-diction1",practice-room-vocal-diction1,"딕션이란",0,11,0.00,3.8
"https://studionol.co.kr/ko/stories/practice-room-vocal-emotion1",practice-room-vocal-emotion1,"site:studionol.co.kr",0,1,0.00,263.0
"https://studionol.co.kr/ko/stories/practice-room-vocal-falsetto-technique1",practice-room-vocal-falsetto-technique1,"falsetto",0,3,0.00,35.7
"https://studionol.co.kr/ko/stories/practice-room-vocal-falsetto-technique1",practice-room-vocal-falsetto-technique1,"falsetto 뜻",0,8,0.00,6.4
"https://studionol.co.kr/ko/stories/practice-room-vocal-falsetto-technique1",practice-room-vocal-falsetto-technique1,"성구 전환",0,4,0.00,5.0
"https://studionol.co.kr/ko/stories/practice-room-vocal-falsetto-technique1",practice-room-vocal-falsetto-technique1,"성구전환 느낌",0,2,0.00,9.0
"https://studionol.co.kr/ko/stories/practice-room-vocal-falsetto-technique1",practice-room-vocal-falsetto-technique1,"성구전환 뜻",0,3,0.00,9.0
"https://studionol.co.kr/ko/stories/practice-room-vocal-falsetto-technique1",practice-room-vocal-falsetto-technique1,"성구전환 연습",0,2,0.00,22.5
"https://studionol.co.kr/ko/stories/practice-room-vocal-falsetto-technique1",practice-room-vocal-falsetto-technique1,"팔세토 뜻",0,60,0.00,9.8
"https://studionol.co.kr/ko/stories/practice-room-vocal-gospel1",practice-room-vocal-gospel1,"콜앤리스폰스",0,1,0.00,15.0
"https://studionol.co.kr/ko/stories/practice-room-vocal-harmony-close1",practice-room-vocal-harmony-close1,"""역전위"" 상담",0,1,0.00,9.0
"https://studionol.co.kr/ko/stories/practice-room-vocal-head-voice1",practice-room-vocal-head-voice1,"노말 흉성",0,1,0.00,6.0
"https://studionol.co.kr/ko/stories/practice-room-vocal-head-voice1",practice-room-vocal-head-voice1,"두성",0,23,0.00,14.4
"https://studionol.co.kr/ko/stories/practice-room-vocal-head-voice1",practice-room-vocal-head-voice1,"두성 내는법",0,1,0.00,27.0
"https://studionol.co.kr/ko/stories/practice-room-vocal-head-voice1",practice-room-vocal-head-voice1,"두성 느낌",0,15,0.00,5.8
"https://studionol.co.kr/ko/stories/practice-room-vocal-head-voice1",practice-room-vocal-head-voice1,"두성 뜻",0,2,0.00,12.0
"https://studionol.co.kr/ko/stories/practice-room-vocal-head-voice1",practice-room-vocal-head-voice1,"두성 쓰는법",0,1,0.00,25.0
"https://studionol.co.kr/ko/stories/practice-room-vocal-head-voice1",practice-room-vocal-head-voice1,"두성 영어로",0,13,0.00,10.8
"https://studionol.co.kr/ko/stories/practice-room-vocal-head-voice1",practice-room-vocal-head-voice1,"발성법 종류",0,1,0.00,1.0
"https://studionol.co.kr/ko/stories/practice-room-vocal-head-voice1",practice-room-vocal-head-voice1,"보컬",0,1,0.00,4.0
"https://studionol.co.kr/ko/stories/practice-room-vocal-head-voice1",practice-room-vocal-head-voice1,"보컬 발성",0,1,0.00,14.0
"https://studionol.co.kr/ko/stories/practice-room-vocal-head-voice1",practice-room-vocal-head-voice1,"창법",0,1,0.00,1.0
"https://studionol.co.kr/ko/stories/practice-room-vocal-head-voice1",practice-room-vocal-head-voice1,"흉성 두성",0,1,0.00,2.0
"https://studionol.co.kr/ko/stories/practice-room-vocal-intonation1",practice-room-vocal-intonation1,"site:studionol.co.kr",0,1,0.00,218.0
"https://studionol.co.kr/ko/stories/practice-room-vocal-intonation1",practice-room-vocal-intonation1,"음치 교정",0,1,0.00,8.0
"https://studionol.co.kr/ko/stories/practice-room-vocal-jazz-scat1",practice-room-vocal-jazz-scat1,"site:studionol.co.kr",0,2,0.00,291.0
"https://studionol.co.kr/ko/stories/practice-room-vocal-jazz-scat1",practice-room-vocal-jazz-scat1,"스캣",0,2,0.00,2.0
"https://studionol.co.kr/ko/stories/practice-room-vocal-jazz-scat1",practice-room-vocal-jazz-scat1,"재즈 스캣",0,111,0.00,7.0
"https://studionol.co.kr/ko/stories/practice-room-vocal-low1",practice-room-vocal-low1,"저음역대",0,3,0.00,8.7
"https://studionol.co.kr/ko/stories/practice-room-vocal-middle1",practice-room-vocal-middle1,"site:studionol.co.kr",0,1,0.00,248.0
"https://studionol.co.kr/ko/stories/practice-room-vocal-musical-style1",practice-room-vocal-musical-style1,"뮤지컬 연습",0,13,0.00,6.1
"https://studionol.co.kr/ko/stories/practice-room-vocal-pop-runs1",practice-room-vocal-pop-runs1,"b4 음역대",0,1,0.00,11.0
"https://studionol.co.kr/ko/stories/practice-room-vocal-pop-runs1",practice-room-vocal-pop-runs1,"멜리스마 창법",0,4,0.00,6.5
"https://studionol.co.kr/ko/stories/practice-room-vocal-power1",practice-room-vocal-power1,"목소리 키우는 법",0,1,0.00,7.0
"https://studionol.co.kr/ko/stories/practice-room-vocal-power1",practice-room-vocal-power1,"발성 연습 디시",0,1,0.00,8.0
"https://studionol.co.kr/ko/stories/practice-room-vocal-power1",practice-room-vocal-power1,"보컬 플로우",0,1,0.00,6.0
"https://studionol.co.kr/ko/stories/practice-room-vocal-power1",practice-room-vocal-power1,"보컬 플로우 기구",0,2,0.00,11.0
"https://studionol.co.kr/ko/stories/practice-room-vocal-power1",practice-room-vocal-power1,"보컬플로우",0,3,0.00,4.3
"https://studionol.co.kr/ko/stories/practice-room-vocal-power1",practice-room-vocal-power1,"성량 뜻",0,4,0.00,1.0
"https://studionol.co.kr/ko/stories/practice-room-vocal-power1",practice-room-vocal-power1,"성량 키우는 법",0,37,0.00,5.2
"https://studionol.co.kr/ko/stories/practice-room-vocal-range1",practice-room-vocal-range1,"a4 음역대",0,3,0.00,10.7
"https://studionol.co.kr/ko/stories/practice-room-vocal-range1",practice-room-vocal-range1,"pitch x 고음확장기",0,1,0.00,25.0
"https://studionol.co.kr/ko/stories/practice-room-vocal-range1",practice-room-vocal-range1,"고음",0,1,0.00,3.0
"https://studionol.co.kr/ko/stories/practice-room-vocal-range1",practice-room-vocal-range1,"고음확성기",0,10,0.00,10.6
"https://studionol.co.kr/ko/stories/practice-room-vocal-range1",practice-room-vocal-range1,"고음확장기 효과",0,2,0.00,18.0
"https://studionol.co.kr/ko/stories/practice-room-vocal-range1",practice-room-vocal-range1,"고음확장기 후기",0,1,0.00,4.0
"https://studionol.co.kr/ko/stories/practice-room-vocal-range1",practice-room-vocal-range1,"고음확장기효과",0,4,0.00,25.5
"https://studionol.co.kr/ko/stories/practice-room-vocal-range1",practice-room-vocal-range1,"더 구체적으로 알려줘",0,1,0.00,1.0
"https://studionol.co.kr/ko/stories/practice-room-vocal-range1",practice-room-vocal-range1,"여목 내는법",0,1,0.00,3.0
"https://studionol.co.kr/ko/stories/practice-room-vocal-range1",practice-room-vocal-range1,"음역대 높이는 법",0,11,0.00,8.0
"https://studionol.co.kr/ko/stories/practice-room-vocal-rasp1",practice-room-vocal-rasp1,"락발성",0,1,0.00,25.0
"https://studionol.co.kr/ko/stories/practice-room-vocal-recording1",practice-room-vocal-recording1,"보컬 녹음",0,5,0.00,12.8
"https://studionol.co.kr/ko/stories/practice-room-vocal-register1",practice-room-vocal-register1,"성구",0,11,0.00,8.1
"https://studionol.co.kr/ko/stories/practice-room-vocal-register1",practice-room-vocal-register1,"성구 전환",0,28,0.00,6.2
"https://studionol.co.kr/ko/stories/practice-room-vocal-register1",practice-room-vocal-register1,"성구전환 뜻",0,9,0.00,4.6
"https://studionol.co.kr/ko/stories/practice-room-vocal-register1",practice-room-vocal-register1,"흉성 두성",0,12,0.00,11.7
"https://studionol.co.kr/ko/stories/practice-room-vocal-resonance-chest1",practice-room-vocal-resonance-chest1,"두성 흉성",0,1,0.00,36.0
"https://studionol.co.kr/ko/stories/practice-room-vocal-resonance-chest1",practice-room-vocal-resonance-chest1,"보컬 공명",0,1,0.00,6.0
"https://studionol.co.kr/ko/stories/practice-room-vocal-resonance1",practice-room-vocal-resonance1,"site:studionol.co.kr",0,1,0.00,224.0
"https://studionol.co.kr/ko/stories/practice-room-vocal-resonance1",practice-room-vocal-resonance1,"공명 발성",0,4,0.00,4.0
"https://studionol.co.kr/ko/stories/practice-room-vocal-resonance1",practice-room-vocal-resonance1,"공명강",0,1,0.00,9.0
"https://studionol.co.kr/ko/stories/practice-room-vocal-resonance1",practice-room-vocal-resonance1,"구강공명",0,10,0.00,6.9
"https://studionol.co.kr/ko/stories/practice-room-vocal-resonance1",practice-room-vocal-resonance1,"노래 공명",0,2,0.00,20.0
"https://studionol.co.kr/ko/stories/practice-room-vocal-resonance1",practice-room-vocal-resonance1,"뮤지컬 공명",0,1,0.00,12.0
"https://studionol.co.kr/ko/stories/practice-room-vocal-resonance1",practice-room-vocal-resonance1,"발성 공명",0,1,0.00,1.0
"https://studionol.co.kr/ko/stories/practice-room-vocal-resonance1",practice-room-vocal-resonance1,"보컬 공명",0,1,0.00,5.0
"https://studionol.co.kr/ko/stories/practice-room-vocal-resonance1",practice-room-vocal-resonance1,"비강 공명",0,1,0.00,20.0
"https://studionol.co.kr/ko/stories/practice-room-vocal-resonance1",practice-room-vocal-resonance1,"비강공명",0,8,0.00,15.5
"https://studionol.co.kr/ko/stories/practice-room-vocal-scatting1",practice-room-vocal-scatting1,"linescat",0,1,0.00,1.0
"https://studionol.co.kr/ko/stories/practice-room-vocal-scatting1",practice-room-vocal-scatting1,"s.c.a.t",0,1,0.00,9.0
"https://studionol.co.kr/ko/stories/practice-room-vocal-scatting1",practice-room-vocal-scatting1,"scat",0,54,0.00,15.1
"https://studionol.co.kr/ko/stories/practice-room-vocal-scatting1",practice-room-vocal-scatting1,"scat vi",0,1,0.00,10.0
"https://studionol.co.kr/ko/stories/practice-room-vocal-scatting1",practice-room-vocal-scatting1,"scat 뜻",0,312,0.00,7.6
"https://studionol.co.kr/ko/stories/practice-room-vocal-scatting1",practice-room-vocal-scatting1,"scatman",0,1,0.00,4.0
"https://studionol.co.kr/ko/stories/practice-room-vocal-scatting1",practice-room-vocal-scatting1,"scat뜻",0,23,0.00,7.8
"https://studionol.co.kr/ko/stories/practice-room-vocal-scatting1",practice-room-vocal-scatting1,"skat 뜻",0,2,0.00,10.0
"https://studionol.co.kr/ko/stories/practice-room-vocal-scatting1",practice-room-vocal-scatting1,"skate 뜻",0,1,0.00,1.0
"https://studionol.co.kr/ko/stories/practice-room-vocal-scatting1",practice-room-vocal-scatting1,"tmzot",0,6,0.00,7.3
"https://studionol.co.kr/ko/stories/practice-room-vocal-scatting1",practice-room-vocal-scatting1,"노래 잘 부르는법",0,1,0.00,1.0
"https://studionol.co.kr/ko/stories/practice-room-vocal-scatting1",practice-room-vocal-scatting1,"노래 잘부르는법",0,1,0.00,1.0
"https://studionol.co.kr/ko/stories/practice-room-vocal-scatting1",practice-room-vocal-scatting1,"라인스캣",0,39,0.00,7.1
"https://studionol.co.kr/ko/stories/practice-room-vocal-scatting1",practice-room-vocal-scatting1,"라인스케이트",0,1,0.00,3.0
"https://studionol.co.kr/ko/stories/practice-room-vocal-scatting1",practice-room-vocal-scatting1,"스캇",0,1,0.00,1.0
"https://studionol.co.kr/ko/stories/practice-room-vocal-scatting1",practice-room-vocal-scatting1,"스캣 재즈",0,4,0.00,8.0
"https://studionol.co.kr/ko/stories/practice-room-vocal-scatting1",practice-room-vocal-scatting1,"스캣 창법",0,1,0.00,22.0
"https://studionol.co.kr/ko/stories/practice-room-vocal-scatting1",practice-room-vocal-scatting1,"스케이트 뜻",0,6,0.00,1.0
"https://studionol.co.kr/ko/stories/practice-room-vocal-scatting1",practice-room-vocal-scatting1,"스켓",0,1,0.00,2.0
"https://studionol.co.kr/ko/stories/practice-room-vocal-scatting1",practice-room-vocal-scatting1,"스켓 뜻",0,10,0.00,5.5
"https://studionol.co.kr/ko/stories/practice-room-vocal-scatting1",practice-room-vocal-scatting1,"위스캣",0,3,0.00,16.3
"https://studionol.co.kr/ko/stories/practice-room-vocal-scatting1",practice-room-vocal-scatting1,"재즈 스캣",0,126,0.00,7.8
"https://studionol.co.kr/ko/stories/practice-room-vocal-soul1",practice-room-vocal-soul1,"r&b 멜리즈마",0,1,0.00,5.0
"https://studionol.co.kr/ko/stories/practice-room-vocal-soul1",practice-room-vocal-soul1,"멜라즈마 뜻",0,3,0.00,8.3
"https://studionol.co.kr/ko/stories/practice-room-vocal-soul1",practice-room-vocal-soul1,"멜리스마 뜻",0,3,0.00,1.0
"https://studionol.co.kr/ko/stories/practice-room-vocal-soul1",practice-room-vocal-soul1,"즈마 가수",0,1,0.00,10.0
"https://studionol.co.kr/ko/stories/practice-room-vocal-stage1",practice-room-vocal-stage1,"site:studionol.co.kr",0,1,0.00,244.0
"https://studionol.co.kr/ko/stories/practice-room-vocal-style1",practice-room-vocal-style1,"site:studionol.co.kr",0,1,0.00,256.0
"https://studionol.co.kr/ko/stories/practice-room-vocal-style1",practice-room-vocal-style1,"보컬 종류",0,1,0.00,1.0
"https://studionol.co.kr/ko/stories/practice-room-vocal-style1",practice-room-vocal-style1,"음색",0,1,0.00,1.0
"https://studionol.co.kr/ko/stories/practice-room-vocal-sustain1",practice-room-vocal-sustain1,"site:studionol.co.kr",0,2,0.00,229.0
"https://studionol.co.kr/ko/stories/practice-room-vocal-technique21",practice-room-vocal-technique21,"보컬 딕션 발음 연습 방법 자음 명확화",0,1,0.00,21.0
"https://studionol.co.kr/ko/stories/practice-room-vocal-tone-color1",practice-room-vocal-tone-color1,"목소리 톤 뜻",0,1,0.00,1.0
"https://studionol.co.kr/ko/stories/practice-room-vocal-tone-color1",practice-room-vocal-tone-color1,"목소리 톤 종류",0,4,0.00,11.3
"https://studionol.co.kr/ko/stories/practice-room-vocal-tone-color1",practice-room-vocal-tone-color1,"보컬이란",0,1,0.00,8.0
"https://studionol.co.kr/ko/stories/practice-room-vocal-tone-color1",practice-room-vocal-tone-color1,"음색 뜻",0,1,0.00,18.0
"https://studionol.co.kr/ko/stories/practice-room-vocal-tone-color1",practice-room-vocal-tone-color1,"음색 목소리 차이",0,20,0.00,9.1
"https://studionol.co.kr/ko/stories/practice-room-vocal-tone-color1",practice-room-vocal-tone-color1,"음색 종류",0,2,0.00,1.0
"https://studionol.co.kr/ko/stories/practice-room-vocal-tongue-twisters1",practice-room-vocal-tongue-twisters1,"site:studionol.co.kr",0,1,0.00,277.0
"https://studionol.co.kr/ko/stories/practice-room-vocal-tongue-twisters1",practice-room-vocal-tongue-twisters1,"딕션 연습",0,3,0.00,11.0
"https://studionol.co.kr/ko/stories/practice-room-vocal-tongue-twisters1",practice-room-vocal-tongue-twisters1,"혀트릴",0,1,0.00,7.0
"https://studionol.co.kr/ko/stories/practice-room-vocal-vowel-modification1",practice-room-vocal-vowel-modification1,"modification 발음",0,1,0.00,19.0
"https://studionol.co.kr/ko/stories/practice-room-vocal-vowel-modification1",practice-room-vocal-vowel-modification1,"site:studionol.co.kr",0,1,0.00,296.0
"https://studionol.co.kr/ko/stories/practice-room-vocal-vowel-modification1",practice-room-vocal-vowel-modification1,"연구개 위치",0,1,0.00,27.0
"https://studionol.co.kr/ko/stories/practice-room-vocal-warmup1",practice-room-vocal-warmup1,"성대 스트레칭",0,1,0.00,16.0
"https://studionol.co.kr/ko/stories/practice-room-vocal-whistle1",practice-room-vocal-whistle1,"노래 휘슬",0,2,0.00,13.0
"https://studionol.co.kr/ko/stories/practice-room-vocal-whistle1",practice-room-vocal-whistle1,"초고음",0,4,0.00,9.3
"https://studionol.co.kr/ko/stories/practice-room-vocal-whistle1",practice-room-vocal-whistle1,"휘슬 내는법",0,2,0.00,26.0
"https://studionol.co.kr/ko/stories/practice-room-vocal-whistle1",practice-room-vocal-whistle1,"휘슬 레지스터",0,27,0.00,6.1
"https://studionol.co.kr/ko/stories/practice-room-vocal-whistle1",practice-room-vocal-whistle1,"휘슬 레지스터 하는 법",0,18,0.00,8.4
"https://studionol.co.kr/ko/stories/practice-room-vocal-whistle1",practice-room-vocal-whistle1,"휘슬 창법",0,3,0.00,9.7
"https://studionol.co.kr/ko/stories/practice-room-vocal-whistle1",practice-room-vocal-whistle1,"휘슬 하는 법",0,2,0.00,17.5
"https://studionol.co.kr/ko/stories/practice-room-vocal-whistle1",practice-room-vocal-whistle1,"휘슬 하는법",0,4,0.00,21.0
"https://studionol.co.kr/ko/stories/practice-room-vocal-whistle1",practice-room-vocal-whistle1,"휘슬레지스터",0,10,0.00,6.0
"https://studionol.co.kr/ko/stories/practice-room-vocal1",practice-room-vocal1,"site:studionol.co.kr",0,1,0.00,204.0
"https://studionol.co.kr/ko/stories/practice-room-vocal1",practice-room-vocal1,"개포동 보컬 녹음 연습실 대여",0,3,0.00,10.3
"https://studionol.co.kr/ko/stories/practice-room-vocal1",practice-room-vocal1,"보컬 연습실",0,3,0.00,4.3
"https://studionol.co.kr/ko/stories/practice-room-vocal1",practice-room-vocal1,"노래 연습실",0,93,0.00,7.7
"https://studionol.co.kr/ko/stories/practice-room-vocal1",practice-room-vocal1,"노래연습실",0,57,0.00,8.3
"https://studionol.co.kr/ko/stories/practice-room-vocal1",practice-room-vocal1,"보컬",0,3,0.00,3.0
"https://studionol.co.kr/ko/stories/practice-room-vocal1",practice-room-vocal1,"보컬 연습",0,4,0.00,14.8
"https://studionol.co.kr/ko/stories/practice-room-vocal1",practice-room-vocal1,"보컬연습",0,3,0.00,17.3
"https://studionol.co.kr/ko/stories/practice-room-vocal1",practice-room-vocal1,"보컬연습실 대여",0,5,0.00,9.8
"https://studionol.co.kr/ko/stories/practice-room-vocal1",practice-room-vocal1,"스튜디오 놀",0,2,0.00,1.0
"https://studionol.co.kr/ko/stories/practice-room-vocal1",practice-room-vocal1,"음악 작업실",0,2,0.00,44.0
"https://studionol.co.kr/ko/stories/practice-room-vocal1",practice-room-vocal1,"음악실",0,1,0.00,61.0
"https://studionol.co.kr/ko/stories/practice-room-vocal1#%EB%B3%B4%EC%BB%AC-%EC%97%B0%EC%8A%B5%EC%8B%A4-%EB%8B%A8%EC%88%9C%ED%9E%88-%ED%81%AC%EA%B2%8C-%EB%85%B8%EB%9E%98%ED%95%98%EB%8A%94-%EA%B3%B3%EC%9D%B4-%EC%95%84%EB%8B%99%EB%8B%88%EB%8B%A4",practice-room-vocal1,"노래 연습실",0,14,0.00,7.8
"https://studionol.co.kr/ko/stories/practice-room-vocal1#%EB%B3%B4%EC%BB%AC-%EC%97%B0%EC%8A%B5%EC%8B%A4-%EB%8B%A8%EC%88%9C%ED%9E%88-%ED%81%AC%EA%B2%8C-%EB%85%B8%EB%9E%98%ED%95%98%EB%8A%94-%EA%B3%B3%EC%9D%B4-%EC%95%84%EB%8B%99%EB%8B%88%EB%8B%A4",practice-room-vocal1,"노래연습실",0,5,0.00,7.6
"https://studionol.co.kr/ko/stories/practice-room-vocal1#%EB%B3%B4%EC%BB%AC-%EC%97%B0%EC%8A%B5%EC%8B%A4-%EB%8B%A8%EC%88%9C%ED%9E%88-%ED%81%AC%EA%B2%8C-%EB%85%B8%EB%9E%98%ED%95%98%EB%8A%94-%EA%B3%B3%EC%9D%B4-%EC%95%84%EB%8B%99%EB%8B%88%EB%8B%A4",practice-room-vocal1,"보컬 연습실",0,35,0.00,5.6
"https://studionol.co.kr/ko/stories/practice-room-vocal1#%EB%B3%B4%EC%BB%AC-%EC%97%B0%EC%8A%B5%EC%8B%A4-%EB%8B%A8%EC%88%9C%ED%9E%88-%ED%81%AC%EA%B2%8C-%EB%85%B8%EB%9E%98%ED%95%98%EB%8A%94-%EA%B3%B3%EC%9D%B4-%EC%95%84%EB%8B%99%EB%8B%88%EB%8B%A4",practice-room-vocal1,"보컬 연습실 대여",0,12,0.00,9.0
"https://studionol.co.kr/ko/stories/practice-room-vocal1#%EB%B3%B4%EC%BB%AC-%EC%97%B0%EC%8A%B5%EC%8B%A4-%EB%8B%A8%EC%88%9C%ED%9E%88-%ED%81%AC%EA%B2%8C-%EB%85%B8%EB%9E%98%ED%95%98%EB%8A%94-%EA%B3%B3%EC%9D%B4-%EC%95%84%EB%8B%99%EB%8B%88%EB%8B%A4",practice-room-vocal1,"보컬연습실",0,11,0.00,6.3
"https://studionol.co.kr/ko/stories/practice-room-vocal1#%EB%B3%B4%EC%BB%AC-%EC%97%B0%EC%8A%B5%EC%8B%A4-%EB%8B%A8%EC%88%9C%ED%9E%88-%ED%81%AC%EA%B2%8C-%EB%85%B8%EB%9E%98%ED%95%98%EB%8A%94-%EA%B3%B3%EC%9D%B4-%EC%95%84%EB%8B%99%EB%8B%88%EB%8B%A4",practice-room-vocal1,"보컬연습실 대여",0,4,0.00,10.0
"https://studionol.co.kr/ko/stories/practice-room-vocal1#%EB%B3%B4%EC%BB%AC-%EC%97%B0%EC%8A%B5%EC%8B%A4-vs-%ED%95%A9%EC%A3%BC%EC%8B%A4-vs-%EB%85%B8%EB%9E%98%EB%B0%A9-%EB%B9%84%EA%B5%90",practice-room-vocal1,"노래 연습실",0,14,0.00,7.8
"https://studionol.co.kr/ko/stories/practice-room-vocal1#%EB%B3%B4%EC%BB%AC-%EC%97%B0%EC%8A%B5%EC%8B%A4-vs-%ED%95%A9%EC%A3%BC%EC%8B%A4-vs-%EB%85%B8%EB%9E%98%EB%B0%A9-%EB%B9%84%EA%B5%90",practice-room-vocal1,"노래연습실",0,5,0.00,7.6
"https://studionol.co.kr/ko/stories/practice-room-vocal1#%EB%B3%B4%EC%BB%AC-%EC%97%B0%EC%8A%B5%EC%8B%A4-vs-%ED%95%A9%EC%A3%BC%EC%8B%A4-vs-%EB%85%B8%EB%9E%98%EB%B0%A9-%EB%B9%84%EA%B5%90",practice-room-vocal1,"보컬 연습실",0,35,0.00,5.6
"https://studionol.co.kr/ko/stories/practice-room-vocal1#%EB%B3%B4%EC%BB%AC-%EC%97%B0%EC%8A%B5%EC%8B%A4-vs-%ED%95%A9%EC%A3%BC%EC%8B%A4-vs-%EB%85%B8%EB%9E%98%EB%B0%A9-%EB%B9%84%EA%B5%90",practice-room-vocal1,"보컬 연습실 대여",0,12,0.00,9.0
"https://studionol.co.kr/ko/stories/practice-room-vocal1#%EB%B3%B4%EC%BB%AC-%EC%97%B0%EC%8A%B5%EC%8B%A4-vs-%ED%95%A9%EC%A3%BC%EC%8B%A4-vs-%EB%85%B8%EB%9E%98%EB%B0%A9-%EB%B9%84%EA%B5%90",practice-room-vocal1,"보컬연습실",0,11,0.00,6.3
"https://studionol.co.kr/ko/stories/practice-room-vocal1#%EB%B3%B4%EC%BB%AC-%EC%97%B0%EC%8A%B5%EC%8B%A4-vs-%ED%95%A9%EC%A3%BC%EC%8B%A4-vs-%EB%85%B8%EB%9E%98%EB%B0%A9-%EB%B9%84%EA%B5%90",practice-room-vocal1,"보컬연습실 대여",0,4,0.00,10.0
"https://studionol.co.kr/ko/stories/practice-room-vocal1#%EB%B3%B4%EC%BB%AC-%EC%97%B0%EC%8A%B5%EC%97%90-%EC%B5%9C%EC%A0%81%ED%99%94%EB%90%9C-%EC%97%B0%EC%8A%B5%EC%8B%A4-%EC%A1%B0%EA%B1%B4",practice-room-vocal1,"노래 연습실",0,9,0.00,7.6
"https://studionol.co.kr/ko/stories/practice-room-vocal1#%EB%B3%B4%EC%BB%AC-%EC%97%B0%EC%8A%B5%EC%97%90-%EC%B5%9C%EC%A0%81%ED%99%94%EB%90%9C-%EC%97%B0%EC%8A%B5%EC%8B%A4-%EC%A1%B0%EA%B1%B4",practice-room-vocal1,"노래연습실",0,4,0.00,8.0
"https://studionol.co.kr/ko/stories/practice-room-vocal1#%EB%B3%B4%EC%BB%AC-%EC%97%B0%EC%8A%B5%EC%97%90-%EC%B5%9C%EC%A0%81%ED%99%94%EB%90%9C-%EC%97%B0%EC%8A%B5%EC%8B%A4-%EC%A1%B0%EA%B1%B4",practice-room-vocal1,"보컬 연습실",0,25,0.00,5.4
"https://studionol.co.kr/ko/stories/practice-room-vocal1#%EB%B3%B4%EC%BB%AC-%EC%97%B0%EC%8A%B5%EC%97%90-%EC%B5%9C%EC%A0%81%ED%99%94%EB%90%9C-%EC%97%B0%EC%8A%B5%EC%8B%A4-%EC%A1%B0%EA%B1%B4",practice-room-vocal1,"보컬 연습실 대여",0,11,0.00,8.9
"https://studionol.co.kr/ko/stories/practice-room-vocal1#%EB%B3%B4%EC%BB%AC-%EC%97%B0%EC%8A%B5%EC%97%90-%EC%B5%9C%EC%A0%81%ED%99%94%EB%90%9C-%EC%97%B0%EC%8A%B5%EC%8B%A4-%EC%A1%B0%EA%B1%B4",practice-room-vocal1,"보컬연습실",0,8,0.00,6.8
"https://studionol.co.kr/ko/stories/practice-room-vocal1#%EB%B3%B4%EC%BB%AC-%EC%97%B0%EC%8A%B5%EC%97%90-%EC%B5%9C%EC%A0%81%ED%99%94%EB%90%9C-%EC%97%B0%EC%8A%B5%EC%8B%A4-%EC%A1%B0%EA%B1%B4",practice-room-vocal1,"보컬연습실 대여",0,4,0.00,10.0
"https://studionol.co.kr/ko/stories/practice-room-vocal1#%ED%9A%A8%EA%B3%BC%EC%A0%81%EC%9D%B8-%EB%B3%B4%EC%BB%AC-%EC%97%B0%EC%8A%B5-%EB%A3%A8%ED%8B%B4",practice-room-vocal1,"노래 연습실",0,9,0.00,7.6
"https://studionol.co.kr/ko/stories/practice-room-vocal1#%ED%9A%A8%EA%B3%BC%EC%A0%81%EC%9D%B8-%EB%B3%B4%EC%BB%AC-%EC%97%B0%EC%8A%B5-%EB%A3%A8%ED%8B%B4",practice-room-vocal1,"노래연습실",0,4,0.00,8.0
"https://studionol.co.kr/ko/stories/practice-room-vocal1#%ED%9A%A8%EA%B3%BC%EC%A0%81%EC%9D%B8-%EB%B3%B4%EC%BB%AC-%EC%97%B0%EC%8A%B5-%EB%A3%A8%ED%8B%B4",practice-room-vocal1,"보컬 연습실",0,25,0.00,5.4
"https://studionol.co.kr/ko/stories/practice-room-vocal1#%ED%9A%A8%EA%B3%BC%EC%A0%81%EC%9D%B8-%EB%B3%B4%EC%BB%AC-%EC%97%B0%EC%8A%B5-%EB%A3%A8%ED%8B%B4",practice-room-vocal1,"보컬 연습실 대여",0,11,0.00,8.9
"https://studionol.co.kr/ko/stories/practice-room-vocal1#%ED%9A%A8%EA%B3%BC%EC%A0%81%EC%9D%B8-%EB%B3%B4%EC%BB%AC-%EC%97%B0%EC%8A%B5-%EB%A3%A8%ED%8B%B4",practice-room-vocal1,"보컬연습실",0,8,0.00,6.8
"https://studionol.co.kr/ko/stories/practice-room-vocal1#%ED%9A%A8%EA%B3%BC%EC%A0%81%EC%9D%B8-%EB%B3%B4%EC%BB%AC-%EC%97%B0%EC%8A%B5-%EB%A3%A8%ED%8B%B4",practice-room-vocal1,"보컬연습실 대여",0,4,0.00,10.0
"https://studionol.co.kr/ko/stories/practice-room-vocal1#pa-%EB%AA%A8%EB%8B%88%ED%84%B0%EB%A7%81%EC%9C%BC%EB%A1%9C-%EC%8B%A4%EB%A0%A5-%ED%96%A5%EC%83%81%EC%8B%9C%ED%82%A4%EB%8A%94-%EB%B2%95",practice-room-vocal1,"노래 연습실",0,9,0.00,7.6
"https://studionol.co.kr/ko/stories/practice-room-vocal1#pa-%EB%AA%A8%EB%8B%88%ED%84%B0%EB%A7%81%EC%9C%BC%EB%A1%9C-%EC%8B%A4%EB%A0%A5-%ED%96%A5%EC%83%81%EC%8B%9C%ED%82%A4%EB%8A%94-%EB%B2%95",practice-room-vocal1,"노래연습실",0,4,0.00,8.0
"https://studionol.co.kr/ko/stories/practice-room-vocal1#pa-%EB%AA%A8%EB%8B%88%ED%84%B0%EB%A7%81%EC%9C%BC%EB%A1%9C-%EC%8B%A4%EB%A0%A5-%ED%96%A5%EC%83%81%EC%8B%9C%ED%82%A4%EB%8A%94-%EB%B2%95",practice-room-vocal1,"보컬 연습실",0,25,0.00,5.4
"https://studionol.co.kr/ko/stories/practice-room-vocal1#pa-%EB%AA%A8%EB%8B%88%ED%84%B0%EB%A7%81%EC%9C%BC%EB%A1%9C-%EC%8B%A4%EB%A0%A5-%ED%96%A5%EC%83%81%EC%8B%9C%ED%82%A4%EB%8A%94-%EB%B2%95",practice-room-vocal1,"보컬 연습실 대여",0,11,0.00,8.9
"https://studionol.co.kr/ko/stories/practice-room-vocal1#pa-%EB%AA%A8%EB%8B%88%ED%84%B0%EB%A7%81%EC%9C%BC%EB%A1%9C-%EC%8B%A4%EB%A0%A5-%ED%96%A5%EC%83%81%EC%8B%9C%ED%82%A4%EB%8A%94-%EB%B2%95",practice-room-vocal1,"보컬연습실",0,8,0.00,6.8
"https://studionol.co.kr/ko/stories/practice-room-vocal1#pa-%EB%AA%A8%EB%8B%88%ED%84%B0%EB%A7%81%EC%9C%BC%EB%A1%9C-%EC%8B%A4%EB%A0%A5-%ED%96%A5%EC%83%81%EC%8B%9C%ED%82%A4%EB%8A%94-%EB%B2%95",practice-room-vocal1,"보컬연습실 대여",0,4,0.00,10.0
"https://studionol.co.kr/ko/stories/practice-room-voice-health1",practice-room-voice-health1,"site:studionol.co.kr",0,1,0.00,241.0
"https://studionol.co.kr/ko/stories/practice-room-voice-health1",practice-room-voice-health1,"보컬 목 관리",0,1,0.00,37.0
"https://studionol.co.kr/ko/stories/practice-room-voice-health1",practice-room-voice-health1,"성대 스트레칭",0,1,0.00,26.0
"https://studionol.co.kr/ko/stories/practice-room-voice-health1",practice-room-voice-health1,"올바른 발성",0,22,0.00,7.5
"https://studionol.co.kr/ko/stories/practice-room-vs-karaoke1",practice-room-vs-karaoke1,"노래 연습 장소",0,2,0.00,6.0
"https://studionol.co.kr/ko/stories/practice-room-vs-karaoke1",practice-room-vs-karaoke1,"노래 연습실",0,1,0.00,7.0
"https://studionol.co.kr/ko/stories/practice-room-vs-karaoke1",practice-room-vs-karaoke1,"노래연습실",0,3,0.00,9.7
"https://studionol.co.kr/ko/stories/practice-room-vs-karaoke1",practice-room-vs-karaoke1,"보컬 연습실",0,7,0.00,16.9
"https://studionol.co.kr/ko/stories/practice-room-vs-karaoke1",practice-room-vs-karaoke1,"보컬 연습실 디시",0,2,0.00,14.0
"https://studionol.co.kr/ko/stories/practice-room-vs-karaoke1",practice-room-vs-karaoke1,"보컬연습실",0,1,0.00,3.0
"https://studionol.co.kr/ko/stories/practice-room-vs-rehearsal1",practice-room-vs-rehearsal1,"음악작업실",0,1,0.00,44.0
"https://studionol.co.kr/ko/stories/practice-room-vs-rehearsal1",practice-room-vs-rehearsal1,"합주실 가격",0,1,0.00,32.0
"https://studionol.co.kr/ko/stories/practice-room-vs-rehearsal1",practice-room-vs-rehearsal1,"합주실 대여 비용",0,3,0.00,13.3
"https://studionol.co.kr/ko/stories/practice-room-vs-rehearsal1",practice-room-vs-rehearsal1,"합주실 영어로",0,4,0.00,1.8
"https://studionol.co.kr/ko/stories/practice-room-wedding1",practice-room-wedding1,"""소리의 축가 듣다를 배워가""",0,3,0.00,7.7
"https://studionol.co.kr/ko/stories/practice-room-wedding1",practice-room-wedding1,"""소리의 축가 듣다를 배워가"" korean",0,1,0.00,9.0
"https://studionol.co.kr/ko/stories/practice-room-wedding1",practice-room-wedding1,"""소리의 축가"" ""듣다를 배워가""",0,1,0.00,6.0
"https://studionol.co.kr/ko/stories/practice-room-wedding1",practice-room-wedding1,"site:studionol.co.kr",0,1,0.00,189.0
"https://studionol.co.kr/ko/stories/practice-room-wedding1",practice-room-wedding1,"소리의 축가 듣다를 배워가",0,14,0.00,6.2
"https://studionol.co.kr/ko/stories/practice-room-wedding1",practice-room-wedding1,"축가 댄스 반주 음향 프리랜서",0,1,0.00,8.0
"https://studionol.co.kr/ko/stories/practice-room-wind1",practice-room-wind1,"관악기",0,1,0.00,6.0
"https://studionol.co.kr/ko/stories/practice-room-wind1",practice-room-wind1,"연습실",0,1,0.00,4.0
"https://studionol.co.kr/ko/stories/practice-room-wondang1",practice-room-wondang1,"site:studionol.co.kr",0,1,0.00,198.0
"https://studionol.co.kr/ko/stories/practice-room-wonheung1",practice-room-wonheung1,"site:studionol.co.kr",0,2,0.00,181.0
"https://studionol.co.kr/ko/stories/practice-room-yeonsinnae1",practice-room-yeonsinnae1,"site:studionol.co.kr",0,1,0.00,170.0
"https://studionol.co.kr/ko/stories/practice-room-yeonsinnae1",practice-room-yeonsinnae1,"스튜디오 놀",0,1,0.00,1.0
"https://studionol.co.kr/ko/stories/practice-room-yeonsinnae1",practice-room-yeonsinnae1,"연습실 자동화 시스템",0,9,0.00,61.1
"https://studionol.co.kr/ko/stories/practice-room-yeonsinnae1",practice-room-yeonsinnae1,"연신내 연습실",0,1,0.00,15.0
"https://studionol.co.kr/ko/stories/practice-room-yeonsinnae1",practice-room-yeonsinnae1,"음악 작업실",0,1,0.00,37.0
"https://studionol.co.kr/ko/stories/practice-schedule1",practice-schedule1,"site:studionol.co.kr",0,1,0.00,87.0
"https://studionol.co.kr/ko/stories/practice-schedule1",practice-schedule1,"고음 내는 방법",0,1,0.00,1.0
"https://studionol.co.kr/ko/stories/practice-schedule1",practice-schedule1,"고음 내는법",0,29,0.00,1.0
"https://studionol.co.kr/ko/stories/practice-schedule1",practice-schedule1,"고음 올리는법",0,3,0.00,1.0
"https://studionol.co.kr/ko/stories/practice-schedule1",practice-schedule1,"고음 하는법",0,1,0.00,1.0
"https://studionol.co.kr/ko/stories/practice-schedule1",practice-schedule1,"고음내는 법",0,1,0.00,1.0
"https://studionol.co.kr/ko/stories/practice-schedule1",practice-schedule1,"고음내는법",0,5,0.00,1.0
"https://studionol.co.kr/ko/stories/practice-schedule1",practice-schedule1,"고음올리는법",0,1,0.00,1.0
"https://studionol.co.kr/ko/stories/practice-schedule1",practice-schedule1,"노래 독학",0,1,0.00,15.0
"https://studionol.co.kr/ko/stories/practice-schedule1",practice-schedule1,"노래 레슨",0,1,0.00,25.0
"https://studionol.co.kr/ko/stories/practice-schedule1",practice-schedule1,"노래 발성 연습 디시",0,1,0.00,10.0
"https://studionol.co.kr/ko/stories/practice-schedule1",practice-schedule1,"노래 연습 방법",0,4,0.00,5.3
"https://studionol.co.kr/ko/stories/practice-schedule1",practice-schedule1,"노래연습",0,25,0.00,2.3
"https://studionol.co.kr/ko/stories/practice-schedule1",practice-schedule1,"보컬",0,1,0.00,4.0
"https://studionol.co.kr/ko/stories/practice-schedule1",practice-schedule1,"보컬 기본기",0,10,0.00,8.7
"https://studionol.co.kr/ko/stories/practice-schedule1",practice-schedule1,"보컬 트레이닝",0,11,0.00,18.1
"https://studionol.co.kr/ko/stories/practice-schedule1",practice-schedule1,"보컬 트레이닝 기본 방법",0,3,0.00,6.7
"https://studionol.co.kr/ko/stories/practice-schedule1",practice-schedule1,"보컬 학원",0,1,0.00,4.0
"https://studionol.co.kr/ko/stories/practice-schedule1",practice-schedule1,"보컬레슨",0,1,0.00,37.0
"https://studionol.co.kr/ko/stories/practice-schedule1",practice-schedule1,"보컬연습",0,32,0.00,5.3
"https://studionol.co.kr/ko/stories/practice-schedule1",practice-schedule1,"보컬학원",0,2,0.00,4.0
"https://studionol.co.kr/ko/stories/practice-schedule1",practice-schedule1,"피아노 잘 치는법",0,1,0.00,2.0
"https://studionol.co.kr/ko/stories/practice-schedule1#%EB%A7%A4%EC%9D%BC-30%EB%B6%84-%EB%B0%A9%EB%B2%95%EC%9D%B4-%EC%A4%91%EC%9A%94%ED%95%A9%EB%8B%88%EB%8B%A4",practice-schedule1,"보컬 기본기",0,1,0.00,10.0
"https://studionol.co.kr/ko/stories/practice-schedule1#%EC%A7%91%EC%A4%91-%ED%9B%88%EB%A0%A8-10%EB%B6%84",practice-schedule1,"보컬 기본기",0,1,0.00,10.0
"https://studionol.co.kr/ko/stories/practice-schedule1#%ED%95%98%EB%A3%A8-30%EB%B6%84-%EA%B8%B0%EB%B3%B8-%EB%A3%A8%ED%8B%B4",practice-schedule1,"보컬 기본기",0,1,0.00,10.0
"https://studionol.co.kr/ko/stories/pre-chorus1",pre-chorus1,"프리코러스",0,4,0.00,6.3
"https://studionol.co.kr/ko/stories/pre-chorus1",pre-chorus1,"프리코러스 뜻",0,2,0.00,5.5
"https://studionol.co.kr/ko/stories/preamp1",preamp1,"마이크 프리",0,1,0.00,42.0
"https://studionol.co.kr/ko/stories/preamp1",preamp1,"마이크 프리 앰프 추천",0,1,0.00,28.0
"https://studionol.co.kr/ko/stories/preamp1",preamp1,"마이크 프리앰프",0,48,0.00,34.6
"https://studionol.co.kr/ko/stories/preamp1",preamp1,"마이크 프리앰프 교정",0,82,0.00,22.8
"https://studionol.co.kr/ko/stories/preamp1",preamp1,"프리 앰프 추천",0,1,0.00,28.0
"https://studionol.co.kr/ko/stories/pricing1",pricing1,"가격은?",0,1,0.00,2.0
"https://studionol.co.kr/ko/stories/pricing1",pricing1,"녹음 스튜디오 대여 비용",0,3,0.00,1.0
"https://studionol.co.kr/ko/stories/pricing1",pricing1,"녹음실 대여 비용",0,17,0.00,3.0
"https://studionol.co.kr/ko/stories/pricing1",pricing1,"보통 얼마?",0,1,0.00,2.0
"https://studionol.co.kr/ko/stories/pricing1",pricing1,"비용",0,1,0.00,3.0
"https://studionol.co.kr/ko/stories/pricing1",pricing1,"성우 녹음 섭외 견적",0,2,0.00,33.0
"https://studionol.co.kr/ko/stories/pricing1",pricing1,"성우 녹음 섭외 비용",0,7,0.00,23.4
"https://studionol.co.kr/ko/stories/producer1",producer1,"음반 프로듀서",0,4,0.00,2.8
"https://studionol.co.kr/ko/stories/producer1",producer1,"음악 직업",0,20,0.00,1.0
"https://studionol.co.kr/ko/stories/producer1",producer1,"음악 프로듀서 되는법",0,1,0.00,1.0
"https://studionol.co.kr/ko/stories/producer1",producer1,"음악 프로듀서 유명인",0,3,0.00,9.0
"https://studionol.co.kr/ko/stories/producer1",producer1,"음악 프로듀서 자격증",0,3,0.00,6.0
"https://studionol.co.kr/ko/stories/producer1",producer1,"음악 프로듀서 하는 일",0,65,0.00,9.4
"https://studionol.co.kr/ko/stories/producer1",producer1,"음악가가 되려면",0,1,0.00,1.0
"https://studionol.co.kr/ko/stories/producer1",producer1,"음악감독 되는법",0,1,0.00,24.0
"https://studionol.co.kr/ko/stories/producer1",producer1,"음악직업",0,2,0.00,1.0
"https://studionol.co.kr/ko/stories/producer1",producer1,"음악프로",0,1,0.00,1.0
"https://studionol.co.kr/ko/stories/producer1",producer1,"음악프로듀서",0,82,0.00,6.9
"https://studionol.co.kr/ko/stories/producer1",producer1,"작곡가",0,1,0.00,4.0
"https://studionol.co.kr/ko/stories/producer1",producer1,"작곡가 되는법",0,1,0.00,22.0
"https://studionol.co.kr/ko/stories/producer1",producer1,"프로듀서",0,121,0.00,7.4
"https://studionol.co.kr/ko/stories/producer1",producer1,"프로듀서 모집",0,1,0.00,17.0
"https://studionol.co.kr/ko/stories/producer1",producer1,"프로듀서 하는 일",0,4,0.00,20.5
"https://studionol.co.kr/ko/stories/producer1",producer1,"프로듀서가 하는일",0,1,0.00,25.0
"https://studionol.co.kr/ko/stories/producer1",producer1,"프로듀싱",0,70,0.00,9.1
"https://studionol.co.kr/ko/stories/producer1",producer1,"프로듀싱 뜻",0,2,0.00,19.0
"https://studionol.co.kr/ko/stories/producer1",producer1,"프로듀싱 장비",0,1,0.00,5.0
"https://studionol.co.kr/ko/stories/producer1",producer1,"프로듀싱 하는법",0,33,0.00,5.4
"https://studionol.co.kr/ko/stories/producer1",producer1,"힙합 레이블 들어가는 법",0,2,0.00,38.0
"https://studionol.co.kr/ko/stories/producer1",producer1,"힙합 프로듀싱",0,1,0.00,28.0
"https://studionol.co.kr/ko/stories/producer1#%EC%8B%9C%EC%9E%91-%EB%A1%9C%EB%93%9C%EB%A7%B5",producer1,"음악 프로듀서",0,46,0.00,7.5
"https://studionol.co.kr/ko/stories/producer1#%EC%8B%9C%EC%9E%91-%EB%A1%9C%EB%93%9C%EB%A7%B5",producer1,"음악 프로듀서 되는 법",0,24,0.00,2.2
"https://studionol.co.kr/ko/stories/producer1#%EC%8B%9C%EC%9E%91-%EB%A1%9C%EB%93%9C%EB%A7%B5",producer1,"음악 프로듀싱",0,8,0.00,8.6
"https://studionol.co.kr/ko/stories/producer1#%EC%8B%9C%EC%9E%91-%EB%A1%9C%EB%93%9C%EB%A7%B5",producer1,"음악프로듀서",0,4,0.00,7.0
"https://studionol.co.kr/ko/stories/producer1#%EC%8B%9C%EC%9E%91-%EB%A1%9C%EB%93%9C%EB%A7%B5",producer1,"프로듀서 되는법",0,1,0.00,3.0
"https://studionol.co.kr/ko/stories/producer1#%EC%8B%9C%EC%9E%91-%EB%A1%9C%EB%93%9C%EB%A7%B5",producer1,"힙합 프로듀서 되는법",0,3,0.00,3.0
"https://studionol.co.kr/ko/stories/producer1#%EC%9D%8C%EC%95%85-%ED%94%84%EB%A1%9C%EB%93%80%EC%84%9C%EC%9D%98-%EC%A2%85%EB%A5%98",producer1,"음악 프로듀서",0,46,0.00,7.5
"https://studionol.co.kr/ko/stories/producer1#%EC%9D%8C%EC%95%85-%ED%94%84%EB%A1%9C%EB%93%80%EC%84%9C%EC%9D%98-%EC%A2%85%EB%A5%98",producer1,"음악 프로듀서 되는 법",0,24,0.00,2.2
"https://studionol.co.kr/ko/stories/producer1#%EC%9D%8C%EC%95%85-%ED%94%84%EB%A1%9C%EB%93%80%EC%84%9C%EC%9D%98-%EC%A2%85%EB%A5%98",producer1,"음악 프로듀싱",0,8,0.00,8.6
"https://studionol.co.kr/ko/stories/producer1#%EC%9D%8C%EC%95%85-%ED%94%84%EB%A1%9C%EB%93%80%EC%84%9C%EC%9D%98-%EC%A2%85%EB%A5%98",producer1,"음악프로듀서",0,4,0.00,7.0
"https://studionol.co.kr/ko/stories/producer1#%EC%9D%8C%EC%95%85-%ED%94%84%EB%A1%9C%EB%93%80%EC%84%9C%EC%9D%98-%EC%A2%85%EB%A5%98",producer1,"프로듀서 되는법",0,1,0.00,3.0
"https://studionol.co.kr/ko/stories/producer1#%EC%9D%8C%EC%95%85-%ED%94%84%EB%A1%9C%EB%93%80%EC%84%9C%EC%9D%98-%EC%A2%85%EB%A5%98",producer1,"힙합 프로듀서 되는법",0,11,0.00,3.2
"https://studionol.co.kr/ko/stories/producer1#%EC%9D%8C%EC%95%85-%ED%94%84%EB%A1%9C%EB%93%80%EC%84%9C-%EC%96%B4%EB%94%94%EC%84%9C%EB%B6%80%ED%84%B0-%EC%8B%9C%EC%9E%91%ED%95%A0%EA%B9%8C",producer1,"음악 프로듀서",0,46,0.00,7.5
"https://studionol.co.kr/ko/stories/producer1#%EC%9D%8C%EC%95%85-%ED%94%84%EB%A1%9C%EB%93%80%EC%84%9C-%EC%96%B4%EB%94%94%EC%84%9C%EB%B6%80%ED%84%B0-%EC%8B%9C%EC%9E%91%ED%95%A0%EA%B9%8C",producer1,"음악 프로듀서 되는 법",0,24,0.00,2.2
"https://studionol.co.kr/ko/stories/producer1#%EC%9D%8C%EC%95%85-%ED%94%84%EB%A1%9C%EB%93%80%EC%84%9C-%EC%96%B4%EB%94%94%EC%84%9C%EB%B6%80%ED%84%B0-%EC%8B%9C%EC%9E%91%ED%95%A0%EA%B9%8C",producer1,"음악 프로듀싱",0,8,0.00,8.6
"https://studionol.co.kr/ko/stories/producer1#%EC%9D%8C%EC%95%85-%ED%94%84%EB%A1%9C%EB%93%80%EC%84%9C-%EC%96%B4%EB%94%94%EC%84%9C%EB%B6%80%ED%84%B0-%EC%8B%9C%EC%9E%91%ED%95%A0%EA%B9%8C",producer1,"음악프로듀서",0,4,0.00,7.0
"https://studionol.co.kr/ko/stories/producer1#%EC%9D%8C%EC%95%85-%ED%94%84%EB%A1%9C%EB%93%80%EC%84%9C-%EC%96%B4%EB%94%94%EC%84%9C%EB%B6%80%ED%84%B0-%EC%8B%9C%EC%9E%91%ED%95%A0%EA%B9%8C",producer1,"프로듀서 되는법",0,1,0.00,3.0
"https://studionol.co.kr/ko/stories/producer1#%EC%9D%8C%EC%95%85-%ED%94%84%EB%A1%9C%EB%93%80%EC%84%9C-%EC%96%B4%EB%94%94%EC%84%9C%EB%B6%80%ED%84%B0-%EC%8B%9C%EC%9E%91%ED%95%A0%EA%B9%8C",producer1,"힙합 프로듀서 되는법",0,10,0.00,3.1
"https://studionol.co.kr/ko/stories/producer1#daw-%EC%84%A0%ED%83%9D-%EA%B0%80%EC%9D%B4%EB%93%9C",producer1,"음악 프로듀서",0,32,0.00,8.0
"https://studionol.co.kr/ko/stories/producer1#daw-%EC%84%A0%ED%83%9D-%EA%B0%80%EC%9D%B4%EB%93%9C",producer1,"음악 프로듀서 되는 법",0,18,0.00,2.1
"https://studionol.co.kr/ko/stories/producer1#daw-%EC%84%A0%ED%83%9D-%EA%B0%80%EC%9D%B4%EB%93%9C",producer1,"음악 프로듀싱",0,3,0.00,8.7
"https://studionol.co.kr/ko/stories/producer1#daw-%EC%84%A0%ED%83%9D-%EA%B0%80%EC%9D%B4%EB%93%9C",producer1,"음악프로듀서",0,2,0.00,6.5
"https://studionol.co.kr/ko/stories/producer1#daw-%EC%84%A0%ED%83%9D-%EA%B0%80%EC%9D%B4%EB%93%9C",producer1,"프로듀서 되는법",0,1,0.00,3.0
"https://studionol.co.kr/ko/stories/producer1#daw-%EC%84%A0%ED%83%9D-%EA%B0%80%EC%9D%B4%EB%93%9C",producer1,"힙합 프로듀서 되는법",0,11,0.00,3.2
"https://studionol.co.kr/ko/stories/producer1#studio-nol%EC%97%90%EC%84%9C-%EC%8B%A0%EC%9D%B8-%ED%94%84%EB%A1%9C%EB%93%80%EC%84%9C%EA%B0%80-%EB%B3%B4%EC%BB%AC-%EB%85%B9%EC%9D%8C-%EC%9D%98%EB%A2%B0%ED%95%A0-%EB%95%8C-%EA%B0%80%EC%9E%A5-%EC%9E%90%EC%A3%BC-%EB%B3%B4%EB%8A%94-3%EA%B0%80%EC%A7%80",producer1,"음악 프로듀서",0,14,0.00,9.3
"https://studionol.co.kr/ko/stories/producer1#studio-nol%EC%97%90%EC%84%9C-%EC%8B%A0%EC%9D%B8-%ED%94%84%EB%A1%9C%EB%93%80%EC%84%9C%EA%B0%80-%EB%B3%B4%EC%BB%AC-%EB%85%B9%EC%9D%8C-%EC%9D%98%EB%A2%B0%ED%95%A0-%EB%95%8C-%EA%B0%80%EC%9E%A5-%EC%9E%90%EC%A3%BC-%EB%B3%B4%EB%8A%94-3%EA%B0%80%EC%A7%80",producer1,"음악 프로듀서 되는 법",0,3,0.00,2.3
"https://studionol.co.kr/ko/stories/producer1#studio-nol%EC%97%90%EC%84%9C-%EC%8B%A0%EC%9D%B8-%ED%94%84%EB%A1%9C%EB%93%80%EC%84%9C%EA%B0%80-%EB%B3%B4%EC%BB%AC-%EB%85%B9%EC%9D%8C-%EC%9D%98%EB%A2%B0%ED%95%A0-%EB%95%8C-%EA%B0%80%EC%9E%A5-%EC%9E%90%EC%A3%BC-%EB%B3%B4%EB%8A%94-3%EA%B0%80%EC%A7%80",producer1,"음악 프로듀싱",0,1,0.00,10.0
"https://studionol.co.kr/ko/stories/producer1#studio-nol%EC%97%90%EC%84%9C-%EC%8B%A0%EC%9D%B8-%ED%94%84%EB%A1%9C%EB%93%80%EC%84%9C%EA%B0%80-%EB%B3%B4%EC%BB%AC-%EB%85%B9%EC%9D%8C-%EC%9D%98%EB%A2%B0%ED%95%A0-%EB%95%8C-%EA%B0%80%EC%9E%A5-%EC%9E%90%EC%A3%BC-%EB%B3%B4%EB%8A%94-3%EA%B0%80%EC%A7%80",producer1,"음악프로듀서",0,1,0.00,7.0
"https://studionol.co.kr/ko/stories/producer1#studio-nol%EC%97%90%EC%84%9C-%EC%8B%A0%EC%9D%B8-%ED%94%84%EB%A1%9C%EB%93%80%EC%84%9C%EA%B0%80-%EB%B3%B4%EC%BB%AC-%EB%85%B9%EC%9D%8C-%EC%9D%98%EB%A2%B0%ED%95%A0-%EB%95%8C-%EA%B0%80%EC%9E%A5-%EC%9E%90%EC%A3%BC-%EB%B3%B4%EB%8A%94-3%EA%B0%80%EC%A7%80",producer1,"프로듀서 되는법",0,1,0.00,3.0
"https://studionol.co.kr/ko/stories/producer1#studio-nol%EC%97%90%EC%84%9C-%EC%8B%A0%EC%9D%B8-%ED%94%84%EB%A1%9C%EB%93%80%EC%84%9C%EA%B0%80-%EB%B3%B4%EC%BB%AC-%EB%85%B9%EC%9D%8C-%EC%9D%98%EB%A2%B0%ED%95%A0-%EB%95%8C-%EA%B0%80%EC%9E%A5-%EC%9E%90%EC%A3%BC-%EB%B3%B4%EB%8A%94-3%EA%B0%80%EC%A7%80",producer1,"힙합 프로듀서 되는법",0,1,0.00,4.0
"https://studionol.co.kr/ko/stories/protools1",protools1,"site:studionol.co.kr",0,1,0.00,8.0
"https://studionol.co.kr/ko/stories/protools1",protools1,"프로툴",0,1,0.00,12.0
"https://studionol.co.kr/ko/stories/rap-recording1",rap-recording1,"site:studionol.co.kr",0,4,0.00,110.8
"https://studionol.co.kr/ko/stories/rap-recording1",rap-recording1,"랩 녹음",0,5,0.00,3.2
"https://studionol.co.kr/ko/stories/rap-recording1",rap-recording1,"랩 딕션",0,8,0.00,6.8
"https://studionol.co.kr/ko/stories/rap-recording1",rap-recording1,"랩 딕션 좋아지는 법",0,1,0.00,18.0
"https://studionol.co.kr/ko/stories/rap-recording1",rap-recording1,"보컬랩",0,4,0.00,7.5
"https://studionol.co.kr/ko/stories/rap-recording1",rap-recording1,"힙합",0,2,0.00,1.0
"https://studionol.co.kr/ko/stories/rap-recording1",rap-recording1,"힙합 마이크",0,6,0.00,8.5
"https://studionol.co.kr/ko/stories/rap1",rap1,"site:studionol.co.kr",0,7,0.00,4.0
"https://studionol.co.kr/ko/stories/rap1",rap1,"랩 딕션",0,12,0.00,7.8
"https://studionol.co.kr/ko/stories/rap1",rap1,"랩 딕션 좋아지는 법",0,2,0.00,7.0
"https://studionol.co.kr/ko/stories/rap1",rap1,"랩 발음",0,1,0.00,1.0
"https://studionol.co.kr/ko/stories/rap1",rap1,"랩 발음 연습",0,12,0.00,5.9
"https://studionol.co.kr/ko/stories/rap1",rap1,"랩 발음 좋아지는법",0,1,0.00,9.0
"https://studionol.co.kr/ko/stories/rap1",rap1,"랩 잘하는 기준",0,9,0.00,9.4
"https://studionol.co.kr/ko/stories/rap1",rap1,"랩 잘하는법",0,11,0.00,8.0
"https://studionol.co.kr/ko/stories/rap1",rap1,"랩잘하는법",0,2,0.00,9.0
"https://studionol.co.kr/ko/stories/rap1",rap1,"보컬플로우",0,1,0.00,17.0
"https://studionol.co.kr/ko/stories/rap1",rap1,"브레스 컨트롤 팁",0,1,0.00,28.0
"https://studionol.co.kr/ko/stories/reaper1",reaper1,"cockos reaper",0,7,0.00,4.3
"https://studionol.co.kr/ko/stories/reaper1",reaper1,"cockos reaper daw",0,2,0.00,4.0
"https://studionol.co.kr/ko/stories/reaper1",reaper1,"cocos reaper",0,1,0.00,9.0
"https://studionol.co.kr/ko/stories/reaper1",reaper1,"reaeq 설정",0,1,0.00,10.0
"https://studionol.co.kr/ko/stories/reaper1",reaper1,"reaper daw",0,6,0.00,7.2
"https://studionol.co.kr/ko/stories/reaper1",reaper1,"reaper daw 가격",0,19,0.00,7.8
"https://studionol.co.kr/ko/stories/reaper1",reaper1,"reaper 가격",0,3,0.00,8.3
"https://studionol.co.kr/ko/stories/reaper1",reaper1,"reaper 녹음",0,7,0.00,7.1
"https://studionol.co.kr/ko/stories/reaper1",reaper1,"reaper 사용법",0,3,0.00,26.7
"https://studionol.co.kr/ko/stories/reaper1",reaper1,"site:studionol.co.kr",0,1,0.00,19.0
"https://studionol.co.kr/ko/stories/reaper1",reaper1,"리퍼 프로그램",0,1,0.00,34.0
"https://studionol.co.kr/ko/stories/record-deal1",record-deal1,"site:studionol.co.kr",0,1,0.00,136.0
"https://studionol.co.kr/ko/stories/record-deal1",record-deal1,"레이블 회사",0,1,0.00,36.0
"https://studionol.co.kr/ko/stories/record-deal1",record-deal1,"레이블의 음악 유통 비용은 얼마인가요?",0,8,0.00,9.6
"https://studionol.co.kr/ko/stories/record-deal1",record-deal1,"레코드 레이블",0,12,0.00,8.0
"https://studionol.co.kr/ko/stories/record-deal1",record-deal1,"음반 레이블",0,1,0.00,1.0
"https://studionol.co.kr/ko/stories/record-deal1",record-deal1,"음악 레이블",0,1,0.00,29.0
"https://studionol.co.kr/ko/stories/recording-cost1",recording-cost1,"site:studionol.co.kr",0,1,0.00,60.0
"https://studionol.co.kr/ko/stories/recording-cost1",recording-cost1,"성우 녹음 섭외 비용",0,2,0.00,35.5
"https://studionol.co.kr/ko/stories/recording-cost1",recording-cost1,"알려줘",0,1,0.00,5.0
"https://studionol.co.kr/ko/stories/recording-environment1",recording-environment1,"site:studionol.co.kr",0,1,0.00,83.0
"https://studionol.co.kr/ko/stories/recording-environment1",recording-environment1,"방음룸",0,3,0.00,10.7
"https://studionol.co.kr/ko/stories/recording-environment1",recording-environment1,"스튜디오 흡음재",0,9,0.00,7.2
"https://studionol.co.kr/ko/stories/recording-environment1",recording-environment1,"원룸 소리 녹음",0,3,0.00,9.7
"https://studionol.co.kr/ko/stories/recording-environment1",recording-environment1,"자취방 방음 디시",0,1,0.00,21.0
"https://studionol.co.kr/ko/stories/recording-environment1",recording-environment1,"홈 레코딩 방음 디시",0,1,0.00,42.0
"https://studionol.co.kr/ko/stories/recording-price1",recording-price1,"가격은?",0,1,0.00,13.0
"https://studionol.co.kr/ko/stories/recording-price1",recording-price1,"견적",0,1,0.00,2.0
"https://studionol.co.kr/ko/stories/recording-price1",recording-price1,"권남우 마스터링 가격",0,1,0.00,17.0
"https://studionol.co.kr/ko/stories/recording-price1",recording-price1,"나 잠수 믹싱 가격",0,30,0.00,5.8
"https://studionol.co.kr/ko/stories/recording-price1",recording-price1,"나잠수 믹싱 가격",0,9,0.00,6.6
"https://studionol.co.kr/ko/stories/recording-price1",recording-price1,"녹음실 대여 비용",0,2,0.00,3.0
"https://studionol.co.kr/ko/stories/recording-price1",recording-price1,"마스터링",0,1,0.00,7.0
"https://studionol.co.kr/ko/stories/recording-price1",recording-price1,"마스터링 가격",0,3,0.00,8.0
"https://studionol.co.kr/ko/stories/recording-price1",recording-price1,"믹서기 가격",0,1,0.00,1.0
"https://studionol.co.kr/ko/stories/recording-price1",recording-price1,"믹싱 마스터링",0,1,0.00,1.0
"https://studionol.co.kr/ko/stories/recording-price1",recording-price1,"믹싱 스튜디오",0,4,0.00,10.5
"https://studionol.co.kr/ko/stories/recording-price1",recording-price1,"보컬 녹음",0,1,0.00,1.0
"https://studionol.co.kr/ko/stories/recording-price1",recording-price1,"성우 녹음 비용",0,1,0.00,43.0
"https://studionol.co.kr/ko/stories/recording-price1",recording-price1,"성우 녹음 섭외 견적",0,4,0.00,23.8
"https://studionol.co.kr/ko/stories/recording-price1",recording-price1,"성우 녹음 섭외 비용",0,9,0.00,12.4
"https://studionol.co.kr/ko/stories/recording-price1",recording-price1,"오디오 엔지니어링 견적",0,8,0.00,25.1
"https://studionol.co.kr/ko/stories/recording-price1",recording-price1,"오디오 엔지니어링 비용",0,11,0.00,19.7
"https://studionol.co.kr/ko/stories/recording-price1",recording-price1,"음악 음원 제작 견적",0,1,0.00,36.0
"https://studionol.co.kr/ko/stories/recording-price1",recording-price1,"타라맛스 믹싱 가격",0,1,0.00,1.0
"https://studionol.co.kr/ko/stories/recording-price1",recording-price1,"필요",0,1,0.00,2.0
"https://studionol.co.kr/ko/stories/recording-price1#%EB%AA%A9%EC%A0%81%EB%B3%84-%EC%84%9C%EB%B9%84%EC%8A%A4-%EC%B6%94%EC%B2%9C",recording-price1,"믹싱 가격",0,7,0.00,4.9
"https://studionol.co.kr/ko/stories/recording-price1#%EB%AA%A9%EC%A0%81%EB%B3%84-%EC%84%9C%EB%B9%84%EC%8A%A4-%EC%B6%94%EC%B2%9C",recording-price1,"믹싱 비용",0,2,0.00,3.0
"https://studionol.co.kr/ko/stories/recording-price1#%EB%AA%A9%EC%A0%81%EB%B3%84-%EC%84%9C%EB%B9%84%EC%8A%A4-%EC%B6%94%EC%B2%9C",recording-price1,"믹싱 외주 가격",0,2,0.00,7.5
"https://studionol.co.kr/ko/stories/recording-price1#%EC%84%9C%EB%B9%84%EC%8A%A4%EB%B3%84-%EA%B0%80%EA%B2%A9-%EA%B8%B0%EC%A4%80-%EA%B5%AD%EB%82%B4-%EC%9D%BC%EB%B0%98-%EA%B8%B0%EC%A4%80",recording-price1,"믹싱 가격",0,7,0.00,4.9
"https://studionol.co.kr/ko/stories/recording-price1#%EC%84%9C%EB%B9%84%EC%8A%A4%EB%B3%84-%EA%B0%80%EA%B2%A9-%EA%B8%B0%EC%A4%80-%EA%B5%AD%EB%82%B4-%EC%9D%BC%EB%B0%98-%EA%B8%B0%EC%A4%80",recording-price1,"믹싱 비용",0,2,0.00,3.0
"https://studionol.co.kr/ko/stories/recording-price1#%EC%84%9C%EB%B9%84%EC%8A%A4%EB%B3%84-%EA%B0%80%EA%B2%A9-%EA%B8%B0%EC%A4%80-%EA%B5%AD%EB%82%B4-%EC%9D%BC%EB%B0%98-%EA%B8%B0%EC%A4%80",recording-price1,"믹싱 외주 가격",0,2,0.00,7.5
"https://studionol.co.kr/ko/stories/recording-price1#%EC%9D%8C%EB%B0%98-%EC%A0%9C%EC%9E%91-%EB%B9%84%EC%9A%A9-%EC%98%88%EC%82%B0%EC%97%90-%EB%A7%9E%EB%8A%94-%EC%84%9C%EB%B9%84%EC%8A%A4-%EC%84%A0%ED%83%9D",recording-price1,"믹싱 가격",0,7,0.00,4.9
"https://studionol.co.kr/ko/stories/recording-price1#%EC%9D%8C%EB%B0%98-%EC%A0%9C%EC%9E%91-%EB%B9%84%EC%9A%A9-%EC%98%88%EC%82%B0%EC%97%90-%EB%A7%9E%EB%8A%94-%EC%84%9C%EB%B9%84%EC%8A%A4-%EC%84%A0%ED%83%9D",recording-price1,"믹싱 비용",0,2,0.00,3.0
"https://studionol.co.kr/ko/stories/recording-price1#%EC%9D%8C%EB%B0%98-%EC%A0%9C%EC%9E%91-%EB%B9%84%EC%9A%A9-%EC%98%88%EC%82%B0%EC%97%90-%EB%A7%9E%EB%8A%94-%EC%84%9C%EB%B9%84%EC%8A%A4-%EC%84%A0%ED%83%9D",recording-price1,"믹싱 외주 가격",0,2,0.00,7.5
"https://studionol.co.kr/ko/stories/recording-price1#studio-nol-%EC%8B%A4%EC%A0%9C-%EA%B0%80%EA%B2%A9-2026-%EA%B8%B0%EC%A4%80-vat-%EB%B3%84%EB%8F%84",recording-price1,"믹싱 가격",0,7,0.00,4.9
"https://studionol.co.kr/ko/stories/recording-price1#studio-nol-%EC%8B%A4%EC%A0%9C-%EA%B0%80%EA%B2%A9-2026-%EA%B8%B0%EC%A4%80-vat-%EB%B3%84%EB%8F%84",recording-price1,"믹싱 비용",0,2,0.00,3.0
"https://studionol.co.kr/ko/stories/recording-price1#studio-nol-%EC%8B%A4%EC%A0%9C-%EA%B0%80%EA%B2%A9-2026-%EA%B8%B0%EC%A4%80-vat-%EB%B3%84%EB%8F%84",recording-price1,"믹싱 외주 가격",0,2,0.00,7.5
"https://studionol.co.kr/ko/stories/recordingday1",recordingday1,"site:studionol.co.kr",0,2,0.00,30.0
"https://studionol.co.kr/ko/stories/rehearsal1",rehearsal1,"녹음실",0,1,0.00,12.0
"https://studionol.co.kr/ko/stories/rehearsal1",rehearsal1,"스튜디오 놀",0,1,0.00,1.0
"https://studionol.co.kr/ko/stories/remotedir1",remotedir1,"site:studionol.co.kr",0,1,0.00,10.0
"https://studionol.co.kr/ko/stories/remotedir1",remotedir1,"디렉팅",0,3,0.00,8.3
"https://studionol.co.kr/ko/stories/remotedir1",remotedir1,"보컬 디렉터",0,2,0.00,20.0
"https://studionol.co.kr/ko/stories/remotedir1",remotedir1,"보컬 디렉팅",0,6,0.00,9.7
"https://studionol.co.kr/ko/stories/resonance1",resonance1,"공명 찾는법",0,7,0.00,9.3
"https://studionol.co.kr/ko/stories/resonance1",resonance1,"목소리 공명",0,11,0.00,5.5
"https://studionol.co.kr/ko/stories/revenue1",revenue1,"10위는",0,1,0.00,8.0
"https://studionol.co.kr/ko/stories/revenue1",revenue1,"ai 음원 유통 디시",0,1,0.00,1.0
"https://studionol.co.kr/ko/stories/revenue1",revenue1,"distrokid 수익 후기",0,2,0.00,1.0
"https://studionol.co.kr/ko/stories/revenue1",revenue1,"melon 숲트리밍",0,1,0.00,10.0
"https://studionol.co.kr/ko/stories/revenue1",revenue1,"qwer 뜻",0,1,0.00,3.0
"https://studionol.co.kr/ko/stories/revenue1",revenue1,"qwer 수익",0,2,0.00,1.0
"https://studionol.co.kr/ko/stories/revenue1",revenue1,"yg plus 음원 유통",0,1,0.00,10.0
"https://studionol.co.kr/ko/stories/revenue1",revenue1,"yg plus 음원 유통 후기",0,2,0.00,2.0
"https://studionol.co.kr/ko/stories/revenue1",revenue1,"루미넌트엔터테인먼트 음원 유통",0,1,0.00,9.0
"https://studionol.co.kr/ko/stories/revenue1",revenue1,"멜론 숲트리밍",0,2,0.00,10.0
"https://studionol.co.kr/ko/stories/revenue1",revenue1,"멜론 숲트리밍 esg",0,6,0.00,9.5
"https://studionol.co.kr/ko/stories/revenue1",revenue1,"멜론 숲트리밍 스트리밍 이벤트",0,4,0.00,8.3
"https://studionol.co.kr/ko/stories/revenue1",revenue1,"멜론티켓 숲트리밍",0,1,0.00,7.0
"https://studionol.co.kr/ko/stories/revenue1",revenue1,"ㅇ",0,1,0.00,1.0
"https://studionol.co.kr/ko/stories/revenue1",revenue1,"갑자기 멜론",0,1,0.00,8.0
"https://studionol.co.kr/ko/stories/revenue1",revenue1,"국내는 없어?",0,1,0.00,7.0
"https://studionol.co.kr/ko/stories/revenue1",revenue1,"그니까 얼마",0,1,0.00,1.0
"https://studionol.co.kr/ko/stories/revenue1",revenue1,"꿈과 관련된 노래",0,1,0.00,9.0
"https://studionol.co.kr/ko/stories/revenue1",revenue1,"네",0,2,0.00,4.5
"https://studionol.co.kr/ko/stories/revenue1",revenue1,"대략",0,2,0.00,3.0
"https://studionol.co.kr/ko/stories/revenue1",revenue1,"돈은",0,1,0.00,1.0
"https://studionol.co.kr/ko/stories/revenue1",revenue1,"디스트 로 키드 정산 후기",0,1,0.00,1.0
"https://studionol.co.kr/ko/stories/revenue1",revenue1,"래퍼 수익",0,5,0.00,1.0
"https://studionol.co.kr/ko/stories/revenue1",revenue1,"리센느 멜론 순위",0,1,0.00,11.0
"https://studionol.co.kr/ko/stories/revenue1",revenue1,"멜론",0,1,0.00,2.0
"https://studionol.co.kr/ko/stories/revenue1",revenue1,"멜론 1위 수익",0,5,0.00,5.6
"https://studionol.co.kr/ko/stories/revenue1",revenue1,"멜론 ai 음원 등록",0,1,0.00,1.0
"https://studionol.co.kr/ko/stories/revenue1",revenue1,"멜론 순위 올리기",0,1,0.00,9.0
"https://studionol.co.kr/ko/stories/revenue1",revenue1,"멜론 스밍 가이드",0,3,0.00,8.3
"https://studionol.co.kr/ko/stories/revenue1",revenue1,"멜론 스트리밍 방법",0,2,0.00,10.0
"https://studionol.co.kr/ko/stories/revenue1",revenue1,"멜론 스포티파이",0,3,0.00,9.7
"https://studionol.co.kr/ko/stories/revenue1",revenue1,"멜론 음원 구매 방법",0,1,0.00,1.0
"https://studionol.co.kr/ko/stories/revenue1",revenue1,"멜론 음원 등록",0,1,0.00,1.0
"https://studionol.co.kr/ko/stories/revenue1",revenue1,"멜론 음원 등록 비용",0,8,0.00,10.3
"https://studionol.co.kr/ko/stories/revenue1",revenue1,"멜론 평생 무료",0,1,0.00,6.0
"https://studionol.co.kr/ko/stories/revenue1",revenue1,"멜론차트 1위 수익",0,7,0.00,9.1
"https://studionol.co.kr/ko/stories/revenue1",revenue1,"뮤직뱅크 멜론 관련 정보",0,2,0.00,9.5
"https://studionol.co.kr/ko/stories/revenue1",revenue1,"수익",0,3,0.00,2.7
"https://studionol.co.kr/ko/stories/revenue1",revenue1,"스트리밍 수익",0,22,0.00,4.5
"https://studionol.co.kr/ko/stories/revenue1",revenue1,"스포티 파이 스트리밍 수익",0,7,0.00,8.1
"https://studionol.co.kr/ko/stories/revenue1",revenue1,"스포티 파이 음원 등록 비용",0,37,0.00,8.8
"https://studionol.co.kr/ko/stories/revenue1",revenue1,"스포티파이",0,1,0.00,4.0
"https://studionol.co.kr/ko/stories/revenue1",revenue1,"스포티파이 로열티 계산 방식",0,8,0.00,7.5
"https://studionol.co.kr/ko/stories/revenue1",revenue1,"스포티파이 멜론",0,7,0.00,9.4
"https://studionol.co.kr/ko/stories/revenue1",revenue1,"스포티파이 멜론 비교",0,1,0.00,10.0
"https://studionol.co.kr/ko/stories/revenue1",revenue1,"스포티파이 수익구조",0,2,0.00,9.0
"https://studionol.co.kr/ko/stories/revenue1",revenue1,"스포티파이 스밍하는법",0,1,0.00,49.0
"https://studionol.co.kr/ko/stories/revenue1",revenue1,"스포티파이 스트리밍 수익",0,44,0.00,5.8
"https://studionol.co.kr/ko/stories/revenue1",revenue1,"스포티파이 음원 수익",0,3,0.00,6.0
"https://studionol.co.kr/ko/stories/revenue1",revenue1,"스포티파이 정산",0,17,0.00,9.0
"https://studionol.co.kr/ko/stories/revenue1",revenue1,"스포티파이 코리아",0,1,0.00,4.0
"https://studionol.co.kr/ko/stories/revenue1",revenue1,"스포티파이는?",0,2,0.00,5.0
"https://studionol.co.kr/ko/stories/revenue1",revenue1,"시차 음원 수익 디시",0,1,0.00,2.0
"https://studionol.co.kr/ko/stories/revenue1",revenue1,"신승훈 나이",0,1,0.00,3.0
"https://studionol.co.kr/ko/stories/revenue1",revenue1,"아이돌 수익",0,1,0.00,1.0
"https://studionol.co.kr/ko/stories/revenue1",revenue1,"얼마 벌었어?",0,1,0.00,7.0
"https://studionol.co.kr/ko/stories/revenue1",revenue1,"얼마?",0,1,0.00,3.0
"https://studionol.co.kr/ko/stories/revenue1",revenue1,"얼마야?",0,1,0.00,1.0
"https://studionol.co.kr/ko/stories/revenue1",revenue1,"예측해봐",0,1,0.00,2.0
"https://studionol.co.kr/ko/stories/revenue1",revenue1,"오디오 콘텐츠 비용",0,1,0.00,63.0
"https://studionol.co.kr/ko/stories/revenue1",revenue1,"유튜브 기업가치",0,1,0.00,3.0
"https://studionol.co.kr/ko/stories/revenue1",revenue1,"유튜브 음원 수익",0,2,0.00,1.0
"https://studionol.co.kr/ko/stories/revenue1",revenue1,"유튜브 음원수익",0,1,0.00,1.0
"https://studionol.co.kr/ko/stories/revenue1",revenue1,"유튜브 조회수 음원 스트리밍보다 중요한 이유",0,2,0.00,2.0
"https://studionol.co.kr/ko/stories/revenue1",revenue1,"유튜브 조회수 음원 스트리밍보다 중요한 이유 k-pop",0,1,0.00,2.0
"https://studionol.co.kr/ko/stories/revenue1",revenue1,"음악산업",0,1,0.00,1.0
"https://studionol.co.kr/ko/stories/revenue1",revenue1,"음원 구매",0,1,0.00,3.0
"https://studionol.co.kr/ko/stories/revenue1",revenue1,"음원 뜻",0,1,0.00,28.0
"https://studionol.co.kr/ko/stories/revenue1",revenue1,"음원 수익",0,60,0.00,4.8
"https://studionol.co.kr/ko/stories/revenue1",revenue1,"음원 수익 사이트",0,3,0.00,19.3
"https://studionol.co.kr/ko/stories/revenue1",revenue1,"음원 스트리밍 수익",0,26,0.00,6.5
"https://studionol.co.kr/ko/stories/revenue1",revenue1,"음원 스트리밍보다 유튜브 조회수 중요한 이유",0,1,0.00,2.0
"https://studionol.co.kr/ko/stories/revenue1",revenue1,"음원 유통사",0,1,0.00,10.0
"https://studionol.co.kr/ko/stories/revenue1",revenue1,"음원만들기",0,1,0.00,1.0
"https://studionol.co.kr/ko/stories/revenue1",revenue1,"음원수익 디시",0,1,0.00,2.0
"https://studionol.co.kr/ko/stories/revenue1",revenue1,"음원수입",0,1,0.00,6.0
"https://studionol.co.kr/ko/stories/revenue1",revenue1,"음원유통사",0,3,0.00,1.7
"https://studionol.co.kr/ko/stories/revenue1",revenue1,"음원총공팀 뜻",0,1,0.00,3.0
"https://studionol.co.kr/ko/stories/revenue1",revenue1,"응",0,1,0.00,3.0
"https://studionol.co.kr/ko/stories/revenue1",revenue1,"이 자료의 출처",0,1,0.00,7.0
"https://studionol.co.kr/ko/stories/revenue1",revenue1,"임영웅 콘서트 예매 일정",0,1,0.00,7.0
"https://studionol.co.kr/ko/stories/revenue1",revenue1,"저작권료 계산",0,5,0.00,14.0
"https://studionol.co.kr/ko/stories/revenue1",revenue1,"정확히",0,1,0.00,1.0
"https://studionol.co.kr/ko/stories/revenue1",revenue1,"천상연 원곡",0,1,0.00,6.0
"https://studionol.co.kr/ko/stories/revenue1",revenue1,"추정",0,1,0.00,3.0
"https://studionol.co.kr/ko/stories/revenue1",revenue1,"추정해줘",0,1,0.00,2.0
"https://studionol.co.kr/ko/stories/revenue1",revenue1,"한로로",0,1,0.00,2.0
"https://studionol.co.kr/ko/stories/revenue1",revenue1,"홀덤 딜러 수입",0,1,0.00,10.0
"https://studionol.co.kr/ko/stories/revenue1",revenue1,"황희찬 연봉",0,1,0.00,5.0
"https://studionol.co.kr/ko/stories/revenue1#%EC%9D%8C%EC%9B%90-%EB%B0%9C%EB%A7%A4-%ED%9B%84-%EC%88%98%EC%9D%B5-%ED%98%84%EC%8B%A4%EC%A0%81%EC%9C%BC%EB%A1%9C-%EC%95%8C%EA%B8%B0",revenue1,"스포티파이 수익 구조",0,1,0.00,7.0
"https://studionol.co.kr/ko/stories/revenue1#%EC%9D%8C%EC%9B%90-%EB%B0%9C%EB%A7%A4-%ED%9B%84-%EC%88%98%EC%9D%B5-%ED%98%84%EC%8B%A4%EC%A0%81%EC%9C%BC%EB%A1%9C-%EC%95%8C%EA%B8%B0",revenue1,"음원 수익",0,6,0.00,6.0
"https://studionol.co.kr/ko/stories/revenue1#%EC%9D%8C%EC%9B%90-%EB%B0%9C%EB%A7%A4-%ED%9B%84-%EC%88%98%EC%9D%B5-%ED%98%84%EC%8B%A4%EC%A0%81%EC%9C%BC%EB%A1%9C-%EC%95%8C%EA%B8%B0",revenue1,"음원 수익 구조",0,3,0.00,4.3
"https://studionol.co.kr/ko/stories/revenue1#%EC%9D%8C%EC%9B%90-%EB%B0%9C%EB%A7%A4-%ED%9B%84-%EC%88%98%EC%9D%B5-%ED%98%84%EC%8B%A4%EC%A0%81%EC%9C%BC%EB%A1%9C-%EC%95%8C%EA%B8%B0",revenue1,"음원 수익 분배 구조",0,3,0.00,8.7
"https://studionol.co.kr/ko/stories/revenue1#%EC%9D%8C%EC%9B%90-%EB%B0%9C%EB%A7%A4-%ED%9B%84-%EC%88%98%EC%9D%B5-%ED%98%84%EC%8B%A4%EC%A0%81%EC%9C%BC%EB%A1%9C-%EC%95%8C%EA%B8%B0",revenue1,"음원수익",0,8,0.00,4.4
"https://studionol.co.kr/ko/stories/revenue1#%ED%94%8C%EB%9E%AB%ED%8F%BC%EB%B3%84-%EC%8A%A4%ED%8A%B8%EB%A6%AC%EB%B0%8D-%EB%8B%A8%EA%B0%80",revenue1,"스포티파이 수익 구조",0,1,0.00,7.0
"https://studionol.co.kr/ko/stories/revenue1#%ED%94%8C%EB%9E%AB%ED%8F%BC%EB%B3%84-%EC%8A%A4%ED%8A%B8%EB%A6%AC%EB%B0%8D-%EB%8B%A8%EA%B0%80",revenue1,"음원 수익",0,6,0.00,6.0
"https://studionol.co.kr/ko/stories/revenue1#%ED%94%8C%EB%9E%AB%ED%8F%BC%EB%B3%84-%EC%8A%A4%ED%8A%B8%EB%A6%AC%EB%B0%8D-%EB%8B%A8%EA%B0%80",revenue1,"음원 수익 구조",0,3,0.00,4.3
"https://studionol.co.kr/ko/stories/revenue1#%ED%94%8C%EB%9E%AB%ED%8F%BC%EB%B3%84-%EC%8A%A4%ED%8A%B8%EB%A6%AC%EB%B0%8D-%EB%8B%A8%EA%B0%80",revenue1,"음원 수익 분배 구조",0,3,0.00,8.7
"https://studionol.co.kr/ko/stories/revenue1#%ED%94%8C%EB%9E%AB%ED%8F%BC%EB%B3%84-%EC%8A%A4%ED%8A%B8%EB%A6%AC%EB%B0%8D-%EB%8B%A8%EA%B0%80",revenue1,"음원수익",0,8,0.00,4.4
"https://studionol.co.kr/ko/stories/reverb-mixing1",reverb-mixing1,"더 자세히",0,1,0.00,8.0
"https://studionol.co.kr/ko/stories/reverb-mixing1",reverb-mixing1,"리버브",0,1,0.00,4.0
"https://studionol.co.kr/ko/stories/reverb-mixing1",reverb-mixing1,"리버브 악기",0,2,0.00,7.5
"https://studionol.co.kr/ko/stories/reverb-mixing1",reverb-mixing1,"리버브 종류",0,2,0.00,5.0
"https://studionol.co.kr/ko/stories/reverb-mixing1",reverb-mixing1,"마이크 리버브",0,1,0.00,35.0
"https://studionol.co.kr/ko/stories/reverb-mixing1",reverb-mixing1,"보컬 리버브",0,43,0.00,5.3
"https://studionol.co.kr/ko/stories/reverb-types1",reverb-types1,"hall plate",0,5,0.00,7.4
"https://studionol.co.kr/ko/stories/reverb-types1",reverb-types1,"plate room",0,1,0.00,6.0
"https://studionol.co.kr/ko/stories/reverb-types1",reverb-types1,"reverb",0,2,0.00,2.0
"https://studionol.co.kr/ko/stories/reverb-types1",reverb-types1,"reverb hall",0,1,0.00,7.0
"https://studionol.co.kr/ko/stories/reverb-types1",reverb-types1,"reverb room",0,1,0.00,2.0
"https://studionol.co.kr/ko/stories/reverb-types1",reverb-types1,"reverb 뜻",0,1,0.00,1.0
"https://studionol.co.kr/ko/stories/reverb-types1",reverb-types1,"site:studionol.co.kr",0,1,0.00,72.0
"https://studionol.co.kr/ko/stories/reverb-types1",reverb-types1,"vocal hall",0,2,0.00,2.5
"https://studionol.co.kr/ko/stories/reverb-types1",reverb-types1,"리버브",0,1,0.00,3.0
"https://studionol.co.kr/ko/stories/reverb-types1",reverb-types1,"리버브 뜻",0,8,0.00,1.0
"https://studionol.co.kr/ko/stories/reverb-types1",reverb-types1,"리버브 추천",0,5,0.00,19.6
"https://studionol.co.kr/ko/stories/reverb-types1",reverb-types1,"보컬 리버브 딜레이 양 조절 가사 전달력 유지",0,1,0.00,23.0
"https://studionol.co.kr/ko/stories/reverb-types1",reverb-types1,"보컬 종류",0,1,0.00,4.0
"https://studionol.co.kr/ko/stories/reverb-types1",reverb-types1,"트윈리버브",0,1,0.00,2.0
"https://studionol.co.kr/ko/stories/reverb-types1",reverb-types1,"플레이트 리버브",0,97,0.00,7.5
"https://studionol.co.kr/ko/stories/reverb-types1#%EB%A6%AC%EB%B2%84%EB%B8%8C-%EC%A2%85%EB%A5%98%EB%B3%84-%ED%8A%B9%EC%84%B1",reverb-types1,"리버브 종류",0,41,0.00,4.2
"https://studionol.co.kr/ko/stories/reverb-types1#%EB%A6%AC%EB%B2%84%EB%B8%8C-%EC%A2%85%EB%A5%98%EB%B3%84-%ED%8A%B9%EC%84%B1",reverb-types1,"리버브 추천",0,3,0.00,10.0
"https://studionol.co.kr/ko/stories/reverb-types1#%EB%A6%AC%EB%B2%84%EB%B8%8C-%EC%A2%85%EB%A5%98%EB%B3%84-%ED%8A%B9%EC%84%B1",reverb-types1,"플레이트 리버브",0,10,0.00,5.6
"https://studionol.co.kr/ko/stories/reverb-types1#%EB%A6%AC%EB%B2%84%EB%B8%8C-%EC%A2%85%EB%A5%98-%EA%B3%B5%EA%B0%84%EC%9D%B4-%EC%82%AC%EC%9A%B4%EB%93%9C%EB%A5%BC-%EB%B0%94%EA%BE%BC%EB%8B%A4",reverb-types1,"리버브 종류",0,41,0.00,4.2
"https://studionol.co.kr/ko/stories/reverb-types1#%EB%A6%AC%EB%B2%84%EB%B8%8C-%EC%A2%85%EB%A5%98-%EA%B3%B5%EA%B0%84%EC%9D%B4-%EC%82%AC%EC%9A%B4%EB%93%9C%EB%A5%BC-%EB%B0%94%EA%BE%BC%EB%8B%A4",reverb-types1,"리버브 추천",0,3,0.00,10.0
"https://studionol.co.kr/ko/stories/reverb-types1#%EB%A6%AC%EB%B2%84%EB%B8%8C-%EC%A2%85%EB%A5%98-%EA%B3%B5%EA%B0%84%EC%9D%B4-%EC%82%AC%EC%9A%B4%EB%93%9C%EB%A5%BC-%EB%B0%94%EA%BE%BC%EB%8B%A4",reverb-types1,"플레이트 리버브",0,10,0.00,5.6
"https://studionol.co.kr/ko/stories/reverb-types1#%ED%95%B5%EC%8B%AC-%ED%8C%8C%EB%9D%BC%EB%AF%B8%ED%84%B0",reverb-types1,"리버브 종류",0,41,0.00,4.2
"https://studionol.co.kr/ko/stories/reverb-types1#%ED%95%B5%EC%8B%AC-%ED%8C%8C%EB%9D%BC%EB%AF%B8%ED%84%B0",reverb-types1,"리버브 추천",0,3,0.00,10.0
"https://studionol.co.kr/ko/stories/reverb-types1#%ED%95%B5%EC%8B%AC-%ED%8C%8C%EB%9D%BC%EB%AF%B8%ED%84%B0",reverb-types1,"플레이트 리버브",0,10,0.00,5.6
"https://studionol.co.kr/ko/stories/reverb1",reverb1,"chamber room 차이",0,4,0.00,12.5
"https://studionol.co.kr/ko/stories/reverb1",reverb1,"hall plate",0,1,0.00,6.0
"https://studionol.co.kr/ko/stories/reverb1",reverb1,"plate hall",0,1,0.00,1.0
"https://studionol.co.kr/ko/stories/reverb1",reverb1,"reverb hall",0,2,0.00,3.0
"https://studionol.co.kr/ko/stories/reverb1",reverb1,"reverb 뜻",0,2,0.00,12.5
"https://studionol.co.kr/ko/stories/reverb1",reverb1,"vocal hall",0,3,0.00,2.3
"https://studionol.co.kr/ko/stories/reverb1",reverb1,"네",0,1,0.00,4.0
"https://studionol.co.kr/ko/stories/reverb1",reverb1,"노래방 리버브 설정",0,1,0.00,8.0
"https://studionol.co.kr/ko/stories/reverb1",reverb1,"리버브란",0,2,0.00,12.0
"https://studionol.co.kr/ko/stories/reverb1",reverb1,"발라드",0,1,0.00,1.0
"https://studionol.co.kr/ko/stories/reverb1",reverb1,"보컬",0,1,0.00,2.0
"https://studionol.co.kr/ko/stories/reverb1",reverb1,"보컬 리버브",0,2,0.00,12.5
"https://studionol.co.kr/ko/stories/reverb1",reverb1,"보컬 리버브 딜레이 양 조절 가사 전달력 유지",0,1,0.00,50.0
"https://studionol.co.kr/ko/stories/reverb1",reverb1,"플레이트 리버브",0,15,0.00,9.1
"https://studionol.co.kr/ko/stories/review2",review2,"브레스 컨트롤 후기",0,3,0.00,25.7
"https://studionol.co.kr/ko/stories/review6",review6,"브레스 컨트롤 후기",0,1,0.00,30.0
"https://studionol.co.kr/ko/stories/review9",review9,"미디세놀",0,2,0.00,8.0
"https://studionol.co.kr/ko/stories/rhythm-training1",rhythm-training1,"그루브리듬",0,1,0.00,9.0
"https://studionol.co.kr/ko/stories/rhythm-training1",rhythm-training1,"리듬",0,1,0.00,2.0
"https://studionol.co.kr/ko/stories/rnb-production1",rnb-production1,"site:studionol.co.kr",0,1,0.00,64.0
"https://studionol.co.kr/ko/stories/rnb1",rnb1,"site:studionol.co.kr",0,1,0.00,43.0
"https://studionol.co.kr/ko/stories/rock-vocal1",rock-vocal1,"site:studionol.co.kr",0,1,0.00,97.0
"https://studionol.co.kr/ko/stories/royalty1",royalty1,"komca",0,52,0.00,6.1
"https://studionol.co.kr/ko/stories/royalty1",royalty1,"komca check code",0,1,0.00,7.0
"https://studionol.co.kr/ko/stories/royalty1",royalty1,"komca kr",0,2,0.00,7.5
"https://studionol.co.kr/ko/stories/royalty1",royalty1,"komca 저작권",0,112,0.00,4.7
"https://studionol.co.kr/ko/stories/royalty1",royalty1,"komca.or.kr",0,5,0.00,5.0
"https://studionol.co.kr/ko/stories/royalty1",royalty1,"komca의 저작물 코드 200002821213는 무슨 곡이야?",0,1,0.00,9.0
"https://studionol.co.kr/ko/stories/royalty1",royalty1,"가수 저작권",0,7,0.00,9.6
"https://studionol.co.kr/ko/stories/royalty1",royalty1,"가수 저작권료",0,9,0.00,8.9
"https://studionol.co.kr/ko/stories/royalty1",royalty1,"개인사정",0,1,0.00,8.0
"https://studionol.co.kr/ko/stories/royalty1",royalty1,"군가 저작권",0,1,0.00,1.0
"https://studionol.co.kr/ko/stories/royalty1",royalty1,"김동률 여자친구",0,1,0.00,11.0
"https://studionol.co.kr/ko/stories/royalty1",royalty1,"노래 저작권",0,2,0.00,9.0
"https://studionol.co.kr/ko/stories/royalty1",royalty1,"노래 저작권 등록",0,7,0.00,10.4
"https://studionol.co.kr/ko/stories/royalty1",royalty1,"노래 저작권료",0,5,0.00,10.8
"https://studionol.co.kr/ko/stories/royalty1",royalty1,"둘다요.",0,1,0.00,11.0
"https://studionol.co.kr/ko/stories/royalty1",royalty1,"모르겠음",0,1,0.00,4.0
"https://studionol.co.kr/ko/stories/royalty1",royalty1,"소급",0,1,0.00,2.0
"https://studionol.co.kr/ko/stories/royalty1",royalty1,"예",0,1,0.00,1.0
"https://studionol.co.kr/ko/stories/royalty1",royalty1,"음악 음원 제작 견적",0,3,0.00,35.3
"https://studionol.co.kr/ko/stories/royalty1",royalty1,"음악 음원 제작 비용",0,4,0.00,27.8
"https://studionol.co.kr/ko/stories/royalty1",royalty1,"음악 음원 제작 전문가",0,4,0.00,28.5
"https://studionol.co.kr/ko/stories/royalty1",royalty1,"음악 저작 인접권",0,2,0.00,10.0
"https://studionol.co.kr/ko/stories/royalty1",royalty1,"음악 저작권",0,11,0.00,9.9
"https://studionol.co.kr/ko/stories/royalty1",royalty1,"음악 저작권 검색",0,1,0.00,25.0
"https://studionol.co.kr/ko/stories/royalty1",royalty1,"음악 저작권 구매 방법",0,14,0.00,10.4
"https://studionol.co.kr/ko/stories/royalty1",royalty1,"음악 저작권 구매 사이트",0,2,0.00,22.0
"https://studionol.co.kr/ko/stories/royalty1",royalty1,"음악 저작권 등록",0,29,0.00,8.9
"https://studionol.co.kr/ko/stories/royalty1",royalty1,"음악 저작권 등록 방법",0,19,0.00,9.1
"https://studionol.co.kr/ko/stories/royalty1",royalty1,"음악 저작권 협회",0,3,0.00,11.3
"https://studionol.co.kr/ko/stories/royalty1",royalty1,"음악 저작권 확인 사이트",0,1,0.00,36.0
"https://studionol.co.kr/ko/stories/royalty1",royalty1,"음악 저작권료",0,13,0.00,11.1
"https://studionol.co.kr/ko/stories/royalty1",royalty1,"음악 저작권을 지키는 방법",0,1,0.00,5.0
"https://studionol.co.kr/ko/stories/royalty1",royalty1,"음악 저작권협회",0,1,0.00,4.0
"https://studionol.co.kr/ko/stories/royalty1",royalty1,"음악저작권",0,6,0.00,11.8
"https://studionol.co.kr/ko/stories/royalty1",royalty1,"음악저작권 등록 방법",0,1,0.00,9.0
"https://studionol.co.kr/ko/stories/royalty1",royalty1,"음악저작권협회",0,8,0.00,10.4
"https://studionol.co.kr/ko/stories/royalty1",royalty1,"음원 등록",0,2,0.00,53.0
"https://studionol.co.kr/ko/stories/royalty1",royalty1,"음원 등록 방법",0,1,0.00,48.0
"https://studionol.co.kr/ko/stories/royalty1",royalty1,"음원 저작권",0,9,0.00,12.2
"https://studionol.co.kr/ko/stories/royalty1",royalty1,"음원 저작권 등록",0,4,0.00,11.0
"https://studionol.co.kr/ko/stories/royalty1",royalty1,"음원 저작권료",0,20,0.00,5.7
"https://studionol.co.kr/ko/stories/royalty1",royalty1,"음원등록",0,2,0.00,38.0
"https://studionol.co.kr/ko/stories/royalty1",royalty1,"음원저작권",0,16,0.00,13.1
"https://studionol.co.kr/ko/stories/royalty1",royalty1,"음원저작권협회",0,2,0.00,10.0
"https://studionol.co.kr/ko/stories/royalty1",royalty1,"인접권 저작권 비율",0,1,0.00,8.0
"https://studionol.co.kr/ko/stories/royalty1",royalty1,"자작곡",0,1,0.00,3.0
"https://studionol.co.kr/ko/stories/royalty1",royalty1,"작곡가 저작권료",0,1,0.00,11.0
"https://studionol.co.kr/ko/stories/royalty1",royalty1,"작곡가가 가질수 있는 저작권",0,1,0.00,7.0
"https://studionol.co.kr/ko/stories/royalty1",royalty1,"작사 작곡 저작권료 비율",0,1,0.00,20.0
"https://studionol.co.kr/ko/stories/royalty1",royalty1,"작사가 저작권료",0,3,0.00,10.3
"https://studionol.co.kr/ko/stories/royalty1",royalty1,"저작권 구매",0,1,0.00,6.0
"https://studionol.co.kr/ko/stories/royalty1",royalty1,"저작권 음악",0,28,0.00,15.1
"https://studionol.co.kr/ko/stories/royalty1",royalty1,"저작권 협회",0,3,0.00,14.3
"https://studionol.co.kr/ko/stories/royalty1",royalty1,"저작권 협회 등록",0,1,0.00,10.0
"https://studionol.co.kr/ko/stories/royalty1",royalty1,"저작권료",0,5,0.00,21.0
"https://studionol.co.kr/ko/stories/royalty1",royalty1,"저작권료 계산",0,5,0.00,14.0
"https://studionol.co.kr/ko/stories/royalty1",royalty1,"저작권협회",0,17,0.00,15.4
"https://studionol.co.kr/ko/stories/royalty1",royalty1,"저작권협회 등록",0,3,0.00,10.7
"https://studionol.co.kr/ko/stories/royalty1",royalty1,"콤카",0,1,0.00,9.0
"https://studionol.co.kr/ko/stories/royalty1",royalty1,"한국 음악 저작권 협회",0,3,0.00,13.7
"https://studionol.co.kr/ko/stories/royalty1",royalty1,"한국 저작권 협회",0,1,0.00,14.0
"https://studionol.co.kr/ko/stories/royalty1",royalty1,"한국음악저작권",0,2,0.00,11.0
"https://studionol.co.kr/ko/stories/royalty1",royalty1,"한국음악저작권 협회",0,1,0.00,26.0
"https://studionol.co.kr/ko/stories/royalty1",royalty1,"한국음악저작권협회",0,6,0.00,13.0
"https://studionol.co.kr/ko/stories/royalty1",royalty1,"한국음악저작권협회 komca",0,10,0.00,9.2
"https://studionol.co.kr/ko/stories/royalty1",royalty1,"한국음악저작권협회 가입",0,13,0.00,8.6
"https://studionol.co.kr/ko/stories/royalty1",royalty1,"한국음악저작권협회 등록",0,4,0.00,9.8
"https://studionol.co.kr/ko/stories/royalty1",royalty1,"한국음악저작권협회 이용허락",0,2,0.00,9.5
"https://studionol.co.kr/ko/stories/royalty1",royalty1,"한국음악저작권협회 정회원",0,1,0.00,20.0
"https://studionol.co.kr/ko/stories/royalty1",royalty1,"한국음악저작권협회(komca)",0,22,0.00,8.0
"https://studionol.co.kr/ko/stories/royalty1",royalty1,"한국저작권협회",0,1,0.00,18.0
"https://studionol.co.kr/ko/stories/runs1",runs1,"멜리스마",0,1,0.00,1.0
"https://studionol.co.kr/ko/stories/runs1",runs1,"멜리스마 연습",0,1,0.00,4.0
"https://studionol.co.kr/ko/stories/sample-rate1",sample-rate1,"16-bit/44.1 khz",0,1,0.00,1.0
"https://studionol.co.kr/ko/stories/sample-rate1",sample-rate1,"16-bit/44.1khz.",0,1,0.00,1.0
"https://studionol.co.kr/ko/stories/sample-rate1",sample-rate1,"16bit 44.1khz",0,19,0.00,6.8
"https://studionol.co.kr/ko/stories/sample-rate1",sample-rate1,"16bit/44.1khz",0,1,0.00,2.0
"https://studionol.co.kr/ko/stories/sample-rate1",sample-rate1,"22.05khz",0,2,0.00,9.5
"https://studionol.co.kr/ko/stories/sample-rate1",sample-rate1,"24 bit 48 khz",0,2,0.00,12.0
"https://studionol.co.kr/ko/stories/sample-rate1",sample-rate1,"24 bit 48khz",0,1,0.00,7.0
"https://studionol.co.kr/ko/stories/sample-rate1",sample-rate1,"24-bit/48khz.",0,1,0.00,10.0
"https://studionol.co.kr/ko/stories/sample-rate1",sample-rate1,"24bit",0,1,0.00,8.0
"https://studionol.co.kr/ko/stories/sample-rate1",sample-rate1,"24bit 44.1 khz",0,1,0.00,1.0
"https://studionol.co.kr/ko/stories/sample-rate1",sample-rate1,"24bit 44.1khz",0,3,0.00,6.0
"https://studionol.co.kr/ko/stories/sample-rate1",sample-rate1,"24bit 48khz",0,19,0.00,3.5
"https://studionol.co.kr/ko/stories/sample-rate1",sample-rate1,"24bit wav",0,1,0.00,1.0
"https://studionol.co.kr/ko/stories/sample-rate1",sample-rate1,"24bit/44.1khz",0,1,0.00,4.0
"https://studionol.co.kr/ko/stories/sample-rate1",sample-rate1,"24bit/48khz",0,1,0.00,1.0
"https://studionol.co.kr/ko/stories/sample-rate1",sample-rate1,"24비트 192khz",0,1,0.00,20.0
"https://studionol.co.kr/ko/stories/sample-rate1",sample-rate1,"24비트 192khz 디시",0,1,0.00,1.0
"https://studionol.co.kr/ko/stories/sample-rate1",sample-rate1,"32bit 48khz",0,1,0.00,20.0
"https://studionol.co.kr/ko/stories/sample-rate1",sample-rate1,"44.1",0,1,0.00,3.0
"https://studionol.co.kr/ko/stories/sample-rate1",sample-rate1,"44.1 48",0,3,0.00,9.3
"https://studionol.co.kr/ko/stories/sample-rate1",sample-rate1,"44.1 48 차이",0,1,0.00,11.0
"https://studionol.co.kr/ko/stories/sample-rate1",sample-rate1,"44.1 khz",0,1,0.00,27.0
"https://studionol.co.kr/ko/stories/sample-rate1",sample-rate1,"44.1 vs 48 vs 96",0,1,0.00,11.0
"https://studionol.co.kr/ko/stories/sample-rate1",sample-rate1,"44.1khz 24 bit",0,1,0.00,7.0
"https://studionol.co.kr/ko/stories/sample-rate1",sample-rate1,"44.1khz 24bit",0,3,0.00,6.0
"https://studionol.co.kr/ko/stories/sample-rate1",sample-rate1,"44.1khz 48khz",0,3,0.00,9.7
"https://studionol.co.kr/ko/stories/sample-rate1",sample-rate1,"44.1khz 48khz 차이",0,6,0.00,11.0
"https://studionol.co.kr/ko/stories/sample-rate1",sample-rate1,"48 24",0,8,0.00,8.3
"https://studionol.co.kr/ko/stories/sample-rate1",sample-rate1,"48 48 24",0,2,0.00,14.5
"https://studionol.co.kr/ko/stories/sample-rate1",sample-rate1,"48 bit audio",0,1,0.00,7.0
"https://studionol.co.kr/ko/stories/sample-rate1",sample-rate1,"48+ 24",0,1,0.00,15.0
"https://studionol.co.kr/ko/stories/sample-rate1",sample-rate1,"48+24",0,15,0.00,9.3
"https://studionol.co.kr/ko/stories/sample-rate1",sample-rate1,"48+24+24",0,1,0.00,11.0
"https://studionol.co.kr/ko/stories/sample-rate1",sample-rate1,"48+24+24+24",0,1,0.00,9.0
"https://studionol.co.kr/ko/stories/sample-rate1",sample-rate1,"48+48+24",0,1,0.00,7.0
"https://studionol.co.kr/ko/stories/sample-rate1",sample-rate1,"48/24",0,1,0.00,11.0
"https://studionol.co.kr/ko/stories/sample-rate1",sample-rate1,"48khz",0,14,0.00,2.2
"https://studionol.co.kr/ko/stories/sample-rate1",sample-rate1,"48khz 16bit",0,2,0.00,37.0
"https://studionol.co.kr/ko/stories/sample-rate1",sample-rate1,"48khz 24bit",0,13,0.00,5.1
"https://studionol.co.kr/ko/stories/sample-rate1",sample-rate1,"48khz 44.1khz",0,3,0.00,6.7
"https://studionol.co.kr/ko/stories/sample-rate1",sample-rate1,"48×24",0,2,0.00,9.0
"https://studionol.co.kr/ko/stories/sample-rate1",sample-rate1,"48÷24",0,1,0.00,11.0
"https://studionol.co.kr/ko/stories/sample-rate1",sample-rate1,"mp3 48khz",0,1,0.00,6.0
"https://studionol.co.kr/ko/stories/sample-rate1",sample-rate1,"site:studionol.co.kr",0,1,0.00,95.0
"https://studionol.co.kr/ko/stories/sample-rate1",sample-rate1,"wav",0,2,0.00,2.0
"https://studionol.co.kr/ko/stories/sample-rate1",sample-rate1,"wav 48khz 24 bit",0,1,0.00,7.0
"https://studionol.co.kr/ko/stories/sample-rate1",sample-rate1,"샘플 레이트",0,6,0.00,15.8
"https://studionol.co.kr/ko/stories/sample-rate1",sample-rate1,"샘플 레이트 44.1 48",0,2,0.00,14.0
"https://studionol.co.kr/ko/stories/sample-rate1",sample-rate1,"샘플레이트",0,20,0.00,13.4
"https://studionol.co.kr/ko/stories/sample-rate1",sample-rate1,"샘플레이트 44.1 48",0,2,0.00,9.0
"https://studionol.co.kr/ko/stories/sample-rate1",sample-rate1,"샘플레이트 비트뎁스",0,8,0.00,6.4
"https://studionol.co.kr/ko/stories/sample-rate1",sample-rate1,"샘플레이트 비트레이트",0,4,0.00,9.8
"https://studionol.co.kr/ko/stories/sample-rate1",sample-rate1,"샘플레이트 설정",0,3,0.00,12.7
"https://studionol.co.kr/ko/stories/sample-rate1",sample-rate1,"샘플링 이론",0,1,0.00,1.0
"https://studionol.co.kr/ko/stories/sample-rate1",sample-rate1,"오디오",0,1,0.00,2.0
"https://studionol.co.kr/ko/stories/sample-rate1",sample-rate1,"유튜브 샘플레이트",0,1,0.00,29.0
"https://studionol.co.kr/ko/stories/sample-rate1",sample-rate1,"음표 박자",0,1,0.00,3.0
"https://studionol.co.kr/ko/stories/sampling-guide1",sampling-guide1,"mpc sample",0,1,0.00,33.0
"https://studionol.co.kr/ko/stories/sampling-guide1",sampling-guide1,"mpc 샘플",0,1,0.00,47.0
"https://studionol.co.kr/ko/stories/sampling-guide1",sampling-guide1,"노래 샘플링",0,1,0.00,9.0
"https://studionol.co.kr/ko/stories/sampling-guide1",sampling-guide1,"무단 샘플링",0,4,0.00,3.5
"https://studionol.co.kr/ko/stories/sampling-guide1",sampling-guide1,"샘플 클리어 비용",0,1,0.00,3.0
"https://studionol.co.kr/ko/stories/sampling-guide1",sampling-guide1,"샘플링 기법",0,7,0.00,9.3
"https://studionol.co.kr/ko/stories/sampling-guide1",sampling-guide1,"샘플링 노래",0,1,0.00,19.0
"https://studionol.co.kr/ko/stories/sampling-guide1",sampling-guide1,"샘플링 음악",0,1,0.00,8.0
"https://studionol.co.kr/ko/stories/sampling-guide1",sampling-guide1,"샘플링 저작권료",0,2,0.00,8.0
"https://studionol.co.kr/ko/stories/sampling-guide1",sampling-guide1,"샘플링 하는법",0,18,0.00,7.7
"https://studionol.co.kr/ko/stories/sampling-guide1",sampling-guide1,"샘플팩",0,16,0.00,7.2
"https://studionol.co.kr/ko/stories/sampling-guide1",sampling-guide1,"셈플링",0,2,0.00,9.0
"https://studionol.co.kr/ko/stories/sampling-guide1",sampling-guide1,"음악",0,1,0.00,3.0
"https://studionol.co.kr/ko/stories/sampling-guide1",sampling-guide1,"음악 샘플",0,1,0.00,9.0
"https://studionol.co.kr/ko/stories/sampling-guide1",sampling-guide1,"음악 샘플링",0,5,0.00,7.0
"https://studionol.co.kr/ko/stories/sampling-guide1",sampling-guide1,"힙합 샘플링",0,2,0.00,6.5
"https://studionol.co.kr/ko/stories/saturation1",saturation1,"saturation",0,4,0.00,21.0
"https://studionol.co.kr/ko/stories/saturation1",saturation1,"세츄레이션",0,2,0.00,36.0
"https://studionol.co.kr/ko/stories/scat-singing1",scat-singing1,"재즈 스캣",0,2,0.00,6.5
"https://studionol.co.kr/ko/stories/self-recording1",self-recording1,"노래 녹음",0,2,0.00,22.0
"https://studionol.co.kr/ko/stories/self-recording1",self-recording1,"노래 녹음하는법",0,1,0.00,38.0
"https://studionol.co.kr/ko/stories/self-recording1",self-recording1,"녹음 풀",0,1,0.00,1.0
"https://studionol.co.kr/ko/stories/self-recording1",self-recording1,"보컬 녹음",0,27,0.00,8.4
"https://studionol.co.kr/ko/stories/self-recording1",self-recording1,"보컬 녹음 사이트",0,1,0.00,20.0
"https://studionol.co.kr/ko/stories/self-recording1",self-recording1,"보컬 녹음 프로그램",0,2,0.00,47.0
"https://studionol.co.kr/ko/stories/self-recording1",self-recording1,"보컬녹음",0,1,0.00,7.0
"https://studionol.co.kr/ko/stories/self-recording1",self-recording1,"셀프 녹음실",0,2,0.00,31.0
"https://studionol.co.kr/ko/stories/self-recording1",self-recording1,"셀프녹음실",0,1,0.00,48.0
"https://studionol.co.kr/ko/stories/self-recording1",self-recording1,"스튜디오 녹음",0,1,0.00,55.0
"https://studionol.co.kr/ko/stories/self-recording1",self-recording1,"스튜디오 놀",0,2,0.00,1.5
"https://studionol.co.kr/ko/stories/selfrecord1",selfrecord1,"노래 녹음하는법",0,4,0.00,10.8
"https://studionol.co.kr/ko/stories/selfrecord1",selfrecord1,"녹음 방법",0,2,0.00,10.0
"https://studionol.co.kr/ko/stories/selfrecord1",selfrecord1,"보컬녹음",0,2,0.00,4.0
"https://studionol.co.kr/ko/stories/selfrecord1",selfrecord1,"셀프녹음실",0,1,0.00,33.0
"https://studionol.co.kr/ko/stories/selfrecord1",selfrecord1,"집에서 노래 녹음",0,2,0.00,9.0
"https://studionol.co.kr/ko/stories/seoul-metro-guide1",seoul-metro-guide1,"서울 당일 치기 여행",0,2,0.00,1.0
"https://studionol.co.kr/ko/stories/seoul-metro-guide1",seoul-metro-guide1,"서울 당일치기 여행",0,8,0.00,1.0
"https://studionol.co.kr/ko/stories/seoul-metro-guide1",seoul-metro-guide1,"서울에서 당일치기 여행",0,2,0.00,1.0
"https://studionol.co.kr/ko/stories/seoul-metro-guide1",seoul-metro-guide1,"스튜디오 놀",0,2,0.00,1.0
"https://studionol.co.kr/ko/stories/seoul-metro-guide1",seoul-metro-guide1,"지하철 스튜디오",0,2,0.00,18.5
"https://studionol.co.kr/ko/stories/seoul1",seoul1,"site:studionol.co.kr",0,1,0.00,34.0
"https://studionol.co.kr/ko/stories/seoul1",seoul1,"녹음 스튜디오",0,13,0.00,45.6
"https://studionol.co.kr/ko/stories/seoul1",seoul1,"녹음실",0,41,0.00,11.4
"https://studionol.co.kr/ko/stories/seoul1",seoul1,"녹음실 스튜디오",0,6,0.00,10.8
"https://studionol.co.kr/ko/stories/seoul1",seoul1,"서울 녹음실",0,14,0.00,12.5
"https://studionol.co.kr/ko/stories/seoul1",seoul1,"서울 녹음실 대여",0,6,0.00,12.5
"https://studionol.co.kr/ko/stories/seoul1",seoul1,"서울 무료 녹음실",0,1,0.00,12.0
"https://studionol.co.kr/ko/stories/seoul1",seoul1,"서울 스튜디오",0,5,0.00,27.4
"https://studionol.co.kr/ko/stories/seoul1",seoul1,"스튜디오 놀",0,19,0.00,1.1
"https://studionol.co.kr/ko/stories/seoul1",seoul1,"음악 녹음실",0,6,0.00,10.2
"https://studionol.co.kr/ko/stories/seoul1",seoul1,"홍대 녹음실",0,1,0.00,28.0
"https://studionol.co.kr/ko/stories/session-musician1",session-musician1,"musician",0,1,0.00,4.0
"https://studionol.co.kr/ko/stories/session-musician1",session-musician1,"season 뜻",0,9,0.00,2.0
"https://studionol.co.kr/ko/stories/session-musician1",session-musician1,"season'' 뜻",0,1,0.00,1.0
"https://studionol.co.kr/ko/stories/session-musician1",session-musician1,"secean",0,1,0.00,2.0
"https://studionol.co.kr/ko/stories/session-musician1",session-musician1,"section 뜻",0,3,0.00,2.3
"https://studionol.co.kr/ko/stories/session-musician1",session-musician1,"sesion",0,1,0.00,1.0
"https://studionol.co.kr/ko/stories/session-musician1",session-musician1,"sesscion",0,1,0.00,3.0
"https://studionol.co.kr/ko/stories/session-musician1",session-musician1,"session",0,86,0.00,3.2
"https://studionol.co.kr/ko/stories/session-musician1",session-musician1,"session 뜻",0,152,0.00,6.9
"https://studionol.co.kr/ko/stories/session-musician1",session-musician1,"session 의미",0,1,0.00,2.0
"https://studionol.co.kr/ko/stories/session-musician1",session-musician1,"sessiong",0,1,0.00,2.0
"https://studionol.co.kr/ko/stories/session-musician1",session-musician1,"sessions",0,1,0.00,3.0
"https://studionol.co.kr/ko/stories/session-musician1",session-musician1,"sessions 뜻",0,6,0.00,2.2
"https://studionol.co.kr/ko/stories/session-musician1",session-musician1,"session뜻",0,18,0.00,7.7
"https://studionol.co.kr/ko/stories/session-musician1",session-musician1,"sessoion",0,1,0.00,2.0
"https://studionol.co.kr/ko/stories/session-musician1",session-musician1,"ssesion",0,1,0.00,2.0
"https://studionol.co.kr/ko/stories/session-musician1",session-musician1,"ssession",0,1,0.00,3.0
"https://studionol.co.kr/ko/stories/session-musician1",session-musician1,"suction 뜻",0,4,0.00,1.0
"https://studionol.co.kr/ko/stories/session-musician1",session-musician1,"tptus",0,35,0.00,6.8
"https://studionol.co.kr/ko/stories/session-musician1",session-musician1,"기타 세션",0,5,0.00,8.0
"https://studionol.co.kr/ko/stories/session-musician1",session-musician1,"기타 세션 뜻",0,10,0.00,4.1
"https://studionol.co.kr/ko/stories/session-musician1",session-musician1,"기타세션",0,1,0.00,9.0
"https://studionol.co.kr/ko/stories/session-musician1",session-musician1,"다른뜻은?",0,1,0.00,12.0
"https://studionol.co.kr/ko/stories/session-musician1",session-musician1,"더 레킹 크루 다시보기",0,3,0.00,20.0
"https://studionol.co.kr/ko/stories/session-musician1",session-musician1,"더뮤지션",0,1,0.00,2.0
"https://studionol.co.kr/ko/stories/session-musician1",session-musician1,"라이브 세션",0,3,0.00,3.3
"https://studionol.co.kr/ko/stories/session-musician1",session-musician1,"라이브세션",0,3,0.00,3.3
"https://studionol.co.kr/ko/stories/session-musician1",session-musician1,"뮤지션",0,1,0.00,3.0
"https://studionol.co.kr/ko/stories/session-musician1",session-musician1,"뮤지션 뜻",0,229,0.00,7.0
"https://studionol.co.kr/ko/stories/session-musician1",session-musician1,"밴드",0,1,0.00,1.0
"https://studionol.co.kr/ko/stories/session-musician1",session-musician1,"밴드 세션 뜻",0,213,0.00,4.7
"https://studionol.co.kr/ko/stories/session-musician1",session-musician1,"밴드 세션 종류",0,43,0.00,6.0
"https://studionol.co.kr/ko/stories/session-musician1",session-musician1,"밴드 세션 차이",0,23,0.00,6.8
"https://studionol.co.kr/ko/stories/session-musician1",session-musician1,"밴드 섹션",0,9,0.00,2.1
"https://studionol.co.kr/ko/stories/session-musician1",session-musician1,"밴드 섹션 뜻",0,20,0.00,6.3
"https://studionol.co.kr/ko/stories/session-musician1",session-musician1,"밴드세션",0,75,0.00,5.5
"https://studionol.co.kr/ko/stories/session-musician1",session-musician1,"색션",0,2,0.00,3.0
"https://studionol.co.kr/ko/stories/session-musician1",session-musician1,"석션 뜻",0,4,0.00,1.0
"https://studionol.co.kr/ko/stories/session-musician1",session-musician1,"세션 기타",0,1,0.00,23.0
"https://studionol.co.kr/ko/stories/session-musician1",session-musician1,"세션 밴드",0,13,0.00,6.8
"https://studionol.co.kr/ko/stories/session-musician1",session-musician1,"세션 섹션",0,6,0.00,2.7
"https://studionol.co.kr/ko/stories/session-musician1",session-musician1,"세션 영어로",0,3,0.00,5.3
"https://studionol.co.kr/ko/stories/session-musician1",session-musician1,"세션 음악",0,8,0.00,5.3
"https://studionol.co.kr/ko/stories/session-musician1",session-musician1,"세션 의미",0,10,0.00,5.6
"https://studionol.co.kr/ko/stories/session-musician1",session-musician1,"세션 이란",0,2,0.00,1.0
"https://studionol.co.kr/ko/stories/session-musician1",session-musician1,"세션기타",0,2,0.00,10.0
"https://studionol.co.kr/ko/stories/session-musician1",session-musician1,"세션뜻",0,128,0.00,6.9
"https://studionol.co.kr/ko/stories/session-musician1",session-musician1,"세션맨",0,1,0.00,5.0
"https://studionol.co.kr/ko/stories/session-musician1",session-musician1,"세션맨 뜻",0,14,0.00,5.4
"https://studionol.co.kr/ko/stories/session-musician1",session-musician1,"세션의 뜻",0,32,0.00,6.9
"https://studionol.co.kr/ko/stories/session-musician1",session-musician1,"세션이란",0,21,0.00,1.6
"https://studionol.co.kr/ko/stories/session-musician1",session-musician1,"세션이란?",0,1,0.00,1.0
"https://studionol.co.kr/ko/stories/session-musician1",session-musician1,"세이션",0,1,0.00,5.0
"https://studionol.co.kr/ko/stories/session-musician1",session-musician1,"섹션",0,16,0.00,1.6
"https://studionol.co.kr/ko/stories/session-musician1",session-musician1,"섹션 뜻",0,3,0.00,3.3
"https://studionol.co.kr/ko/stories/session-musician1",session-musician1,"섹션 세션",0,7,0.00,7.6
"https://studionol.co.kr/ko/stories/session-musician1",session-musician1,"섹션 영어로",0,1,0.00,2.0
"https://studionol.co.kr/ko/stories/session-musician1",session-musician1,"섹션뜻",0,1,0.00,1.0
"https://studionol.co.kr/ko/stories/session-musician1",session-musician1,"시즌 뜻",0,5,0.00,1.0
"https://studionol.co.kr/ko/stories/session-musician1",session-musician1,"악기 세션",0,47,0.00,7.1
"https://studionol.co.kr/ko/stories/session-musician1",session-musician1,"음악 밴드 종류",0,1,0.00,9.0
"https://studionol.co.kr/ko/stories/session-musician1",session-musician1,"음악 세션",0,62,0.00,7.0
"https://studionol.co.kr/ko/stories/session-musician1",session-musician1,"음악 섹션",0,3,0.00,1.7
"https://studionol.co.kr/ko/stories/session-musician1",session-musician1,"음악 섹션 뜻",0,14,0.00,3.6
"https://studionol.co.kr/ko/stories/session-musician1",session-musician1,"음악 용어 섹션",0,2,0.00,5.5
"https://studionol.co.kr/ko/stories/session-musician1",session-musician1,"프로세션",0,6,0.00,4.5
"https://studionol.co.kr/ko/stories/session-musician1#%EC%84%B8%EC%85%98-%EB%8D%B0%EB%AA%A8-%EC%A0%9C%EC%9E%91",session-musician1,"session 뜻",0,6,0.00,11.5
"https://studionol.co.kr/ko/stories/session-musician1#%EC%84%B8%EC%85%98-%EB%8D%B0%EB%AA%A8-%EC%A0%9C%EC%9E%91",session-musician1,"session뜻",0,1,0.00,13.0
"https://studionol.co.kr/ko/stories/session-musician1#%EC%84%B8%EC%85%98-%EB%8D%B0%EB%AA%A8-%EC%A0%9C%EC%9E%91",session-musician1,"밴드 세션 뜻",0,40,0.00,5.3
"https://studionol.co.kr/ko/stories/session-musician1#%EC%84%B8%EC%85%98-%EB%8D%B0%EB%AA%A8-%EC%A0%9C%EC%9E%91",session-musician1,"세션 뜻",0,257,0.00,8.0
"https://studionol.co.kr/ko/stories/session-musician1#%EC%84%B8%EC%85%98-%EB%8D%B0%EB%AA%A8-%EC%A0%9C%EC%9E%91",session-musician1,"세션 의미",0,1,0.00,9.0
"https://studionol.co.kr/ko/stories/session-musician1#%EC%84%B8%EC%85%98-%EB%8D%B0%EB%AA%A8-%EC%A0%9C%EC%9E%91",session-musician1,"세션뜻",0,37,0.00,7.6
"https://studionol.co.kr/ko/stories/session-musician1#%EC%84%B8%EC%85%98-%EB%8D%B0%EB%AA%A8-%EC%A0%9C%EC%9E%91",session-musician1,"세션맨 뜻",0,4,0.00,7.0
"https://studionol.co.kr/ko/stories/session-musician1#%EC%84%B8%EC%85%98-%EB%8D%B0%EB%AA%A8-%EC%A0%9C%EC%9E%91",session-musician1,"세션의 뜻",0,11,0.00,7.7
"https://studionol.co.kr/ko/stories/session-musician1#%EC%84%B8%EC%85%98-%EB%8D%B0%EB%AA%A8-%EC%A0%9C%EC%9E%91",session-musician1,"음악 세션 뜻",0,43,0.00,5.4
"https://studionol.co.kr/ko/stories/session-musician1#%EC%84%B8%EC%85%98-%EB%9C%BB-%EB%85%B9%EC%9D%8C%EA%B3%B5%EC%97%B0%EC%97%90-%ED%94%84%EB%A1%9C%EC%A0%9D%ED%8A%B8-%EB%8B%A8%EC%9C%84%EB%A1%9C-%EC%B0%B8%EC%97%AC%ED%95%98%EB%8A%94-%EC%9D%8C%EC%95%85-%EC%9E%91%EC%97%85",session-musician1,"session 뜻",0,10,0.00,11.0
"https://studionol.co.kr/ko/stories/session-musician1#%EC%84%B8%EC%85%98-%EB%9C%BB-%EB%85%B9%EC%9D%8C%EA%B3%B5%EC%97%B0%EC%97%90-%ED%94%84%EB%A1%9C%EC%A0%9D%ED%8A%B8-%EB%8B%A8%EC%9C%84%EB%A1%9C-%EC%B0%B8%EC%97%AC%ED%95%98%EB%8A%94-%EC%9D%8C%EC%95%85-%EC%9E%91%EC%97%85",session-musician1,"session뜻",0,1,0.00,13.0
"https://studionol.co.kr/ko/stories/session-musician1#%EC%84%B8%EC%85%98-%EB%9C%BB-%EB%85%B9%EC%9D%8C%EA%B3%B5%EC%97%B0%EC%97%90-%ED%94%84%EB%A1%9C%EC%A0%9D%ED%8A%B8-%EB%8B%A8%EC%9C%84%EB%A1%9C-%EC%B0%B8%EC%97%AC%ED%95%98%EB%8A%94-%EC%9D%8C%EC%95%85-%EC%9E%91%EC%97%85",session-musician1,"밴드 세션 뜻",0,40,0.00,5.3
"https://studionol.co.kr/ko/stories/session-musician1#%EC%84%B8%EC%85%98-%EB%9C%BB-%EB%85%B9%EC%9D%8C%EA%B3%B5%EC%97%B0%EC%97%90-%ED%94%84%EB%A1%9C%EC%A0%9D%ED%8A%B8-%EB%8B%A8%EC%9C%84%EB%A1%9C-%EC%B0%B8%EC%97%AC%ED%95%98%EB%8A%94-%EC%9D%8C%EC%95%85-%EC%9E%91%EC%97%85",session-musician1,"세션 뜻",0,257,0.00,8.0
"https://studionol.co.kr/ko/stories/session-musician1#%EC%84%B8%EC%85%98-%EB%9C%BB-%EB%85%B9%EC%9D%8C%EA%B3%B5%EC%97%B0%EC%97%90-%ED%94%84%EB%A1%9C%EC%A0%9D%ED%8A%B8-%EB%8B%A8%EC%9C%84%EB%A1%9C-%EC%B0%B8%EC%97%AC%ED%95%98%EB%8A%94-%EC%9D%8C%EC%95%85-%EC%9E%91%EC%97%85",session-musician1,"세션 의미",0,1,0.00,9.0
"https://studionol.co.kr/ko/stories/session-musician1#%EC%84%B8%EC%85%98-%EB%9C%BB-%EB%85%B9%EC%9D%8C%EA%B3%B5%EC%97%B0%EC%97%90-%ED%94%84%EB%A1%9C%EC%A0%9D%ED%8A%B8-%EB%8B%A8%EC%9C%84%EB%A1%9C-%EC%B0%B8%EC%97%AC%ED%95%98%EB%8A%94-%EC%9D%8C%EC%95%85-%EC%9E%91%EC%97%85",session-musician1,"세션뜻",0,37,0.00,7.6
"https://studionol.co.kr/ko/stories/session-musician1#%EC%84%B8%EC%85%98-%EB%9C%BB-%EB%85%B9%EC%9D%8C%EA%B3%B5%EC%97%B0%EC%97%90-%ED%94%84%EB%A1%9C%EC%A0%9D%ED%8A%B8-%EB%8B%A8%EC%9C%84%EB%A1%9C-%EC%B0%B8%EC%97%AC%ED%95%98%EB%8A%94-%EC%9D%8C%EC%95%85-%EC%9E%91%EC%97%85",session-musician1,"세션맨 뜻",0,4,0.00,7.0
"https://studionol.co.kr/ko/stories/session-musician1#%EC%84%B8%EC%85%98-%EB%9C%BB-%EB%85%B9%EC%9D%8C%EA%B3%B5%EC%97%B0%EC%97%90-%ED%94%84%EB%A1%9C%EC%A0%9D%ED%8A%B8-%EB%8B%A8%EC%9C%84%EB%A1%9C-%EC%B0%B8%EC%97%AC%ED%95%98%EB%8A%94-%EC%9D%8C%EC%95%85-%EC%9E%91%EC%97%85",session-musician1,"세션의 뜻",0,11,0.00,7.7
"https://studionol.co.kr/ko/stories/session-musician1#%EC%84%B8%EC%85%98-%EB%9C%BB-%EB%85%B9%EC%9D%8C%EA%B3%B5%EC%97%B0%EC%97%90-%ED%94%84%EB%A1%9C%EC%A0%9D%ED%8A%B8-%EB%8B%A8%EC%9C%84%EB%A1%9C-%EC%B0%B8%EC%97%AC%ED%95%98%EB%8A%94-%EC%9D%8C%EC%95%85-%EC%9E%91%EC%97%85",session-musician1,"음악 세션 뜻",0,43,0.00,5.4
"https://studionol.co.kr/ko/stories/session-musician1#%EC%84%B8%EC%85%98-%EB%AE%A4%EC%A7%80%EC%85%98%EC%9D%98-%EC%A2%85%EB%A5%98",session-musician1,"session 뜻",0,10,0.00,11.0
"https://studionol.co.kr/ko/stories/session-musician1#%EC%84%B8%EC%85%98-%EB%AE%A4%EC%A7%80%EC%85%98%EC%9D%98-%EC%A2%85%EB%A5%98",session-musician1,"session뜻",0,1,0.00,13.0
"https://studionol.co.kr/ko/stories/session-musician1#%EC%84%B8%EC%85%98-%EB%AE%A4%EC%A7%80%EC%85%98%EC%9D%98-%EC%A2%85%EB%A5%98",session-musician1,"밴드 세션 뜻",0,33,0.00,5.3
"https://studionol.co.kr/ko/stories/session-musician1#%EC%84%B8%EC%85%98-%EB%AE%A4%EC%A7%80%EC%85%98%EC%9D%98-%EC%A2%85%EB%A5%98",session-musician1,"세션 뜻",0,139,0.00,7.7
"https://studionol.co.kr/ko/stories/session-musician1#%EC%84%B8%EC%85%98-%EB%AE%A4%EC%A7%80%EC%85%98%EC%9D%98-%EC%A2%85%EB%A5%98",session-musician1,"세션뜻",0,29,0.00,7.3
"https://studionol.co.kr/ko/stories/session-musician1#%EC%84%B8%EC%85%98-%EB%AE%A4%EC%A7%80%EC%85%98%EC%9D%98-%EC%A2%85%EB%A5%98",session-musician1,"세션맨 뜻",0,2,0.00,7.0
"https://studionol.co.kr/ko/stories/session-musician1#%EC%84%B8%EC%85%98-%EB%AE%A4%EC%A7%80%EC%85%98%EC%9D%98-%EC%A2%85%EB%A5%98",session-musician1,"세션의 뜻",0,11,0.00,7.7
"https://studionol.co.kr/ko/stories/session-musician1#%EC%84%B8%EC%85%98-%EB%AE%A4%EC%A7%80%EC%85%98%EC%9D%98-%EC%A2%85%EB%A5%98",session-musician1,"음악 세션 뜻",0,32,0.00,5.4
"https://studionol.co.kr/ko/stories/session-musician1#%EC%84%B8%EC%85%98-%EB%AE%A4%EC%A7%80%EC%85%98-%EC%9C%A0%ED%98%95",session-musician1,"session 뜻",0,10,0.00,11.0
"https://studionol.co.kr/ko/stories/session-musician1#%EC%84%B8%EC%85%98-%EB%AE%A4%EC%A7%80%EC%85%98-%EC%9C%A0%ED%98%95",session-musician1,"session뜻",0,1,0.00,13.0
"https://studionol.co.kr/ko/stories/session-musician1#%EC%84%B8%EC%85%98-%EB%AE%A4%EC%A7%80%EC%85%98-%EC%9C%A0%ED%98%95",session-musician1,"밴드 세션 뜻",0,33,0.00,5.3
"https://studionol.co.kr/ko/stories/session-musician1#%EC%84%B8%EC%85%98-%EB%AE%A4%EC%A7%80%EC%85%98-%EC%9C%A0%ED%98%95",session-musician1,"세션 뜻",0,139,0.00,7.7
"https://studionol.co.kr/ko/stories/session-musician1#%EC%84%B8%EC%85%98-%EB%AE%A4%EC%A7%80%EC%85%98-%EC%9C%A0%ED%98%95",session-musician1,"세션뜻",0,29,0.00,7.3
"https://studionol.co.kr/ko/stories/session-musician1#%EC%84%B8%EC%85%98-%EB%AE%A4%EC%A7%80%EC%85%98-%EC%9C%A0%ED%98%95",session-musician1,"세션맨 뜻",0,2,0.00,7.0
"https://studionol.co.kr/ko/stories/session-musician1#%EC%84%B8%EC%85%98-%EB%AE%A4%EC%A7%80%EC%85%98-%EC%9C%A0%ED%98%95",session-musician1,"세션의 뜻",0,7,0.00,7.4
"https://studionol.co.kr/ko/stories/session-musician1#%EC%84%B8%EC%85%98-%EB%AE%A4%EC%A7%80%EC%85%98-%EC%9C%A0%ED%98%95",session-musician1,"음악 세션 뜻",0,32,0.00,5.4
"https://studionol.co.kr/ko/stories/session-musician1#%EC%84%B8%EC%85%98-%EB%AE%A4%EC%A7%80%EC%85%98-%EC%9D%8C%EC%95%85-%ED%98%84%EC%9E%A5%EC%97%90%EC%84%9C-%ED%94%84%EB%A6%AC%EB%9E%9C%EC%84%9C%EB%A1%9C-%ED%99%9C%EB%8F%99%ED%95%98%EA%B8%B0",session-musician1,"session 뜻",0,6,0.00,11.5
"https://studionol.co.kr/ko/stories/session-musician1#%EC%84%B8%EC%85%98-%EB%AE%A4%EC%A7%80%EC%85%98-%EC%9D%8C%EC%95%85-%ED%98%84%EC%9E%A5%EC%97%90%EC%84%9C-%ED%94%84%EB%A6%AC%EB%9E%9C%EC%84%9C%EB%A1%9C-%ED%99%9C%EB%8F%99%ED%95%98%EA%B8%B0",session-musician1,"session뜻",0,1,0.00,13.0
"https://studionol.co.kr/ko/stories/session-musician1#%EC%84%B8%EC%85%98-%EB%AE%A4%EC%A7%80%EC%85%98-%EC%9D%8C%EC%95%85-%ED%98%84%EC%9E%A5%EC%97%90%EC%84%9C-%ED%94%84%EB%A6%AC%EB%9E%9C%EC%84%9C%EB%A1%9C-%ED%99%9C%EB%8F%99%ED%95%98%EA%B8%B0",session-musician1,"밴드 세션 뜻",0,40,0.00,5.3
"https://studionol.co.kr/ko/stories/session-musician1#%EC%84%B8%EC%85%98-%EB%AE%A4%EC%A7%80%EC%85%98-%EC%9D%8C%EC%95%85-%ED%98%84%EC%9E%A5%EC%97%90%EC%84%9C-%ED%94%84%EB%A6%AC%EB%9E%9C%EC%84%9C%EB%A1%9C-%ED%99%9C%EB%8F%99%ED%95%98%EA%B8%B0",session-musician1,"세션 뜻",0,257,0.00,8.0
"https://studionol.co.kr/ko/stories/session-musician1#%EC%84%B8%EC%85%98-%EB%AE%A4%EC%A7%80%EC%85%98-%EC%9D%8C%EC%95%85-%ED%98%84%EC%9E%A5%EC%97%90%EC%84%9C-%ED%94%84%EB%A6%AC%EB%9E%9C%EC%84%9C%EB%A1%9C-%ED%99%9C%EB%8F%99%ED%95%98%EA%B8%B0",session-musician1,"세션 의미",0,1,0.00,9.0
"https://studionol.co.kr/ko/stories/session-musician1#%EC%84%B8%EC%85%98-%EB%AE%A4%EC%A7%80%EC%85%98-%EC%9D%8C%EC%95%85-%ED%98%84%EC%9E%A5%EC%97%90%EC%84%9C-%ED%94%84%EB%A6%AC%EB%9E%9C%EC%84%9C%EB%A1%9C-%ED%99%9C%EB%8F%99%ED%95%98%EA%B8%B0",session-musician1,"세션뜻",0,37,0.00,7.6
"https://studionol.co.kr/ko/stories/session-musician1#%EC%84%B8%EC%85%98-%EB%AE%A4%EC%A7%80%EC%85%98-%EC%9D%8C%EC%95%85-%ED%98%84%EC%9E%A5%EC%97%90%EC%84%9C-%ED%94%84%EB%A6%AC%EB%9E%9C%EC%84%9C%EB%A1%9C-%ED%99%9C%EB%8F%99%ED%95%98%EA%B8%B0",session-musician1,"세션맨 뜻",0,4,0.00,7.0
"https://studionol.co.kr/ko/stories/session-musician1#%EC%84%B8%EC%85%98-%EB%AE%A4%EC%A7%80%EC%85%98-%EC%9D%8C%EC%95%85-%ED%98%84%EC%9E%A5%EC%97%90%EC%84%9C-%ED%94%84%EB%A6%AC%EB%9E%9C%EC%84%9C%EB%A1%9C-%ED%99%9C%EB%8F%99%ED%95%98%EA%B8%B0",session-musician1,"세션의 뜻",0,7,0.00,7.4
"https://studionol.co.kr/ko/stories/session-musician1#%EC%84%B8%EC%85%98-%EB%AE%A4%EC%A7%80%EC%85%98-%EC%9D%8C%EC%95%85-%ED%98%84%EC%9E%A5%EC%97%90%EC%84%9C-%ED%94%84%EB%A6%AC%EB%9E%9C%EC%84%9C%EB%A1%9C-%ED%99%9C%EB%8F%99%ED%95%98%EA%B8%B0",session-musician1,"음악 세션 뜻",0,43,0.00,5.4
"https://studionol.co.kr/ko/stories/session-musician1#%EC%8A%A4%ED%8A%9C%EB%94%94%EC%98%A4-%EC%84%B8%EC%85%98-%EC%8B%9C-%ED%95%84%EC%88%98-%ED%83%9C%EB%8F%84",session-musician1,"session 뜻",0,6,0.00,11.5
"https://studionol.co.kr/ko/stories/session-musician1#%EC%8A%A4%ED%8A%9C%EB%94%94%EC%98%A4-%EC%84%B8%EC%85%98-%EC%8B%9C-%ED%95%84%EC%88%98-%ED%83%9C%EB%8F%84",session-musician1,"session뜻",0,1,0.00,13.0
"https://studionol.co.kr/ko/stories/session-musician1#%EC%8A%A4%ED%8A%9C%EB%94%94%EC%98%A4-%EC%84%B8%EC%85%98-%EC%8B%9C-%ED%95%84%EC%88%98-%ED%83%9C%EB%8F%84",session-musician1,"밴드 세션 뜻",0,33,0.00,5.3
"https://studionol.co.kr/ko/stories/session-musician1#%EC%8A%A4%ED%8A%9C%EB%94%94%EC%98%A4-%EC%84%B8%EC%85%98-%EC%8B%9C-%ED%95%84%EC%88%98-%ED%83%9C%EB%8F%84",session-musician1,"세션 뜻",0,139,0.00,7.7
"https://studionol.co.kr/ko/stories/session-musician1#%EC%8A%A4%ED%8A%9C%EB%94%94%EC%98%A4-%EC%84%B8%EC%85%98-%EC%8B%9C-%ED%95%84%EC%88%98-%ED%83%9C%EB%8F%84",session-musician1,"세션뜻",0,29,0.00,7.3
"https://studionol.co.kr/ko/stories/session-musician1#%EC%8A%A4%ED%8A%9C%EB%94%94%EC%98%A4-%EC%84%B8%EC%85%98-%EC%8B%9C-%ED%95%84%EC%88%98-%ED%83%9C%EB%8F%84",session-musician1,"세션맨 뜻",0,2,0.00,7.0
"https://studionol.co.kr/ko/stories/session-musician1#%EC%8A%A4%ED%8A%9C%EB%94%94%EC%98%A4-%EC%84%B8%EC%85%98-%EC%8B%9C-%ED%95%84%EC%88%98-%ED%83%9C%EB%8F%84",session-musician1,"세션의 뜻",0,7,0.00,7.4
"https://studionol.co.kr/ko/stories/session-musician1#%EC%8A%A4%ED%8A%9C%EB%94%94%EC%98%A4-%EC%84%B8%EC%85%98-%EC%8B%9C-%ED%95%84%EC%88%98-%ED%83%9C%EB%8F%84",session-musician1,"음악 세션 뜻",0,32,0.00,5.4
"https://studionol.co.kr/ko/stories/session-musician1#%EC%8A%A4%ED%8A%9C%EB%94%94%EC%98%A4-%EC%84%B8%EC%85%98-%EC%97%90%ED%8B%B0%EC%BC%93",session-musician1,"session 뜻",0,6,0.00,11.5
"https://studionol.co.kr/ko/stories/session-musician1#%EC%8A%A4%ED%8A%9C%EB%94%94%EC%98%A4-%EC%84%B8%EC%85%98-%EC%97%90%ED%8B%B0%EC%BC%93",session-musician1,"session뜻",0,1,0.00,13.0
"https://studionol.co.kr/ko/stories/session-musician1#%EC%8A%A4%ED%8A%9C%EB%94%94%EC%98%A4-%EC%84%B8%EC%85%98-%EC%97%90%ED%8B%B0%EC%BC%93",session-musician1,"밴드 세션 뜻",0,33,0.00,5.3
"https://studionol.co.kr/ko/stories/session-musician1#%EC%8A%A4%ED%8A%9C%EB%94%94%EC%98%A4-%EC%84%B8%EC%85%98-%EC%97%90%ED%8B%B0%EC%BC%93",session-musician1,"세션 뜻",0,139,0.00,7.7
"https://studionol.co.kr/ko/stories/session-musician1#%EC%8A%A4%ED%8A%9C%EB%94%94%EC%98%A4-%EC%84%B8%EC%85%98-%EC%97%90%ED%8B%B0%EC%BC%93",session-musician1,"세션뜻",0,29,0.00,7.3
"https://studionol.co.kr/ko/stories/session-musician1#%EC%8A%A4%ED%8A%9C%EB%94%94%EC%98%A4-%EC%84%B8%EC%85%98-%EC%97%90%ED%8B%B0%EC%BC%93",session-musician1,"세션맨 뜻",0,2,0.00,7.0
"https://studionol.co.kr/ko/stories/session-musician1#%EC%8A%A4%ED%8A%9C%EB%94%94%EC%98%A4-%EC%84%B8%EC%85%98-%EC%97%90%ED%8B%B0%EC%BC%93",session-musician1,"세션의 뜻",0,7,0.00,7.4
"https://studionol.co.kr/ko/stories/session-musician1#%EC%8A%A4%ED%8A%9C%EB%94%94%EC%98%A4-%EC%84%B8%EC%85%98-%EC%97%90%ED%8B%B0%EC%BC%93",session-musician1,"음악 세션 뜻",0,32,0.00,5.4
"https://studionol.co.kr/ko/stories/shorts-reels-music1",shorts-reels-music1,"노래",0,1,0.00,1.0
"https://studionol.co.kr/ko/stories/sidechain1",sidechain1,"side complete",0,2,0.00,5.0
"https://studionol.co.kr/ko/stories/sidechain1",sidechain1,"사이드 체인",0,2,0.00,11.5
"https://studionol.co.kr/ko/stories/sidechain1",sidechain1,"사이드체인",0,5,0.00,11.6
"https://studionol.co.kr/ko/stories/singapp1",singapp1,"site:studionol.co.kr",0,1,0.00,35.0
"https://studionol.co.kr/ko/stories/singapp1",singapp1,"vanido",0,1,0.00,5.0
"https://studionol.co.kr/ko/stories/singapp1",singapp1,"노래 보정 어플",0,1,0.00,10.0
"https://studionol.co.kr/ko/stories/singapp1",singapp1,"노래 연습 사이트",0,3,0.00,23.0
"https://studionol.co.kr/ko/stories/singapp1",singapp1,"노래 평가 앱",0,1,0.00,1.0
"https://studionol.co.kr/ko/stories/singapp1",singapp1,"노래 피드백",0,1,0.00,46.0
"https://studionol.co.kr/ko/stories/singapp1",singapp1,"노래방 어플 추천 디시",0,1,0.00,5.0
"https://studionol.co.kr/ko/stories/singapp1",singapp1,"무료 노래방 어플 추천",0,1,0.00,11.0
"https://studionol.co.kr/ko/stories/singapp1",singapp1,"무료어플",0,1,0.00,2.0
"https://studionol.co.kr/ko/stories/singapp1",singapp1,"보컬 녹음 프로그램",0,1,0.00,60.0
"https://studionol.co.kr/ko/stories/singapp1",singapp1,"보컬 앱 추천",0,6,0.00,3.5
"https://studionol.co.kr/ko/stories/singapp1",singapp1,"보컬 트레이닝 앱",0,1,0.00,8.0
"https://studionol.co.kr/ko/stories/singapp1",singapp1,"음정 맞추기",0,1,0.00,3.0
"https://studionol.co.kr/ko/stories/singapp1",singapp1,"음정 맞추는 앱",0,2,0.00,4.5
"https://studionol.co.kr/ko/stories/singapp1",singapp1,"음정 측정 어플",0,5,0.00,9.0
"https://studionol.co.kr/ko/stories/singapp1#%EB%AA%A9%EC%A0%81%EB%B3%84-%EC%B6%94%EC%B2%9C-%EC%95%B1",singapp1,"노래 연습 앱",0,2,0.00,3.0
"https://studionol.co.kr/ko/stories/singapp1#%EB%AA%A9%EC%A0%81%EB%B3%84-%EC%B6%94%EC%B2%9C-%EC%95%B1",singapp1,"노래 연습 어플",0,9,0.00,2.6
"https://studionol.co.kr/ko/stories/singapp1#%EB%AA%A9%EC%A0%81%EB%B3%84-%EC%B6%94%EC%B2%9C-%EC%95%B1",singapp1,"노래 연습 프로그램",0,8,0.00,3.1
"https://studionol.co.kr/ko/stories/singapp1#%EB%AA%A9%EC%A0%81%EB%B3%84-%EC%B6%94%EC%B2%9C-%EC%95%B1",singapp1,"노래연습 어플",0,2,0.00,2.0
"https://studionol.co.kr/ko/stories/singapp1#%EC%8A%A4%EB%A7%88%ED%8A%B8%ED%8F%B0-%ED%95%98%EB%82%98%EB%A1%9C-%EB%B3%B4%EC%BB%AC-%EC%97%B0%EC%8A%B5%EC%9D%84",singapp1,"노래 연습 앱",0,2,0.00,3.0
"https://studionol.co.kr/ko/stories/singapp1#%EC%8A%A4%EB%A7%88%ED%8A%B8%ED%8F%B0-%ED%95%98%EB%82%98%EB%A1%9C-%EB%B3%B4%EC%BB%AC-%EC%97%B0%EC%8A%B5%EC%9D%84",singapp1,"노래 연습 어플",0,9,0.00,2.6
"https://studionol.co.kr/ko/stories/singapp1#%EC%8A%A4%EB%A7%88%ED%8A%B8%ED%8F%B0-%ED%95%98%EB%82%98%EB%A1%9C-%EB%B3%B4%EC%BB%AC-%EC%97%B0%EC%8A%B5%EC%9D%84",singapp1,"노래 연습 프로그램",0,8,0.00,3.1
"https://studionol.co.kr/ko/stories/singapp1#%EC%8A%A4%EB%A7%88%ED%8A%B8%ED%8F%B0-%ED%95%98%EB%82%98%EB%A1%9C-%EB%B3%B4%EC%BB%AC-%EC%97%B0%EC%8A%B5%EC%9D%84",singapp1,"노래연습 어플",0,2,0.00,2.0
"https://studionol.co.kr/ko/stories/singer-songwriter1",singer-songwriter1,"site:studionol.co.kr",0,1,0.00,93.0
"https://studionol.co.kr/ko/stories/singer-songwriter1",singer-songwriter1,"싱어송라이터 되는 법",0,1,0.00,28.0
"https://studionol.co.kr/ko/stories/singer-songwriter1",singer-songwriter1,"싱어송라이터 되는법",0,2,0.00,16.0
"https://studionol.co.kr/ko/stories/singing-lesson1",singing-lesson1,"보컬 트레이닝",0,2,0.00,34.0
"https://studionol.co.kr/ko/stories/singing-lesson1",singing-lesson1,"보컬레슨",0,1,0.00,12.0
"https://studionol.co.kr/ko/stories/singing-lesson1",singing-lesson1,"보컬트레이닝 독학",0,3,0.00,7.0
"https://studionol.co.kr/ko/stories/single-release1",single-release1,"site:studionol.co.kr",0,1,0.00,78.0
"https://studionol.co.kr/ko/stories/single-release1",single-release1,"yg plus 음원 유통",0,1,0.00,9.0
"https://studionol.co.kr/ko/stories/single-release1",single-release1,"가수 되는 법",0,1,0.00,1.0
"https://studionol.co.kr/ko/stories/single-release1",single-release1,"노래 내는법",0,6,0.00,9.5
"https://studionol.co.kr/ko/stories/single-release1",single-release1,"노래 발매",0,17,0.00,6.1
"https://studionol.co.kr/ko/stories/single-release1",single-release1,"노래 발매하는법",0,43,0.00,6.8
"https://studionol.co.kr/ko/stories/single-release1",single-release1,"디지털 싱글",0,7,0.00,17.0
"https://studionol.co.kr/ko/stories/single-release1",single-release1,"디지털 싱글 뜻",0,1,0.00,25.0
"https://studionol.co.kr/ko/stories/single-release1",single-release1,"디지털 음원",0,3,0.00,4.3
"https://studionol.co.kr/ko/stories/single-release1",single-release1,"디지털싱글",0,1,0.00,8.0
"https://studionol.co.kr/ko/stories/single-release1",single-release1,"멜론 음원 등록 방법",0,1,0.00,1.0
"https://studionol.co.kr/ko/stories/single-release1",single-release1,"발매",0,82,0.00,5.2
"https://studionol.co.kr/ko/stories/single-release1",single-release1,"발매가",0,1,0.00,11.0
"https://studionol.co.kr/ko/stories/single-release1",single-release1,"스포티 파이 음원 등록 비용",0,3,0.00,11.3
"https://studionol.co.kr/ko/stories/single-release1",single-release1,"싱글",0,1,0.00,1.0
"https://studionol.co.kr/ko/stories/single-release1",single-release1,"싱글 활동 참여 방법",0,2,0.00,10.0
"https://studionol.co.kr/ko/stories/single-release1",single-release1,"앨범 내는법",0,8,0.00,8.6
"https://studionol.co.kr/ko/stories/single-release1",single-release1,"앨범 발매",0,25,0.00,9.3
"https://studionol.co.kr/ko/stories/single-release1",single-release1,"앨범 발매 비용",0,3,0.00,10.3
"https://studionol.co.kr/ko/stories/single-release1",single-release1,"유통사 없이 음원 발매",0,24,0.00,2.5
"https://studionol.co.kr/ko/stories/single-release1",single-release1,"음원 등록",0,29,0.00,9.5
"https://studionol.co.kr/ko/stories/single-release1",single-release1,"음원 등록 사이트",0,2,0.00,53.0
"https://studionol.co.kr/ko/stories/single-release1",single-release1,"음원 발매 비용",0,8,0.00,7.9
"https://studionol.co.kr/ko/stories/single-release1",single-release1,"음원 발매 사이트",0,3,0.00,17.3
"https://studionol.co.kr/ko/stories/single-release1",single-release1,"음원 발매 흐름도",0,3,0.00,8.0
"https://studionol.co.kr/ko/stories/single-release1",single-release1,"음원 유통사 정리",0,1,0.00,25.0
"https://studionol.co.kr/ko/stories/single-release1",single-release1,"음원 유통사 추천",0,1,0.00,14.0
"https://studionol.co.kr/ko/stories/single-release1",single-release1,"음원 출시",0,1,0.00,9.0
"https://studionol.co.kr/ko/stories/single-release1",single-release1,"음원등록",0,6,0.00,15.7
"https://studionol.co.kr/ko/stories/single-release1",single-release1,"음원발매 비용",0,1,0.00,11.0
"https://studionol.co.kr/ko/stories/single-release1",single-release1,"음원유통사",0,1,0.00,10.0
"https://studionol.co.kr/ko/stories/single-release1",single-release1,"음원제작",0,2,0.00,35.5
"https://studionol.co.kr/ko/stories/singswell1",singswell1,"노래 실력",0,6,0.00,7.3
"https://studionol.co.kr/ko/stories/singswell1",singswell1,"노래 실력 향상 방법",0,15,0.00,8.0
"https://studionol.co.kr/ko/stories/singswell1",singswell1,"노래 실력 향상 팁",0,8,0.00,9.0
"https://studionol.co.kr/ko/stories/singswell1",singswell1,"노래 잘하는 방법",0,12,0.00,8.8
"https://studionol.co.kr/ko/stories/singswell1",singswell1,"노래 잘하는법",0,15,0.00,6.7
"https://studionol.co.kr/ko/stories/singswell1",singswell1,"노래실력",0,4,0.00,7.5
"https://studionol.co.kr/ko/stories/singswell1",singswell1,"노래잘하는법",0,12,0.00,6.8
"https://studionol.co.kr/ko/stories/singswell1",singswell1,"원이 노래 실력",0,1,0.00,28.0
"https://studionol.co.kr/ko/stories/singswell1",singswell1,"원이 노래실력",0,1,0.00,29.0
"https://studionol.co.kr/ko/stories/siryummusic1",siryummusic1,"보컬",0,3,0.00,3.0
"https://studionol.co.kr/ko/stories/siryummusic1",siryummusic1,"보컬 입시",0,30,0.00,8.3
"https://studionol.co.kr/ko/stories/siryummusic1",siryummusic1,"실용음악 입시",0,2,0.00,8.5
"https://studionol.co.kr/ko/stories/siryummusic1",siryummusic1,"실용음악과 보컬",0,3,0.00,11.3
"https://studionol.co.kr/ko/stories/siryummusic1",siryummusic1,"실용음악과 입시",0,12,0.00,6.3
"https://studionol.co.kr/ko/stories/siryummusic1",siryummusic1,"실용음악과 입시 준비",0,17,0.00,6.6
"https://studionol.co.kr/ko/stories/siryummusic1",siryummusic1,"실용음악과 입시 준비 기간",0,1,0.00,11.0
"https://studionol.co.kr/ko/stories/smartphone-recording1",smartphone-recording1,"갤럭시",0,1,0.00,1.0
"https://studionol.co.kr/ko/stories/smartphone-recording1",smartphone-recording1,"고음질 녹음 앱",0,1,0.00,1.0
"https://studionol.co.kr/ko/stories/smartphone-recording1",smartphone-recording1,"모바일 오디오 녹음",0,1,0.00,8.0
"https://studionol.co.kr/ko/stories/smartphone-recording1",smartphone-recording1,"보컬 녹음",0,1,0.00,43.0
"https://studionol.co.kr/ko/stories/smartphone-recording1",smartphone-recording1,"보컬 녹음 프로그램",0,3,0.00,21.3
"https://studionol.co.kr/ko/stories/smartphone-recording1",smartphone-recording1,"아이폰 노래 녹음",0,2,0.00,9.5
"https://studionol.co.kr/ko/stories/smartphone-recording1",smartphone-recording1,"음성 녹음",0,1,0.00,44.0
"https://studionol.co.kr/ko/stories/smartphone-recording1",smartphone-recording1,"클라리넷",0,1,0.00,7.0
"https://studionol.co.kr/ko/stories/smartphone-recording1",smartphone-recording1,"핸드폰 노래 녹음",0,28,0.00,6.8
"https://studionol.co.kr/ko/stories/smartphone-recording1",smartphone-recording1,"핸드폰 녹음",0,1,0.00,9.0
"https://studionol.co.kr/ko/stories/snsmusic1",snsmusic1,"site:studionol.co.kr",0,6,0.00,25.7
"https://studionol.co.kr/ko/stories/sokcho1",sokcho1,"서울 속초 ktx 요금",0,1,0.00,27.0
"https://studionol.co.kr/ko/stories/solo-album1",solo-album1,"site:studionol.co.kr",0,1,0.00,82.0
"https://studionol.co.kr/ko/stories/solo-album1",solo-album1,"노래 내는법",0,2,0.00,8.0
"https://studionol.co.kr/ko/stories/solo-album1",solo-album1,"앨범 내는법",0,6,0.00,5.2
"https://studionol.co.kr/ko/stories/solo-album1",solo-album1,"앨범 만드는 법",0,1,0.00,3.0
"https://studionol.co.kr/ko/stories/solo-album1",solo-album1,"앨범 발매 비용",0,2,0.00,1.0
"https://studionol.co.kr/ko/stories/solo-album1",solo-album1,"앨범 제작 비용",0,1,0.00,51.0
"https://studionol.co.kr/ko/stories/solo-album1",solo-album1,"음원 등록 방법",0,1,0.00,66.0
"https://studionol.co.kr/ko/stories/solo-album1",solo-album1,"음원 발매",0,1,0.00,24.0
"https://studionol.co.kr/ko/stories/solo-album1",solo-album1,"음원 발매 방법",0,2,0.00,27.5
"https://studionol.co.kr/ko/stories/song-choice1",song-choice1,"자작곡",0,1,0.00,2.0
"https://studionol.co.kr/ko/stories/song-key1",song-key1,"가지마가지마",0,1,0.00,2.0
"https://studionol.co.kr/ko/stories/song-key1",song-key1,"그대에게 최고음",0,2,0.00,10.0
"https://studionol.co.kr/ko/stories/song-key1",song-key1,"남녀 키 변환",0,1,0.00,4.0
"https://studionol.co.kr/ko/stories/song-key1",song-key1,"남자 노래 키",0,14,0.00,3.4
"https://studionol.co.kr/ko/stories/song-key1",song-key1,"남키 여키 차이",0,1,0.00,1.0
"https://studionol.co.kr/ko/stories/song-key1",song-key1,"낮은 노래",0,1,0.00,30.0
"https://studionol.co.kr/ko/stories/song-key1",song-key1,"내 목소리 음정 찾기",0,1,0.00,9.0
"https://studionol.co.kr/ko/stories/song-key1",song-key1,"내 키 아는법",0,6,0.00,10.3
"https://studionol.co.kr/ko/stories/song-key1",song-key1,"노래 난이도 티어",0,1,0.00,4.0
"https://studionol.co.kr/ko/stories/song-key1",song-key1,"노래 옥타브 아는 법",0,1,0.00,21.0
"https://studionol.co.kr/ko/stories/song-key1",song-key1,"노래 옥타브 체크 사이트",0,1,0.00,9.0
"https://studionol.co.kr/ko/stories/song-key1",song-key1,"노래 최고음 찾기",0,24,0.00,7.5
"https://studionol.co.kr/ko/stories/song-key1",song-key1,"노래 키 조절",0,2,0.00,30.5
"https://studionol.co.kr/ko/stories/song-key1",song-key1,"노래 키 찾기",0,141,0.00,7.9
"https://studionol.co.kr/ko/stories/song-key1",song-key1,"노래 키찾기",0,1,0.00,10.0
"https://studionol.co.kr/ko/stories/song-key1",song-key1,"노래방 음정",0,1,0.00,1.0
"https://studionol.co.kr/ko/stories/song-key1",song-key1,"노래방 음정 순서",0,12,0.00,7.1
"https://studionol.co.kr/ko/stories/song-key1",song-key1,"노래방 키 조절",0,10,0.00,11.0
"https://studionol.co.kr/ko/stories/song-key1",song-key1,"노래키",0,7,0.00,7.6
"https://studionol.co.kr/ko/stories/song-key1",song-key1,"노래키찾기",0,1,0.00,10.0
"https://studionol.co.kr/ko/stories/song-key1",song-key1,"두사람",0,1,0.00,1.0
"https://studionol.co.kr/ko/stories/song-key1",song-key1,"목소리",0,1,0.00,1.0
"https://studionol.co.kr/ko/stories/song-key1",song-key1,"보컬 음역대",0,1,0.00,10.0
"https://studionol.co.kr/ko/stories/song-key1",song-key1,"비나리",0,1,0.00,4.0
"https://studionol.co.kr/ko/stories/song-key1",song-key1,"여키 남키 차이",0,1,0.00,1.0
"https://studionol.co.kr/ko/stories/song-key1",song-key1,"음 높은 노래",0,2,0.00,1.0
"https://studionol.co.kr/ko/stories/song-key1",song-key1,"음악 키",0,3,0.00,11.3
"https://studionol.co.kr/ko/stories/song-key1",song-key1,"음악 키 순서",0,17,0.00,8.0
"https://studionol.co.kr/ko/stories/song-key1",song-key1,"음역대 찾기",0,25,0.00,8.6
"https://studionol.co.kr/ko/stories/song-key1",song-key1,"음역대 찾는법",0,3,0.00,8.0
"https://studionol.co.kr/ko/stories/song-key1",song-key1,"음역대 측정",0,5,0.00,28.4
"https://studionol.co.kr/ko/stories/song-key1",song-key1,"음역대 측정기",0,3,0.00,22.0
"https://studionol.co.kr/ko/stories/song-key1",song-key1,"음역대 확인",0,3,0.00,5.7
"https://studionol.co.kr/ko/stories/song-key1",song-key1,"음정 키",0,1,0.00,12.0
"https://studionol.co.kr/ko/stories/song-key1",song-key1,"응",0,1,0.00,2.0
"https://studionol.co.kr/ko/stories/song-key1",song-key1,"이거",0,1,0.00,2.0
"https://studionol.co.kr/ko/stories/song-key1",song-key1,"잉어왕",0,1,0.00,3.0
"https://studionol.co.kr/ko/stories/song-key1",song-key1,"찾기",0,1,0.00,5.0
"https://studionol.co.kr/ko/stories/song-key1",song-key1,"키",0,1,0.00,3.0
"https://studionol.co.kr/ko/stories/song-key1",song-key1,"키 노래",0,3,0.00,13.0
"https://studionol.co.kr/ko/stories/song-key1",song-key1,"키 찾는법",0,5,0.00,5.2
"https://studionol.co.kr/ko/stories/song-key1",song-key1,"타타타",0,1,0.00,1.0
"https://studionol.co.kr/ko/stories/song-key1#%EB%82%B4-%EC%9D%8C%EC%97%AD%EB%8C%80-%EC%B8%A1%EC%A0%95-%EB%B0%A9%EB%B2%95",song-key1,"내 목소리에 맞는 노래 찾기",0,3,0.00,6.7
"https://studionol.co.kr/ko/stories/song-key1#%EB%82%B4-%EC%9D%8C%EC%97%AD%EB%8C%80-%EC%B8%A1%EC%A0%95-%EB%B0%A9%EB%B2%95",song-key1,"노래 키 찾는 법",0,1,0.00,2.0
"https://studionol.co.kr/ko/stories/song-key1#%EB%82%B4-%EC%9D%8C%EC%97%AD%EB%8C%80-%EC%B8%A1%EC%A0%95-%EB%B0%A9%EB%B2%95",song-key1,"노래 키 찾는법",0,2,0.00,5.5
"https://studionol.co.kr/ko/stories/song-key1#%EB%82%B4-%EC%9D%8C%EC%97%AD%EB%8C%80-%EC%B8%A1%EC%A0%95-%EB%B0%A9%EB%B2%95",song-key1,"노래방 키",0,1,0.00,4.0
"https://studionol.co.kr/ko/stories/song-key1#%EB%82%B4-%EC%9D%8C%EC%97%AD%EB%8C%80-%EC%B8%A1%EC%A0%95-%EB%B0%A9%EB%B2%95",song-key1,"노래방 키 기준",0,8,0.00,5.1
"https://studionol.co.kr/ko/stories/song-key1#%EB%82%B4-%EC%9D%8C%EC%97%AD%EB%8C%80-%EC%B8%A1%EC%A0%95-%EB%B0%A9%EB%B2%95",song-key1,"노래방 키 순서",0,6,0.00,5.2
"https://studionol.co.kr/ko/stories/song-key1#%EB%82%B4-%EC%9D%8C%EC%97%AD%EB%8C%80-%EC%B8%A1%EC%A0%95-%EB%B0%A9%EB%B2%95",song-key1,"노래방 키 찾는 법",0,4,0.00,2.0
"https://studionol.co.kr/ko/stories/song-key1#%EC%99%9C-%ED%82%A4%EB%A5%BC-%EB%A7%9E%EC%B6%B0%EC%95%BC-%ED%95%98%EB%82%98",song-key1,"내 목소리에 맞는 노래 찾기",0,3,0.00,6.7
"https://studionol.co.kr/ko/stories/song-key1#%EC%99%9C-%ED%82%A4%EB%A5%BC-%EB%A7%9E%EC%B6%B0%EC%95%BC-%ED%95%98%EB%82%98",song-key1,"노래 키 찾는 법",0,1,0.00,2.0
"https://studionol.co.kr/ko/stories/song-key1#%EC%99%9C-%ED%82%A4%EB%A5%BC-%EB%A7%9E%EC%B6%B0%EC%95%BC-%ED%95%98%EB%82%98",song-key1,"노래 키 찾는법",0,2,0.00,5.5
"https://studionol.co.kr/ko/stories/song-key1#%EC%99%9C-%ED%82%A4%EB%A5%BC-%EB%A7%9E%EC%B6%B0%EC%95%BC-%ED%95%98%EB%82%98",song-key1,"노래방 키",0,1,0.00,4.0
"https://studionol.co.kr/ko/stories/song-key1#%EC%99%9C-%ED%82%A4%EB%A5%BC-%EB%A7%9E%EC%B6%B0%EC%95%BC-%ED%95%98%EB%82%98",song-key1,"노래방 키 기준",0,8,0.00,5.1
"https://studionol.co.kr/ko/stories/song-key1#%EC%99%9C-%ED%82%A4%EB%A5%BC-%EB%A7%9E%EC%B6%B0%EC%95%BC-%ED%95%98%EB%82%98",song-key1,"노래방 키 순서",0,6,0.00,5.2
"https://studionol.co.kr/ko/stories/song-key1#%EC%99%9C-%ED%82%A4%EB%A5%BC-%EB%A7%9E%EC%B6%B0%EC%95%BC-%ED%95%98%EB%82%98",song-key1,"노래방 키 찾는 법",0,4,0.00,2.0
"https://studionol.co.kr/ko/stories/song-key1#%ED%91%9C%EC%A4%80-%EB%B3%B4%EC%BB%AC-%EC%9D%8C%EC%97%AD%EB%8C%80",song-key1,"내 목소리에 맞는 노래 찾기",0,3,0.00,6.7
"https://studionol.co.kr/ko/stories/song-key1#%ED%91%9C%EC%A4%80-%EB%B3%B4%EC%BB%AC-%EC%9D%8C%EC%97%AD%EB%8C%80",song-key1,"노래 키 찾는 법",0,1,0.00,2.0
"https://studionol.co.kr/ko/stories/song-key1#%ED%91%9C%EC%A4%80-%EB%B3%B4%EC%BB%AC-%EC%9D%8C%EC%97%AD%EB%8C%80",song-key1,"노래 키 찾는법",0,2,0.00,5.5
"https://studionol.co.kr/ko/stories/song-key1#%ED%91%9C%EC%A4%80-%EB%B3%B4%EC%BB%AC-%EC%9D%8C%EC%97%AD%EB%8C%80",song-key1,"노래방 키",0,1,0.00,4.0
"https://studionol.co.kr/ko/stories/song-key1#%ED%91%9C%EC%A4%80-%EB%B3%B4%EC%BB%AC-%EC%9D%8C%EC%97%AD%EB%8C%80",song-key1,"노래방 키 기준",0,8,0.00,5.1
"https://studionol.co.kr/ko/stories/song-key1#%ED%91%9C%EC%A4%80-%EB%B3%B4%EC%BB%AC-%EC%9D%8C%EC%97%AD%EB%8C%80",song-key1,"노래방 키 순서",0,6,0.00,5.2
"https://studionol.co.kr/ko/stories/song-key1#%ED%91%9C%EC%A4%80-%EB%B3%B4%EC%BB%AC-%EC%9D%8C%EC%97%AD%EB%8C%80",song-key1,"노래방 키 찾는 법",0,4,0.00,2.0
"https://studionol.co.kr/ko/stories/song-structure1",song-structure1,"aaba 구조 노래",0,1,0.00,10.0
"https://studionol.co.kr/ko/stories/song-structure1",song-structure1,"intro chorus",0,1,0.00,5.0
"https://studionol.co.kr/ko/stories/song-structure1",song-structure1,"가사 구조",0,1,0.00,4.0
"https://studionol.co.kr/ko/stories/song-structure1",song-structure1,"곡 구성",0,12,0.00,7.6
"https://studionol.co.kr/ko/stories/song-structure1",song-structure1,"곡 구조",0,24,0.00,9.0
"https://studionol.co.kr/ko/stories/song-structure1",song-structure1,"곡구성",0,3,0.00,11.0
"https://studionol.co.kr/ko/stories/song-structure1",song-structure1,"곡의 구성",0,40,0.00,9.1
"https://studionol.co.kr/ko/stories/song-structure1",song-structure1,"곡의 구조",0,17,0.00,8.8
"https://studionol.co.kr/ko/stories/song-structure1",song-structure1,"노래 구성",0,22,0.00,9.6
"https://studionol.co.kr/ko/stories/song-structure1",song-structure1,"노래 구성 브릿지",0,24,0.00,10.2
"https://studionol.co.kr/ko/stories/song-structure1",song-structure1,"노래 구성 요소",0,3,0.00,10.7
"https://studionol.co.kr/ko/stories/song-structure1",song-structure1,"노래 구성요소",0,5,0.00,8.0
"https://studionol.co.kr/ko/stories/song-structure1",song-structure1,"노래 구조",0,7,0.00,9.0
"https://studionol.co.kr/ko/stories/song-structure1",song-structure1,"노래 브릿지",0,1,0.00,11.0
"https://studionol.co.kr/ko/stories/song-structure1",song-structure1,"노래 브릿지 뜻",0,4,0.00,17.8
"https://studionol.co.kr/ko/stories/song-structure1",song-structure1,"노래구성",0,1,0.00,11.0
"https://studionol.co.kr/ko/stories/song-structure1",song-structure1,"노래의 구성",0,9,0.00,9.8
"https://studionol.co.kr/ko/stories/song-structure1",song-structure1,"노래의 구조",0,5,0.00,10.0
"https://studionol.co.kr/ko/stories/song-structure1",song-structure1,"벌스 코러스",0,1,0.00,46.0
"https://studionol.co.kr/ko/stories/song-structure1",song-structure1,"벌스 코러스 브릿지",0,1,0.00,37.0
"https://studionol.co.kr/ko/stories/song-structure1",song-structure1,"브릿지 음악",0,2,0.00,7.5
"https://studionol.co.kr/ko/stories/song-structure1",song-structure1,"브릿지 코러스",0,4,0.00,8.8
"https://studionol.co.kr/ko/stories/song-structure1",song-structure1,"브릿지 파트",0,2,0.00,12.5
"https://studionol.co.kr/ko/stories/song-structure1",song-structure1,"음악 구성",0,10,0.00,10.1
"https://studionol.co.kr/ko/stories/song-structure1",song-structure1,"음악 구성요소",0,3,0.00,10.7
"https://studionol.co.kr/ko/stories/song-structure1",song-structure1,"음악 구조",0,11,0.00,8.0
"https://studionol.co.kr/ko/stories/song-structure1",song-structure1,"음악 브릿지",0,1,0.00,15.0
"https://studionol.co.kr/ko/stories/song-structure1",song-structure1,"음악 어레인지",0,1,0.00,7.0
"https://studionol.co.kr/ko/stories/song-structure1",song-structure1,"음악 코러스",0,3,0.00,10.7
"https://studionol.co.kr/ko/stories/song-structure1",song-structure1,"음악의 구성",0,3,0.00,7.3
"https://studionol.co.kr/ko/stories/song-structure1",song-structure1,"음악의 구조",0,7,0.00,9.4
"https://studionol.co.kr/ko/stories/song-structure1",song-structure1,"인트로 아웃트로 중간",0,12,0.00,6.1
"https://studionol.co.kr/ko/stories/song-structure1",song-structure1,"프리코러스 브릿지 차이",0,2,0.00,11.5
"https://studionol.co.kr/ko/stories/songstructure1",songstructure1,"[chorus]",0,1,0.00,4.0
"https://studionol.co.kr/ko/stories/songstructure1",songstructure1,"[pre-chorus]",0,6,0.00,9.8
"https://studionol.co.kr/ko/stories/songstructure1",songstructure1,"bless 뜻",0,3,0.00,3.0
"https://studionol.co.kr/ko/stories/songstructure1",songstructure1,"bridge chorus",0,1,0.00,9.0
"https://studionol.co.kr/ko/stories/songstructure1",songstructure1,"bridge 뜻",0,5,0.00,1.0
"https://studionol.co.kr/ko/stories/songstructure1",songstructure1,"bridge뜻",0,3,0.00,1.3
"https://studionol.co.kr/ko/stories/songstructure1",songstructure1,"chorous 뜻",0,1,0.00,11.0
"https://studionol.co.kr/ko/stories/songstructure1",songstructure1,"intro chorus",0,3,0.00,11.0
"https://studionol.co.kr/ko/stories/songstructure1",songstructure1,"post chorus",0,1,0.00,27.0
"https://studionol.co.kr/ko/stories/songstructure1",songstructure1,"post chorus 뜻",0,4,0.00,8.0
"https://studionol.co.kr/ko/stories/songstructure1",songstructure1,"post-chorus",0,1,0.00,33.0
"https://studionol.co.kr/ko/stories/songstructure1",songstructure1,"pre chorus 뜻",0,53,0.00,9.7
"https://studionol.co.kr/ko/stories/songstructure1",songstructure1,"pre chrous",0,2,0.00,10.0
"https://studionol.co.kr/ko/stories/songstructure1",songstructure1,"pre corus",0,1,0.00,12.0
"https://studionol.co.kr/ko/stories/songstructure1",songstructure1,"pre-chorus",0,32,0.00,9.6
"https://studionol.co.kr/ko/stories/songstructure1",songstructure1,"pre-chorus 뜻",0,40,0.00,8.7
"https://studionol.co.kr/ko/stories/songstructure1",songstructure1,"pre-chorus]",0,1,0.00,10.0
"https://studionol.co.kr/ko/stories/songstructure1",songstructure1,"shape of you",0,1,0.00,1.0
"https://studionol.co.kr/ko/stories/songstructure1",songstructure1,"site:studionol.co.kr",0,9,0.00,18.3
"https://studionol.co.kr/ko/stories/songstructure1",songstructure1,"song form",0,1,0.00,8.0
"https://studionol.co.kr/ko/stories/songstructure1",songstructure1,"songform",0,11,0.00,7.8
"https://studionol.co.kr/ko/stories/songstructure1",songstructure1,"verse",0,25,0.00,1.9
"https://studionol.co.kr/ko/stories/songstructure1",songstructure1,"verse chorus 뜻",0,17,0.00,6.6
"https://studionol.co.kr/ko/stories/songstructure1",songstructure1,"verse 뜻",0,12,0.00,1.1
"https://studionol.co.kr/ko/stories/songstructure1",songstructure1,"verse-chorus form",0,1,0.00,62.0
"https://studionol.co.kr/ko/stories/songstructure1",songstructure1,"zhfjtm",0,1,0.00,3.0
"https://studionol.co.kr/ko/stories/songstructure1",songstructure1,"가사 구성",0,3,0.00,6.7
"https://studionol.co.kr/ko/stories/songstructure1",songstructure1,"곡 구성",0,45,0.00,9.7
"https://studionol.co.kr/ko/stories/songstructure1",songstructure1,"곡 구성 용어",0,17,0.00,6.9
"https://studionol.co.kr/ko/stories/songstructure1",songstructure1,"곡 브릿지",0,30,0.00,7.1
"https://studionol.co.kr/ko/stories/songstructure1",songstructure1,"곡 설명",0,1,0.00,6.0
"https://studionol.co.kr/ko/stories/songstructure1",songstructure1,"곡구성",0,4,0.00,10.5
"https://studionol.co.kr/ko/stories/songstructure1",songstructure1,"곡의 구성",0,62,0.00,7.8
"https://studionol.co.kr/ko/stories/songstructure1",songstructure1,"곡의 구조",0,38,0.00,7.5
"https://studionol.co.kr/ko/stories/songstructure1",songstructure1,"곡의 특징",0,2,0.00,7.5
"https://studionol.co.kr/ko/stories/songstructure1",songstructure1,"구조 뜻",0,14,0.00,5.7
"https://studionol.co.kr/ko/stories/songstructure1",songstructure1,"구조뜻",0,2,0.00,5.5
"https://studionol.co.kr/ko/stories/songstructure1",songstructure1,"노래 1절 2절 구분",0,1,0.00,17.0
"https://studionol.co.kr/ko/stories/songstructure1",songstructure1,"노래 가사 구조",0,27,0.00,7.3
"https://studionol.co.kr/ko/stories/songstructure1",songstructure1,"노래 구간 용어",0,27,0.00,8.3
"https://studionol.co.kr/ko/stories/songstructure1",songstructure1,"노래 구성 브릿지",0,53,0.00,8.7
"https://studionol.co.kr/ko/stories/songstructure1",songstructure1,"노래 구성 요소",0,12,0.00,8.8
"https://studionol.co.kr/ko/stories/songstructure1",songstructure1,"노래 구성 용어",0,11,0.00,8.0
"https://studionol.co.kr/ko/stories/songstructure1",songstructure1,"노래 구조",0,129,0.00,7.8
"https://studionol.co.kr/ko/stories/songstructure1",songstructure1,"노래 뜻",0,1,0.00,10.0
"https://studionol.co.kr/ko/stories/songstructure1",songstructure1,"노래 벌스 뜻",0,6,0.00,1.0
"https://studionol.co.kr/ko/stories/songstructure1",songstructure1,"노래 부분 용어",0,1,0.00,1.0
"https://studionol.co.kr/ko/stories/songstructure1",songstructure1,"노래 브릿지 예시",0,13,0.00,5.3
"https://studionol.co.kr/ko/stories/songstructure1",songstructure1,"노래 순서",0,6,0.00,6.3
"https://studionol.co.kr/ko/stories/songstructure1",songstructure1,"노래 인트로",0,2,0.00,11.0
"https://studionol.co.kr/ko/stories/songstructure1",songstructure1,"노래 인트로 뜻",0,1,0.00,12.0
"https://studionol.co.kr/ko/stories/songstructure1",songstructure1,"노래 코러스",0,52,0.00,8.7
"https://studionol.co.kr/ko/stories/songstructure1",songstructure1,"노래 코러스 뜻",0,40,0.00,10.5
"https://studionol.co.kr/ko/stories/songstructure1",songstructure1,"노래 파트",0,49,0.00,6.3
"https://studionol.co.kr/ko/stories/songstructure1",songstructure1,"노래 파트 구분",0,9,0.00,4.3
"https://studionol.co.kr/ko/stories/songstructure1",songstructure1,"노래 파트 용어",0,13,0.00,6.8
"https://studionol.co.kr/ko/stories/songstructure1",songstructure1,"노래 후렴 뜻",0,1,0.00,1.0
"https://studionol.co.kr/ko/stories/songstructure1",songstructure1,"노래 훅",0,1,0.00,11.0
"https://studionol.co.kr/ko/stories/songstructure1",songstructure1,"노래구성",0,11,0.00,7.8
"https://studionol.co.kr/ko/stories/songstructure1",songstructure1,"노래에서 브릿지",0,4,0.00,12.0
"https://studionol.co.kr/ko/stories/songstructure1",songstructure1,"노래의 구성",0,28,0.00,8.3
"https://studionol.co.kr/ko/stories/songstructure1",songstructure1,"노래의 구조",0,11,0.00,6.5
"https://studionol.co.kr/ko/stories/songstructure1",songstructure1,"벌스",0,10,0.00,1.9
"https://studionol.co.kr/ko/stories/songstructure1",songstructure1,"벌스 브릿지",0,1,0.00,3.0
"https://studionol.co.kr/ko/stories/songstructure1",songstructure1,"벌스 영어로",0,3,0.00,1.0
"https://studionol.co.kr/ko/stories/songstructure1",songstructure1,"벌스 코러스",0,5,0.00,18.8
"https://studionol.co.kr/ko/stories/songstructure1",songstructure1,"벌스 코러스 브릿지",0,5,0.00,14.4
"https://studionol.co.kr/ko/stories/songstructure1",songstructure1,"벌스 훅 브릿지",0,1,0.00,14.0
"https://studionol.co.kr/ko/stories/songstructure1",songstructure1,"벌스뜻",0,2,0.00,1.0
"https://studionol.co.kr/ko/stories/songstructure1",songstructure1,"브릿지 구조",0,1,0.00,10.0
"https://studionol.co.kr/ko/stories/songstructure1",songstructure1,"브릿지 노래",0,161,0.00,7.6
"https://studionol.co.kr/ko/stories/songstructure1",songstructure1,"브릿지 뜻",0,654,0.00,8.2
"https://studionol.co.kr/ko/stories/songstructure1",songstructure1,"브릿지 뜻 음악",0,6,0.00,8.5
"https://studionol.co.kr/ko/stories/songstructure1",songstructure1,"브릿지 음악",0,107,0.00,7.7
"https://studionol.co.kr/ko/stories/songstructure1",songstructure1,"브릿지 음악 뜻",0,8,0.00,11.9
"https://studionol.co.kr/ko/stories/songstructure1",songstructure1,"브릿지 파트",0,84,0.00,8.4
"https://studionol.co.kr/ko/stories/songstructure1",songstructure1,"브릿지 프리코러스 차이",0,48,0.00,5.7
"https://studionol.co.kr/ko/stories/songstructure1",songstructure1,"브릿지뜻",0,18,0.00,8.1
"https://studionol.co.kr/ko/stories/songstructure1",songstructure1,"브릿지란",0,2,0.00,1.0
"https://studionol.co.kr/ko/stories/songstructure1",songstructure1,"브릿지파트",0,5,0.00,8.0
"https://studionol.co.kr/ko/stories/songstructure1",songstructure1,"블리스 뜻",0,2,0.00,1.5
"https://studionol.co.kr/ko/stories/songstructure1",songstructure1,"송폼 구성",0,29,0.00,6.8
"https://studionol.co.kr/ko/stories/songstructure1",songstructure1,"송폼 구조",0,22,0.00,6.9
"https://studionol.co.kr/ko/stories/songstructure1",songstructure1,"송폼 뜻",0,179,0.00,4.5
"https://studionol.co.kr/ko/stories/songstructure1",songstructure1,"송폼 예시",0,9,0.00,14.4
"https://studionol.co.kr/ko/stories/songstructure1",songstructure1,"송폼 종류",0,32,0.00,6.0
"https://studionol.co.kr/ko/stories/songstructure1",songstructure1,"음악 구성",0,22,0.00,10.0
"https://studionol.co.kr/ko/stories/songstructure1",songstructure1,"음악 구성요소",0,6,0.00,9.0
"https://studionol.co.kr/ko/stories/songstructure1",songstructure1,"음악 구조",0,34,0.00,7.3
"https://studionol.co.kr/ko/stories/songstructure1",songstructure1,"음악 벌스 뜻",0,2,0.00,1.0
"https://studionol.co.kr/ko/stories/songstructure1",songstructure1,"음악 브릿지",0,146,0.00,8.4
"https://studionol.co.kr/ko/stories/songstructure1",songstructure1,"음악 브릿지 뜻",0,44,0.00,8.2
"https://studionol.co.kr/ko/stories/songstructure1",songstructure1,"음악 용어",0,1,0.00,3.0
"https://studionol.co.kr/ko/stories/songstructure1",songstructure1,"음악 코러스",0,12,0.00,10.0
"https://studionol.co.kr/ko/stories/songstructure1",songstructure1,"음악 코러스 뜻",0,4,0.00,8.3
"https://studionol.co.kr/ko/stories/songstructure1",songstructure1,"음악 파트 용어",0,13,0.00,7.2
"https://studionol.co.kr/ko/stories/songstructure1",songstructure1,"음악과 노래의 차이",0,1,0.00,11.0
"https://studionol.co.kr/ko/stories/songstructure1",songstructure1,"음악의 구성",0,3,0.00,8.3
"https://studionol.co.kr/ko/stories/songstructure1",songstructure1,"음악의 구조",0,15,0.00,9.5
"https://studionol.co.kr/ko/stories/songstructure1",songstructure1,"응응 음악곡",0,4,0.00,9.3
"https://studionol.co.kr/ko/stories/songstructure1",songstructure1,"인트로 뜻",0,1,0.00,3.0
"https://studionol.co.kr/ko/stories/songstructure1",songstructure1,"인트로 벌스 코러스 브릿지",0,1,0.00,1.0
"https://studionol.co.kr/ko/stories/songstructure1",songstructure1,"자세히 알려줘",0,1,0.00,2.0
"https://studionol.co.kr/ko/stories/songstructure1",songstructure1,"케이팝 브릿지",0,9,0.00,7.2
"https://studionol.co.kr/ko/stories/songstructure1",songstructure1,"코러스",0,73,0.00,2.4
"https://studionol.co.kr/ko/stories/songstructure1",songstructure1,"코러스 노래",0,15,0.00,9.9
"https://studionol.co.kr/ko/stories/songstructure1",songstructure1,"코러스 뜻",0,220,0.00,7.3
"https://studionol.co.kr/ko/stories/songstructure1",songstructure1,"코러스 스펠링",0,1,0.00,9.0
"https://studionol.co.kr/ko/stories/songstructure1",songstructure1,"코러스 음악",0,1,0.00,7.0
"https://studionol.co.kr/ko/stories/songstructure1",songstructure1,"코러스 프리코러스",0,49,0.00,6.9
"https://studionol.co.kr/ko/stories/songstructure1",songstructure1,"코러스 훅 차이",0,5,0.00,10.4
"https://studionol.co.kr/ko/stories/songstructure1",songstructure1,"코러스뜻",0,4,0.00,1.0
"https://studionol.co.kr/ko/stories/songstructure1",songstructure1,"코로스",0,1,0.00,3.0
"https://studionol.co.kr/ko/stories/songstructure1",songstructure1,"코로스 뜻",0,52,0.00,1.0
"https://studionol.co.kr/ko/stories/songstructure1",songstructure1,"코르스",0,2,0.00,4.0
"https://studionol.co.kr/ko/stories/songstructure1",songstructure1,"편곡",0,1,0.00,2.0
"https://studionol.co.kr/ko/stories/songstructure1",songstructure1,"포스트 코러스 뜻",0,5,0.00,1.0
"https://studionol.co.kr/ko/stories/songstructure1",songstructure1,"포스트코러스",0,2,0.00,11.0
"https://studionol.co.kr/ko/stories/songstructure1",songstructure1,"프리 코러스",0,174,0.00,7.9
"https://studionol.co.kr/ko/stories/songstructure1",songstructure1,"프리 코러스 뜻",0,47,0.00,8.3
"https://studionol.co.kr/ko/stories/songstructure1",songstructure1,"프리코러스 뜻",0,173,0.00,7.2
"https://studionol.co.kr/ko/stories/songstructure1",songstructure1,"프리코러스 브릿지 차이",0,130,0.00,5.8
"https://studionol.co.kr/ko/stories/songstructure1",songstructure1,"후렴 뜻",0,6,0.00,1.2
"https://studionol.co.kr/ko/stories/songstructure1",songstructure1,"후렴 영어로",0,5,0.00,2.8
"https://studionol.co.kr/ko/stories/songstructure1",songstructure1,"훅 코러스 차이",0,12,0.00,10.8
"https://studionol.co.kr/ko/stories/songstructure1",songstructure1,"힙합 송폼",0,2,0.00,11.0
"https://studionol.co.kr/ko/stories/songstructure1#%EA%B0%81-%ED%8C%8C%ED%8A%B8%EC%9D%98-%EC%97%AD%ED%95%A0",songstructure1,"chorus 뜻",0,1,0.00,9.0
"https://studionol.co.kr/ko/stories/songstructure1#%EA%B0%81-%ED%8C%8C%ED%8A%B8%EC%9D%98-%EC%97%AD%ED%95%A0",songstructure1,"pre-chorus",0,1,0.00,11.0
"https://studionol.co.kr/ko/stories/songstructure1#%EA%B0%81-%ED%8C%8C%ED%8A%B8%EC%9D%98-%EC%97%AD%ED%95%A0",songstructure1,"verse chorus 뜻",0,4,0.00,8.8
"https://studionol.co.kr/ko/stories/songstructure1#%EA%B0%81-%ED%8C%8C%ED%8A%B8%EC%9D%98-%EC%97%AD%ED%95%A0",songstructure1,"곡 구성",0,3,0.00,9.0
"https://studionol.co.kr/ko/stories/songstructure1#%EA%B0%81-%ED%8C%8C%ED%8A%B8%EC%9D%98-%EC%97%AD%ED%95%A0",songstructure1,"곡 구성 용어",0,2,0.00,9.0
"https://studionol.co.kr/ko/stories/songstructure1#%EA%B0%81-%ED%8C%8C%ED%8A%B8%EC%9D%98-%EC%97%AD%ED%95%A0",songstructure1,"곡 브릿지",0,2,0.00,11.0
"https://studionol.co.kr/ko/stories/songstructure1#%EA%B0%81-%ED%8C%8C%ED%8A%B8%EC%9D%98-%EC%97%AD%ED%95%A0",songstructure1,"곡의 구성",0,3,0.00,9.7
"https://studionol.co.kr/ko/stories/songstructure1#%EA%B0%81-%ED%8C%8C%ED%8A%B8%EC%9D%98-%EC%97%AD%ED%95%A0",songstructure1,"곡의 구조",0,9,0.00,7.9
"https://studionol.co.kr/ko/stories/songstructure1#%EA%B0%81-%ED%8C%8C%ED%8A%B8%EC%9D%98-%EC%97%AD%ED%95%A0",songstructure1,"노래 가사 구조",0,5,0.00,9.0
"https://studionol.co.kr/ko/stories/songstructure1#%EA%B0%81-%ED%8C%8C%ED%8A%B8%EC%9D%98-%EC%97%AD%ED%95%A0",songstructure1,"노래 구간 용어",0,5,0.00,7.6
"https://studionol.co.kr/ko/stories/songstructure1#%EA%B0%81-%ED%8C%8C%ED%8A%B8%EC%9D%98-%EC%97%AD%ED%95%A0",songstructure1,"노래 구성",0,3,0.00,9.7
"https://studionol.co.kr/ko/stories/songstructure1#%EA%B0%81-%ED%8C%8C%ED%8A%B8%EC%9D%98-%EC%97%AD%ED%95%A0",songstructure1,"노래 구성 브릿지",0,14,0.00,9.4
"https://studionol.co.kr/ko/stories/songstructure1#%EA%B0%81-%ED%8C%8C%ED%8A%B8%EC%9D%98-%EC%97%AD%ED%95%A0",songstructure1,"노래 구성 용어",0,2,0.00,10.5
"https://studionol.co.kr/ko/stories/songstructure1#%EA%B0%81-%ED%8C%8C%ED%8A%B8%EC%9D%98-%EC%97%AD%ED%95%A0",songstructure1,"노래 구성요소",0,8,0.00,10.5
"https://studionol.co.kr/ko/stories/songstructure1#%EA%B0%81-%ED%8C%8C%ED%8A%B8%EC%9D%98-%EC%97%AD%ED%95%A0",songstructure1,"노래 구조",0,22,0.00,10.3
"https://studionol.co.kr/ko/stories/songstructure1#%EA%B0%81-%ED%8C%8C%ED%8A%B8%EC%9D%98-%EC%97%AD%ED%95%A0",songstructure1,"노래 브릿지",0,45,0.00,8.3
"https://studionol.co.kr/ko/stories/songstructure1#%EA%B0%81-%ED%8C%8C%ED%8A%B8%EC%9D%98-%EC%97%AD%ED%95%A0",songstructure1,"노래 브릿지 뜻",0,57,0.00,7.0
"https://studionol.co.kr/ko/stories/songstructure1#%EA%B0%81-%ED%8C%8C%ED%8A%B8%EC%9D%98-%EC%97%AD%ED%95%A0",songstructure1,"노래 파트 용어",0,5,0.00,9.6
"https://studionol.co.kr/ko/stories/songstructure1#%EA%B0%81-%ED%8C%8C%ED%8A%B8%EC%9D%98-%EC%97%AD%ED%95%A0",songstructure1,"노래의 구성",0,5,0.00,9.4
"https://studionol.co.kr/ko/stories/songstructure1#%EA%B0%81-%ED%8C%8C%ED%8A%B8%EC%9D%98-%EC%97%AD%ED%95%A0",songstructure1,"노래의 구조",0,2,0.00,7.5
"https://studionol.co.kr/ko/stories/songstructure1#%EA%B0%81-%ED%8C%8C%ED%8A%B8%EC%9D%98-%EC%97%AD%ED%95%A0",songstructure1,"브릿지 노래",0,15,0.00,7.9
"https://studionol.co.kr/ko/stories/songstructure1#%EA%B0%81-%ED%8C%8C%ED%8A%B8%EC%9D%98-%EC%97%AD%ED%95%A0",songstructure1,"브릿지 뜻",0,92,0.00,9.0
"https://studionol.co.kr/ko/stories/songstructure1#%EA%B0%81-%ED%8C%8C%ED%8A%B8%EC%9D%98-%EC%97%AD%ED%95%A0",songstructure1,"브릿지 뜻 음악",0,1,0.00,11.0
"https://studionol.co.kr/ko/stories/songstructure1#%EA%B0%81-%ED%8C%8C%ED%8A%B8%EC%9D%98-%EC%97%AD%ED%95%A0",songstructure1,"브릿지 음악",0,1,0.00,9.0
"https://studionol.co.kr/ko/stories/songstructure1#%EA%B0%81-%ED%8C%8C%ED%8A%B8%EC%9D%98-%EC%97%AD%ED%95%A0",songstructure1,"브릿지 음악 뜻",0,2,0.00,10.0
"https://studionol.co.kr/ko/stories/songstructure1#%EA%B0%81-%ED%8C%8C%ED%8A%B8%EC%9D%98-%EC%97%AD%ED%95%A0",songstructure1,"브릿지 코러스",0,5,0.00,7.4
"https://studionol.co.kr/ko/stories/songstructure1#%EA%B0%81-%ED%8C%8C%ED%8A%B8%EC%9D%98-%EC%97%AD%ED%95%A0",songstructure1,"브릿지 파트",0,9,0.00,9.9
"https://studionol.co.kr/ko/stories/songstructure1#%EA%B0%81-%ED%8C%8C%ED%8A%B8%EC%9D%98-%EC%97%AD%ED%95%A0",songstructure1,"브릿지 파트 뜻",0,11,0.00,6.7
"https://studionol.co.kr/ko/stories/songstructure1#%EA%B0%81-%ED%8C%8C%ED%8A%B8%EC%9D%98-%EC%97%AD%ED%95%A0",songstructure1,"브릿지 프리코러스 차이",0,9,0.00,7.1
"https://studionol.co.kr/ko/stories/songstructure1#%EA%B0%81-%ED%8C%8C%ED%8A%B8%EC%9D%98-%EC%97%AD%ED%95%A0",songstructure1,"브릿지뜻",0,2,0.00,8.5
"https://studionol.co.kr/ko/stories/songstructure1#%EA%B0%81-%ED%8C%8C%ED%8A%B8%EC%9D%98-%EC%97%AD%ED%95%A0",songstructure1,"송 폼",0,5,0.00,6.6
"https://studionol.co.kr/ko/stories/songstructure1#%EA%B0%81-%ED%8C%8C%ED%8A%B8%EC%9D%98-%EC%97%AD%ED%95%A0",songstructure1,"송폼 구성",0,8,0.00,7.4
"https://studionol.co.kr/ko/stories/songstructure1#%EA%B0%81-%ED%8C%8C%ED%8A%B8%EC%9D%98-%EC%97%AD%ED%95%A0",songstructure1,"송폼 구조",0,5,0.00,6.6
"https://studionol.co.kr/ko/stories/songstructure1#%EA%B0%81-%ED%8C%8C%ED%8A%B8%EC%9D%98-%EC%97%AD%ED%95%A0",songstructure1,"송폼 분석",0,8,0.00,7.0
"https://studionol.co.kr/ko/stories/songstructure1#%EA%B0%81-%ED%8C%8C%ED%8A%B8%EC%9D%98-%EC%97%AD%ED%95%A0",songstructure1,"송폼 브릿지",0,6,0.00,6.8
"https://studionol.co.kr/ko/stories/songstructure1#%EA%B0%81-%ED%8C%8C%ED%8A%B8%EC%9D%98-%EC%97%AD%ED%95%A0",songstructure1,"송폼 용어",0,12,0.00,6.4
"https://studionol.co.kr/ko/stories/songstructure1#%EA%B0%81-%ED%8C%8C%ED%8A%B8%EC%9D%98-%EC%97%AD%ED%95%A0",songstructure1,"송폼 종류",0,5,0.00,9.0
"https://studionol.co.kr/ko/stories/songstructure1#%EA%B0%81-%ED%8C%8C%ED%8A%B8%EC%9D%98-%EC%97%AD%ED%95%A0",songstructure1,"음악 구성",0,1,0.00,11.0
"https://studionol.co.kr/ko/stories/songstructure1#%EA%B0%81-%ED%8C%8C%ED%8A%B8%EC%9D%98-%EC%97%AD%ED%95%A0",songstructure1,"음악 구성요소",0,1,0.00,11.0
"https://studionol.co.kr/ko/stories/songstructure1#%EA%B0%81-%ED%8C%8C%ED%8A%B8%EC%9D%98-%EC%97%AD%ED%95%A0",songstructure1,"음악 브릿지",0,3,0.00,10.0
"https://studionol.co.kr/ko/stories/songstructure1#%EA%B0%81-%ED%8C%8C%ED%8A%B8%EC%9D%98-%EC%97%AD%ED%95%A0",songstructure1,"음악 브릿지 뜻",0,8,0.00,9.4
"https://studionol.co.kr/ko/stories/songstructure1#%EA%B0%81-%ED%8C%8C%ED%8A%B8%EC%9D%98-%EC%97%AD%ED%95%A0",songstructure1,"음악 파트 용어",0,10,0.00,9.9
"https://studionol.co.kr/ko/stories/songstructure1#%EA%B0%81-%ED%8C%8C%ED%8A%B8%EC%9D%98-%EC%97%AD%ED%95%A0",songstructure1,"음악의 구조",0,5,0.00,9.0
"https://studionol.co.kr/ko/stories/songstructure1#%EA%B0%81-%ED%8C%8C%ED%8A%B8%EC%9D%98-%EC%97%AD%ED%95%A0",songstructure1,"케이팝 브릿지",0,1,0.00,9.0
"https://studionol.co.kr/ko/stories/songstructure1#%EA%B0%81-%ED%8C%8C%ED%8A%B8%EC%9D%98-%EC%97%AD%ED%95%A0",songstructure1,"코러스 뜻",0,3,0.00,10.0
"https://studionol.co.kr/ko/stories/songstructure1#%EA%B0%81-%ED%8C%8C%ED%8A%B8%EC%9D%98-%EC%97%AD%ED%95%A0",songstructure1,"프리 코러스 브릿지 차이",0,16,0.00,7.3
"https://studionol.co.kr/ko/stories/songstructure1#%EA%B0%81-%ED%8C%8C%ED%8A%B8%EC%9D%98-%EC%97%AD%ED%95%A0",songstructure1,"프리코러스 브릿지 차이",0,16,0.00,7.9
"https://studionol.co.kr/ko/stories/songstructure1#%EA%B0%90%EC%A0%95-%ED%9D%90%EB%A6%84-%EC%84%A4%EA%B3%84",songstructure1,"chorus 뜻",0,1,0.00,9.0
"https://studionol.co.kr/ko/stories/songstructure1#%EA%B0%90%EC%A0%95-%ED%9D%90%EB%A6%84-%EC%84%A4%EA%B3%84",songstructure1,"pre chrous",0,1,0.00,11.0
"https://studionol.co.kr/ko/stories/songstructure1#%EA%B0%90%EC%A0%95-%ED%9D%90%EB%A6%84-%EC%84%A4%EA%B3%84",songstructure1,"pre-chorus",0,2,0.00,11.0
"https://studionol.co.kr/ko/stories/songstructure1#%EA%B0%90%EC%A0%95-%ED%9D%90%EB%A6%84-%EC%84%A4%EA%B3%84",songstructure1,"verse chorus 뜻",0,4,0.00,8.8
"https://studionol.co.kr/ko/stories/songstructure1#%EA%B0%90%EC%A0%95-%ED%9D%90%EB%A6%84-%EC%84%A4%EA%B3%84",songstructure1,"가사 구조",0,7,0.00,7.9
"https://studionol.co.kr/ko/stories/songstructure1#%EA%B0%90%EC%A0%95-%ED%9D%90%EB%A6%84-%EC%84%A4%EA%B3%84",songstructure1,"곡 구성",0,8,0.00,10.0
"https://studionol.co.kr/ko/stories/songstructure1#%EA%B0%90%EC%A0%95-%ED%9D%90%EB%A6%84-%EC%84%A4%EA%B3%84",songstructure1,"곡 구성 용어",0,7,0.00,9.7
"https://studionol.co.kr/ko/stories/songstructure1#%EA%B0%90%EC%A0%95-%ED%9D%90%EB%A6%84-%EC%84%A4%EA%B3%84",songstructure1,"곡 구조",0,6,0.00,7.5
"https://studionol.co.kr/ko/stories/songstructure1#%EA%B0%90%EC%A0%95-%ED%9D%90%EB%A6%84-%EC%84%A4%EA%B3%84",songstructure1,"곡 브릿지",0,4,0.00,10.0
"https://studionol.co.kr/ko/stories/songstructure1#%EA%B0%90%EC%A0%95-%ED%9D%90%EB%A6%84-%EC%84%A4%EA%B3%84",songstructure1,"곡의 구성",0,3,0.00,9.7
"https://studionol.co.kr/ko/stories/songstructure1#%EA%B0%90%EC%A0%95-%ED%9D%90%EB%A6%84-%EC%84%A4%EA%B3%84",songstructure1,"곡의 구조",0,5,0.00,7.8
"https://studionol.co.kr/ko/stories/songstructure1#%EA%B0%90%EC%A0%95-%ED%9D%90%EB%A6%84-%EC%84%A4%EA%B3%84",songstructure1,"노래 가사 구조",0,7,0.00,9.3
"https://studionol.co.kr/ko/stories/songstructure1#%EA%B0%90%EC%A0%95-%ED%9D%90%EB%A6%84-%EC%84%A4%EA%B3%84",songstructure1,"노래 구간 용어",0,10,0.00,8.2
"https://studionol.co.kr/ko/stories/songstructure1#%EA%B0%90%EC%A0%95-%ED%9D%90%EB%A6%84-%EC%84%A4%EA%B3%84",songstructure1,"노래 구성",0,6,0.00,10.3
"https://studionol.co.kr/ko/stories/songstructure1#%EA%B0%90%EC%A0%95-%ED%9D%90%EB%A6%84-%EC%84%A4%EA%B3%84",songstructure1,"노래 구성 브릿지",0,18,0.00,9.3
"https://studionol.co.kr/ko/stories/songstructure1#%EA%B0%90%EC%A0%95-%ED%9D%90%EB%A6%84-%EC%84%A4%EA%B3%84",songstructure1,"노래 구성 요소",0,2,0.00,9.5
"https://studionol.co.kr/ko/stories/songstructure1#%EA%B0%90%EC%A0%95-%ED%9D%90%EB%A6%84-%EC%84%A4%EA%B3%84",songstructure1,"노래 구성 용어",0,6,0.00,10.5
"https://studionol.co.kr/ko/stories/songstructure1#%EA%B0%90%EC%A0%95-%ED%9D%90%EB%A6%84-%EC%84%A4%EA%B3%84",songstructure1,"노래 구성요소",0,16,0.00,9.8
"https://studionol.co.kr/ko/stories/songstructure1#%EA%B0%90%EC%A0%95-%ED%9D%90%EB%A6%84-%EC%84%A4%EA%B3%84",songstructure1,"노래 구조",0,36,0.00,9.3
"https://studionol.co.kr/ko/stories/songstructure1#%EA%B0%90%EC%A0%95-%ED%9D%90%EB%A6%84-%EC%84%A4%EA%B3%84",songstructure1,"노래 브릿지",0,88,0.00,7.9
"https://studionol.co.kr/ko/stories/songstructure1#%EA%B0%90%EC%A0%95-%ED%9D%90%EB%A6%84-%EC%84%A4%EA%B3%84",songstructure1,"노래 브릿지 뜻",0,72,0.00,6.9
"https://studionol.co.kr/ko/stories/songstructure1#%EA%B0%90%EC%A0%95-%ED%9D%90%EB%A6%84-%EC%84%A4%EA%B3%84",songstructure1,"노래 파트 용어",0,5,0.00,9.6
"https://studionol.co.kr/ko/stories/songstructure1#%EA%B0%90%EC%A0%95-%ED%9D%90%EB%A6%84-%EC%84%A4%EA%B3%84",songstructure1,"노래구성",0,1,0.00,11.0
"https://studionol.co.kr/ko/stories/songstructure1#%EA%B0%90%EC%A0%95-%ED%9D%90%EB%A6%84-%EC%84%A4%EA%B3%84",songstructure1,"노래의 구성",0,5,0.00,9.4
"https://studionol.co.kr/ko/stories/songstructure1#%EA%B0%90%EC%A0%95-%ED%9D%90%EB%A6%84-%EC%84%A4%EA%B3%84",songstructure1,"브릿지 노래",0,25,0.00,7.4
"https://studionol.co.kr/ko/stories/songstructure1#%EA%B0%90%EC%A0%95-%ED%9D%90%EB%A6%84-%EC%84%A4%EA%B3%84",songstructure1,"브릿지 뜻",0,114,0.00,9.0
"https://studionol.co.kr/ko/stories/songstructure1#%EA%B0%90%EC%A0%95-%ED%9D%90%EB%A6%84-%EC%84%A4%EA%B3%84",songstructure1,"브릿지 뜻 음악",0,1,0.00,11.0
"https://studionol.co.kr/ko/stories/songstructure1#%EA%B0%90%EC%A0%95-%ED%9D%90%EB%A6%84-%EC%84%A4%EA%B3%84",songstructure1,"브릿지 음악",0,3,0.00,10.3
"https://studionol.co.kr/ko/stories/songstructure1#%EA%B0%90%EC%A0%95-%ED%9D%90%EB%A6%84-%EC%84%A4%EA%B3%84",songstructure1,"브릿지 음악 뜻",0,3,0.00,10.0
"https://studionol.co.kr/ko/stories/songstructure1#%EA%B0%90%EC%A0%95-%ED%9D%90%EB%A6%84-%EC%84%A4%EA%B3%84",songstructure1,"브릿지 코러스",0,5,0.00,7.4
"https://studionol.co.kr/ko/stories/songstructure1#%EA%B0%90%EC%A0%95-%ED%9D%90%EB%A6%84-%EC%84%A4%EA%B3%84",songstructure1,"브릿지 파트",0,9,0.00,9.9
"https://studionol.co.kr/ko/stories/songstructure1#%EA%B0%90%EC%A0%95-%ED%9D%90%EB%A6%84-%EC%84%A4%EA%B3%84",songstructure1,"브릿지 파트 뜻",0,11,0.00,6.7
"https://studionol.co.kr/ko/stories/songstructure1#%EA%B0%90%EC%A0%95-%ED%9D%90%EB%A6%84-%EC%84%A4%EA%B3%84",songstructure1,"브릿지 프리코러스 차이",0,9,0.00,7.1
"https://studionol.co.kr/ko/stories/songstructure1#%EA%B0%90%EC%A0%95-%ED%9D%90%EB%A6%84-%EC%84%A4%EA%B3%84",songstructure1,"브릿지뜻",0,3,0.00,7.7
"https://studionol.co.kr/ko/stories/songstructure1#%EA%B0%90%EC%A0%95-%ED%9D%90%EB%A6%84-%EC%84%A4%EA%B3%84",songstructure1,"송 폼",0,8,0.00,6.4
"https://studionol.co.kr/ko/stories/songstructure1#%EA%B0%90%EC%A0%95-%ED%9D%90%EB%A6%84-%EC%84%A4%EA%B3%84",songstructure1,"송폼 구성",0,14,0.00,7.5
"https://studionol.co.kr/ko/stories/songstructure1#%EA%B0%90%EC%A0%95-%ED%9D%90%EB%A6%84-%EC%84%A4%EA%B3%84",songstructure1,"송폼 구조",0,13,0.00,6.5
"https://studionol.co.kr/ko/stories/songstructure1#%EA%B0%90%EC%A0%95-%ED%9D%90%EB%A6%84-%EC%84%A4%EA%B3%84",songstructure1,"송폼 분석",0,16,0.00,6.9
"https://studionol.co.kr/ko/stories/songstructure1#%EA%B0%90%EC%A0%95-%ED%9D%90%EB%A6%84-%EC%84%A4%EA%B3%84",songstructure1,"송폼 브릿지",0,19,0.00,6.8
"https://studionol.co.kr/ko/stories/songstructure1#%EA%B0%90%EC%A0%95-%ED%9D%90%EB%A6%84-%EC%84%A4%EA%B3%84",songstructure1,"송폼 용어",0,32,0.00,6.4
"https://studionol.co.kr/ko/stories/songstructure1#%EA%B0%90%EC%A0%95-%ED%9D%90%EB%A6%84-%EC%84%A4%EA%B3%84",songstructure1,"송폼 종류",0,10,0.00,9.1
"https://studionol.co.kr/ko/stories/songstructure1#%EA%B0%90%EC%A0%95-%ED%9D%90%EB%A6%84-%EC%84%A4%EA%B3%84",songstructure1,"음악 구성",0,3,0.00,11.0
"https://studionol.co.kr/ko/stories/songstructure1#%EA%B0%90%EC%A0%95-%ED%9D%90%EB%A6%84-%EC%84%A4%EA%B3%84",songstructure1,"음악 구성요소",0,4,0.00,11.3
"https://studionol.co.kr/ko/stories/songstructure1#%EA%B0%90%EC%A0%95-%ED%9D%90%EB%A6%84-%EC%84%A4%EA%B3%84",songstructure1,"음악 구조",0,4,0.00,8.5
"https://studionol.co.kr/ko/stories/songstructure1#%EA%B0%90%EC%A0%95-%ED%9D%90%EB%A6%84-%EC%84%A4%EA%B3%84",songstructure1,"음악 브릿지",0,5,0.00,10.2
"https://studionol.co.kr/ko/stories/songstructure1#%EA%B0%90%EC%A0%95-%ED%9D%90%EB%A6%84-%EC%84%A4%EA%B3%84",songstructure1,"음악 브릿지 뜻",0,11,0.00,9.5
"https://studionol.co.kr/ko/stories/songstructure1#%EA%B0%90%EC%A0%95-%ED%9D%90%EB%A6%84-%EC%84%A4%EA%B3%84",songstructure1,"음악 파트 용어",0,3,0.00,10.3
"https://studionol.co.kr/ko/stories/songstructure1#%EA%B0%90%EC%A0%95-%ED%9D%90%EB%A6%84-%EC%84%A4%EA%B3%84",songstructure1,"케이팝 브릿지",0,2,0.00,9.0
"https://studionol.co.kr/ko/stories/songstructure1#%EA%B0%90%EC%A0%95-%ED%9D%90%EB%A6%84-%EC%84%A4%EA%B3%84",songstructure1,"코러스 뜻",0,3,0.00,10.0
"https://studionol.co.kr/ko/stories/songstructure1#%EA%B0%90%EC%A0%95-%ED%9D%90%EB%A6%84-%EC%84%A4%EA%B3%84",songstructure1,"프리 코러스 브릿지 차이",0,16,0.00,7.3
"https://studionol.co.kr/ko/stories/songstructure1#%EA%B0%90%EC%A0%95-%ED%9D%90%EB%A6%84-%EC%84%A4%EA%B3%84",songstructure1,"프리코러스 브릿지 차이",0,16,0.00,7.9
"https://studionol.co.kr/ko/stories/songstructure1#%EA%B8%B0%EB%B3%B8-%ED%8C%9D%EC%86%A1-%EA%B5%AC%EC%A1%B0",songstructure1,"chorus 뜻",0,1,0.00,9.0
"https://studionol.co.kr/ko/stories/songstructure1#%EA%B8%B0%EB%B3%B8-%ED%8C%9D%EC%86%A1-%EA%B5%AC%EC%A1%B0",songstructure1,"pre chrous",0,1,0.00,11.0
"https://studionol.co.kr/ko/stories/songstructure1#%EA%B8%B0%EB%B3%B8-%ED%8C%9D%EC%86%A1-%EA%B5%AC%EC%A1%B0",songstructure1,"pre-chorus",0,2,0.00,11.0
"https://studionol.co.kr/ko/stories/songstructure1#%EA%B8%B0%EB%B3%B8-%ED%8C%9D%EC%86%A1-%EA%B5%AC%EC%A1%B0",songstructure1,"verse chorus 뜻",0,9,0.00,8.8
"https://studionol.co.kr/ko/stories/songstructure1#%EA%B8%B0%EB%B3%B8-%ED%8C%9D%EC%86%A1-%EA%B5%AC%EC%A1%B0",songstructure1,"가사 구조",0,7,0.00,7.9
"https://studionol.co.kr/ko/stories/songstructure1#%EA%B8%B0%EB%B3%B8-%ED%8C%9D%EC%86%A1-%EA%B5%AC%EC%A1%B0",songstructure1,"곡 구성",0,8,0.00,10.0
"https://studionol.co.kr/ko/stories/songstructure1#%EA%B8%B0%EB%B3%B8-%ED%8C%9D%EC%86%A1-%EA%B5%AC%EC%A1%B0",songstructure1,"곡 구성 용어",0,7,0.00,9.7
"https://studionol.co.kr/ko/stories/songstructure1#%EA%B8%B0%EB%B3%B8-%ED%8C%9D%EC%86%A1-%EA%B5%AC%EC%A1%B0",songstructure1,"곡 구조",0,6,0.00,7.5
"https://studionol.co.kr/ko/stories/songstructure1#%EA%B8%B0%EB%B3%B8-%ED%8C%9D%EC%86%A1-%EA%B5%AC%EC%A1%B0",songstructure1,"곡 브릿지",0,4,0.00,10.0
"https://studionol.co.kr/ko/stories/songstructure1#%EA%B8%B0%EB%B3%B8-%ED%8C%9D%EC%86%A1-%EA%B5%AC%EC%A1%B0",songstructure1,"곡의 구조",0,9,0.00,7.9
"https://studionol.co.kr/ko/stories/songstructure1#%EA%B8%B0%EB%B3%B8-%ED%8C%9D%EC%86%A1-%EA%B5%AC%EC%A1%B0",songstructure1,"노래 가사 구조",0,7,0.00,9.3
"https://studionol.co.kr/ko/stories/songstructure1#%EA%B8%B0%EB%B3%B8-%ED%8C%9D%EC%86%A1-%EA%B5%AC%EC%A1%B0",songstructure1,"노래 구간 용어",0,10,0.00,8.2
"https://studionol.co.kr/ko/stories/songstructure1#%EA%B8%B0%EB%B3%B8-%ED%8C%9D%EC%86%A1-%EA%B5%AC%EC%A1%B0",songstructure1,"노래 구성",0,6,0.00,10.3
"https://studionol.co.kr/ko/stories/songstructure1#%EA%B8%B0%EB%B3%B8-%ED%8C%9D%EC%86%A1-%EA%B5%AC%EC%A1%B0",songstructure1,"노래 구성 브릿지",0,18,0.00,9.3
"https://studionol.co.kr/ko/stories/songstructure1#%EA%B8%B0%EB%B3%B8-%ED%8C%9D%EC%86%A1-%EA%B5%AC%EC%A1%B0",songstructure1,"노래 구성 요소",0,2,0.00,9.5
"https://studionol.co.kr/ko/stories/songstructure1#%EA%B8%B0%EB%B3%B8-%ED%8C%9D%EC%86%A1-%EA%B5%AC%EC%A1%B0",songstructure1,"노래 구성 용어",0,6,0.00,10.5
"https://studionol.co.kr/ko/stories/songstructure1#%EA%B8%B0%EB%B3%B8-%ED%8C%9D%EC%86%A1-%EA%B5%AC%EC%A1%B0",songstructure1,"노래 구성요소",0,16,0.00,9.8
"https://studionol.co.kr/ko/stories/songstructure1#%EA%B8%B0%EB%B3%B8-%ED%8C%9D%EC%86%A1-%EA%B5%AC%EC%A1%B0",songstructure1,"노래 구조",0,36,0.00,9.3
"https://studionol.co.kr/ko/stories/songstructure1#%EA%B8%B0%EB%B3%B8-%ED%8C%9D%EC%86%A1-%EA%B5%AC%EC%A1%B0",songstructure1,"노래 브릿지",0,88,0.00,7.9
"https://studionol.co.kr/ko/stories/songstructure1#%EA%B8%B0%EB%B3%B8-%ED%8C%9D%EC%86%A1-%EA%B5%AC%EC%A1%B0",songstructure1,"노래 브릿지 뜻",0,72,0.00,6.9
"https://studionol.co.kr/ko/stories/songstructure1#%EA%B8%B0%EB%B3%B8-%ED%8C%9D%EC%86%A1-%EA%B5%AC%EC%A1%B0",songstructure1,"노래 파트 용어",0,4,0.00,9.5
"https://studionol.co.kr/ko/stories/songstructure1#%EA%B8%B0%EB%B3%B8-%ED%8C%9D%EC%86%A1-%EA%B5%AC%EC%A1%B0",songstructure1,"노래구성",0,1,0.00,11.0
"https://studionol.co.kr/ko/stories/songstructure1#%EA%B8%B0%EB%B3%B8-%ED%8C%9D%EC%86%A1-%EA%B5%AC%EC%A1%B0",songstructure1,"노래의 구성",0,1,0.00,8.0
"https://studionol.co.kr/ko/stories/songstructure1#%EA%B8%B0%EB%B3%B8-%ED%8C%9D%EC%86%A1-%EA%B5%AC%EC%A1%B0",songstructure1,"노래의 구조",0,2,0.00,7.5
"https://studionol.co.kr/ko/stories/songstructure1#%EA%B8%B0%EB%B3%B8-%ED%8C%9D%EC%86%A1-%EA%B5%AC%EC%A1%B0",songstructure1,"브릿지 노래",0,25,0.00,7.4
"https://studionol.co.kr/ko/stories/songstructure1#%EA%B8%B0%EB%B3%B8-%ED%8C%9D%EC%86%A1-%EA%B5%AC%EC%A1%B0",songstructure1,"브릿지 뜻",0,114,0.00,9.0
"https://studionol.co.kr/ko/stories/songstructure1#%EA%B8%B0%EB%B3%B8-%ED%8C%9D%EC%86%A1-%EA%B5%AC%EC%A1%B0",songstructure1,"브릿지 뜻 음악",0,1,0.00,11.0
"https://studionol.co.kr/ko/stories/songstructure1#%EA%B8%B0%EB%B3%B8-%ED%8C%9D%EC%86%A1-%EA%B5%AC%EC%A1%B0",songstructure1,"브릿지 음악",0,3,0.00,10.3
"https://studionol.co.kr/ko/stories/songstructure1#%EA%B8%B0%EB%B3%B8-%ED%8C%9D%EC%86%A1-%EA%B5%AC%EC%A1%B0",songstructure1,"브릿지 음악 뜻",0,3,0.00,10.0
"https://studionol.co.kr/ko/stories/songstructure1#%EA%B8%B0%EB%B3%B8-%ED%8C%9D%EC%86%A1-%EA%B5%AC%EC%A1%B0",songstructure1,"브릿지 코러스",0,5,0.00,7.4
"https://studionol.co.kr/ko/stories/songstructure1#%EA%B8%B0%EB%B3%B8-%ED%8C%9D%EC%86%A1-%EA%B5%AC%EC%A1%B0",songstructure1,"브릿지 파트",0,5,0.00,9.4
"https://studionol.co.kr/ko/stories/songstructure1#%EA%B8%B0%EB%B3%B8-%ED%8C%9D%EC%86%A1-%EA%B5%AC%EC%A1%B0",songstructure1,"브릿지 파트 뜻",0,5,0.00,7.6
"https://studionol.co.kr/ko/stories/songstructure1#%EA%B8%B0%EB%B3%B8-%ED%8C%9D%EC%86%A1-%EA%B5%AC%EC%A1%B0",songstructure1,"브릿지 프리코러스 차이",0,9,0.00,7.1
"https://studionol.co.kr/ko/stories/songstructure1#%EA%B8%B0%EB%B3%B8-%ED%8C%9D%EC%86%A1-%EA%B5%AC%EC%A1%B0",songstructure1,"브릿지뜻",0,3,0.00,7.7
"https://studionol.co.kr/ko/stories/songstructure1#%EA%B8%B0%EB%B3%B8-%ED%8C%9D%EC%86%A1-%EA%B5%AC%EC%A1%B0",songstructure1,"송 폼",0,8,0.00,6.4
"https://studionol.co.kr/ko/stories/songstructure1#%EA%B8%B0%EB%B3%B8-%ED%8C%9D%EC%86%A1-%EA%B5%AC%EC%A1%B0",songstructure1,"송폼 구성",0,14,0.00,7.5
"https://studionol.co.kr/ko/stories/songstructure1#%EA%B8%B0%EB%B3%B8-%ED%8C%9D%EC%86%A1-%EA%B5%AC%EC%A1%B0",songstructure1,"송폼 구조",0,13,0.00,6.5
"https://studionol.co.kr/ko/stories/songstructure1#%EA%B8%B0%EB%B3%B8-%ED%8C%9D%EC%86%A1-%EA%B5%AC%EC%A1%B0",songstructure1,"송폼 분석",0,16,0.00,6.9
"https://studionol.co.kr/ko/stories/songstructure1#%EA%B8%B0%EB%B3%B8-%ED%8C%9D%EC%86%A1-%EA%B5%AC%EC%A1%B0",songstructure1,"송폼 브릿지",0,19,0.00,6.8
"https://studionol.co.kr/ko/stories/songstructure1#%EA%B8%B0%EB%B3%B8-%ED%8C%9D%EC%86%A1-%EA%B5%AC%EC%A1%B0",songstructure1,"송폼 용어",0,32,0.00,6.4
"https://studionol.co.kr/ko/stories/songstructure1#%EA%B8%B0%EB%B3%B8-%ED%8C%9D%EC%86%A1-%EA%B5%AC%EC%A1%B0",songstructure1,"송폼 종류",0,10,0.00,9.1
"https://studionol.co.kr/ko/stories/songstructure1#%EA%B8%B0%EB%B3%B8-%ED%8C%9D%EC%86%A1-%EA%B5%AC%EC%A1%B0",songstructure1,"음악 구성",0,3,0.00,11.0
"https://studionol.co.kr/ko/stories/songstructure1#%EA%B8%B0%EB%B3%B8-%ED%8C%9D%EC%86%A1-%EA%B5%AC%EC%A1%B0",songstructure1,"음악 구성요소",0,4,0.00,11.3
"https://studionol.co.kr/ko/stories/songstructure1#%EA%B8%B0%EB%B3%B8-%ED%8C%9D%EC%86%A1-%EA%B5%AC%EC%A1%B0",songstructure1,"음악 구조",0,4,0.00,8.5
"https://studionol.co.kr/ko/stories/songstructure1#%EA%B8%B0%EB%B3%B8-%ED%8C%9D%EC%86%A1-%EA%B5%AC%EC%A1%B0",songstructure1,"음악 브릿지",0,5,0.00,10.2
"https://studionol.co.kr/ko/stories/songstructure1#%EA%B8%B0%EB%B3%B8-%ED%8C%9D%EC%86%A1-%EA%B5%AC%EC%A1%B0",songstructure1,"음악 브릿지 뜻",0,11,0.00,9.5
"https://studionol.co.kr/ko/stories/songstructure1#%EA%B8%B0%EB%B3%B8-%ED%8C%9D%EC%86%A1-%EA%B5%AC%EC%A1%B0",songstructure1,"음악 파트 용어",0,3,0.00,10.3
"https://studionol.co.kr/ko/stories/songstructure1#%EA%B8%B0%EB%B3%B8-%ED%8C%9D%EC%86%A1-%EA%B5%AC%EC%A1%B0",songstructure1,"음악의 구조",0,5,0.00,9.0
"https://studionol.co.kr/ko/stories/songstructure1#%EA%B8%B0%EB%B3%B8-%ED%8C%9D%EC%86%A1-%EA%B5%AC%EC%A1%B0",songstructure1,"케이팝 브릿지",0,2,0.00,9.0
"https://studionol.co.kr/ko/stories/songstructure1#%EA%B8%B0%EB%B3%B8-%ED%8C%9D%EC%86%A1-%EA%B5%AC%EC%A1%B0",songstructure1,"코러스 뜻",0,3,0.00,10.0
"https://studionol.co.kr/ko/stories/songstructure1#%EA%B8%B0%EB%B3%B8-%ED%8C%9D%EC%86%A1-%EA%B5%AC%EC%A1%B0",songstructure1,"프리 코러스 브릿지 차이",0,16,0.00,7.3
"https://studionol.co.kr/ko/stories/songstructure1#%EA%B8%B0%EB%B3%B8-%ED%8C%9D%EC%86%A1-%EA%B5%AC%EC%A1%B0",songstructure1,"프리코러스 브릿지 차이",0,16,0.00,7.9
"https://studionol.co.kr/ko/stories/songstructure1#%EB%85%B8%EB%9E%98-%EB%B8%8C%EB%A6%BF%EC%A7%80-%EB%9C%BB%EA%B3%BC-%ED%9A%A8%EA%B3%BC%EC%A0%81%EC%9C%BC%EB%A1%9C-%EC%93%B0%EB%8A%94-%EB%B2%95",songstructure1,"chorus 뜻",0,2,0.00,8.5
"https://studionol.co.kr/ko/stories/songstructure1#%EB%85%B8%EB%9E%98-%EB%B8%8C%EB%A6%BF%EC%A7%80-%EB%9C%BB%EA%B3%BC-%ED%9A%A8%EA%B3%BC%EC%A0%81%EC%9C%BC%EB%A1%9C-%EC%93%B0%EB%8A%94-%EB%B2%95",songstructure1,"pre-chorus",0,1,0.00,11.0
"https://studionol.co.kr/ko/stories/songstructure1#%EB%85%B8%EB%9E%98-%EB%B8%8C%EB%A6%BF%EC%A7%80-%EB%9C%BB%EA%B3%BC-%ED%9A%A8%EA%B3%BC%EC%A0%81%EC%9C%BC%EB%A1%9C-%EC%93%B0%EB%8A%94-%EB%B2%95",songstructure1,"verse chorus 뜻",0,9,0.00,8.8
"https://studionol.co.kr/ko/stories/songstructure1#%EB%85%B8%EB%9E%98-%EB%B8%8C%EB%A6%BF%EC%A7%80-%EB%9C%BB%EA%B3%BC-%ED%9A%A8%EA%B3%BC%EC%A0%81%EC%9C%BC%EB%A1%9C-%EC%93%B0%EB%8A%94-%EB%B2%95",songstructure1,"가사 구조",0,7,0.00,7.9
"https://studionol.co.kr/ko/stories/songstructure1#%EB%85%B8%EB%9E%98-%EB%B8%8C%EB%A6%BF%EC%A7%80-%EB%9C%BB%EA%B3%BC-%ED%9A%A8%EA%B3%BC%EC%A0%81%EC%9C%BC%EB%A1%9C-%EC%93%B0%EB%8A%94-%EB%B2%95",songstructure1,"곡 구성",0,8,0.00,10.0
"https://studionol.co.kr/ko/stories/songstructure1#%EB%85%B8%EB%9E%98-%EB%B8%8C%EB%A6%BF%EC%A7%80-%EB%9C%BB%EA%B3%BC-%ED%9A%A8%EA%B3%BC%EC%A0%81%EC%9C%BC%EB%A1%9C-%EC%93%B0%EB%8A%94-%EB%B2%95",songstructure1,"곡 구성 용어",0,7,0.00,9.7
"https://studionol.co.kr/ko/stories/songstructure1#%EB%85%B8%EB%9E%98-%EB%B8%8C%EB%A6%BF%EC%A7%80-%EB%9C%BB%EA%B3%BC-%ED%9A%A8%EA%B3%BC%EC%A0%81%EC%9C%BC%EB%A1%9C-%EC%93%B0%EB%8A%94-%EB%B2%95",songstructure1,"곡 구조",0,6,0.00,7.5
"https://studionol.co.kr/ko/stories/songstructure1#%EB%85%B8%EB%9E%98-%EB%B8%8C%EB%A6%BF%EC%A7%80-%EB%9C%BB%EA%B3%BC-%ED%9A%A8%EA%B3%BC%EC%A0%81%EC%9C%BC%EB%A1%9C-%EC%93%B0%EB%8A%94-%EB%B2%95",songstructure1,"곡 브릿지",0,4,0.00,10.0
"https://studionol.co.kr/ko/stories/songstructure1#%EB%85%B8%EB%9E%98-%EB%B8%8C%EB%A6%BF%EC%A7%80-%EB%9C%BB%EA%B3%BC-%ED%9A%A8%EA%B3%BC%EC%A0%81%EC%9C%BC%EB%A1%9C-%EC%93%B0%EB%8A%94-%EB%B2%95",songstructure1,"곡의 구성",0,3,0.00,9.7
"https://studionol.co.kr/ko/stories/songstructure1#%EB%85%B8%EB%9E%98-%EB%B8%8C%EB%A6%BF%EC%A7%80-%EB%9C%BB%EA%B3%BC-%ED%9A%A8%EA%B3%BC%EC%A0%81%EC%9C%BC%EB%A1%9C-%EC%93%B0%EB%8A%94-%EB%B2%95",songstructure1,"곡의 구조",0,9,0.00,7.9
"https://studionol.co.kr/ko/stories/songstructure1#%EB%85%B8%EB%9E%98-%EB%B8%8C%EB%A6%BF%EC%A7%80-%EB%9C%BB%EA%B3%BC-%ED%9A%A8%EA%B3%BC%EC%A0%81%EC%9C%BC%EB%A1%9C-%EC%93%B0%EB%8A%94-%EB%B2%95",songstructure1,"노래 가사 구조",0,7,0.00,9.3
"https://studionol.co.kr/ko/stories/songstructure1#%EB%85%B8%EB%9E%98-%EB%B8%8C%EB%A6%BF%EC%A7%80-%EB%9C%BB%EA%B3%BC-%ED%9A%A8%EA%B3%BC%EC%A0%81%EC%9C%BC%EB%A1%9C-%EC%93%B0%EB%8A%94-%EB%B2%95",songstructure1,"노래 구간 용어",0,10,0.00,8.2
"https://studionol.co.kr/ko/stories/songstructure1#%EB%85%B8%EB%9E%98-%EB%B8%8C%EB%A6%BF%EC%A7%80-%EB%9C%BB%EA%B3%BC-%ED%9A%A8%EA%B3%BC%EC%A0%81%EC%9C%BC%EB%A1%9C-%EC%93%B0%EB%8A%94-%EB%B2%95",songstructure1,"노래 구성",0,6,0.00,10.3
"https://studionol.co.kr/ko/stories/songstructure1#%EB%85%B8%EB%9E%98-%EB%B8%8C%EB%A6%BF%EC%A7%80-%EB%9C%BB%EA%B3%BC-%ED%9A%A8%EA%B3%BC%EC%A0%81%EC%9C%BC%EB%A1%9C-%EC%93%B0%EB%8A%94-%EB%B2%95",songstructure1,"노래 구성 브릿지",0,18,0.00,9.3
"https://studionol.co.kr/ko/stories/songstructure1#%EB%85%B8%EB%9E%98-%EB%B8%8C%EB%A6%BF%EC%A7%80-%EB%9C%BB%EA%B3%BC-%ED%9A%A8%EA%B3%BC%EC%A0%81%EC%9C%BC%EB%A1%9C-%EC%93%B0%EB%8A%94-%EB%B2%95",songstructure1,"노래 구성 요소",0,2,0.00,9.5
"https://studionol.co.kr/ko/stories/songstructure1#%EB%85%B8%EB%9E%98-%EB%B8%8C%EB%A6%BF%EC%A7%80-%EB%9C%BB%EA%B3%BC-%ED%9A%A8%EA%B3%BC%EC%A0%81%EC%9C%BC%EB%A1%9C-%EC%93%B0%EB%8A%94-%EB%B2%95",songstructure1,"노래 구성 용어",0,6,0.00,10.5
"https://studionol.co.kr/ko/stories/songstructure1#%EB%85%B8%EB%9E%98-%EB%B8%8C%EB%A6%BF%EC%A7%80-%EB%9C%BB%EA%B3%BC-%ED%9A%A8%EA%B3%BC%EC%A0%81%EC%9C%BC%EB%A1%9C-%EC%93%B0%EB%8A%94-%EB%B2%95",songstructure1,"노래 구성요소",0,16,0.00,9.8
"https://studionol.co.kr/ko/stories/songstructure1#%EB%85%B8%EB%9E%98-%EB%B8%8C%EB%A6%BF%EC%A7%80-%EB%9C%BB%EA%B3%BC-%ED%9A%A8%EA%B3%BC%EC%A0%81%EC%9C%BC%EB%A1%9C-%EC%93%B0%EB%8A%94-%EB%B2%95",songstructure1,"노래 구조",0,36,0.00,9.3
"https://studionol.co.kr/ko/stories/songstructure1#%EB%85%B8%EB%9E%98-%EB%B8%8C%EB%A6%BF%EC%A7%80-%EB%9C%BB%EA%B3%BC-%ED%9A%A8%EA%B3%BC%EC%A0%81%EC%9C%BC%EB%A1%9C-%EC%93%B0%EB%8A%94-%EB%B2%95",songstructure1,"노래 브릿지",0,88,0.00,7.9
"https://studionol.co.kr/ko/stories/songstructure1#%EB%85%B8%EB%9E%98-%EB%B8%8C%EB%A6%BF%EC%A7%80-%EB%9C%BB%EA%B3%BC-%ED%9A%A8%EA%B3%BC%EC%A0%81%EC%9C%BC%EB%A1%9C-%EC%93%B0%EB%8A%94-%EB%B2%95",songstructure1,"노래 브릿지 뜻",0,72,0.00,6.9
"https://studionol.co.kr/ko/stories/songstructure1#%EB%85%B8%EB%9E%98-%EB%B8%8C%EB%A6%BF%EC%A7%80-%EB%9C%BB%EA%B3%BC-%ED%9A%A8%EA%B3%BC%EC%A0%81%EC%9C%BC%EB%A1%9C-%EC%93%B0%EB%8A%94-%EB%B2%95",songstructure1,"노래 파트 용어",0,5,0.00,9.6
"https://studionol.co.kr/ko/stories/songstructure1#%EB%85%B8%EB%9E%98-%EB%B8%8C%EB%A6%BF%EC%A7%80-%EB%9C%BB%EA%B3%BC-%ED%9A%A8%EA%B3%BC%EC%A0%81%EC%9C%BC%EB%A1%9C-%EC%93%B0%EB%8A%94-%EB%B2%95",songstructure1,"노래구성",0,1,0.00,11.0
"https://studionol.co.kr/ko/stories/songstructure1#%EB%85%B8%EB%9E%98-%EB%B8%8C%EB%A6%BF%EC%A7%80-%EB%9C%BB%EA%B3%BC-%ED%9A%A8%EA%B3%BC%EC%A0%81%EC%9C%BC%EB%A1%9C-%EC%93%B0%EB%8A%94-%EB%B2%95",songstructure1,"노래의 구성",0,5,0.00,9.4
"https://studionol.co.kr/ko/stories/songstructure1#%EB%85%B8%EB%9E%98-%EB%B8%8C%EB%A6%BF%EC%A7%80-%EB%9C%BB%EA%B3%BC-%ED%9A%A8%EA%B3%BC%EC%A0%81%EC%9C%BC%EB%A1%9C-%EC%93%B0%EB%8A%94-%EB%B2%95",songstructure1,"노래의 구조",0,2,0.00,7.5
"https://studionol.co.kr/ko/stories/songstructure1#%EB%85%B8%EB%9E%98-%EB%B8%8C%EB%A6%BF%EC%A7%80-%EB%9C%BB%EA%B3%BC-%ED%9A%A8%EA%B3%BC%EC%A0%81%EC%9C%BC%EB%A1%9C-%EC%93%B0%EB%8A%94-%EB%B2%95",songstructure1,"브릿지 노래",0,25,0.00,7.4
"https://studionol.co.kr/ko/stories/songstructure1#%EB%85%B8%EB%9E%98-%EB%B8%8C%EB%A6%BF%EC%A7%80-%EB%9C%BB%EA%B3%BC-%ED%9A%A8%EA%B3%BC%EC%A0%81%EC%9C%BC%EB%A1%9C-%EC%93%B0%EB%8A%94-%EB%B2%95",songstructure1,"브릿지 뜻",0,114,0.00,9.0
"https://studionol.co.kr/ko/stories/songstructure1#%EB%85%B8%EB%9E%98-%EB%B8%8C%EB%A6%BF%EC%A7%80-%EB%9C%BB%EA%B3%BC-%ED%9A%A8%EA%B3%BC%EC%A0%81%EC%9C%BC%EB%A1%9C-%EC%93%B0%EB%8A%94-%EB%B2%95",songstructure1,"브릿지 뜻 음악",0,1,0.00,11.0
"https://studionol.co.kr/ko/stories/songstructure1#%EB%85%B8%EB%9E%98-%EB%B8%8C%EB%A6%BF%EC%A7%80-%EB%9C%BB%EA%B3%BC-%ED%9A%A8%EA%B3%BC%EC%A0%81%EC%9C%BC%EB%A1%9C-%EC%93%B0%EB%8A%94-%EB%B2%95",songstructure1,"브릿지 음악",0,3,0.00,10.3
"https://studionol.co.kr/ko/stories/songstructure1#%EB%85%B8%EB%9E%98-%EB%B8%8C%EB%A6%BF%EC%A7%80-%EB%9C%BB%EA%B3%BC-%ED%9A%A8%EA%B3%BC%EC%A0%81%EC%9C%BC%EB%A1%9C-%EC%93%B0%EB%8A%94-%EB%B2%95",songstructure1,"브릿지 음악 뜻",0,3,0.00,10.0
"https://studionol.co.kr/ko/stories/songstructure1#%EB%85%B8%EB%9E%98-%EB%B8%8C%EB%A6%BF%EC%A7%80-%EB%9C%BB%EA%B3%BC-%ED%9A%A8%EA%B3%BC%EC%A0%81%EC%9C%BC%EB%A1%9C-%EC%93%B0%EB%8A%94-%EB%B2%95",songstructure1,"브릿지 코러스",0,12,0.00,7.2
"https://studionol.co.kr/ko/stories/songstructure1#%EB%85%B8%EB%9E%98-%EB%B8%8C%EB%A6%BF%EC%A7%80-%EB%9C%BB%EA%B3%BC-%ED%9A%A8%EA%B3%BC%EC%A0%81%EC%9C%BC%EB%A1%9C-%EC%93%B0%EB%8A%94-%EB%B2%95",songstructure1,"브릿지 파트",0,9,0.00,9.9
"https://studionol.co.kr/ko/stories/songstructure1#%EB%85%B8%EB%9E%98-%EB%B8%8C%EB%A6%BF%EC%A7%80-%EB%9C%BB%EA%B3%BC-%ED%9A%A8%EA%B3%BC%EC%A0%81%EC%9C%BC%EB%A1%9C-%EC%93%B0%EB%8A%94-%EB%B2%95",songstructure1,"브릿지 파트 뜻",0,11,0.00,6.7
"https://studionol.co.kr/ko/stories/songstructure1#%EB%85%B8%EB%9E%98-%EB%B8%8C%EB%A6%BF%EC%A7%80-%EB%9C%BB%EA%B3%BC-%ED%9A%A8%EA%B3%BC%EC%A0%81%EC%9C%BC%EB%A1%9C-%EC%93%B0%EB%8A%94-%EB%B2%95",songstructure1,"브릿지 프리코러스 차이",0,18,0.00,7.1
"https://studionol.co.kr/ko/stories/songstructure1#%EB%85%B8%EB%9E%98-%EB%B8%8C%EB%A6%BF%EC%A7%80-%EB%9C%BB%EA%B3%BC-%ED%9A%A8%EA%B3%BC%EC%A0%81%EC%9C%BC%EB%A1%9C-%EC%93%B0%EB%8A%94-%EB%B2%95",songstructure1,"브릿지뜻",0,3,0.00,7.7
"https://studionol.co.kr/ko/stories/songstructure1#%EB%85%B8%EB%9E%98-%EB%B8%8C%EB%A6%BF%EC%A7%80-%EB%9C%BB%EA%B3%BC-%ED%9A%A8%EA%B3%BC%EC%A0%81%EC%9C%BC%EB%A1%9C-%EC%93%B0%EB%8A%94-%EB%B2%95",songstructure1,"송 폼",0,8,0.00,6.4
"https://studionol.co.kr/ko/stories/songstructure1#%EB%85%B8%EB%9E%98-%EB%B8%8C%EB%A6%BF%EC%A7%80-%EB%9C%BB%EA%B3%BC-%ED%9A%A8%EA%B3%BC%EC%A0%81%EC%9C%BC%EB%A1%9C-%EC%93%B0%EB%8A%94-%EB%B2%95",songstructure1,"송폼 구성",0,14,0.00,7.5
"https://studionol.co.kr/ko/stories/songstructure1#%EB%85%B8%EB%9E%98-%EB%B8%8C%EB%A6%BF%EC%A7%80-%EB%9C%BB%EA%B3%BC-%ED%9A%A8%EA%B3%BC%EC%A0%81%EC%9C%BC%EB%A1%9C-%EC%93%B0%EB%8A%94-%EB%B2%95",songstructure1,"송폼 구조",0,13,0.00,6.5
"https://studionol.co.kr/ko/stories/songstructure1#%EB%85%B8%EB%9E%98-%EB%B8%8C%EB%A6%BF%EC%A7%80-%EB%9C%BB%EA%B3%BC-%ED%9A%A8%EA%B3%BC%EC%A0%81%EC%9C%BC%EB%A1%9C-%EC%93%B0%EB%8A%94-%EB%B2%95",songstructure1,"송폼 분석",0,16,0.00,6.9
"https://studionol.co.kr/ko/stories/songstructure1#%EB%85%B8%EB%9E%98-%EB%B8%8C%EB%A6%BF%EC%A7%80-%EB%9C%BB%EA%B3%BC-%ED%9A%A8%EA%B3%BC%EC%A0%81%EC%9C%BC%EB%A1%9C-%EC%93%B0%EB%8A%94-%EB%B2%95",songstructure1,"송폼 브릿지",0,19,0.00,6.8
"https://studionol.co.kr/ko/stories/songstructure1#%EB%85%B8%EB%9E%98-%EB%B8%8C%EB%A6%BF%EC%A7%80-%EB%9C%BB%EA%B3%BC-%ED%9A%A8%EA%B3%BC%EC%A0%81%EC%9C%BC%EB%A1%9C-%EC%93%B0%EB%8A%94-%EB%B2%95",songstructure1,"송폼 용어",0,32,0.00,6.4
"https://studionol.co.kr/ko/stories/songstructure1#%EB%85%B8%EB%9E%98-%EB%B8%8C%EB%A6%BF%EC%A7%80-%EB%9C%BB%EA%B3%BC-%ED%9A%A8%EA%B3%BC%EC%A0%81%EC%9C%BC%EB%A1%9C-%EC%93%B0%EB%8A%94-%EB%B2%95",songstructure1,"송폼 종류",0,10,0.00,9.1
"https://studionol.co.kr/ko/stories/songstructure1#%EB%85%B8%EB%9E%98-%EB%B8%8C%EB%A6%BF%EC%A7%80-%EB%9C%BB%EA%B3%BC-%ED%9A%A8%EA%B3%BC%EC%A0%81%EC%9C%BC%EB%A1%9C-%EC%93%B0%EB%8A%94-%EB%B2%95",songstructure1,"음악 구성",0,3,0.00,11.0
"https://studionol.co.kr/ko/stories/songstructure1#%EB%85%B8%EB%9E%98-%EB%B8%8C%EB%A6%BF%EC%A7%80-%EB%9C%BB%EA%B3%BC-%ED%9A%A8%EA%B3%BC%EC%A0%81%EC%9C%BC%EB%A1%9C-%EC%93%B0%EB%8A%94-%EB%B2%95",songstructure1,"음악 구성요소",0,4,0.00,11.3
"https://studionol.co.kr/ko/stories/songstructure1#%EB%85%B8%EB%9E%98-%EB%B8%8C%EB%A6%BF%EC%A7%80-%EB%9C%BB%EA%B3%BC-%ED%9A%A8%EA%B3%BC%EC%A0%81%EC%9C%BC%EB%A1%9C-%EC%93%B0%EB%8A%94-%EB%B2%95",songstructure1,"음악 구조",0,4,0.00,8.5
"https://studionol.co.kr/ko/stories/songstructure1#%EB%85%B8%EB%9E%98-%EB%B8%8C%EB%A6%BF%EC%A7%80-%EB%9C%BB%EA%B3%BC-%ED%9A%A8%EA%B3%BC%EC%A0%81%EC%9C%BC%EB%A1%9C-%EC%93%B0%EB%8A%94-%EB%B2%95",songstructure1,"음악 브릿지",0,5,0.00,10.2
"https://studionol.co.kr/ko/stories/songstructure1#%EB%85%B8%EB%9E%98-%EB%B8%8C%EB%A6%BF%EC%A7%80-%EB%9C%BB%EA%B3%BC-%ED%9A%A8%EA%B3%BC%EC%A0%81%EC%9C%BC%EB%A1%9C-%EC%93%B0%EB%8A%94-%EB%B2%95",songstructure1,"음악 브릿지 뜻",0,12,0.00,9.4
"https://studionol.co.kr/ko/stories/songstructure1#%EB%85%B8%EB%9E%98-%EB%B8%8C%EB%A6%BF%EC%A7%80-%EB%9C%BB%EA%B3%BC-%ED%9A%A8%EA%B3%BC%EC%A0%81%EC%9C%BC%EB%A1%9C-%EC%93%B0%EB%8A%94-%EB%B2%95",songstructure1,"음악 파트 용어",0,9,0.00,9.9
"https://studionol.co.kr/ko/stories/songstructure1#%EB%85%B8%EB%9E%98-%EB%B8%8C%EB%A6%BF%EC%A7%80-%EB%9C%BB%EA%B3%BC-%ED%9A%A8%EA%B3%BC%EC%A0%81%EC%9C%BC%EB%A1%9C-%EC%93%B0%EB%8A%94-%EB%B2%95",songstructure1,"음악의 구조",0,5,0.00,9.0
"https://studionol.co.kr/ko/stories/songstructure1#%EB%85%B8%EB%9E%98-%EB%B8%8C%EB%A6%BF%EC%A7%80-%EB%9C%BB%EA%B3%BC-%ED%9A%A8%EA%B3%BC%EC%A0%81%EC%9C%BC%EB%A1%9C-%EC%93%B0%EB%8A%94-%EB%B2%95",songstructure1,"케이팝 브릿지",0,2,0.00,9.0
"https://studionol.co.kr/ko/stories/songstructure1#%EB%85%B8%EB%9E%98-%EB%B8%8C%EB%A6%BF%EC%A7%80-%EB%9C%BB%EA%B3%BC-%ED%9A%A8%EA%B3%BC%EC%A0%81%EC%9C%BC%EB%A1%9C-%EC%93%B0%EB%8A%94-%EB%B2%95",songstructure1,"코러스 뜻",0,3,0.00,10.0
"https://studionol.co.kr/ko/stories/songstructure1#%EB%85%B8%EB%9E%98-%EB%B8%8C%EB%A6%BF%EC%A7%80-%EB%9C%BB%EA%B3%BC-%ED%9A%A8%EA%B3%BC%EC%A0%81%EC%9C%BC%EB%A1%9C-%EC%93%B0%EB%8A%94-%EB%B2%95",songstructure1,"프리 코러스 브릿지 차이",0,31,0.00,7.4
"https://studionol.co.kr/ko/stories/songstructure1#%EB%85%B8%EB%9E%98-%EB%B8%8C%EB%A6%BF%EC%A7%80-%EB%9C%BB%EA%B3%BC-%ED%9A%A8%EA%B3%BC%EC%A0%81%EC%9C%BC%EB%A1%9C-%EC%93%B0%EB%8A%94-%EB%B2%95",songstructure1,"프리코러스 브릿지 차이",0,24,0.00,7.6
"https://studionol.co.kr/ko/stories/songstructure1#%EB%B2%84%EC%8A%A4-verse",songstructure1,"chorus 뜻",0,1,0.00,9.0
"https://studionol.co.kr/ko/stories/songstructure1#%EB%B2%84%EC%8A%A4-verse",songstructure1,"pre-chorus",0,1,0.00,11.0
"https://studionol.co.kr/ko/stories/songstructure1#%EB%B2%84%EC%8A%A4-verse",songstructure1,"verse chorus 뜻",0,9,0.00,8.8
"https://studionol.co.kr/ko/stories/songstructure1#%EB%B2%84%EC%8A%A4-verse",songstructure1,"곡 구성",0,3,0.00,9.0
"https://studionol.co.kr/ko/stories/songstructure1#%EB%B2%84%EC%8A%A4-verse",songstructure1,"곡 구성 용어",0,2,0.00,9.0
"https://studionol.co.kr/ko/stories/songstructure1#%EB%B2%84%EC%8A%A4-verse",songstructure1,"곡 브릿지",0,2,0.00,11.0
"https://studionol.co.kr/ko/stories/songstructure1#%EB%B2%84%EC%8A%A4-verse",songstructure1,"곡의 구조",0,5,0.00,7.8
"https://studionol.co.kr/ko/stories/songstructure1#%EB%B2%84%EC%8A%A4-verse",songstructure1,"노래 가사 구조",0,5,0.00,9.0
"https://studionol.co.kr/ko/stories/songstructure1#%EB%B2%84%EC%8A%A4-verse",songstructure1,"노래 구간 용어",0,5,0.00,7.6
"https://studionol.co.kr/ko/stories/songstructure1#%EB%B2%84%EC%8A%A4-verse",songstructure1,"노래 구성",0,3,0.00,9.7
"https://studionol.co.kr/ko/stories/songstructure1#%EB%B2%84%EC%8A%A4-verse",songstructure1,"노래 구성 브릿지",0,14,0.00,9.4
"https://studionol.co.kr/ko/stories/songstructure1#%EB%B2%84%EC%8A%A4-verse",songstructure1,"노래 구성 용어",0,2,0.00,10.5
"https://studionol.co.kr/ko/stories/songstructure1#%EB%B2%84%EC%8A%A4-verse",songstructure1,"노래 구성요소",0,8,0.00,10.5
"https://studionol.co.kr/ko/stories/songstructure1#%EB%B2%84%EC%8A%A4-verse",songstructure1,"노래 구조",0,22,0.00,10.3
"https://studionol.co.kr/ko/stories/songstructure1#%EB%B2%84%EC%8A%A4-verse",songstructure1,"노래 브릿지",0,45,0.00,8.3
"https://studionol.co.kr/ko/stories/songstructure1#%EB%B2%84%EC%8A%A4-verse",songstructure1,"노래 브릿지 뜻",0,57,0.00,7.0
"https://studionol.co.kr/ko/stories/songstructure1#%EB%B2%84%EC%8A%A4-verse",songstructure1,"노래 파트 용어",0,4,0.00,9.5
"https://studionol.co.kr/ko/stories/songstructure1#%EB%B2%84%EC%8A%A4-verse",songstructure1,"노래의 구성",0,1,0.00,8.0
"https://studionol.co.kr/ko/stories/songstructure1#%EB%B2%84%EC%8A%A4-verse",songstructure1,"브릿지 노래",0,15,0.00,7.9
"https://studionol.co.kr/ko/stories/songstructure1#%EB%B2%84%EC%8A%A4-verse",songstructure1,"브릿지 뜻",0,92,0.00,9.0
"https://studionol.co.kr/ko/stories/songstructure1#%EB%B2%84%EC%8A%A4-verse",songstructure1,"브릿지 뜻 음악",0,1,0.00,11.0
"https://studionol.co.kr/ko/stories/songstructure1#%EB%B2%84%EC%8A%A4-verse",songstructure1,"브릿지 음악",0,1,0.00,9.0
"https://studionol.co.kr/ko/stories/songstructure1#%EB%B2%84%EC%8A%A4-verse",songstructure1,"브릿지 음악 뜻",0,2,0.00,10.0
"https://studionol.co.kr/ko/stories/songstructure1#%EB%B2%84%EC%8A%A4-verse",songstructure1,"브릿지 코러스",0,5,0.00,7.4
"https://studionol.co.kr/ko/stories/songstructure1#%EB%B2%84%EC%8A%A4-verse",songstructure1,"브릿지 파트",0,5,0.00,9.4
"https://studionol.co.kr/ko/stories/songstructure1#%EB%B2%84%EC%8A%A4-verse",songstructure1,"브릿지 파트 뜻",0,5,0.00,7.6
"https://studionol.co.kr/ko/stories/songstructure1#%EB%B2%84%EC%8A%A4-verse",songstructure1,"브릿지 프리코러스 차이",0,9,0.00,7.1
"https://studionol.co.kr/ko/stories/songstructure1#%EB%B2%84%EC%8A%A4-verse",songstructure1,"브릿지뜻",0,2,0.00,8.5
"https://studionol.co.kr/ko/stories/songstructure1#%EB%B2%84%EC%8A%A4-verse",songstructure1,"송 폼",0,5,0.00,6.6
"https://studionol.co.kr/ko/stories/songstructure1#%EB%B2%84%EC%8A%A4-verse",songstructure1,"송폼 구성",0,8,0.00,7.4
"https://studionol.co.kr/ko/stories/songstructure1#%EB%B2%84%EC%8A%A4-verse",songstructure1,"송폼 구조",0,5,0.00,6.6
"https://studionol.co.kr/ko/stories/songstructure1#%EB%B2%84%EC%8A%A4-verse",songstructure1,"송폼 분석",0,8,0.00,7.0
"https://studionol.co.kr/ko/stories/songstructure1#%EB%B2%84%EC%8A%A4-verse",songstructure1,"송폼 브릿지",0,6,0.00,6.8
"https://studionol.co.kr/ko/stories/songstructure1#%EB%B2%84%EC%8A%A4-verse",songstructure1,"송폼 용어",0,12,0.00,6.4
"https://studionol.co.kr/ko/stories/songstructure1#%EB%B2%84%EC%8A%A4-verse",songstructure1,"송폼 종류",0,5,0.00,9.0
"https://studionol.co.kr/ko/stories/songstructure1#%EB%B2%84%EC%8A%A4-verse",songstructure1,"음악 구성",0,1,0.00,11.0
"https://studionol.co.kr/ko/stories/songstructure1#%EB%B2%84%EC%8A%A4-verse",songstructure1,"음악 구성요소",0,1,0.00,11.0
"https://studionol.co.kr/ko/stories/songstructure1#%EB%B2%84%EC%8A%A4-verse",songstructure1,"음악 브릿지",0,3,0.00,10.0
"https://studionol.co.kr/ko/stories/songstructure1#%EB%B2%84%EC%8A%A4-verse",songstructure1,"음악 브릿지 뜻",0,8,0.00,9.4
"https://studionol.co.kr/ko/stories/songstructure1#%EB%B2%84%EC%8A%A4-verse",songstructure1,"음악 파트 용어",0,10,0.00,9.9
"https://studionol.co.kr/ko/stories/songstructure1#%EB%B2%84%EC%8A%A4-verse",songstructure1,"케이팝 브릿지",0,1,0.00,9.0
"https://studionol.co.kr/ko/stories/songstructure1#%EB%B2%84%EC%8A%A4-verse",songstructure1,"코러스 뜻",0,3,0.00,10.0
"https://studionol.co.kr/ko/stories/songstructure1#%EB%B2%84%EC%8A%A4-verse",songstructure1,"프리 코러스 브릿지 차이",0,16,0.00,7.3
"https://studionol.co.kr/ko/stories/songstructure1#%EB%B2%84%EC%8A%A4-verse",songstructure1,"프리코러스 브릿지 차이",0,16,0.00,7.9
"https://studionol.co.kr/ko/stories/songstructure1#%EC%86%A1%ED%8F%BC%EB%85%B8%EB%9E%98-%EA%B5%AC%EC%A1%B0-%EB%9C%BB",songstructure1,"chorus 뜻",0,2,0.00,8.5
"https://studionol.co.kr/ko/stories/songstructure1#%EC%86%A1%ED%8F%BC%EB%85%B8%EB%9E%98-%EA%B5%AC%EC%A1%B0-%EB%9C%BB",songstructure1,"pre chrous",0,1,0.00,11.0
"https://studionol.co.kr/ko/stories/songstructure1#%EC%86%A1%ED%8F%BC%EB%85%B8%EB%9E%98-%EA%B5%AC%EC%A1%B0-%EB%9C%BB",songstructure1,"pre-chorus",0,2,0.00,11.0
"https://studionol.co.kr/ko/stories/songstructure1#%EC%86%A1%ED%8F%BC%EB%85%B8%EB%9E%98-%EA%B5%AC%EC%A1%B0-%EB%9C%BB",songstructure1,"verse chorus 뜻",0,9,0.00,8.8
"https://studionol.co.kr/ko/stories/songstructure1#%EC%86%A1%ED%8F%BC%EB%85%B8%EB%9E%98-%EA%B5%AC%EC%A1%B0-%EB%9C%BB",songstructure1,"가사 구조",0,7,0.00,7.9
"https://studionol.co.kr/ko/stories/songstructure1#%EC%86%A1%ED%8F%BC%EB%85%B8%EB%9E%98-%EA%B5%AC%EC%A1%B0-%EB%9C%BB",songstructure1,"곡 구성",0,8,0.00,10.0
"https://studionol.co.kr/ko/stories/songstructure1#%EC%86%A1%ED%8F%BC%EB%85%B8%EB%9E%98-%EA%B5%AC%EC%A1%B0-%EB%9C%BB",songstructure1,"곡 구성 용어",0,7,0.00,9.7
"https://studionol.co.kr/ko/stories/songstructure1#%EC%86%A1%ED%8F%BC%EB%85%B8%EB%9E%98-%EA%B5%AC%EC%A1%B0-%EB%9C%BB",songstructure1,"곡 구조",0,6,0.00,7.5
"https://studionol.co.kr/ko/stories/songstructure1#%EC%86%A1%ED%8F%BC%EB%85%B8%EB%9E%98-%EA%B5%AC%EC%A1%B0-%EB%9C%BB",songstructure1,"곡 브릿지",0,4,0.00,10.0
"https://studionol.co.kr/ko/stories/songstructure1#%EC%86%A1%ED%8F%BC%EB%85%B8%EB%9E%98-%EA%B5%AC%EC%A1%B0-%EB%9C%BB",songstructure1,"곡의 구성",0,3,0.00,9.7
"https://studionol.co.kr/ko/stories/songstructure1#%EC%86%A1%ED%8F%BC%EB%85%B8%EB%9E%98-%EA%B5%AC%EC%A1%B0-%EB%9C%BB",songstructure1,"곡의 구조",0,9,0.00,7.9
"https://studionol.co.kr/ko/stories/songstructure1#%EC%86%A1%ED%8F%BC%EB%85%B8%EB%9E%98-%EA%B5%AC%EC%A1%B0-%EB%9C%BB",songstructure1,"노래 가사 구조",0,7,0.00,9.3
"https://studionol.co.kr/ko/stories/songstructure1#%EC%86%A1%ED%8F%BC%EB%85%B8%EB%9E%98-%EA%B5%AC%EC%A1%B0-%EB%9C%BB",songstructure1,"노래 구간 용어",0,10,0.00,8.2
"https://studionol.co.kr/ko/stories/songstructure1#%EC%86%A1%ED%8F%BC%EB%85%B8%EB%9E%98-%EA%B5%AC%EC%A1%B0-%EB%9C%BB",songstructure1,"노래 구성",0,6,0.00,10.3
"https://studionol.co.kr/ko/stories/songstructure1#%EC%86%A1%ED%8F%BC%EB%85%B8%EB%9E%98-%EA%B5%AC%EC%A1%B0-%EB%9C%BB",songstructure1,"노래 구성 브릿지",0,18,0.00,9.3
"https://studionol.co.kr/ko/stories/songstructure1#%EC%86%A1%ED%8F%BC%EB%85%B8%EB%9E%98-%EA%B5%AC%EC%A1%B0-%EB%9C%BB",songstructure1,"노래 구성 요소",0,2,0.00,9.5
"https://studionol.co.kr/ko/stories/songstructure1#%EC%86%A1%ED%8F%BC%EB%85%B8%EB%9E%98-%EA%B5%AC%EC%A1%B0-%EB%9C%BB",songstructure1,"노래 구성 용어",0,6,0.00,10.5
"https://studionol.co.kr/ko/stories/songstructure1#%EC%86%A1%ED%8F%BC%EB%85%B8%EB%9E%98-%EA%B5%AC%EC%A1%B0-%EB%9C%BB",songstructure1,"노래 구성요소",0,16,0.00,9.8
"https://studionol.co.kr/ko/stories/songstructure1#%EC%86%A1%ED%8F%BC%EB%85%B8%EB%9E%98-%EA%B5%AC%EC%A1%B0-%EB%9C%BB",songstructure1,"노래 구조",0,36,0.00,9.3
"https://studionol.co.kr/ko/stories/songstructure1#%EC%86%A1%ED%8F%BC%EB%85%B8%EB%9E%98-%EA%B5%AC%EC%A1%B0-%EB%9C%BB",songstructure1,"노래 브릿지",0,88,0.00,7.9
"https://studionol.co.kr/ko/stories/songstructure1#%EC%86%A1%ED%8F%BC%EB%85%B8%EB%9E%98-%EA%B5%AC%EC%A1%B0-%EB%9C%BB",songstructure1,"노래 브릿지 뜻",0,72,0.00,6.9
"https://studionol.co.kr/ko/stories/songstructure1#%EC%86%A1%ED%8F%BC%EB%85%B8%EB%9E%98-%EA%B5%AC%EC%A1%B0-%EB%9C%BB",songstructure1,"노래 파트 용어",0,5,0.00,9.6
"https://studionol.co.kr/ko/stories/songstructure1#%EC%86%A1%ED%8F%BC%EB%85%B8%EB%9E%98-%EA%B5%AC%EC%A1%B0-%EB%9C%BB",songstructure1,"노래구성",0,1,0.00,11.0
"https://studionol.co.kr/ko/stories/songstructure1#%EC%86%A1%ED%8F%BC%EB%85%B8%EB%9E%98-%EA%B5%AC%EC%A1%B0-%EB%9C%BB",songstructure1,"노래의 구성",0,5,0.00,9.4
"https://studionol.co.kr/ko/stories/songstructure1#%EC%86%A1%ED%8F%BC%EB%85%B8%EB%9E%98-%EA%B5%AC%EC%A1%B0-%EB%9C%BB",songstructure1,"노래의 구조",0,2,0.00,7.5
"https://studionol.co.kr/ko/stories/songstructure1#%EC%86%A1%ED%8F%BC%EB%85%B8%EB%9E%98-%EA%B5%AC%EC%A1%B0-%EB%9C%BB",songstructure1,"브릿지 노래",0,25,0.00,7.4
"https://studionol.co.kr/ko/stories/songstructure1#%EC%86%A1%ED%8F%BC%EB%85%B8%EB%9E%98-%EA%B5%AC%EC%A1%B0-%EB%9C%BB",songstructure1,"브릿지 뜻",0,114,0.00,9.0
"https://studionol.co.kr/ko/stories/songstructure1#%EC%86%A1%ED%8F%BC%EB%85%B8%EB%9E%98-%EA%B5%AC%EC%A1%B0-%EB%9C%BB",songstructure1,"브릿지 뜻 음악",0,1,0.00,11.0
"https://studionol.co.kr/ko/stories/songstructure1#%EC%86%A1%ED%8F%BC%EB%85%B8%EB%9E%98-%EA%B5%AC%EC%A1%B0-%EB%9C%BB",songstructure1,"브릿지 음악",0,3,0.00,10.3
"https://studionol.co.kr/ko/stories/songstructure1#%EC%86%A1%ED%8F%BC%EB%85%B8%EB%9E%98-%EA%B5%AC%EC%A1%B0-%EB%9C%BB",songstructure1,"브릿지 음악 뜻",0,3,0.00,10.0
"https://studionol.co.kr/ko/stories/songstructure1#%EC%86%A1%ED%8F%BC%EB%85%B8%EB%9E%98-%EA%B5%AC%EC%A1%B0-%EB%9C%BB",songstructure1,"브릿지 코러스",0,12,0.00,7.2
"https://studionol.co.kr/ko/stories/songstructure1#%EC%86%A1%ED%8F%BC%EB%85%B8%EB%9E%98-%EA%B5%AC%EC%A1%B0-%EB%9C%BB",songstructure1,"브릿지 파트",0,9,0.00,9.9
"https://studionol.co.kr/ko/stories/songstructure1#%EC%86%A1%ED%8F%BC%EB%85%B8%EB%9E%98-%EA%B5%AC%EC%A1%B0-%EB%9C%BB",songstructure1,"브릿지 파트 뜻",0,11,0.00,6.7
"https://studionol.co.kr/ko/stories/songstructure1#%EC%86%A1%ED%8F%BC%EB%85%B8%EB%9E%98-%EA%B5%AC%EC%A1%B0-%EB%9C%BB",songstructure1,"브릿지 프리코러스 차이",0,18,0.00,7.1
"https://studionol.co.kr/ko/stories/songstructure1#%EC%86%A1%ED%8F%BC%EB%85%B8%EB%9E%98-%EA%B5%AC%EC%A1%B0-%EB%9C%BB",songstructure1,"브릿지뜻",0,3,0.00,7.7
"https://studionol.co.kr/ko/stories/songstructure1#%EC%86%A1%ED%8F%BC%EB%85%B8%EB%9E%98-%EA%B5%AC%EC%A1%B0-%EB%9C%BB",songstructure1,"송 폼",0,8,0.00,6.4
"https://studionol.co.kr/ko/stories/songstructure1#%EC%86%A1%ED%8F%BC%EB%85%B8%EB%9E%98-%EA%B5%AC%EC%A1%B0-%EB%9C%BB",songstructure1,"송폼 구성",0,14,0.00,7.5
"https://studionol.co.kr/ko/stories/songstructure1#%EC%86%A1%ED%8F%BC%EB%85%B8%EB%9E%98-%EA%B5%AC%EC%A1%B0-%EB%9C%BB",songstructure1,"송폼 구조",0,13,0.00,6.5
"https://studionol.co.kr/ko/stories/songstructure1#%EC%86%A1%ED%8F%BC%EB%85%B8%EB%9E%98-%EA%B5%AC%EC%A1%B0-%EB%9C%BB",songstructure1,"송폼 분석",0,16,0.00,6.9
"https://studionol.co.kr/ko/stories/songstructure1#%EC%86%A1%ED%8F%BC%EB%85%B8%EB%9E%98-%EA%B5%AC%EC%A1%B0-%EB%9C%BB",songstructure1,"송폼 브릿지",0,19,0.00,6.8
"https://studionol.co.kr/ko/stories/songstructure1#%EC%86%A1%ED%8F%BC%EB%85%B8%EB%9E%98-%EA%B5%AC%EC%A1%B0-%EB%9C%BB",songstructure1,"송폼 용어",0,32,0.00,6.4
"https://studionol.co.kr/ko/stories/songstructure1#%EC%86%A1%ED%8F%BC%EB%85%B8%EB%9E%98-%EA%B5%AC%EC%A1%B0-%EB%9C%BB",songstructure1,"송폼 종류",0,10,0.00,9.1
"https://studionol.co.kr/ko/stories/songstructure1#%EC%86%A1%ED%8F%BC%EB%85%B8%EB%9E%98-%EA%B5%AC%EC%A1%B0-%EB%9C%BB",songstructure1,"음악 구성",0,3,0.00,11.0
"https://studionol.co.kr/ko/stories/songstructure1#%EC%86%A1%ED%8F%BC%EB%85%B8%EB%9E%98-%EA%B5%AC%EC%A1%B0-%EB%9C%BB",songstructure1,"음악 구성요소",0,4,0.00,11.3
"https://studionol.co.kr/ko/stories/songstructure1#%EC%86%A1%ED%8F%BC%EB%85%B8%EB%9E%98-%EA%B5%AC%EC%A1%B0-%EB%9C%BB",songstructure1,"음악 구조",0,4,0.00,8.5
"https://studionol.co.kr/ko/stories/songstructure1#%EC%86%A1%ED%8F%BC%EB%85%B8%EB%9E%98-%EA%B5%AC%EC%A1%B0-%EB%9C%BB",songstructure1,"음악 브릿지",0,5,0.00,10.2
"https://studionol.co.kr/ko/stories/songstructure1#%EC%86%A1%ED%8F%BC%EB%85%B8%EB%9E%98-%EA%B5%AC%EC%A1%B0-%EB%9C%BB",songstructure1,"음악 브릿지 뜻",0,12,0.00,9.4
"https://studionol.co.kr/ko/stories/songstructure1#%EC%86%A1%ED%8F%BC%EB%85%B8%EB%9E%98-%EA%B5%AC%EC%A1%B0-%EB%9C%BB",songstructure1,"음악 파트 용어",0,10,0.00,9.9
"https://studionol.co.kr/ko/stories/songstructure1#%EC%86%A1%ED%8F%BC%EB%85%B8%EB%9E%98-%EA%B5%AC%EC%A1%B0-%EB%9C%BB",songstructure1,"음악의 구조",0,5,0.00,9.0
"https://studionol.co.kr/ko/stories/songstructure1#%EC%86%A1%ED%8F%BC%EB%85%B8%EB%9E%98-%EA%B5%AC%EC%A1%B0-%EB%9C%BB",songstructure1,"케이팝 브릿지",0,2,0.00,9.0
"https://studionol.co.kr/ko/stories/songstructure1#%EC%86%A1%ED%8F%BC%EB%85%B8%EB%9E%98-%EA%B5%AC%EC%A1%B0-%EB%9C%BB",songstructure1,"코러스 뜻",0,3,0.00,10.0
"https://studionol.co.kr/ko/stories/songstructure1#%EC%86%A1%ED%8F%BC%EB%85%B8%EB%9E%98-%EA%B5%AC%EC%A1%B0-%EB%9C%BB",songstructure1,"프리 코러스 브릿지 차이",0,31,0.00,7.4
"https://studionol.co.kr/ko/stories/songstructure1#%EC%86%A1%ED%8F%BC%EB%85%B8%EB%9E%98-%EA%B5%AC%EC%A1%B0-%EB%9C%BB",songstructure1,"프리코러스 브릿지 차이",0,24,0.00,7.6
"https://studionol.co.kr/ko/stories/songstructure1#%EC%BD%94%EB%9F%AC%EC%8A%A4-chorus",songstructure1,"chorus 뜻",0,2,0.00,8.5
"https://studionol.co.kr/ko/stories/songstructure1#%EC%BD%94%EB%9F%AC%EC%8A%A4-chorus",songstructure1,"pre chrous",0,1,0.00,11.0
"https://studionol.co.kr/ko/stories/songstructure1#%EC%BD%94%EB%9F%AC%EC%8A%A4-chorus",songstructure1,"pre-chorus",0,2,0.00,11.0
"https://studionol.co.kr/ko/stories/songstructure1#%EC%BD%94%EB%9F%AC%EC%8A%A4-chorus",songstructure1,"verse chorus 뜻",0,4,0.00,8.8
"https://studionol.co.kr/ko/stories/songstructure1#%EC%BD%94%EB%9F%AC%EC%8A%A4-chorus",songstructure1,"곡 구성",0,3,0.00,9.0
"https://studionol.co.kr/ko/stories/songstructure1#%EC%BD%94%EB%9F%AC%EC%8A%A4-chorus",songstructure1,"곡 구성 용어",0,2,0.00,9.0
"https://studionol.co.kr/ko/stories/songstructure1#%EC%BD%94%EB%9F%AC%EC%8A%A4-chorus",songstructure1,"곡 브릿지",0,2,0.00,11.0
"https://studionol.co.kr/ko/stories/songstructure1#%EC%BD%94%EB%9F%AC%EC%8A%A4-chorus",songstructure1,"곡의 구조",0,5,0.00,7.8
"https://studionol.co.kr/ko/stories/songstructure1#%EC%BD%94%EB%9F%AC%EC%8A%A4-chorus",songstructure1,"노래 가사 구조",0,5,0.00,9.0
"https://studionol.co.kr/ko/stories/songstructure1#%EC%BD%94%EB%9F%AC%EC%8A%A4-chorus",songstructure1,"노래 구간 용어",0,5,0.00,7.6
"https://studionol.co.kr/ko/stories/songstructure1#%EC%BD%94%EB%9F%AC%EC%8A%A4-chorus",songstructure1,"노래 구성",0,3,0.00,9.7
"https://studionol.co.kr/ko/stories/songstructure1#%EC%BD%94%EB%9F%AC%EC%8A%A4-chorus",songstructure1,"노래 구성 브릿지",0,14,0.00,9.4
"https://studionol.co.kr/ko/stories/songstructure1#%EC%BD%94%EB%9F%AC%EC%8A%A4-chorus",songstructure1,"노래 구성 용어",0,2,0.00,10.5
"https://studionol.co.kr/ko/stories/songstructure1#%EC%BD%94%EB%9F%AC%EC%8A%A4-chorus",songstructure1,"노래 구성요소",0,8,0.00,10.5
"https://studionol.co.kr/ko/stories/songstructure1#%EC%BD%94%EB%9F%AC%EC%8A%A4-chorus",songstructure1,"노래 구조",0,22,0.00,10.3
"https://studionol.co.kr/ko/stories/songstructure1#%EC%BD%94%EB%9F%AC%EC%8A%A4-chorus",songstructure1,"노래 브릿지",0,45,0.00,8.3
"https://studionol.co.kr/ko/stories/songstructure1#%EC%BD%94%EB%9F%AC%EC%8A%A4-chorus",songstructure1,"노래 브릿지 뜻",0,57,0.00,7.0
"https://studionol.co.kr/ko/stories/songstructure1#%EC%BD%94%EB%9F%AC%EC%8A%A4-chorus",songstructure1,"노래 파트 용어",0,4,0.00,9.5
"https://studionol.co.kr/ko/stories/songstructure1#%EC%BD%94%EB%9F%AC%EC%8A%A4-chorus",songstructure1,"노래의 구성",0,1,0.00,8.0
"https://studionol.co.kr/ko/stories/songstructure1#%EC%BD%94%EB%9F%AC%EC%8A%A4-chorus",songstructure1,"브릿지 노래",0,15,0.00,7.9
"https://studionol.co.kr/ko/stories/songstructure1#%EC%BD%94%EB%9F%AC%EC%8A%A4-chorus",songstructure1,"브릿지 뜻",0,92,0.00,9.0
"https://studionol.co.kr/ko/stories/songstructure1#%EC%BD%94%EB%9F%AC%EC%8A%A4-chorus",songstructure1,"브릿지 뜻 음악",0,1,0.00,11.0
"https://studionol.co.kr/ko/stories/songstructure1#%EC%BD%94%EB%9F%AC%EC%8A%A4-chorus",songstructure1,"브릿지 음악",0,1,0.00,9.0
"https://studionol.co.kr/ko/stories/songstructure1#%EC%BD%94%EB%9F%AC%EC%8A%A4-chorus",songstructure1,"브릿지 음악 뜻",0,2,0.00,10.0
"https://studionol.co.kr/ko/stories/songstructure1#%EC%BD%94%EB%9F%AC%EC%8A%A4-chorus",songstructure1,"브릿지 코러스",0,12,0.00,7.2
"https://studionol.co.kr/ko/stories/songstructure1#%EC%BD%94%EB%9F%AC%EC%8A%A4-chorus",songstructure1,"브릿지 파트",0,5,0.00,9.4
"https://studionol.co.kr/ko/stories/songstructure1#%EC%BD%94%EB%9F%AC%EC%8A%A4-chorus",songstructure1,"브릿지 파트 뜻",0,5,0.00,7.6
"https://studionol.co.kr/ko/stories/songstructure1#%EC%BD%94%EB%9F%AC%EC%8A%A4-chorus",songstructure1,"브릿지 프리코러스 차이",0,18,0.00,7.1
"https://studionol.co.kr/ko/stories/songstructure1#%EC%BD%94%EB%9F%AC%EC%8A%A4-chorus",songstructure1,"브릿지뜻",0,2,0.00,8.5
"https://studionol.co.kr/ko/stories/songstructure1#%EC%BD%94%EB%9F%AC%EC%8A%A4-chorus",songstructure1,"송 폼",0,5,0.00,6.6
"https://studionol.co.kr/ko/stories/songstructure1#%EC%BD%94%EB%9F%AC%EC%8A%A4-chorus",songstructure1,"송폼 구성",0,8,0.00,7.4
"https://studionol.co.kr/ko/stories/songstructure1#%EC%BD%94%EB%9F%AC%EC%8A%A4-chorus",songstructure1,"송폼 구조",0,5,0.00,6.6
"https://studionol.co.kr/ko/stories/songstructure1#%EC%BD%94%EB%9F%AC%EC%8A%A4-chorus",songstructure1,"송폼 분석",0,8,0.00,7.0
"https://studionol.co.kr/ko/stories/songstructure1#%EC%BD%94%EB%9F%AC%EC%8A%A4-chorus",songstructure1,"송폼 브릿지",0,6,0.00,6.8
"https://studionol.co.kr/ko/stories/songstructure1#%EC%BD%94%EB%9F%AC%EC%8A%A4-chorus",songstructure1,"송폼 용어",0,12,0.00,6.4
"https://studionol.co.kr/ko/stories/songstructure1#%EC%BD%94%EB%9F%AC%EC%8A%A4-chorus",songstructure1,"송폼 종류",0,5,0.00,9.0
"https://studionol.co.kr/ko/stories/songstructure1#%EC%BD%94%EB%9F%AC%EC%8A%A4-chorus",songstructure1,"음악 구성",0,1,0.00,11.0
"https://studionol.co.kr/ko/stories/songstructure1#%EC%BD%94%EB%9F%AC%EC%8A%A4-chorus",songstructure1,"음악 구성요소",0,1,0.00,11.0
"https://studionol.co.kr/ko/stories/songstructure1#%EC%BD%94%EB%9F%AC%EC%8A%A4-chorus",songstructure1,"음악 브릿지",0,3,0.00,10.0
"https://studionol.co.kr/ko/stories/songstructure1#%EC%BD%94%EB%9F%AC%EC%8A%A4-chorus",songstructure1,"음악 브릿지 뜻",0,8,0.00,9.4
"https://studionol.co.kr/ko/stories/songstructure1#%EC%BD%94%EB%9F%AC%EC%8A%A4-chorus",songstructure1,"음악 파트 용어",0,3,0.00,10.3
"https://studionol.co.kr/ko/stories/songstructure1#%EC%BD%94%EB%9F%AC%EC%8A%A4-chorus",songstructure1,"케이팝 브릿지",0,1,0.00,9.0
"https://studionol.co.kr/ko/stories/songstructure1#%EC%BD%94%EB%9F%AC%EC%8A%A4-chorus",songstructure1,"코러스 뜻",0,3,0.00,10.0
"https://studionol.co.kr/ko/stories/songstructure1#%EC%BD%94%EB%9F%AC%EC%8A%A4-chorus",songstructure1,"프리 코러스 브릿지 차이",0,31,0.00,7.4
"https://studionol.co.kr/ko/stories/songstructure1#%EC%BD%94%EB%9F%AC%EC%8A%A4-chorus",songstructure1,"프리코러스 브릿지 차이",0,24,0.00,7.6
"https://studionol.co.kr/ko/stories/songwriting1",songwriting1,"site:studionol.co.kr",0,9,0.00,9.9
"https://studionol.co.kr/ko/stories/songwriting1",songwriting1,"곡 만들기",0,1,0.00,5.0
"https://studionol.co.kr/ko/stories/songwriting1",songwriting1,"곡설명",0,1,0.00,9.0
"https://studionol.co.kr/ko/stories/songwriting1",songwriting1,"노래 만드는법",0,1,0.00,43.0
"https://studionol.co.kr/ko/stories/songwriting1",songwriting1,"노래 작곡",0,1,0.00,15.0
"https://studionol.co.kr/ko/stories/songwriting1",songwriting1,"얼마나 걸릴까?",0,1,0.00,1.0
"https://studionol.co.kr/ko/stories/songwriting1",songwriting1,"음악 만드는 법",0,6,0.00,10.7
"https://studionol.co.kr/ko/stories/songwriting1",songwriting1,"음악 만드는법",0,3,0.00,6.7
"https://studionol.co.kr/ko/stories/songwriting1",songwriting1,"음악 시작",0,2,0.00,6.0
"https://studionol.co.kr/ko/stories/songwriting1",songwriting1,"음악 시작하는법",0,1,0.00,9.0
"https://studionol.co.kr/ko/stories/songwriting1",songwriting1,"음악 작곡",0,6,0.00,9.0
"https://studionol.co.kr/ko/stories/songwriting1",songwriting1,"음악만드는법",0,4,0.00,7.8
"https://studionol.co.kr/ko/stories/songwriting1",songwriting1,"자작곡 만들기",0,3,0.00,30.3
"https://studionol.co.kr/ko/stories/songwriting1",songwriting1,"작곡",0,18,0.00,10.7
"https://studionol.co.kr/ko/stories/songwriting1",songwriting1,"작곡 과정",0,4,0.00,8.0
"https://studionol.co.kr/ko/stories/songwriting1",songwriting1,"작곡 기초",0,2,0.00,24.5
"https://studionol.co.kr/ko/stories/songwriting1",songwriting1,"작곡 독학 순서",0,1,0.00,38.0
"https://studionol.co.kr/ko/stories/songwriting1",songwriting1,"작곡 방법",0,17,0.00,8.1
"https://studionol.co.kr/ko/stories/songwriting1",songwriting1,"작곡 순서",0,3,0.00,13.0
"https://studionol.co.kr/ko/stories/songwriting1",songwriting1,"작곡 시작",0,11,0.00,10.0
"https://studionol.co.kr/ko/stories/songwriting1",songwriting1,"작곡 시작하기",0,1,0.00,7.0
"https://studionol.co.kr/ko/stories/songwriting1",songwriting1,"작곡 시작하는법",0,35,0.00,8.9
"https://studionol.co.kr/ko/stories/songwriting1",songwriting1,"작곡 이론",0,1,0.00,8.0
"https://studionol.co.kr/ko/stories/songwriting1",songwriting1,"작곡 입문",0,1,0.00,6.0
"https://studionol.co.kr/ko/stories/songwriting1",songwriting1,"작곡 작사",0,2,0.00,9.0
"https://studionol.co.kr/ko/stories/songwriting1",songwriting1,"작곡 잘하는 법",0,1,0.00,2.0
"https://studionol.co.kr/ko/stories/songwriting1",songwriting1,"작곡 팁",0,11,0.00,4.7
"https://studionol.co.kr/ko/stories/songwriting1",songwriting1,"작곡 하는 법",0,15,0.00,8.7
"https://studionol.co.kr/ko/stories/songwriting1",songwriting1,"작곡 하는법",0,48,0.00,8.1
"https://studionol.co.kr/ko/stories/songwriting1",songwriting1,"작곡의 기초",0,2,0.00,8.0
"https://studionol.co.kr/ko/stories/songwriting1",songwriting1,"작곡하기",0,15,0.00,7.6
"https://studionol.co.kr/ko/stories/songwriting1",songwriting1,"작곡하는 방법",0,8,0.00,9.3
"https://studionol.co.kr/ko/stories/songwriting1",songwriting1,"작곡하다",0,1,0.00,8.0
"https://studionol.co.kr/ko/stories/songwriting1",songwriting1,"작사 연습",0,2,0.00,9.0
"https://studionol.co.kr/ko/stories/songwriting1",songwriting1,"작사 작곡",0,17,0.00,9.9
"https://studionol.co.kr/ko/stories/songwriting1",songwriting1,"작사 작곡 순서",0,5,0.00,7.6
"https://studionol.co.kr/ko/stories/songwriting1",songwriting1,"작사 팁",0,7,0.00,7.7
"https://studionol.co.kr/ko/stories/songwriting1",songwriting1,"작사작곡 하는법",0,35,0.00,6.7
"https://studionol.co.kr/ko/stories/sound-engineer1",sound-engineer1,"studio engineer",0,1,0.00,35.0
"https://studionol.co.kr/ko/stories/sound-engineer1",sound-engineer1,"녹음 엔지니어",0,1,0.00,11.0
"https://studionol.co.kr/ko/stories/sound-engineer1",sound-engineer1,"레코딩 엔지니어",0,18,0.00,12.6
"https://studionol.co.kr/ko/stories/sound-engineer1",sound-engineer1,"마스터링 엔지니어",0,1,0.00,23.0
"https://studionol.co.kr/ko/stories/sound-engineer1",sound-engineer1,"믹스 엔지니어",0,1,0.00,24.0
"https://studionol.co.kr/ko/stories/sound-engineer1",sound-engineer1,"믹싱 스튜디오",0,2,0.00,13.0
"https://studionol.co.kr/ko/stories/sound-engineer1",sound-engineer1,"믹싱 엔지니어",0,7,0.00,13.0
"https://studionol.co.kr/ko/stories/sound-engineer1",sound-engineer1,"믹싱엔지니어",0,6,0.00,11.7
"https://studionol.co.kr/ko/stories/sound-engineer1",sound-engineer1,"사운드 엔지니어링",0,16,0.00,8.3
"https://studionol.co.kr/ko/stories/sound-engineer1",sound-engineer1,"사운드엔지니어",0,16,0.00,9.4
"https://studionol.co.kr/ko/stories/sound-engineer1",sound-engineer1,"엔지니어 되는 법",0,2,0.00,17.0
"https://studionol.co.kr/ko/stories/sound-engineer1",sound-engineer1,"엔지니어 되는법",0,3,0.00,19.0
"https://studionol.co.kr/ko/stories/sound-engineer1",sound-engineer1,"오디오 엔지니어",0,1,0.00,10.0
"https://studionol.co.kr/ko/stories/sound-engineer1",sound-engineer1,"오디오 엔지니어링 견적",0,2,0.00,34.5
"https://studionol.co.kr/ko/stories/sound-engineer1",sound-engineer1,"오디오 엔지니어링 외주",0,3,0.00,40.0
"https://studionol.co.kr/ko/stories/sound-engineer1",sound-engineer1,"오디오 엔지니어링 전문가",0,3,0.00,20.0
"https://studionol.co.kr/ko/stories/sound-engineer1",sound-engineer1,"오디오 엔지니어링 프리랜서",0,4,0.00,16.5
"https://studionol.co.kr/ko/stories/sound-engineer1",sound-engineer1,"음악 엔지니어",0,3,0.00,10.7
"https://studionol.co.kr/ko/stories/sound-engineer1",sound-engineer1,"음향 엔지니어 학원",0,1,0.00,25.0
"https://studionol.co.kr/ko/stories/sound-engineer1",sound-engineer1,"음향 엔지니어에게(라이브, 스튜디오, 사운드디자인 등등) 도움이 되는 오늘의 오디오 기술, 장비, 음향 믹싱/마스터링 트렌드, 음향 관련 산업 동향을 한국어로 요약해 알려줘. 그리고 전날 전달된 정보는 굳이 다시 전달 할 필요 없어. 오늘의 플러그인 할인 소식, 신규 플러그인 배포소식, 프로툴, 로직 관련 소식 등 이러한 음향 업계의 새롭고 재밌는 정보를 알려줘.",0,15,0.00,8.8
"https://studionol.co.kr/ko/stories/soundcloud1",soundcloud1,"soundcloud upload",0,1,0.00,5.0
"https://studionol.co.kr/ko/stories/soundcloud1",soundcloud1,"사운드클라우드",0,3,0.00,10.3
"https://studionol.co.kr/ko/stories/soundcloud1",soundcloud1,"사운드클라우드 노래 올리기",0,5,0.00,6.4
"https://studionol.co.kr/ko/stories/soundcloud1",soundcloud1,"사운드클라우드 업로드",0,10,0.00,8.2
"https://studionol.co.kr/ko/stories/soundcloud1",soundcloud1,"사운드클라우드 음원",0,1,0.00,10.0
"https://studionol.co.kr/ko/stories/soundproof-rehearsal-seoul1",soundproof-rehearsal-seoul1,"강남 합주실",0,1,0.00,18.0
"https://studionol.co.kr/ko/stories/soundproof-rehearsal-seoul1",soundproof-rehearsal-seoul1,"다른 곳은?",0,1,0.00,1.0
"https://studionol.co.kr/ko/stories/soundproof-rehearsal-seoul1",soundproof-rehearsal-seoul1,"방음 스튜디오 월세",0,2,0.00,15.0
"https://studionol.co.kr/ko/stories/soundproof-rehearsal-seoul1",soundproof-rehearsal-seoul1,"방음 연습실 대여",0,8,0.00,10.4
"https://studionol.co.kr/ko/stories/soundproof-rehearsal-seoul1",soundproof-rehearsal-seoul1,"방음 작업실",0,1,0.00,23.0
"https://studionol.co.kr/ko/stories/soundproof-rehearsal-seoul1",soundproof-rehearsal-seoul1,"방음공사",0,1,0.00,2.0
"https://studionol.co.kr/ko/stories/soundproof-rehearsal-seoul1",soundproof-rehearsal-seoul1,"방음방",0,1,0.00,22.0
"https://studionol.co.kr/ko/stories/soundproof-rehearsal-seoul1",soundproof-rehearsal-seoul1,"방음실 대여",0,12,0.00,9.3
"https://studionol.co.kr/ko/stories/soundproof-rehearsal-seoul1",soundproof-rehearsal-seoul1,"밴드 합주실 대여 비용",0,1,0.00,12.0
"https://studionol.co.kr/ko/stories/soundproof-rehearsal-seoul1",soundproof-rehearsal-seoul1,"사운드시티 합주실",0,1,0.00,30.0
"https://studionol.co.kr/ko/stories/soundproof-rehearsal-seoul1",soundproof-rehearsal-seoul1,"서울 합주실",0,57,0.00,7.6
"https://studionol.co.kr/ko/stories/soundproof-rehearsal-seoul1",soundproof-rehearsal-seoul1,"서울 합주실 추천",0,4,0.00,10.0
"https://studionol.co.kr/ko/stories/soundproof-rehearsal-seoul1",soundproof-rehearsal-seoul1,"합주실",0,4,0.00,10.5
"https://studionol.co.kr/ko/stories/soundproof-rehearsal-seoul1",soundproof-rehearsal-seoul1,"합주실 가격",0,11,0.00,9.0
"https://studionol.co.kr/ko/stories/soundproof-rehearsal-seoul1",soundproof-rehearsal-seoul1,"합주실 대여 비용",0,5,0.00,7.0
"https://studionol.co.kr/ko/stories/soundproof-rehearsal-seoul1",soundproof-rehearsal-seoul1,"합주실 비용",0,1,0.00,18.0
"https://studionol.co.kr/ko/stories/soundproof-rehearsal-seoul1#%EB%B0%A9%EC%9D%8C%EC%9D%98-4%EA%B0%80%EC%A7%80-%EC%B0%A8%EC%9B%90",soundproof-rehearsal-seoul1,"방음 스튜디오",0,2,0.00,6.5
"https://studionol.co.kr/ko/stories/soundproof-rehearsal-seoul1#%EB%B0%A9%EC%9D%8C%EC%9D%98-4%EA%B0%80%EC%A7%80-%EC%B0%A8%EC%9B%90",soundproof-rehearsal-seoul1,"방음 연습실 대여",0,2,0.00,11.0
"https://studionol.co.kr/ko/stories/soundproof-rehearsal-seoul1#%EC%84%9C%EC%9A%B8-%EC%9E%90%EC%B9%98%EA%B5%AC%EB%B3%84-%ED%95%A9%EC%A3%BC%EC%8B%A4-%EB%B6%84%ED%8F%AC%ED%8A%B9%EC%A7%95",soundproof-rehearsal-seoul1,"방음 스튜디오",0,2,0.00,6.5
"https://studionol.co.kr/ko/stories/soundproof-rehearsal-seoul1#%EC%8B%9C%EA%B0%84%EB%8C%80%EB%B3%84-%ED%95%A9%EC%A3%BC%EC%8B%A4-%ED%99%9C%EC%9A%A9%EB%B2%95",soundproof-rehearsal-seoul1,"방음 스튜디오",0,2,0.00,6.5
"https://studionol.co.kr/ko/stories/soundproof-rehearsal-seoul1#%EC%8B%9C%EA%B0%84%EB%8C%80%EB%B3%84-%ED%95%A9%EC%A3%BC%EC%8B%A4-%ED%99%9C%EC%9A%A9%EB%B2%95",soundproof-rehearsal-seoul1,"방음 연습실 대여",0,2,0.00,11.0
"https://studionol.co.kr/ko/stories/soundproof-rehearsal-seoul1#%EC%8B%9C%EA%B0%84-%EB%8C%80%EC%97%AC-vs-%EC%9B%94%EC%84%B8-%EC%9E%85%EC%A3%BC-%EC%86%90%EC%9D%B5%EB%B6%84%EA%B8%B0-%EA%B3%84%EC%82%B0",soundproof-rehearsal-seoul1,"방음 연습실 대여",0,2,0.00,11.0
"https://studionol.co.kr/ko/stories/soundproof-rehearsal-seoul1#%EC%97%B0%EC%8B%A0%EB%82%B4%EC%9D%80%ED%8F%89%EA%B5%AC%EA%B0%80-%ED%95%A9%EC%A3%BC%EC%8B%A4-%EB%A9%94%EC%B9%B4%EA%B0%80-%EB%90%9C-%EC%9D%B4%EC%9C%A0",soundproof-rehearsal-seoul1,"방음 스튜디오",0,2,0.00,6.5
"https://studionol.co.kr/ko/stories/soundproof-rehearsal-seoul1#%EC%97%B0%EC%8B%A0%EB%82%B4%EC%9D%80%ED%8F%89%EA%B5%AC%EA%B0%80-%ED%95%A9%EC%A3%BC%EC%8B%A4-%EB%A9%94%EC%B9%B4%EA%B0%80-%EB%90%9C-%EC%9D%B4%EC%9C%A0",soundproof-rehearsal-seoul1,"방음 연습실 대여",0,2,0.00,11.0
"https://studionol.co.kr/ko/stories/soundproof-rehearsal-seoul1#%EC%A7%84%EC%A7%9C-%EB%B0%A9%EC%9D%8C-%ED%95%A9%EC%A3%BC%EC%8B%A4-%EC%84%A0%ED%83%9D-%EC%B2%B4%ED%81%AC%EB%A6%AC%EC%8A%A4%ED%8A%B8-10%EA%B0%9C",soundproof-rehearsal-seoul1,"방음 스튜디오",0,3,0.00,8.0
"https://studionol.co.kr/ko/stories/soundproof-rehearsal-seoul1#%EC%A7%84%EC%A7%9C-%EB%B0%A9%EC%9D%8C-%ED%95%A9%EC%A3%BC%EC%8B%A4-%EC%84%A0%ED%83%9D-%EC%B2%B4%ED%81%AC%EB%A6%AC%EC%8A%A4%ED%8A%B8-10%EA%B0%9C",soundproof-rehearsal-seoul1,"방음 연습실 대여",0,2,0.00,11.0
"https://studionol.co.kr/ko/stories/soundproof-rehearsal-seoul1#%ED%95%A9%EC%A3%BC%EC%8B%A4-%EC%82%AC%EC%9D%B4%ED%8A%B8%EC%9D%98-%EB%B0%A9%EC%9D%8C%EC%99%84%EB%B9%84%EB%8A%94-%EC%A7%84%EC%8B%A4%EC%9D%B4-%EC%95%84%EB%8B%88%EB%8B%A4",soundproof-rehearsal-seoul1,"방음 스튜디오",0,3,0.00,8.0
"https://studionol.co.kr/ko/stories/soundproof-rehearsal-seoul1#%ED%95%A9%EC%A3%BC%EC%8B%A4-%EC%82%AC%EC%9D%B4%ED%8A%B8%EC%9D%98-%EB%B0%A9%EC%9D%8C%EC%99%84%EB%B9%84%EB%8A%94-%EC%A7%84%EC%8B%A4%EC%9D%B4-%EC%95%84%EB%8B%88%EB%8B%A4",soundproof-rehearsal-seoul1,"방음 연습실 대여",0,2,0.00,11.0
"https://studionol.co.kr/ko/stories/soundproof-rehearsal-seoul1#stc%EC%B0%A8%EC%9D%8C-%EB%93%B1%EA%B8%89%EC%99%80-%ED%95%A9%EC%A3%BC%EC%8B%A4-%EB%93%B1%EA%B8%89-%EB%A7%A4%EA%B8%B0%EA%B8%B0",soundproof-rehearsal-seoul1,"방음 스튜디오",0,2,0.00,6.5
"https://studionol.co.kr/ko/stories/soundproof-rehearsal-seoul1#stc%EC%B0%A8%EC%9D%8C-%EB%93%B1%EA%B8%89%EC%99%80-%ED%95%A9%EC%A3%BC%EC%8B%A4-%EB%93%B1%EA%B8%89-%EB%A7%A4%EA%B8%B0%EA%B8%B0",soundproof-rehearsal-seoul1,"방음 연습실 대여",0,2,0.00,11.0
"https://studionol.co.kr/ko/stories/spatial-audio1",spatial-audio1,"3d mixing",0,1,0.00,14.0
"https://studionol.co.kr/ko/stories/spatial-audio1",spatial-audio1,"3d 오디오",0,1,0.00,41.0
"https://studionol.co.kr/ko/stories/spatial-audio1",spatial-audio1,"spatial audio 뜻",0,14,0.00,11.3
"https://studionol.co.kr/ko/stories/spatial-audio1",spatial-audio1,"공간 음향",0,3,0.00,28.7
"https://studionol.co.kr/ko/stories/spatial-audio1",spatial-audio1,"공간음향",0,4,0.00,35.5
"https://studionol.co.kr/ko/stories/spectrum-analyzer1",spectrum-analyzer1,"site:studionol.co.kr",0,2,0.00,104.0
"https://studionol.co.kr/ko/stories/spectrum-analyzer1",spectrum-analyzer1,"스펙트럼 분석",0,1,0.00,51.0
"https://studionol.co.kr/ko/stories/spotify-canvas1",spotify-canvas1,"spotify canvas",0,11,0.00,6.4
"https://studionol.co.kr/ko/stories/spotify-canvas1",spotify-canvas1,"스포티 파이 가사 등록",0,1,0.00,11.0
"https://studionol.co.kr/ko/stories/spotify-canvas1",spotify-canvas1,"스포티파이 canvas",0,2,0.00,8.0
"https://studionol.co.kr/ko/stories/spotify-canvas1",spotify-canvas1,"스포티파이 가사 등록",0,5,0.00,10.6
"https://studionol.co.kr/ko/stories/spotify-canvas1",spotify-canvas1,"스포티파이 캔버스",0,4,0.00,6.8
"https://studionol.co.kr/ko/stories/stage-vocal1",stage-vocal1,"site:studionol.co.kr",0,1,0.00,89.0
"https://studionol.co.kr/ko/stories/stage-vocal1",stage-vocal1,"경연 목소리",0,1,0.00,1.0
"https://studionol.co.kr/ko/stories/stage-vocal1",stage-vocal1,"콘서트 녹음 팁",0,1,0.00,16.0
"https://studionol.co.kr/ko/stories/stem-mastering1",stem-mastering1,"site:studionol.co.kr",0,1,0.00,99.0
"https://studionol.co.kr/ko/stories/stem-mastering1",stem-mastering1,"스템 파일",0,14,0.00,11.1
"https://studionol.co.kr/ko/stories/stem-mastering1",stem-mastering1,"스템파일",0,15,0.00,11.1
"https://studionol.co.kr/ko/stories/stem-mixing1",stem-mixing1,"stem 뜻",0,2,0.00,1.0
"https://studionol.co.kr/ko/stories/stem-mixing1",stem-mixing1,"stem 의미",0,1,0.00,2.0
"https://studionol.co.kr/ko/stories/stem-mixing1",stem-mixing1,"stem 이란",0,1,0.00,1.0
"https://studionol.co.kr/ko/stories/stem-mixing1",stem-mixing1,"로직 스템",0,2,0.00,1.0
"https://studionol.co.kr/ko/stories/stem-mixing1",stem-mixing1,"믹싱 프로그램",0,1,0.00,1.0
"https://studionol.co.kr/ko/stories/stem-mixing1",stem-mixing1,"스템",0,1,0.00,3.0
"https://studionol.co.kr/ko/stories/stem-mixing1",stem-mixing1,"스템 뜻",0,1,0.00,1.0
"https://studionol.co.kr/ko/stories/stem-mixing1",stem-mixing1,"스템 파일",0,69,0.00,5.8
"https://studionol.co.kr/ko/stories/stem-mixing1",stem-mixing1,"스템파일",0,128,0.00,5.7
"https://studionol.co.kr/ko/stories/stem-mixing1",stem-mixing1,"시스템 파일",0,6,0.00,1.0
"https://studionol.co.kr/ko/stories/stem-mixing1",stem-mixing1,"시스템파일",0,8,0.00,1.0
"https://studionol.co.kr/ko/stories/stem-mixing1",stem-mixing1,"파일놀",0,1,0.00,7.0
"https://studionol.co.kr/ko/stories/stem-mixing1#%EC%8A%A4%ED%85%9C-%EB%AF%B9%EC%8B%B1-%EA%B7%B8%EB%A3%B9-%EB%8B%A8%EC%9C%84%EB%A1%9C-%EB%AF%B9%EC%8A%A4%EB%A5%BC-%EC%A0%9C%EC%96%B4%ED%95%98%EB%8B%A4",stem-mixing1,"stem 파일",0,3,0.00,6.7
"https://studionol.co.kr/ko/stories/stem-mixing1#%EC%8A%A4%ED%85%9C-%EB%AF%B9%EC%8B%B1-%EA%B7%B8%EB%A3%B9-%EB%8B%A8%EC%9C%84%EB%A1%9C-%EB%AF%B9%EC%8A%A4%EB%A5%BC-%EC%A0%9C%EC%96%B4%ED%95%98%EB%8B%A4",stem-mixing1,"스템 파일",0,15,0.00,5.8
"https://studionol.co.kr/ko/stories/stem-mixing1#%EC%8A%A4%ED%85%9C-%EB%AF%B9%EC%8B%B1-%EA%B7%B8%EB%A3%B9-%EB%8B%A8%EC%9C%84%EB%A1%9C-%EB%AF%B9%EC%8A%A4%EB%A5%BC-%EC%A0%9C%EC%96%B4%ED%95%98%EB%8B%A4",stem-mixing1,"스템파일",0,14,0.00,5.6
"https://studionol.co.kr/ko/stories/stem-mixing1#%ED%91%9C%EC%A4%80-%EC%8A%A4%ED%85%9C-%EA%B7%B8%EB%A3%B9-%EA%B5%AC%EC%84%B1",stem-mixing1,"stem 파일",0,3,0.00,6.7
"https://studionol.co.kr/ko/stories/stem-mixing1#%ED%91%9C%EC%A4%80-%EC%8A%A4%ED%85%9C-%EA%B7%B8%EB%A3%B9-%EA%B5%AC%EC%84%B1",stem-mixing1,"스템 파일",0,15,0.00,5.8
"https://studionol.co.kr/ko/stories/stem-mixing1#%ED%91%9C%EC%A4%80-%EC%8A%A4%ED%85%9C-%EA%B7%B8%EB%A3%B9-%EA%B5%AC%EC%84%B1",stem-mixing1,"스템파일",0,14,0.00,5.6
"https://studionol.co.kr/ko/stories/stemfile1",stemfile1,"0039635b1d6853face36581784558454.wav",0,1,0.00,2.0
"https://studionol.co.kr/ko/stories/stemfile1",stemfile1,"stem 파일",0,3,0.00,9.3
"https://studionol.co.kr/ko/stories/stemfile1",stemfile1,"wav 파일",0,2,0.00,29.5
"https://studionol.co.kr/ko/stories/stemfile1",stemfile1,"wav파일",0,1,0.00,33.0
"https://studionol.co.kr/ko/stories/stemfile1",stemfile1,"스템 파일",0,9,0.00,10.8
"https://studionol.co.kr/ko/stories/stemfile1",stemfile1,"스템파일",0,9,0.00,10.6
"https://studionol.co.kr/ko/stories/stemfile1",stemfile1,"오디오파일",0,1,0.00,30.0
"https://studionol.co.kr/ko/stories/stemfile1",stemfile1,"음성 파일",0,2,0.00,51.5
"https://studionol.co.kr/ko/stories/stemfile1",stemfile1,"음원",0,1,0.00,3.0
"https://studionol.co.kr/ko/stories/stemfile1",stemfile1,"파일놀",0,14,0.00,8.7
"https://studionol.co.kr/ko/stories/store-bgm1",store-bgm1,"bgm이란",0,5,0.00,4.2
"https://studionol.co.kr/ko/stories/store-bgm1",store-bgm1,"광고없는 매장음악 연속 듣기",0,3,0.00,3.0
"https://studionol.co.kr/ko/stories/store-bgm1",store-bgm1,"매장 음악 저작권",0,10,0.00,10.4
"https://studionol.co.kr/ko/stories/store-bgm1",store-bgm1,"음원 재생 저작권료",0,35,0.00,10.5
"https://studionol.co.kr/ko/stories/store-bgm1",store-bgm1,"저작권료기준",0,4,0.00,3.3
"https://studionol.co.kr/ko/stories/store-bgm1",store-bgm1,"카페 노래 저작권",0,3,0.00,5.7
"https://studionol.co.kr/ko/stories/streaming-algorithm1",streaming-algorithm1,"멜론 스포티파이 비교",0,2,0.00,3.0
"https://studionol.co.kr/ko/stories/streaming-algorithm1",streaming-algorithm1,"멜론 음악 추천 알고리즘 특징",0,48,0.00,7.2
"https://studionol.co.kr/ko/stories/streaming-algorithm1",streaming-algorithm1,"스포티파이 vs 멜론",0,3,0.00,4.3
"https://studionol.co.kr/ko/stories/streaming-algorithm1",streaming-algorithm1,"스포티파이 멜론 비교",0,2,0.00,4.0
"https://studionol.co.kr/ko/stories/streaming-algorithm1",streaming-algorithm1,"스포티파이 스밍",0,2,0.00,53.5
"https://studionol.co.kr/ko/stories/streaming-algorithm1",streaming-algorithm1,"스포티파이 스밍하는법",0,1,0.00,38.0
"https://studionol.co.kr/ko/stories/streaming-algorithm1",streaming-algorithm1,"스포티파이 점유율",0,1,0.00,59.0
"https://studionol.co.kr/ko/stories/streaming-algorithm1",streaming-algorithm1,"스포티파이 추천 알고리즘",0,14,0.00,11.2
"https://studionol.co.kr/ko/stories/streaming-algorithm1",streaming-algorithm1,"유튜브 뮤직 알고리즘",0,120,0.00,5.7
"https://studionol.co.kr/ko/stories/streaming-algorithm1",streaming-algorithm1,"유튜브 뮤직 알고리즘 개선 서비스",0,289,0.00,4.6
"https://studionol.co.kr/ko/stories/streaming-algorithm1",streaming-algorithm1,"유튜브 뮤직 업로드",0,1,0.00,15.0
"https://studionol.co.kr/ko/stories/streaming-algorithm1",streaming-algorithm1,"유튜브 뮤직 일간 차트",0,1,0.00,56.0
"https://studionol.co.kr/ko/stories/streaming-algorithm1",streaming-algorithm1,"유튜브 뮤직 추천 알고리즘",0,29,0.00,5.1
"https://studionol.co.kr/ko/stories/streaming-algorithm1",streaming-algorithm1,"유튜브 스튜디오 음악 추천",0,1,0.00,5.0
"https://studionol.co.kr/ko/stories/streaming-algorithm1",streaming-algorithm1,"유튜브 알고리즘 뜻",0,1,0.00,1.0
"https://studionol.co.kr/ko/stories/streaming-algorithm1",streaming-algorithm1,"유튜브뮤직 알고리즘",0,63,0.00,5.1
"https://studionol.co.kr/ko/stories/streaming-algorithm1",streaming-algorithm1,"음악 사이트",0,1,0.00,2.0
"https://studionol.co.kr/ko/stories/streaming-algorithm1",streaming-algorithm1,"음악 스트리밍 알고리즘",0,4,0.00,4.8
"https://studionol.co.kr/ko/stories/streaming-algorithm1",streaming-algorithm1,"음악사이트",0,1,0.00,1.0
"https://studionol.co.kr/ko/stories/streaming-optimization1",streaming-optimization1,"멜론 동시재생",0,1,0.00,21.0
"https://studionol.co.kr/ko/stories/streaming-optimization1",streaming-optimization1,"멜론 스포티파이",0,76,0.00,5.1
"https://studionol.co.kr/ko/stories/streaming-optimization1",streaming-optimization1,"스트리밍",0,1,0.00,1.0
"https://studionol.co.kr/ko/stories/streaming-optimization1",streaming-optimization1,"스포티파이 동시재생",0,1,0.00,13.0
"https://studionol.co.kr/ko/stories/streaming-optimization1",streaming-optimization1,"스포티파이 멜론",0,43,0.00,5.5
"https://studionol.co.kr/ko/stories/streaming-optimization1",streaming-optimization1,"스포티파이 스밍",0,1,0.00,24.0
"https://studionol.co.kr/ko/stories/streaming-optimization1",streaming-optimization1,"스포티파이 스밍하는법",0,1,0.00,19.0
"https://studionol.co.kr/ko/stories/streaming-optimization1",streaming-optimization1,"스포티파이 피칭",0,1,0.00,1.0
"https://studionol.co.kr/ko/stories/streaming-optimization1",streaming-optimization1,"파이 노출",0,3,0.00,19.0
"https://studionol.co.kr/ko/stories/streaming-platforms1",streaming-platforms1,"genie music 시청 시간 구매",0,1,0.00,11.0
"https://studionol.co.kr/ko/stories/streaming-platforms1",streaming-platforms1,"site:studionol.co.kr",0,2,0.00,129.0
"https://studionol.co.kr/ko/stories/streaming-platforms1",streaming-platforms1,"국내 스트리밍 사이트",0,1,0.00,6.0
"https://studionol.co.kr/ko/stories/streaming-platforms1",streaming-platforms1,"멜론 스트리밍라이트",0,5,0.00,7.8
"https://studionol.co.kr/ko/stories/streaming-platforms1",streaming-platforms1,"멜론 스포티파이",0,4,0.00,8.3
"https://studionol.co.kr/ko/stories/streaming-platforms1",streaming-platforms1,"멜론 요금제 비교",0,8,0.00,9.6
"https://studionol.co.kr/ko/stories/streaming-platforms1",streaming-platforms1,"멜론 유튜브 뮤직 비교",0,6,0.00,8.3
"https://studionol.co.kr/ko/stories/streaming-platforms1",streaming-platforms1,"멜론 유튜브뮤직 비교",0,8,0.00,5.5
"https://studionol.co.kr/ko/stories/streaming-platforms1",streaming-platforms1,"멜론 지니뮤직 비교",0,2,0.00,7.5
"https://studionol.co.kr/ko/stories/streaming-platforms1",streaming-platforms1,"스포티파이 멜론",0,4,0.00,7.8
"https://studionol.co.kr/ko/stories/streaming-platforms1",streaming-platforms1,"스포티파이 애플뮤직 비교",0,1,0.00,15.0
"https://studionol.co.kr/ko/stories/streaming-platforms1",streaming-platforms1,"스포티파이 애플뮤직 차이",0,1,0.00,11.0
"https://studionol.co.kr/ko/stories/streaming-platforms1",streaming-platforms1,"스포티파이 유튜브뮤직 비교",0,1,0.00,20.0
"https://studionol.co.kr/ko/stories/streaming-platforms1",streaming-platforms1,"애플 뮤직 스포티파이 비교",0,1,0.00,18.0
"https://studionol.co.kr/ko/stories/streaming-platforms1",streaming-platforms1,"애플뮤직 멜론",0,1,0.00,7.0
"https://studionol.co.kr/ko/stories/streaming-platforms1",streaming-platforms1,"애플뮤직 스밍",0,1,0.00,23.0
"https://studionol.co.kr/ko/stories/streaming-platforms1",streaming-platforms1,"애플뮤직 스트리밍",0,1,0.00,20.0
"https://studionol.co.kr/ko/stories/streaming-platforms1",streaming-platforms1,"애플뮤직 스포티 파이 유튜브 뮤직 비교",0,7,0.00,9.3
"https://studionol.co.kr/ko/stories/streaming-platforms1",streaming-platforms1,"애플뮤직 스포티파이 비교",0,10,0.00,17.6
"https://studionol.co.kr/ko/stories/streaming-platforms1",streaming-platforms1,"애플뮤직 유튜브뮤직 비교",0,7,0.00,9.4
"https://studionol.co.kr/ko/stories/streaming-platforms1",streaming-platforms1,"유튜브 뮤직비디오 조회수 vs 멜론 스트리밍 중요성",0,1,0.00,10.0
"https://studionol.co.kr/ko/stories/streaming-platforms1",streaming-platforms1,"유튜브 조회수 음원 스트리밍 비교 중요성",0,1,0.00,8.0
"https://studionol.co.kr/ko/stories/streaming-platforms1",streaming-platforms1,"음악 스트리밍",0,1,0.00,20.0
"https://studionol.co.kr/ko/stories/streaming-platforms1",streaming-platforms1,"음악 스트리밍 가격 비교",0,2,0.00,27.5
"https://studionol.co.kr/ko/stories/streaming-platforms1",streaming-platforms1,"음악 스트리밍 가격비교",0,1,0.00,5.0
"https://studionol.co.kr/ko/stories/streaming-platforms1",streaming-platforms1,"음악 스트리밍 사이트",0,2,0.00,12.5
"https://studionol.co.kr/ko/stories/streaming-platforms1",streaming-platforms1,"음악 스트리밍 사이트 비교",0,21,0.00,5.4
"https://studionol.co.kr/ko/stories/streaming-platforms1",streaming-platforms1,"음악 스트리밍 순위",0,8,0.00,9.0
"https://studionol.co.kr/ko/stories/streaming-platforms1",streaming-platforms1,"음악 스트리밍 추천",0,1,0.00,6.0
"https://studionol.co.kr/ko/stories/streaming-platforms1",streaming-platforms1,"음악 스트리밍 플랫폼",0,4,0.00,9.8
"https://studionol.co.kr/ko/stories/streaming-platforms1",streaming-platforms1,"음악 플랫폼",0,4,0.00,15.8
"https://studionol.co.kr/ko/stories/streaming-platforms1",streaming-platforms1,"음악 플랫폼 순위",0,1,0.00,11.0
"https://studionol.co.kr/ko/stories/streaming-platforms1",streaming-platforms1,"음악 플랫폼 추천",0,8,0.00,10.3
"https://studionol.co.kr/ko/stories/streaming-platforms1",streaming-platforms1,"음악어플 비교",0,1,0.00,20.0
"https://studionol.co.kr/ko/stories/streaming-platforms1",streaming-platforms1,"음원 사이트 순위",0,1,0.00,7.0
"https://studionol.co.kr/ko/stories/streaming-platforms1",streaming-platforms1,"음원 플랫폼",0,2,0.00,16.5
"https://studionol.co.kr/ko/stories/streaming-platforms1",streaming-platforms1,"지니뮤직 멜론 비교",0,52,0.00,5.1
"https://studionol.co.kr/ko/stories/streaming-platforms1",streaming-platforms1,"지니뮤직 사용자 수 전 세계",0,2,0.00,4.0
"https://studionol.co.kr/ko/stories/streaming-platforms1",streaming-platforms1,"지니차트",0,1,0.00,11.0
"https://studionol.co.kr/ko/stories/streaming-platforms1",streaming-platforms1,"한국 스트리밍 플랫폼 순위",0,2,0.00,14.5
"https://studionol.co.kr/ko/stories/streaming-platforms1#%EB%AE%A4%EC%A7%80%EC%85%98%EC%9D%B4-%EC%95%8C%EC%95%84%EC%95%BC-%ED%95%A0-%EC%8A%A4%ED%8A%B8%EB%A6%AC%EB%B0%8D-%ED%94%8C%EB%9E%AB%ED%8F%BC%EC%9D%98-%EC%B0%A8%EC%9D%B4",streaming-platforms1,"멜론 유튜브뮤직 비교",0,1,0.00,4.0
"https://studionol.co.kr/ko/stories/streaming-platforms1#%EB%AE%A4%EC%A7%80%EC%85%98%EC%9D%B4-%EC%95%8C%EC%95%84%EC%95%BC-%ED%95%A0-%EC%8A%A4%ED%8A%B8%EB%A6%AC%EB%B0%8D-%ED%94%8C%EB%9E%AB%ED%8F%BC%EC%9D%98-%EC%B0%A8%EC%9D%B4",streaming-platforms1,"스트리밍 사이트 비교",0,20,0.00,4.2
"https://studionol.co.kr/ko/stories/streaming-platforms1#%EB%AE%A4%EC%A7%80%EC%85%98%EC%9D%B4-%EC%95%8C%EC%95%84%EC%95%BC-%ED%95%A0-%EC%8A%A4%ED%8A%B8%EB%A6%AC%EB%B0%8D-%ED%94%8C%EB%9E%AB%ED%8F%BC%EC%9D%98-%EC%B0%A8%EC%9D%B4",streaming-platforms1,"애플뮤직 멜론 비교",0,1,0.00,4.0
"https://studionol.co.kr/ko/stories/streaming-platforms1#%EB%AE%A4%EC%A7%80%EC%85%98%EC%9D%B4-%EC%95%8C%EC%95%84%EC%95%BC-%ED%95%A0-%EC%8A%A4%ED%8A%B8%EB%A6%AC%EB%B0%8D-%ED%94%8C%EB%9E%AB%ED%8F%BC%EC%9D%98-%EC%B0%A8%EC%9D%B4",streaming-platforms1,"애플뮤직 스포티 파이 유튜브 뮤직 비교",0,2,0.00,9.5
"https://studionol.co.kr/ko/stories/streaming-platforms1#%EB%AE%A4%EC%A7%80%EC%85%98%EC%9D%B4-%EC%95%8C%EC%95%84%EC%95%BC-%ED%95%A0-%EC%8A%A4%ED%8A%B8%EB%A6%AC%EB%B0%8D-%ED%94%8C%EB%9E%AB%ED%8F%BC%EC%9D%98-%EC%B0%A8%EC%9D%B4",streaming-platforms1,"애플뮤직 유튜브뮤직 비교",0,3,0.00,10.0
"https://studionol.co.kr/ko/stories/streaming-platforms1#%EC%A3%BC%EC%9A%94-%EC%8A%A4%ED%8A%B8%EB%A6%AC%EB%B0%8D-%ED%94%8C%EB%9E%AB%ED%8F%BC-%EB%B9%84%EA%B5%90",streaming-platforms1,"멜론 유튜브뮤직 비교",0,1,0.00,4.0
"https://studionol.co.kr/ko/stories/streaming-platforms1#%EC%A3%BC%EC%9A%94-%EC%8A%A4%ED%8A%B8%EB%A6%AC%EB%B0%8D-%ED%94%8C%EB%9E%AB%ED%8F%BC-%EB%B9%84%EA%B5%90",streaming-platforms1,"스트리밍 사이트 비교",0,20,0.00,4.2
"https://studionol.co.kr/ko/stories/streaming-platforms1#%EC%A3%BC%EC%9A%94-%EC%8A%A4%ED%8A%B8%EB%A6%AC%EB%B0%8D-%ED%94%8C%EB%9E%AB%ED%8F%BC-%EB%B9%84%EA%B5%90",streaming-platforms1,"애플뮤직 멜론 비교",0,1,0.00,4.0
"https://studionol.co.kr/ko/stories/streaming-platforms1#%EC%A3%BC%EC%9A%94-%EC%8A%A4%ED%8A%B8%EB%A6%AC%EB%B0%8D-%ED%94%8C%EB%9E%AB%ED%8F%BC-%EB%B9%84%EA%B5%90",streaming-platforms1,"애플뮤직 스포티 파이 유튜브 뮤직 비교",0,2,0.00,9.5
"https://studionol.co.kr/ko/stories/streaming-platforms1#%EC%A3%BC%EC%9A%94-%EC%8A%A4%ED%8A%B8%EB%A6%AC%EB%B0%8D-%ED%94%8C%EB%9E%AB%ED%8F%BC-%EB%B9%84%EA%B5%90",streaming-platforms1,"애플뮤직 유튜브뮤직 비교",0,3,0.00,10.0
"https://studionol.co.kr/ko/stories/streaming-revenue1",streaming-revenue1,"site:studionol.co.kr",0,1,0.00,96.0
"https://studionol.co.kr/ko/stories/streaming-revenue1",streaming-revenue1,"스트리밍 수익",0,1,0.00,6.0
"https://studionol.co.kr/ko/stories/streaming-revenue1",streaming-revenue1,"스포티파이 수익",0,2,0.00,46.5
"https://studionol.co.kr/ko/stories/streaming-revenue1",streaming-revenue1,"음원 스트리밍 수익",0,1,0.00,37.0
"https://studionol.co.kr/ko/stories/studio-checklist1",studio-checklist1,"site:studionol.co.kr",0,1,0.00,86.0
"https://studionol.co.kr/ko/stories/studio-compare1",studio-compare1,"mixing studio",0,1,0.00,1.0
"https://studionol.co.kr/ko/stories/studio-compare1",studio-compare1,"녹음 스튜디오",0,94,0.00,8.1
"https://studionol.co.kr/ko/stories/studio-compare1",studio-compare1,"녹음스튜디오",0,8,0.00,6.4
"https://studionol.co.kr/ko/stories/studio-compare1",studio-compare1,"녹음실",0,89,0.00,10.6
"https://studionol.co.kr/ko/stories/studio-compare1",studio-compare1,"녹음실 스튜디오",0,21,0.00,7.4
"https://studionol.co.kr/ko/stories/studio-compare1",studio-compare1,"서울 스튜디오",0,8,0.00,11.4
"https://studionol.co.kr/ko/stories/studio-compare1",studio-compare1,"서울스튜디오",0,1,0.00,11.0
"https://studionol.co.kr/ko/stories/studio-compare1",studio-compare1,"스튜디오 녹음",0,6,0.00,7.2
"https://studionol.co.kr/ko/stories/studio-compare1",studio-compare1,"스튜디오 놀",0,8,0.00,1.3
"https://studionol.co.kr/ko/stories/studio-compare1",studio-compare1,"음악 녹음실",0,5,0.00,10.2
"https://studionol.co.kr/ko/stories/studio-compare1",studio-compare1,"홍대 녹음실",0,3,0.00,9.0
"https://studionol.co.kr/ko/stories/studio-compare1#%EC%84%9C%EC%9A%B8-%EC%96%B4%EB%8A%90-%EC%A7%80%EC%97%AD%EC%97%90%EC%84%9C-%EB%85%B9%EC%9D%8C%ED%95%B4%EC%95%BC-%ED%95%A0%EA%B9%8C",studio-compare1,"노래 녹음 스튜디오",0,1,0.00,10.0
"https://studionol.co.kr/ko/stories/studio-compare1#%EC%84%9C%EC%9A%B8-%EC%96%B4%EB%8A%90-%EC%A7%80%EC%97%AD%EC%97%90%EC%84%9C-%EB%85%B9%EC%9D%8C%ED%95%B4%EC%95%BC-%ED%95%A0%EA%B9%8C",studio-compare1,"녹음 스튜디오",0,10,0.00,5.5
"https://studionol.co.kr/ko/stories/studio-compare1#%EC%84%9C%EC%9A%B8-%EC%96%B4%EB%8A%90-%EC%A7%80%EC%97%AD%EC%97%90%EC%84%9C-%EB%85%B9%EC%9D%8C%ED%95%B4%EC%95%BC-%ED%95%A0%EA%B9%8C",studio-compare1,"녹음스튜디오",0,1,0.00,5.0
"https://studionol.co.kr/ko/stories/studio-compare1#%EC%84%9C%EC%9A%B8-%EC%96%B4%EB%8A%90-%EC%A7%80%EC%97%AD%EC%97%90%EC%84%9C-%EB%85%B9%EC%9D%8C%ED%95%B4%EC%95%BC-%ED%95%A0%EA%B9%8C",studio-compare1,"녹음실 스튜디오",0,1,0.00,9.0
"https://studionol.co.kr/ko/stories/studio-compare1#%EC%84%9C%EC%9A%B8-%EC%96%B4%EB%8A%90-%EC%A7%80%EC%97%AD%EC%97%90%EC%84%9C-%EB%85%B9%EC%9D%8C%ED%95%B4%EC%95%BC-%ED%95%A0%EA%B9%8C",studio-compare1,"레코딩 스튜디오",0,8,0.00,10.8
"https://studionol.co.kr/ko/stories/studio-compare1#%EC%84%9C%EC%9A%B8-%EC%96%B4%EB%8A%90-%EC%A7%80%EC%97%AD%EC%97%90%EC%84%9C-%EB%85%B9%EC%9D%8C%ED%95%B4%EC%95%BC-%ED%95%A0%EA%B9%8C",studio-compare1,"서울 레코딩 스튜디오",0,1,0.00,5.0
"https://studionol.co.kr/ko/stories/studio-compare1#%EC%8A%A4%ED%8A%9C%EB%94%94%EC%98%A4-%EB%86%80%EC%9D%B4-%EC%97%B0%EC%8B%A0%EB%82%B4%EC%97%90-%EC%9E%88%EB%8A%94-%EC%9D%B4%EC%9C%A0",studio-compare1,"노래 녹음 스튜디오",0,1,0.00,10.0
"https://studionol.co.kr/ko/stories/studio-compare1#%EC%8A%A4%ED%8A%9C%EB%94%94%EC%98%A4-%EB%86%80%EC%9D%B4-%EC%97%B0%EC%8B%A0%EB%82%B4%EC%97%90-%EC%9E%88%EB%8A%94-%EC%9D%B4%EC%9C%A0",studio-compare1,"녹음 스튜디오",0,10,0.00,5.5
"https://studionol.co.kr/ko/stories/studio-compare1#%EC%8A%A4%ED%8A%9C%EB%94%94%EC%98%A4-%EB%86%80%EC%9D%B4-%EC%97%B0%EC%8B%A0%EB%82%B4%EC%97%90-%EC%9E%88%EB%8A%94-%EC%9D%B4%EC%9C%A0",studio-compare1,"녹음스튜디오",0,1,0.00,5.0
"https://studionol.co.kr/ko/stories/studio-compare1#%EC%8A%A4%ED%8A%9C%EB%94%94%EC%98%A4-%EB%86%80%EC%9D%B4-%EC%97%B0%EC%8B%A0%EB%82%B4%EC%97%90-%EC%9E%88%EB%8A%94-%EC%9D%B4%EC%9C%A0",studio-compare1,"녹음실 스튜디오",0,1,0.00,9.0
"https://studionol.co.kr/ko/stories/studio-compare1#%EC%8A%A4%ED%8A%9C%EB%94%94%EC%98%A4-%EB%86%80%EC%9D%B4-%EC%97%B0%EC%8B%A0%EB%82%B4%EC%97%90-%EC%9E%88%EB%8A%94-%EC%9D%B4%EC%9C%A0",studio-compare1,"레코딩 스튜디오",0,8,0.00,10.8
"https://studionol.co.kr/ko/stories/studio-compare1#%EC%8A%A4%ED%8A%9C%EB%94%94%EC%98%A4-%EB%86%80%EC%9D%B4-%EC%97%B0%EC%8B%A0%EB%82%B4%EC%97%90-%EC%9E%88%EB%8A%94-%EC%9D%B4%EC%9C%A0",studio-compare1,"서울 레코딩 스튜디오",0,1,0.00,5.0
"https://studionol.co.kr/ko/stories/studio-etiquette1",studio-etiquette1,"site:studionol.co.kr",0,1,0.00,121.0
"https://studionol.co.kr/ko/stories/studio-etiquette1",studio-etiquette1,"녹음실",0,1,0.00,5.0
"https://studionol.co.kr/ko/stories/studio-monitor1",studio-monitor1,"site:studionol.co.kr",0,1,0.00,120.0
"https://studionol.co.kr/ko/stories/studio-monitor1",studio-monitor1,"니어필드",0,5,0.00,9.0
"https://studionol.co.kr/ko/stories/studio-monitor1",studio-monitor1,"모니터링 스피커",0,1,0.00,16.0
"https://studionol.co.kr/ko/stories/studioone1",studioone1,"daw",0,1,0.00,1.0
"https://studionol.co.kr/ko/stories/studioone1",studioone1,"daw studio one",0,2,0.00,6.5
"https://studionol.co.kr/ko/stories/studioone1",studioone1,"daw 사이트",0,5,0.00,1.0
"https://studionol.co.kr/ko/stories/studioone1",studioone1,"presonus one studio",0,1,0.00,4.0
"https://studionol.co.kr/ko/stories/studioone1",studioone1,"presonus studio one",0,1,0.00,5.0
"https://studionol.co.kr/ko/stories/studioone1",studioone1,"presonus studio one official daw",0,1,0.00,6.0
"https://studionol.co.kr/ko/stories/studioone1",studioone1,"site:studionol.co.kr",0,9,0.00,12.6
"https://studionol.co.kr/ko/stories/studioone1",studioone1,"studio 1 daw",0,2,0.00,2.0
"https://studionol.co.kr/ko/stories/studioone1",studioone1,"studio one",0,6,0.00,19.0
"https://studionol.co.kr/ko/stories/studioone1",studioone1,"studio one 4",0,1,0.00,1.0
"https://studionol.co.kr/ko/stories/studioone1",studioone1,"studio one 6 prime",0,1,0.00,1.0
"https://studionol.co.kr/ko/stories/studioone1",studioone1,"studio one daw",0,7,0.00,5.9
"https://studionol.co.kr/ko/stories/studioone1",studioone1,"studio one device block size",0,1,0.00,1.0
"https://studionol.co.kr/ko/stories/studioone1",studioone1,"studio one eq",0,1,0.00,6.0
"https://studionol.co.kr/ko/stories/studioone1",studioone1,"studio one recording",0,1,0.00,4.0
"https://studionol.co.kr/ko/stories/studioone1",studioone1,"studio pro",0,1,0.00,5.0
"https://studionol.co.kr/ko/stories/studioone1",studioone1,"노래 녹음 프로그램",0,1,0.00,3.0
"https://studionol.co.kr/ko/stories/studioone1",studioone1,"보컬",0,1,0.00,1.0
"https://studionol.co.kr/ko/stories/studioone1",studioone1,"사운드 디자인 프로그램",0,1,0.00,1.0
"https://studionol.co.kr/ko/stories/studioone1",studioone1,"스튜디오원 가격",0,1,0.00,30.0
"https://studionol.co.kr/ko/stories/sungak1",sungak1,"site:studionol.co.kr",0,1,0.00,41.0
"https://studionol.co.kr/ko/stories/sungak1",sungak1,"보컬클래식",0,6,0.00,6.8
"https://studionol.co.kr/ko/stories/suseong1",suseong1,"녹음실",0,7,0.00,8.7
"https://studionol.co.kr/ko/stories/synth-programming1",synth-programming1,"adsr",0,8,0.00,4.9
"https://studionol.co.kr/ko/stories/tiktok-music1",tiktok-music1,"site:studionol.co.kr",0,1,0.00,98.0
"https://studionol.co.kr/ko/stories/tongyeong1",tongyeong1,"서울 통영 ktx",0,1,0.00,21.0
"https://studionol.co.kr/ko/stories/track-order1",track-order1,"노래 순서",0,1,0.00,1.0
"https://studionol.co.kr/ko/stories/track-order1",track-order1,"앨범 트랙",0,36,0.00,7.6
"https://studionol.co.kr/ko/stories/track-order1",track-order1,"앨범 트랙리스트",0,2,0.00,1.0
"https://studionol.co.kr/ko/stories/transient1",transient1,"neutron transient shaper",0,2,0.00,6.5
"https://studionol.co.kr/ko/stories/transient1",transient1,"transient 뜻",0,4,0.00,1.3
"https://studionol.co.kr/ko/stories/transient1",transient1,"transit 뜻",0,20,0.00,1.0
"https://studionol.co.kr/ko/stories/transient1",transient1,"transit 의미",0,2,0.00,2.0
"https://studionol.co.kr/ko/stories/transient1",transient1,"trensient",0,1,0.00,3.0
"https://studionol.co.kr/ko/stories/transient1",transient1,"컴프레서 서스테인",0,2,0.00,16.5
"https://studionol.co.kr/ko/stories/transient1",transient1,"트랜지언트",0,237,0.00,7.6
"https://studionol.co.kr/ko/stories/transient1",transient1,"트랜지언트 뜻",0,6,0.00,12.8
"https://studionol.co.kr/ko/stories/transient1",transient1,"트렌지언트",0,28,0.00,2.3
"https://studionol.co.kr/ko/stories/transpose1",transpose1,"key change",0,3,0.00,5.7
"https://studionol.co.kr/ko/stories/transpose1",transpose1,"mr 키 낮추기",0,1,0.00,30.0
"https://studionol.co.kr/ko/stories/transpose1",transpose1,"mr 키 조절",0,2,0.00,17.0
"https://studionol.co.kr/ko/stories/transpose1",transpose1,"네",0,1,0.00,2.0
"https://studionol.co.kr/ko/stories/transpose1",transpose1,"노래 잘 부르는 방법",0,2,0.00,1.0
"https://studionol.co.kr/ko/stories/transpose1",transpose1,"노래 잘부르는법",0,1,0.00,1.0
"https://studionol.co.kr/ko/stories/transpose1",transpose1,"노래 잘하는 법",0,8,0.00,1.0
"https://studionol.co.kr/ko/stories/transpose1",transpose1,"노래 전조",0,6,0.00,9.0
"https://studionol.co.kr/ko/stories/transpose1",transpose1,"노래 키",0,9,0.00,26.0
"https://studionol.co.kr/ko/stories/transpose1",transpose1,"노래 키 낮추기",0,1,0.00,24.0
"https://studionol.co.kr/ko/stories/transpose1",transpose1,"노래 키 변경",0,2,0.00,15.0
"https://studionol.co.kr/ko/stories/transpose1",transpose1,"노래 키 변환",0,1,0.00,11.0
"https://studionol.co.kr/ko/stories/transpose1",transpose1,"노래 키 순서",0,14,0.00,7.4
"https://studionol.co.kr/ko/stories/transpose1",transpose1,"노래 키 조절",0,9,0.00,20.3
"https://studionol.co.kr/ko/stories/transpose1",transpose1,"노래 키 조절 사이트",0,2,0.00,25.0
"https://studionol.co.kr/ko/stories/transpose1",transpose1,"노래 키 찾기",0,1,0.00,10.0
"https://studionol.co.kr/ko/stories/transpose1",transpose1,"노래 키 찾는 법",0,1,0.00,7.0
"https://studionol.co.kr/ko/stories/transpose1",transpose1,"노래방 음정 맞추기",0,2,0.00,1.5
"https://studionol.co.kr/ko/stories/transpose1",transpose1,"노래방 키 낮추기",0,1,0.00,20.0
"https://studionol.co.kr/ko/stories/transpose1",transpose1,"노래방 키 낮추는 법",0,6,0.00,9.5
"https://studionol.co.kr/ko/stories/transpose1",transpose1,"노래방 키 순서",0,12,0.00,8.4
"https://studionol.co.kr/ko/stories/transpose1",transpose1,"노래방 키 조절",0,44,0.00,5.3
"https://studionol.co.kr/ko/stories/transpose1",transpose1,"노래방 키 찾는 법",0,21,0.00,7.2
"https://studionol.co.kr/ko/stories/transpose1",transpose1,"노래키",0,1,0.00,5.0
"https://studionol.co.kr/ko/stories/transpose1",transpose1,"로직 키 변경",0,1,0.00,27.0
"https://studionol.co.kr/ko/stories/transpose1",transpose1,"반키 한키",0,1,0.00,26.0
"https://studionol.co.kr/ko/stories/transpose1",transpose1,"유튜브 노래방 키 조절",0,1,0.00,27.0
"https://studionol.co.kr/ko/stories/transpose1",transpose1,"유튜브 노래방 키조절",0,2,0.00,26.5
"https://studionol.co.kr/ko/stories/transpose1",transpose1,"음악 키 순서",0,4,0.00,1.0
"https://studionol.co.kr/ko/stories/transpose1",transpose1,"음원 키 조절",0,2,0.00,29.0
"https://studionol.co.kr/ko/stories/transpose1",transpose1,"음원 피치 조절",0,1,0.00,57.0
"https://studionol.co.kr/ko/stories/transpose1",transpose1,"음정 조절",0,1,0.00,36.0
"https://studionol.co.kr/ko/stories/transpose1",transpose1,"이밤이지나면 노래방",0,1,0.00,10.0
"https://studionol.co.kr/ko/stories/transpose1",transpose1,"키 내리기",0,16,0.00,8.1
"https://studionol.co.kr/ko/stories/transpose1",transpose1,"키 맞추기",0,22,0.00,7.1
"https://studionol.co.kr/ko/stories/transpose1",transpose1,"키 변경",0,3,0.00,44.0
"https://studionol.co.kr/ko/stories/transpose1",transpose1,"키 변환",0,3,0.00,33.3
"https://studionol.co.kr/ko/stories/transpose1",transpose1,"키 올리기",0,16,0.00,8.6
"https://studionol.co.kr/ko/stories/transpose1",transpose1,"키 조절",0,3,0.00,23.3
"https://studionol.co.kr/ko/stories/transpose1",transpose1,"키 조정",0,17,0.00,7.0
"https://studionol.co.kr/ko/stories/transpose1",transpose1,"키 찾는법",0,1,0.00,5.0
"https://studionol.co.kr/ko/stories/transpose1",transpose1,"키맞추기",0,20,0.00,8.0
"https://studionol.co.kr/ko/stories/transpose1",transpose1,"한키 반키",0,1,0.00,30.0
"https://studionol.co.kr/ko/stories/transpose1#%EB%B3%B8%EC%9D%B8-%ED%82%A4-%EC%B0%BE%EB%8A%94-%EB%B0%A9%EB%B2%95",transpose1,"노래방 키 기준",0,2,0.00,5.5
"https://studionol.co.kr/ko/stories/transpose1#%EB%B3%B8%EC%9D%B8-%ED%82%A4-%EC%B0%BE%EB%8A%94-%EB%B0%A9%EB%B2%95",transpose1,"노래방 키 낮추는 법",0,3,0.00,9.3
"https://studionol.co.kr/ko/stories/transpose1#%EC%A0%84%EC%A1%B0-%EC%9B%90%EB%A6%AC-%EC%9D%B4%ED%95%B4",transpose1,"노래방 키 기준",0,2,0.00,5.5
"https://studionol.co.kr/ko/stories/transpose1#%EC%A0%84%EC%A1%B0-%EC%9B%90%EB%A6%AC-%EC%9D%B4%ED%95%B4",transpose1,"노래방 키 낮추는 법",0,3,0.00,9.3
"https://studionol.co.kr/ko/stories/transpose1#%ED%82%A4-%EC%84%A0%ED%83%9D%EC%9D%B4-%EB%B3%B4%EC%BB%AC-%ED%8D%BC%ED%8F%AC%EB%A8%BC%EC%8A%A4%EB%A5%BC-%EA%B2%B0%EC%A0%95%ED%95%A9%EB%8B%88%EB%8B%A4",transpose1,"노래방 키 기준",0,2,0.00,5.5
"https://studionol.co.kr/ko/stories/transpose1#%ED%82%A4-%EC%84%A0%ED%83%9D%EC%9D%B4-%EB%B3%B4%EC%BB%AC-%ED%8D%BC%ED%8F%AC%EB%A8%BC%EC%8A%A4%EB%A5%BC-%EA%B2%B0%EC%A0%95%ED%95%A9%EB%8B%88%EB%8B%A4",transpose1,"노래방 키 낮추는 법",0,3,0.00,9.3
"https://studionol.co.kr/ko/stories/trap-production1",trap-production1,"808 베이스 뜻",0,3,0.00,10.7
"https://studionol.co.kr/ko/stories/trap-production1",trap-production1,"808베이스 뜻",0,2,0.00,7.5
"https://studionol.co.kr/ko/stories/trap-production1",trap-production1,"808비트",0,1,0.00,1.0
"https://studionol.co.kr/ko/stories/trap-production1",trap-production1,"chillhop 뜻",0,1,0.00,23.0
"https://studionol.co.kr/ko/stories/trap-production1",trap-production1,"site:studionol.co.kr",0,1,0.00,125.0
"https://studionol.co.kr/ko/stories/trap-production1",trap-production1,"trap h",0,1,0.00,8.0
"https://studionol.co.kr/ko/stories/trap-production1",trap-production1,"랩 종류",0,1,0.00,3.0
"https://studionol.co.kr/ko/stories/trap-production1",trap-production1,"랩해 곡 정보",0,4,0.00,10.5
"https://studionol.co.kr/ko/stories/trap-production1",trap-production1,"킥트랩씬",0,1,0.00,21.0
"https://studionol.co.kr/ko/stories/trap-production1",trap-production1,"트랩",0,5,0.00,7.0
"https://studionol.co.kr/ko/stories/trap-production1",trap-production1,"트랩 뜻",0,4,0.00,11.3
"https://studionol.co.kr/ko/stories/trap-production1",trap-production1,"트랩 비트",0,11,0.00,9.5
"https://studionol.co.kr/ko/stories/trap-production1",trap-production1,"트랩 비트 뜻",0,14,0.00,6.4
"https://studionol.co.kr/ko/stories/trap-production1",trap-production1,"트랩 비트 특징",0,3,0.00,9.7
"https://studionol.co.kr/ko/stories/trap-production1",trap-production1,"트랩 음악",0,7,0.00,8.0
"https://studionol.co.kr/ko/stories/trap-production1",trap-production1,"트랩 음악 뜻",0,13,0.00,10.9
"https://studionol.co.kr/ko/stories/trap-production1",trap-production1,"트랩 장르",0,14,0.00,7.2
"https://studionol.co.kr/ko/stories/trap-production1",trap-production1,"트랩뜻",0,1,0.00,12.0
"https://studionol.co.kr/ko/stories/trap-production1",trap-production1,"트랩비트",0,20,0.00,7.6
"https://studionol.co.kr/ko/stories/trap-production1",trap-production1,"트랩씬",0,1,0.00,43.0
"https://studionol.co.kr/ko/stories/trap-production1",trap-production1,"힙합 트랩 뜻",0,1,0.00,15.0
"https://studionol.co.kr/ko/stories/trap-production1#%ED%8A%B8%EB%9E%A9-%EA%B8%B0%EB%B3%B8-%EB%93%9C%EB%9F%BC-%EA%B5%AC%EC%84%B1-130bpm",trap-production1,"trap 장르",0,1,0.00,11.0
"https://studionol.co.kr/ko/stories/trap-production1#%ED%8A%B8%EB%9E%A9-%EA%B8%B0%EB%B3%B8-%EB%93%9C%EB%9F%BC-%EA%B5%AC%EC%84%B1-130bpm",trap-production1,"트랩 장르",0,4,0.00,10.3
"https://studionol.co.kr/ko/stories/trap-production1#%ED%8A%B8%EB%9E%A9-%EB%A9%9C%EB%A1%9C%EB%94%94-%ED%8A%B9%EC%A7%95",trap-production1,"trap 장르",0,1,0.00,11.0
"https://studionol.co.kr/ko/stories/trap-production1#%ED%8A%B8%EB%9E%A9-%EB%A9%9C%EB%A1%9C%EB%94%94-%ED%8A%B9%EC%A7%95",trap-production1,"트랩 장르",0,4,0.00,10.3
"https://studionol.co.kr/ko/stories/trap-production1#%ED%8A%B8%EB%9E%A9-%ED%98%84%EB%8C%80-%ED%9E%99%ED%95%A9%EC%9D%98-%EC%A7%80%EB%B0%B0%EC%A0%81-%EB%AC%B8%EB%B2%95",trap-production1,"trap 장르",0,1,0.00,11.0
"https://studionol.co.kr/ko/stories/trap-production1#%ED%8A%B8%EB%9E%A9-%ED%98%84%EB%8C%80-%ED%9E%99%ED%95%A9%EC%9D%98-%EC%A7%80%EB%B0%B0%EC%A0%81-%EB%AC%B8%EB%B2%95",trap-production1,"트랩 장르",0,4,0.00,10.3
"https://studionol.co.kr/ko/stories/trap-production1#808-%EB%B2%A0%EC%9D%B4%EC%8A%A4-%ED%95%B5%EC%8B%AC-%EA%B8%B0%EC%88%A0",trap-production1,"trap 장르",0,1,0.00,11.0
"https://studionol.co.kr/ko/stories/trap-production1#808-%EB%B2%A0%EC%9D%B4%EC%8A%A4-%ED%95%B5%EC%8B%AC-%EA%B8%B0%EC%88%A0",trap-production1,"트랩 장르",0,1,0.00,9.0
"https://studionol.co.kr/ko/stories/trot-music1",trot-music1,"트로트 작곡 방법 or 트로트 코드 진행",0,1,0.00,18.0
"https://studionol.co.kr/ko/stories/trot1",trot1,"site:studionol.co.kr",0,7,0.00,5.0
"https://studionol.co.kr/ko/stories/trot1",trot1,"바이브레이션 하는법",0,1,0.00,1.0
"https://studionol.co.kr/ko/stories/twang1",twang1,"twang's",0,1,0.00,3.0
"https://studionol.co.kr/ko/stories/twang1",twang1,"트갱",0,2,0.00,10.0
"https://studionol.co.kr/ko/stories/twang1",twang1,"트왱",0,12,0.00,5.8
"https://studionol.co.kr/ko/stories/uijeongbu1",uijeongbu1,"녹음실",0,1,0.00,56.0
"https://studionol.co.kr/ko/stories/ulsan-namgu1",ulsan-namgu1,"녹음 스튜디오",0,1,0.00,6.0
"https://studionol.co.kr/ko/stories/viral-music-marketing1",viral-music-marketing1,"site:studionol.co.kr",0,2,0.00,200.5
"https://studionol.co.kr/ko/stories/viral-music-marketing1",viral-music-marketing1,"바이럴 노래",0,4,0.00,6.5
"https://studionol.co.kr/ko/stories/viral-music-marketing1",viral-music-marketing1,"바이럴 노래방",0,1,0.00,2.0
"https://studionol.co.kr/ko/stories/viral-music-marketing1",viral-music-marketing1,"유튜브로",0,1,0.00,2.0
"https://studionol.co.kr/ko/stories/viral-music-marketing1",viral-music-marketing1,"음악 마케팅",0,1,0.00,18.0
"https://studionol.co.kr/ko/stories/viral-music-marketing1",viral-music-marketing1,"인스타 바이럴 노래",0,1,0.00,9.0
"https://studionol.co.kr/ko/stories/viral-music-marketing1",viral-music-marketing1,"해외 sns바이럴 견적",0,1,0.00,15.0
"https://studionol.co.kr/ko/stories/vocal-agility1",vocal-agility1,"멜리스마 연습",0,1,0.00,10.0
"https://studionol.co.kr/ko/stories/vocal-breath1",vocal-breath1,"site:studionol.co.kr",0,1,0.00,77.0
"https://studionol.co.kr/ko/stories/vocal-chain1",vocal-chain1,"comp/eq",0,1,0.00,2.0
"https://studionol.co.kr/ko/stories/vocal-chain1",vocal-chain1,"site:studionol.co.kr",0,1,0.00,140.0
"https://studionol.co.kr/ko/stories/vocal-chain1",vocal-chain1,"vocal rider 사용법",0,1,0.00,10.0
"https://studionol.co.kr/ko/stories/vocal-chain1",vocal-chain1,"디모렉스",0,1,0.00,6.0
"https://studionol.co.kr/ko/stories/vocal-chain1",vocal-chain1,"딜레이 리버브 순서",0,2,0.00,16.5
"https://studionol.co.kr/ko/stories/vocal-chain1",vocal-chain1,"믹싱 순서",0,28,0.00,6.1
"https://studionol.co.kr/ko/stories/vocal-chain1",vocal-chain1,"보컬",0,1,0.00,1.0
"https://studionol.co.kr/ko/stories/vocal-chain1",vocal-chain1,"보컬 믹싱",0,4,0.00,3.8
"https://studionol.co.kr/ko/stories/vocal-chain1",vocal-chain1,"보컬 믹싱 플러그인",0,1,0.00,2.0
"https://studionol.co.kr/ko/stories/vocal-chain1",vocal-chain1,"보컬체인",0,15,0.00,3.5
"https://studionol.co.kr/ko/stories/vocal-chain1",vocal-chain1,"힙합",0,1,0.00,11.0
"https://studionol.co.kr/ko/stories/vocal-chain1#%EA%B8%B0%EB%B3%B8-%EB%B3%B4%EC%BB%AC-%EC%8B%A0%ED%98%B8-%EC%B2%B4%EC%9D%B8-%EC%88%9C%EC%84%9C",vocal-chain1,"보컬 믹싱 순서",0,28,0.00,4.6
"https://studionol.co.kr/ko/stories/vocal-chain1#%EA%B8%B0%EB%B3%B8-%EB%B3%B4%EC%BB%AC-%EC%8B%A0%ED%98%B8-%EC%B2%B4%EC%9D%B8-%EC%88%9C%EC%84%9C",vocal-chain1,"보컬체인",0,13,0.00,3.2
"https://studionol.co.kr/ko/stories/vocal-chain1#%EB%B3%B4%EC%BB%AC-%EC%8B%A0%ED%98%B8-%EC%B2%B4%EC%9D%B8-%EC%88%9C%EC%84%9C%EA%B0%80-%EC%86%8C%EB%A6%AC%EB%A5%BC-%EB%A7%8C%EB%93%A0%EB%8B%A4",vocal-chain1,"보컬 믹싱 순서",0,28,0.00,4.6
"https://studionol.co.kr/ko/stories/vocal-chain1#%EB%B3%B4%EC%BB%AC-%EC%8B%A0%ED%98%B8-%EC%B2%B4%EC%9D%B8-%EC%88%9C%EC%84%9C%EA%B0%80-%EC%86%8C%EB%A6%AC%EB%A5%BC-%EB%A7%8C%EB%93%A0%EB%8B%A4",vocal-chain1,"보컬체인",0,13,0.00,3.2
"https://studionol.co.kr/ko/stories/vocal-classification1",vocal-classification1,"e5 음역대",0,1,0.00,12.0
"https://studionol.co.kr/ko/stories/vocal-classification1",vocal-classification1,"남자 목소리 음역대",0,1,0.00,1.0
"https://studionol.co.kr/ko/stories/vocal-classification1",vocal-classification1,"남자 성악 종류",0,3,0.00,11.3
"https://studionol.co.kr/ko/stories/vocal-classification1",vocal-classification1,"메조 소프라노",0,1,0.00,2.0
"https://studionol.co.kr/ko/stories/vocal-classification1",vocal-classification1,"목소리 음역대",0,1,0.00,6.0
"https://studionol.co.kr/ko/stories/vocal-classification1",vocal-classification1,"목소리 톤 종류",0,7,0.00,7.1
"https://studionol.co.kr/ko/stories/vocal-classification1",vocal-classification1,"바리톤 음역",0,16,0.00,2.3
"https://studionol.co.kr/ko/stories/vocal-classification1",vocal-classification1,"바리톤 음역대",0,1,0.00,27.0
"https://studionol.co.kr/ko/stories/vocal-classification1",vocal-classification1,"바리톤 종류",0,12,0.00,9.5
"https://studionol.co.kr/ko/stories/vocal-classification1",vocal-classification1,"보컬 음역대",0,8,0.00,6.5
"https://studionol.co.kr/ko/stories/vocal-classification1",vocal-classification1,"보컬 종류",0,25,0.00,5.8
"https://studionol.co.kr/ko/stories/vocal-classification1",vocal-classification1,"성악 음역 종류",0,16,0.00,6.1
"https://studionol.co.kr/ko/stories/vocal-classification1",vocal-classification1,"성악 음역대",0,1,0.00,23.0
"https://studionol.co.kr/ko/stories/vocal-classification1",vocal-classification1,"성악 종류",0,1,0.00,9.0
"https://studionol.co.kr/ko/stories/vocal-classification1",vocal-classification1,"성악에서 알토는 남성의 음역대를 가르키는 말이다.",0,6,0.00,3.3
"https://studionol.co.kr/ko/stories/vocal-classification1",vocal-classification1,"소프라노",0,2,0.00,4.0
"https://studionol.co.kr/ko/stories/vocal-classification1",vocal-classification1,"소프라노 메조소프라노 알토",0,8,0.00,9.0
"https://studionol.co.kr/ko/stories/vocal-classification1",vocal-classification1,"소프라노 알토 차이",0,1,0.00,8.0
"https://studionol.co.kr/ko/stories/vocal-classification1",vocal-classification1,"소프라노 알토 테너",0,1,0.00,8.0
"https://studionol.co.kr/ko/stories/vocal-classification1",vocal-classification1,"소프라노 알토 테너 바리톤 베이스",0,13,0.00,9.5
"https://studionol.co.kr/ko/stories/vocal-classification1",vocal-classification1,"소프라노 알토 테너 베이스 차이",0,7,0.00,9.1
"https://studionol.co.kr/ko/stories/vocal-classification1",vocal-classification1,"소프라노 음역대",0,1,0.00,12.0
"https://studionol.co.kr/ko/stories/vocal-classification1",vocal-classification1,"소프라노 종류",0,6,0.00,9.0
"https://studionol.co.kr/ko/stories/vocal-classification1",vocal-classification1,"소프라노 테너 알토 베이스",0,1,0.00,8.0
"https://studionol.co.kr/ko/stories/vocal-classification1",vocal-classification1,"소프라노의 종류",0,10,0.00,11.4
"https://studionol.co.kr/ko/stories/vocal-classification1",vocal-classification1,"알토 소프라노 차이",0,2,0.00,10.0
"https://studionol.co.kr/ko/stories/vocal-classification1",vocal-classification1,"알토 음역대",0,24,0.00,6.2
"https://studionol.co.kr/ko/stories/vocal-classification1",vocal-classification1,"알토 테너 차이",0,1,0.00,11.0
"https://studionol.co.kr/ko/stories/vocal-classification1",vocal-classification1,"여성의 음역에서 가장 높은 음역",0,40,0.00,10.2
"https://studionol.co.kr/ko/stories/vocal-classification1",vocal-classification1,"음색 종류",0,22,0.00,7.1
"https://studionol.co.kr/ko/stories/vocal-classification1",vocal-classification1,"음역",0,32,0.00,8.0
"https://studionol.co.kr/ko/stories/vocal-classification1",vocal-classification1,"음역대",0,6,0.00,22.5
"https://studionol.co.kr/ko/stories/vocal-classification1",vocal-classification1,"음역대 뜻",0,1,0.00,25.0
"https://studionol.co.kr/ko/stories/vocal-classification1",vocal-classification1,"음역대 종류",0,4,0.00,6.8
"https://studionol.co.kr/ko/stories/vocal-classification1",vocal-classification1,"테너 바리톤 베이스",0,5,0.00,9.4
"https://studionol.co.kr/ko/stories/vocal-classification1",vocal-classification1,"테너 바리톤 베이스 구분",0,31,0.00,11.3
"https://studionol.co.kr/ko/stories/vocal-compression1",vocal-compression1,"comp",0,1,0.00,1.0
"https://studionol.co.kr/ko/stories/vocal-compression1",vocal-compression1,"보컬",0,1,0.00,2.0
"https://studionol.co.kr/ko/stories/vocal-compression1",vocal-compression1,"보컬 컴프레서 추천",0,1,0.00,1.0
"https://studionol.co.kr/ko/stories/vocal-compression1",vocal-compression1,"오디오 컴프레서 기능",0,2,0.00,1.0
"https://studionol.co.kr/ko/stories/vocal-compression1",vocal-compression1,"컴프레서 ratio",0,36,0.00,7.3
"https://studionol.co.kr/ko/stories/vocal-compression1",vocal-compression1,"컴프레서 릴리즈",0,6,0.00,7.5
"https://studionol.co.kr/ko/stories/vocal-compression1",vocal-compression1,"컴프레서 스레숄드",0,2,0.00,10.0
"https://studionol.co.kr/ko/stories/vocal-compression1",vocal-compression1,"컴프레서 어택",0,18,0.00,12.2
"https://studionol.co.kr/ko/stories/vocal-compression1",vocal-compression1,"컴프레서 어택 릴리즈",0,28,0.00,7.7
"https://studionol.co.kr/ko/stories/vocal-compression1",vocal-compression1,"컴프레셔",0,1,0.00,2.0
"https://studionol.co.kr/ko/stories/vocal-compression1#%EB%A1%9D%EA%B0%95%ED%95%9C-%EB%B3%B4%EC%BB%AC",vocal-compression1,"보컬 컴프레서",0,18,0.00,2.9
"https://studionol.co.kr/ko/stories/vocal-compression1#%EB%A1%9D%EA%B0%95%ED%95%9C-%EB%B3%B4%EC%BB%AC",vocal-compression1,"보컬 컴프레서 세팅",0,6,0.00,2.5
"https://studionol.co.kr/ko/stories/vocal-compression1#%EB%B3%B4%EC%BB%AC-%EC%BB%B4%ED%94%84%EB%A0%88%EC%84%9C-%EB%8B%A4%EC%9D%B4%EB%82%98%EB%AF%B9%EC%9D%84-%ED%86%B5%EC%A0%9C%ED%95%98%EB%8A%94-%ED%95%B5%EC%8B%AC-%EB%8F%84%EA%B5%AC",vocal-compression1,"보컬 컴프레서",0,18,0.00,2.9
"https://studionol.co.kr/ko/stories/vocal-compression1#%EB%B3%B4%EC%BB%AC-%EC%BB%B4%ED%94%84%EB%A0%88%EC%84%9C-%EB%8B%A4%EC%9D%B4%EB%82%98%EB%AF%B9%EC%9D%84-%ED%86%B5%EC%A0%9C%ED%95%98%EB%8A%94-%ED%95%B5%EC%8B%AC-%EB%8F%84%EA%B5%AC",vocal-compression1,"보컬 컴프레서 세팅",0,6,0.00,2.5
"https://studionol.co.kr/ko/stories/vocal-compression1#5%EA%B0%80%EC%A7%80-%EA%B8%B0%EB%B3%B8-%ED%8C%8C%EB%9D%BC%EB%AF%B8%ED%84%B0",vocal-compression1,"보컬 컴프레서",0,18,0.00,2.9
"https://studionol.co.kr/ko/stories/vocal-compression1#5%EA%B0%80%EC%A7%80-%EA%B8%B0%EB%B3%B8-%ED%8C%8C%EB%9D%BC%EB%AF%B8%ED%84%B0",vocal-compression1,"보컬 컴프레서 세팅",0,6,0.00,2.5
"https://studionol.co.kr/ko/stories/vocal-delay1",vocal-delay1,"""보컬 두께감""",0,49,0.00,3.1
"https://studionol.co.kr/ko/stories/vocal-delay1",vocal-delay1,"슬랩백",0,1,0.00,1.0
"https://studionol.co.kr/ko/stories/vocal-delay1",vocal-delay1,"슬랩백 딜레이",0,1,0.00,10.0
"https://studionol.co.kr/ko/stories/vocal-directing1",vocal-directing1,"directing 뜻",0,3,0.00,2.0
"https://studionol.co.kr/ko/stories/vocal-directing1",vocal-directing1,"site:nan2026.nhn.com ""디렉팅 명세서""",0,1,0.00,2.0
"https://studionol.co.kr/ko/stories/vocal-directing1",vocal-directing1,"site:studionol.co.kr",0,1,0.00,115.0
"https://studionol.co.kr/ko/stories/vocal-directing1",vocal-directing1,"가이드 녹음",0,3,0.00,2.7
"https://studionol.co.kr/ko/stories/vocal-directing1",vocal-directing1,"가이드 보컬",0,6,0.00,19.7
"https://studionol.co.kr/ko/stories/vocal-directing1",vocal-directing1,"가이드보컬",0,2,0.00,28.5
"https://studionol.co.kr/ko/stories/vocal-directing1",vocal-directing1,"디렉 뜻",0,3,0.00,20.0
"https://studionol.co.kr/ko/stories/vocal-directing1",vocal-directing1,"디렉팅 뜻",0,91,0.00,8.8
"https://studionol.co.kr/ko/stories/vocal-directing1",vocal-directing1,"보컬디렉팅",0,4,0.00,3.3
"https://studionol.co.kr/ko/stories/vocal-directing1#%EB%B3%B4%EC%BB%AC-%EB%94%94%EB%A0%89%ED%8C%85-%EA%B8%B0%EC%88%A0%EB%B3%B4%EB%8B%A4-%EB%A8%BC%EC%A0%80-%EA%B0%90%EC%A0%95%EC%9D%84-%EC%9D%B4%EB%81%8C%EC%96%B4%EB%9D%BC",vocal-directing1,"디렉팅",0,15,0.00,10.9
"https://studionol.co.kr/ko/stories/vocal-directing1#%EB%B3%B4%EC%BB%AC-%EB%94%94%EB%A0%89%ED%8C%85-%EA%B8%B0%EC%88%A0%EB%B3%B4%EB%8B%A4-%EB%A8%BC%EC%A0%80-%EA%B0%90%EC%A0%95%EC%9D%84-%EC%9D%B4%EB%81%8C%EC%96%B4%EB%9D%BC",vocal-directing1,"보컬 디렉터",0,8,0.00,3.1
"https://studionol.co.kr/ko/stories/vocal-directing1#%EB%B3%B4%EC%BB%AC-%EB%94%94%EB%A0%89%ED%8C%85-%EA%B8%B0%EC%88%A0%EB%B3%B4%EB%8B%A4-%EB%A8%BC%EC%A0%80-%EA%B0%90%EC%A0%95%EC%9D%84-%EC%9D%B4%EB%81%8C%EC%96%B4%EB%9D%BC",vocal-directing1,"보컬 디렉팅",0,7,0.00,3.0
"https://studionol.co.kr/ko/stories/vocal-directing1#%EC%84%B8%EC%85%98-%EC%A7%84%ED%96%89-%EC%88%9C%EC%84%9C",vocal-directing1,"디렉팅",0,15,0.00,10.9
"https://studionol.co.kr/ko/stories/vocal-directing1#%EC%84%B8%EC%85%98-%EC%A7%84%ED%96%89-%EC%88%9C%EC%84%9C",vocal-directing1,"보컬 디렉터",0,8,0.00,3.1
"https://studionol.co.kr/ko/stories/vocal-directing1#%EC%84%B8%EC%85%98-%EC%A7%84%ED%96%89-%EC%88%9C%EC%84%9C",vocal-directing1,"보컬 디렉팅",0,7,0.00,3.0
"https://studionol.co.kr/ko/stories/vocal-doubling1",vocal-doubling1,"doubling",0,1,0.00,4.0
"https://studionol.co.kr/ko/stories/vocal-doubling1",vocal-doubling1,"노래 더블링",0,23,0.00,8.0
"https://studionol.co.kr/ko/stories/vocal-doubling1",vocal-doubling1,"더블링",0,1317,0.00,6.8
"https://studionol.co.kr/ko/stories/vocal-doubling1",vocal-doubling1,"더블링 뜻",0,71,0.00,2.9
"https://studionol.co.kr/ko/stories/vocal-doubling1",vocal-doubling1,"더블링 코러스 차이",0,4,0.00,6.5
"https://studionol.co.kr/ko/stories/vocal-doubling1",vocal-doubling1,"더블링 후기",0,3,0.00,1.0
"https://studionol.co.kr/ko/stories/vocal-doubling1",vocal-doubling1,"더블바인딩",0,1,0.00,44.0
"https://studionol.co.kr/ko/stories/vocal-doubling1",vocal-doubling1,"랩 더블링",0,3,0.00,7.0
"https://studionol.co.kr/ko/stories/vocal-doubling1",vocal-doubling1,"엑셀 더블링",0,1,0.00,5.0
"https://studionol.co.kr/ko/stories/vocal-editing1",vocal-editing1,"녹음의 수정",0,1,0.00,16.0
"https://studionol.co.kr/ko/stories/vocal-editing1",vocal-editing1,"보컬 녹음 프로그램",0,1,0.00,1.0
"https://studionol.co.kr/ko/stories/vocal-editing1",vocal-editing1,"에디팅",0,1,0.00,32.0
"https://studionol.co.kr/ko/stories/vocal-emotion1",vocal-emotion1,"site:studionol.co.kr",0,2,0.00,103.0
"https://studionol.co.kr/ko/stories/vocal-emotion1",vocal-emotion1,"노래 감정",0,12,0.00,4.7
"https://studionol.co.kr/ko/stories/vocal-emotion1",vocal-emotion1,"노래에 감정 넣는법",0,14,0.00,6.9
"https://studionol.co.kr/ko/stories/vocal-emotion1",vocal-emotion1,"보컬",0,1,0.00,3.0
"https://studionol.co.kr/ko/stories/vocal-emotion1",vocal-emotion1,"보컬 프라이",0,1,0.00,2.0
"https://studionol.co.kr/ko/stories/vocal-eq1",vocal-eq1,"남자 보컬 eq",0,2,0.00,27.0
"https://studionol.co.kr/ko/stories/vocal-eq1",vocal-eq1,"보컬 eq",0,4,0.00,34.5
"https://studionol.co.kr/ko/stories/vocal-eq1",vocal-eq1,"보컬 eq 세팅",0,1,0.00,10.0
"https://studionol.co.kr/ko/stories/vocal-eq1",vocal-eq1,"악기별 주파수 대역",0,1,0.00,20.0
"https://studionol.co.kr/ko/stories/vocal-eq1",vocal-eq1,"여자 보컬 eq",0,1,0.00,18.0
"https://studionol.co.kr/ko/stories/vocal-eq1",vocal-eq1,"치찰음 eq",0,1,0.00,21.0
"https://studionol.co.kr/ko/stories/vocal-falsetto1",vocal-falsetto1,"falsetto 뜻",0,1,0.00,1.0
"https://studionol.co.kr/ko/stories/vocal-falsetto1",vocal-falsetto1,"site:studionol.co.kr",0,1,0.00,85.0
"https://studionol.co.kr/ko/stories/vocal-falsetto1",vocal-falsetto1,"가성",0,2,0.00,28.5
"https://studionol.co.kr/ko/stories/vocal-falsetto1",vocal-falsetto1,"가성 음역대 높이기",0,1,0.00,21.0
"https://studionol.co.kr/ko/stories/vocal-falsetto1",vocal-falsetto1,"팔세토",0,4,0.00,26.8
"https://studionol.co.kr/ko/stories/vocal-falsetto1",vocal-falsetto1,"팔세토 뜻",0,7,0.00,11.9
"https://studionol.co.kr/ko/stories/vocal-falsetto1",vocal-falsetto1,"팔세토 창법",0,1,0.00,39.0
"https://studionol.co.kr/ko/stories/vocal-fatigue1",vocal-fatigue1,"site:studionol.co.kr",0,1,0.00,73.0
"https://studionol.co.kr/ko/stories/vocal-fatigue1",vocal-fatigue1,"보컬 목 관리",0,1,0.00,41.0
"https://studionol.co.kr/ko/stories/vocal-fatigue1",vocal-fatigue1,"성대 회복 시간",0,1,0.00,11.0
"https://studionol.co.kr/ko/stories/vocal-fatigue1",vocal-fatigue1,"성대근육",0,1,0.00,1.0
"https://studionol.co.kr/ko/stories/vocal-health1",vocal-health1,"보컬 목 관리",0,2,0.00,19.0
"https://studionol.co.kr/ko/stories/vocal-health1",vocal-health1,"성대 관리",0,7,0.00,5.0
"https://studionol.co.kr/ko/stories/vocal-health1",vocal-health1,"성대 회복",0,1,0.00,11.0
"https://studionol.co.kr/ko/stories/vocal-lesson1",vocal-lesson1,"가이드 보컬",0,3,0.00,31.3
"https://studionol.co.kr/ko/stories/vocal-lesson1",vocal-lesson1,"노래 독학",0,1,0.00,21.0
"https://studionol.co.kr/ko/stories/vocal-lesson1",vocal-lesson1,"보컬 독학",0,7,0.00,9.3
"https://studionol.co.kr/ko/stories/vocal-lesson1",vocal-lesson1,"보컬 레슨",0,3,0.00,7.3
"https://studionol.co.kr/ko/stories/vocal-lesson1",vocal-lesson1,"보컬 연습",0,1,0.00,35.0
"https://studionol.co.kr/ko/stories/vocal-lesson1",vocal-lesson1,"보컬 트레이너",0,1,0.00,43.0
"https://studionol.co.kr/ko/stories/vocal-lesson1",vocal-lesson1,"보컬 트레이닝 기본 방법",0,6,0.00,5.2
"https://studionol.co.kr/ko/stories/vocal-lesson1",vocal-lesson1,"보컬레슨",0,2,0.00,13.0
"https://studionol.co.kr/ko/stories/vocal-lesson1",vocal-lesson1,"보컬트레이닝",0,9,0.00,9.2
"https://studionol.co.kr/ko/stories/vocal-lesson1",vocal-lesson1,"보컬트레이닝 독학",0,3,0.00,5.7
"https://studionol.co.kr/ko/stories/vocal-lesson1",vocal-lesson1,"월코치",0,1,0.00,2.0
"https://studionol.co.kr/ko/stories/vocal-microphone1",vocal-microphone1,"usb 콘덴서 마이크 추천",0,5,0.00,9.2
"https://studionol.co.kr/ko/stories/vocal-microphone1",vocal-microphone1,"vlog 녹음 마이크",0,24,0.00,25.6
"https://studionol.co.kr/ko/stories/vocal-microphone1",vocal-microphone1,"보컬 녹음 스튜디오 마이크",0,1,0.00,6.0
"https://studionol.co.kr/ko/stories/vocal-microphone1",vocal-microphone1,"성우 녹음실 마이크",0,1,0.00,11.0
"https://studionol.co.kr/ko/stories/vocal-microphone1",vocal-microphone1,"가수 마이크 가격",0,1,0.00,4.0
"https://studionol.co.kr/ko/stories/vocal-microphone1",vocal-microphone1,"고감도 마이크",0,1,0.00,9.0
"https://studionol.co.kr/ko/stories/vocal-microphone1",vocal-microphone1,"기준 마이크",0,87,0.00,7.4
"https://studionol.co.kr/ko/stories/vocal-microphone1",vocal-microphone1,"노래 녹음 마이크",0,11,0.00,9.1
"https://studionol.co.kr/ko/stories/vocal-microphone1",vocal-microphone1,"노래 녹음용 마이크",0,5,0.00,7.6
"https://studionol.co.kr/ko/stories/vocal-microphone1",vocal-microphone1,"노래녹음",0,1,0.00,1.0
"https://studionol.co.kr/ko/stories/vocal-microphone1",vocal-microphone1,"노래용 마이크",0,5,0.00,9.2
"https://studionol.co.kr/ko/stories/vocal-microphone1",vocal-microphone1,"노래용 마이크 추천",0,7,0.00,8.1
"https://studionol.co.kr/ko/stories/vocal-microphone1",vocal-microphone1,"녹음 마이크",0,8,0.00,13.5
"https://studionol.co.kr/ko/stories/vocal-microphone1",vocal-microphone1,"녹음마이크",0,3,0.00,12.7
"https://studionol.co.kr/ko/stories/vocal-microphone1",vocal-microphone1,"녹음실 마이크",0,6,0.00,9.3
"https://studionol.co.kr/ko/stories/vocal-microphone1",vocal-microphone1,"녹음용 마이크",0,35,0.00,6.8
"https://studionol.co.kr/ko/stories/vocal-microphone1",vocal-microphone1,"녹음용마이크",0,1,0.00,14.0
"https://studionol.co.kr/ko/stories/vocal-microphone1",vocal-microphone1,"다이나믹 마이크",0,4,0.00,28.0
"https://studionol.co.kr/ko/stories/vocal-microphone1",vocal-microphone1,"다이나믹 마이크 콘덴서 마이크",0,2,0.00,39.5
"https://studionol.co.kr/ko/stories/vocal-microphone1",vocal-microphone1,"다이나믹마이크 추천",0,18,0.00,5.7
"https://studionol.co.kr/ko/stories/vocal-microphone1",vocal-microphone1,"마이크",0,4,0.00,1.3
"https://studionol.co.kr/ko/stories/vocal-microphone1",vocal-microphone1,"마이크 녹음",0,1,0.00,45.0
"https://studionol.co.kr/ko/stories/vocal-microphone1",vocal-microphone1,"마이크 스튜디오",0,14,0.00,18.4
"https://studionol.co.kr/ko/stories/vocal-microphone1",vocal-microphone1,"마이크 추천",0,19,0.00,7.1
"https://studionol.co.kr/ko/stories/vocal-microphone1",vocal-microphone1,"마이크 추천 디시",0,1,0.00,5.0
"https://studionol.co.kr/ko/stories/vocal-microphone1",vocal-microphone1,"마이크선택",0,1,0.00,7.0
"https://studionol.co.kr/ko/stories/vocal-microphone1",vocal-microphone1,"마이크추천",0,2,0.00,9.0
"https://studionol.co.kr/ko/stories/vocal-microphone1",vocal-microphone1,"방송용 마이크",0,1,0.00,1.0
"https://studionol.co.kr/ko/stories/vocal-microphone1",vocal-microphone1,"방송용 마이크 추천",0,12,0.00,1.0
"https://studionol.co.kr/ko/stories/vocal-microphone1",vocal-microphone1,"방송용 콘덴서 마이크 추천",0,1,0.00,10.0
"https://studionol.co.kr/ko/stories/vocal-microphone1",vocal-microphone1,"보컬 녹음 마이크",0,6,0.00,4.5
"https://studionol.co.kr/ko/stories/vocal-microphone1",vocal-microphone1,"보컬 녹음용 마이크",0,16,0.00,5.9
"https://studionol.co.kr/ko/stories/vocal-microphone1",vocal-microphone1,"보컬 녹음용 마이크 추천 디시",0,39,0.00,7.2
"https://studionol.co.kr/ko/stories/vocal-microphone1",vocal-microphone1,"보컬 마이크",0,9,0.00,11.0
"https://studionol.co.kr/ko/stories/vocal-microphone1",vocal-microphone1,"보컬 마이크 추천 디시",0,1,0.00,60.0
"https://studionol.co.kr/ko/stories/vocal-microphone1",vocal-microphone1,"보컬용 마이크",0,2,0.00,17.0
"https://studionol.co.kr/ko/stories/vocal-microphone1",vocal-microphone1,"보컬용 마이크 추천",0,24,0.00,3.8
"https://studionol.co.kr/ko/stories/vocal-microphone1",vocal-microphone1,"성우 마이크",0,2,0.00,10.0
"https://studionol.co.kr/ko/stories/vocal-microphone1",vocal-microphone1,"아이돌 마이크 종류",0,1,0.00,49.0
"https://studionol.co.kr/ko/stories/vocal-microphone1",vocal-microphone1,"아이돌마이크 종류",0,3,0.00,46.3
"https://studionol.co.kr/ko/stories/vocal-microphone1",vocal-microphone1,"악기 연주",0,1,0.00,7.0
"https://studionol.co.kr/ko/stories/vocal-microphone1",vocal-microphone1,"엑토 mic-28 후기",0,1,0.00,10.0
"https://studionol.co.kr/ko/stories/vocal-microphone1",vocal-microphone1,"유튜버 마이크 추천",0,1,0.00,1.0
"https://studionol.co.kr/ko/stories/vocal-microphone1",vocal-microphone1,"음질 좋은 마이크",0,2,0.00,11.0
"https://studionol.co.kr/ko/stories/vocal-microphone1",vocal-microphone1,"인기 제품",0,1,0.00,3.0
"https://studionol.co.kr/ko/stories/vocal-microphone1",vocal-microphone1,"좋은 마이크",0,5,0.00,4.6
"https://studionol.co.kr/ko/stories/vocal-microphone1",vocal-microphone1,"콘덴서",0,1,0.00,4.0
"https://studionol.co.kr/ko/stories/vocal-microphone1",vocal-microphone1,"콘덴서 다이나믹 차이",0,17,0.00,11.5
"https://studionol.co.kr/ko/stories/vocal-microphone1",vocal-microphone1,"콘덴서 마이크",0,13,0.00,32.1
"https://studionol.co.kr/ko/stories/vocal-microphone1",vocal-microphone1,"콘덴서 마이크 가격",0,1,0.00,24.0
"https://studionol.co.kr/ko/stories/vocal-microphone1",vocal-microphone1,"콘덴서마이크",0,2,0.00,46.5
"https://studionol.co.kr/ko/stories/vocal-microphone1",vocal-microphone1,"콘덴서마이크 추천",0,11,0.00,5.2
"https://studionol.co.kr/ko/stories/vocal-microphone1#%EB%A7%88%EC%9D%B4%ED%81%AC-%EC%84%A0%ED%83%9D-%EB%B3%B4%EC%BB%AC-%EC%82%AC%EC%9A%B4%EB%93%9C%EC%9D%98-70%EB%A5%BC-%EA%B2%B0%EC%A0%95%ED%95%9C%EB%8B%A4",vocal-microphone1,"노래 녹음 마이크",0,7,0.00,9.4
"https://studionol.co.kr/ko/stories/vocal-microphone1#%EB%A7%88%EC%9D%B4%ED%81%AC-%EC%84%A0%ED%83%9D-%EB%B3%B4%EC%BB%AC-%EC%82%AC%EC%9A%B4%EB%93%9C%EC%9D%98-70%EB%A5%BC-%EA%B2%B0%EC%A0%95%ED%95%9C%EB%8B%A4",vocal-microphone1,"노래 마이크 추천",0,3,0.00,9.3
"https://studionol.co.kr/ko/stories/vocal-microphone1#%EB%A7%88%EC%9D%B4%ED%81%AC-%EC%84%A0%ED%83%9D-%EB%B3%B4%EC%BB%AC-%EC%82%AC%EC%9A%B4%EB%93%9C%EC%9D%98-70%EB%A5%BC-%EA%B2%B0%EC%A0%95%ED%95%9C%EB%8B%A4",vocal-microphone1,"녹음 마이크 추천",0,11,0.00,8.7
"https://studionol.co.kr/ko/stories/vocal-microphone1#%EB%A7%88%EC%9D%B4%ED%81%AC-%EC%84%A0%ED%83%9D-%EB%B3%B4%EC%BB%AC-%EC%82%AC%EC%9A%B4%EB%93%9C%EC%9D%98-70%EB%A5%BC-%EA%B2%B0%EC%A0%95%ED%95%9C%EB%8B%A4",vocal-microphone1,"녹음용 마이크",0,2,0.00,10.0
"https://studionol.co.kr/ko/stories/vocal-microphone1#%EB%A7%88%EC%9D%B4%ED%81%AC-%EC%84%A0%ED%83%9D-%EB%B3%B4%EC%BB%AC-%EC%82%AC%EC%9A%B4%EB%93%9C%EC%9D%98-70%EB%A5%BC-%EA%B2%B0%EC%A0%95%ED%95%9C%EB%8B%A4",vocal-microphone1,"녹음용 마이크 추천",0,73,0.00,8.5
"https://studionol.co.kr/ko/stories/vocal-microphone1#%EB%A7%88%EC%9D%B4%ED%81%AC-%EC%84%A0%ED%83%9D-%EB%B3%B4%EC%BB%AC-%EC%82%AC%EC%9A%B4%EB%93%9C%EC%9D%98-70%EB%A5%BC-%EA%B2%B0%EC%A0%95%ED%95%9C%EB%8B%A4",vocal-microphone1,"녹음용 콘덴서 마이크 추천",0,9,0.00,7.8
"https://studionol.co.kr/ko/stories/vocal-microphone1#%EB%A7%88%EC%9D%B4%ED%81%AC-%EC%84%A0%ED%83%9D-%EB%B3%B4%EC%BB%AC-%EC%82%AC%EC%9A%B4%EB%93%9C%EC%9D%98-70%EB%A5%BC-%EA%B2%B0%EC%A0%95%ED%95%9C%EB%8B%A4",vocal-microphone1,"다이나믹 마이크 추천",0,19,0.00,7.4
"https://studionol.co.kr/ko/stories/vocal-microphone1#%EB%A7%88%EC%9D%B4%ED%81%AC-%EC%84%A0%ED%83%9D-%EB%B3%B4%EC%BB%AC-%EC%82%AC%EC%9A%B4%EB%93%9C%EC%9D%98-70%EB%A5%BC-%EA%B2%B0%EC%A0%95%ED%95%9C%EB%8B%A4",vocal-microphone1,"다이나믹마이크 추천",0,2,0.00,8.5
"https://studionol.co.kr/ko/stories/vocal-microphone1#%EB%A7%88%EC%9D%B4%ED%81%AC-%EC%84%A0%ED%83%9D-%EB%B3%B4%EC%BB%AC-%EC%82%AC%EC%9A%B4%EB%93%9C%EC%9D%98-70%EB%A5%BC-%EA%B2%B0%EC%A0%95%ED%95%9C%EB%8B%A4",vocal-microphone1,"방송용 콘덴서 마이크 추천",0,1,0.00,10.0
"https://studionol.co.kr/ko/stories/vocal-microphone1#%EB%A7%88%EC%9D%B4%ED%81%AC-%EC%84%A0%ED%83%9D-%EB%B3%B4%EC%BB%AC-%EC%82%AC%EC%9A%B4%EB%93%9C%EC%9D%98-70%EB%A5%BC-%EA%B2%B0%EC%A0%95%ED%95%9C%EB%8B%A4",vocal-microphone1,"보컬용 다이나믹 마이크 추천",0,20,0.00,8.2
"https://studionol.co.kr/ko/stories/vocal-microphone1#%EB%A7%88%EC%9D%B4%ED%81%AC-%EC%84%A0%ED%83%9D-%EB%B3%B4%EC%BB%AC-%EC%82%AC%EC%9A%B4%EB%93%9C%EC%9D%98-70%EB%A5%BC-%EA%B2%B0%EC%A0%95%ED%95%9C%EB%8B%A4",vocal-microphone1,"보컬용 콘덴서 마이크 추천",0,1,0.00,8.0
"https://studionol.co.kr/ko/stories/vocal-microphone1#%EB%A7%88%EC%9D%B4%ED%81%AC-%EC%84%A0%ED%83%9D-%EB%B3%B4%EC%BB%AC-%EC%82%AC%EC%9A%B4%EB%93%9C%EC%9D%98-70%EB%A5%BC-%EA%B2%B0%EC%A0%95%ED%95%9C%EB%8B%A4",vocal-microphone1,"콘덴서 마이크 추천",0,36,0.00,7.4
"https://studionol.co.kr/ko/stories/vocal-microphone1#%EB%A7%88%EC%9D%B4%ED%81%AC-%EC%84%A0%ED%83%9D-%EB%B3%B4%EC%BB%AC-%EC%82%AC%EC%9A%B4%EB%93%9C%EC%9D%98-70%EB%A5%BC-%EA%B2%B0%EC%A0%95%ED%95%9C%EB%8B%A4",vocal-microphone1,"홈 레코딩 마이크 추천",0,27,0.00,8.8
"https://studionol.co.kr/ko/stories/vocal-microphone1#%EB%A7%88%EC%9D%B4%ED%81%AC-%EC%84%A0%ED%83%9D-%EB%B3%B4%EC%BB%AC-%EC%82%AC%EC%9A%B4%EB%93%9C%EC%9D%98-70%EB%A5%BC-%EA%B2%B0%EC%A0%95%ED%95%9C%EB%8B%A4",vocal-microphone1,"홈레코딩 마이크",0,1,0.00,10.0
"https://studionol.co.kr/ko/stories/vocal-microphone1#%EB%A7%88%EC%9D%B4%ED%81%AC-%EC%84%A0%ED%83%9D-%EB%B3%B4%EC%BB%AC-%EC%82%AC%EC%9A%B4%EB%93%9C%EC%9D%98-70%EB%A5%BC-%EA%B2%B0%EC%A0%95%ED%95%9C%EB%8B%A4",vocal-microphone1,"홈레코딩 마이크 추천",0,18,0.00,9.1
"https://studionol.co.kr/ko/stories/vocal-microphone1#%EC%9E%85%EB%AC%B8%EC%A4%91%EA%B8%89-1080%EB%A7%8C-%EC%9B%90",vocal-microphone1,"노래 녹음 마이크",0,5,0.00,9.0
"https://studionol.co.kr/ko/stories/vocal-microphone1#%EC%9E%85%EB%AC%B8%EC%A4%91%EA%B8%89-1080%EB%A7%8C-%EC%9B%90",vocal-microphone1,"녹음 마이크 추천",0,4,0.00,8.3
"https://studionol.co.kr/ko/stories/vocal-microphone1#%EC%9E%85%EB%AC%B8%EC%A4%91%EA%B8%89-1080%EB%A7%8C-%EC%9B%90",vocal-microphone1,"녹음용 마이크 추천",0,48,0.00,8.6
"https://studionol.co.kr/ko/stories/vocal-microphone1#%EC%9E%85%EB%AC%B8%EC%A4%91%EA%B8%89-1080%EB%A7%8C-%EC%9B%90",vocal-microphone1,"녹음용 콘덴서 마이크 추천",0,7,0.00,7.9
"https://studionol.co.kr/ko/stories/vocal-microphone1#%EC%9E%85%EB%AC%B8%EC%A4%91%EA%B8%89-1080%EB%A7%8C-%EC%9B%90",vocal-microphone1,"다이나믹 마이크 추천",0,7,0.00,7.4
"https://studionol.co.kr/ko/stories/vocal-microphone1#%EC%9E%85%EB%AC%B8%EC%A4%91%EA%B8%89-1080%EB%A7%8C-%EC%9B%90",vocal-microphone1,"다이나믹마이크 추천",0,1,0.00,10.0
"https://studionol.co.kr/ko/stories/vocal-microphone1#%EC%9E%85%EB%AC%B8%EC%A4%91%EA%B8%89-1080%EB%A7%8C-%EC%9B%90",vocal-microphone1,"보컬용 다이나믹 마이크 추천",0,13,0.00,8.4
"https://studionol.co.kr/ko/stories/vocal-microphone1#%EC%9E%85%EB%AC%B8%EC%A4%91%EA%B8%89-1080%EB%A7%8C-%EC%9B%90",vocal-microphone1,"보컬용 콘덴서 마이크 추천",0,1,0.00,8.0
"https://studionol.co.kr/ko/stories/vocal-microphone1#%EC%9E%85%EB%AC%B8%EC%A4%91%EA%B8%89-1080%EB%A7%8C-%EC%9B%90",vocal-microphone1,"콘덴서 마이크 추천",0,11,0.00,8.5
"https://studionol.co.kr/ko/stories/vocal-microphone1#%EC%9E%85%EB%AC%B8%EC%A4%91%EA%B8%89-1080%EB%A7%8C-%EC%9B%90",vocal-microphone1,"홈 레코딩 마이크 추천",0,14,0.00,9.4
"https://studionol.co.kr/ko/stories/vocal-microphone1#%EC%9E%85%EB%AC%B8%EC%A4%91%EA%B8%89-1080%EB%A7%8C-%EC%9B%90",vocal-microphone1,"홈레코딩 마이크 추천",0,18,0.00,9.1
"https://studionol.co.kr/ko/stories/vocal-microphone1#%EC%A0%84%EB%AC%B8%EA%B0%80%EA%B8%89-100%EB%A7%8C-%EC%9B%90",vocal-microphone1,"노래 녹음 마이크",0,5,0.00,9.0
"https://studionol.co.kr/ko/stories/vocal-microphone1#%EC%A0%84%EB%AC%B8%EA%B0%80%EA%B8%89-100%EB%A7%8C-%EC%9B%90",vocal-microphone1,"녹음 마이크 추천",0,4,0.00,8.3
"https://studionol.co.kr/ko/stories/vocal-microphone1#%EC%A0%84%EB%AC%B8%EA%B0%80%EA%B8%89-100%EB%A7%8C-%EC%9B%90",vocal-microphone1,"녹음용 마이크 추천",0,48,0.00,8.6
"https://studionol.co.kr/ko/stories/vocal-microphone1#%EC%A0%84%EB%AC%B8%EA%B0%80%EA%B8%89-100%EB%A7%8C-%EC%9B%90",vocal-microphone1,"녹음용 콘덴서 마이크 추천",0,7,0.00,7.9
"https://studionol.co.kr/ko/stories/vocal-microphone1#%EC%A0%84%EB%AC%B8%EA%B0%80%EA%B8%89-100%EB%A7%8C-%EC%9B%90",vocal-microphone1,"다이나믹 마이크 추천",0,7,0.00,7.4
"https://studionol.co.kr/ko/stories/vocal-microphone1#%EC%A0%84%EB%AC%B8%EA%B0%80%EA%B8%89-100%EB%A7%8C-%EC%9B%90",vocal-microphone1,"다이나믹마이크 추천",0,1,0.00,10.0
"https://studionol.co.kr/ko/stories/vocal-microphone1#%EC%A0%84%EB%AC%B8%EA%B0%80%EA%B8%89-100%EB%A7%8C-%EC%9B%90",vocal-microphone1,"보컬용 다이나믹 마이크 추천",0,13,0.00,8.4
"https://studionol.co.kr/ko/stories/vocal-microphone1#%EC%A0%84%EB%AC%B8%EA%B0%80%EA%B8%89-100%EB%A7%8C-%EC%9B%90",vocal-microphone1,"보컬용 콘덴서 마이크 추천",0,1,0.00,8.0
"https://studionol.co.kr/ko/stories/vocal-microphone1#%EC%A0%84%EB%AC%B8%EA%B0%80%EA%B8%89-100%EB%A7%8C-%EC%9B%90",vocal-microphone1,"콘덴서 마이크 추천",0,11,0.00,8.5
"https://studionol.co.kr/ko/stories/vocal-microphone1#%EC%A0%84%EB%AC%B8%EA%B0%80%EA%B8%89-100%EB%A7%8C-%EC%9B%90",vocal-microphone1,"홈 레코딩 마이크 추천",0,14,0.00,9.4
"https://studionol.co.kr/ko/stories/vocal-microphone1#%EC%A0%84%EB%AC%B8%EA%B0%80%EA%B8%89-100%EB%A7%8C-%EC%9B%90",vocal-microphone1,"홈레코딩 마이크 추천",0,18,0.00,9.1
"https://studionol.co.kr/ko/stories/vocal-microphone1#studio-nol-%EC%84%B8%EC%85%98%EC%97%90%EC%84%9C-%EB%A7%88%EC%9D%B4%ED%81%AC-%EC%84%A0%ED%83%9D%EC%9D%B4-%EB%8B%AC%EB%9D%BC%EC%A7%80%EB%8A%94-%EC%88%9C%EA%B0%84",vocal-microphone1,"노래 녹음 마이크",0,7,0.00,9.4
"https://studionol.co.kr/ko/stories/vocal-microphone1#studio-nol-%EC%84%B8%EC%85%98%EC%97%90%EC%84%9C-%EB%A7%88%EC%9D%B4%ED%81%AC-%EC%84%A0%ED%83%9D%EC%9D%B4-%EB%8B%AC%EB%9D%BC%EC%A7%80%EB%8A%94-%EC%88%9C%EA%B0%84",vocal-microphone1,"노래 마이크 추천",0,3,0.00,9.3
"https://studionol.co.kr/ko/stories/vocal-microphone1#studio-nol-%EC%84%B8%EC%85%98%EC%97%90%EC%84%9C-%EB%A7%88%EC%9D%B4%ED%81%AC-%EC%84%A0%ED%83%9D%EC%9D%B4-%EB%8B%AC%EB%9D%BC%EC%A7%80%EB%8A%94-%EC%88%9C%EA%B0%84",vocal-microphone1,"녹음 마이크 추천",0,11,0.00,8.7
"https://studionol.co.kr/ko/stories/vocal-microphone1#studio-nol-%EC%84%B8%EC%85%98%EC%97%90%EC%84%9C-%EB%A7%88%EC%9D%B4%ED%81%AC-%EC%84%A0%ED%83%9D%EC%9D%B4-%EB%8B%AC%EB%9D%BC%EC%A7%80%EB%8A%94-%EC%88%9C%EA%B0%84",vocal-microphone1,"녹음용 마이크",0,2,0.00,10.0
"https://studionol.co.kr/ko/stories/vocal-microphone1#studio-nol-%EC%84%B8%EC%85%98%EC%97%90%EC%84%9C-%EB%A7%88%EC%9D%B4%ED%81%AC-%EC%84%A0%ED%83%9D%EC%9D%B4-%EB%8B%AC%EB%9D%BC%EC%A7%80%EB%8A%94-%EC%88%9C%EA%B0%84",vocal-microphone1,"녹음용 마이크 추천",0,73,0.00,8.5
"https://studionol.co.kr/ko/stories/vocal-microphone1#studio-nol-%EC%84%B8%EC%85%98%EC%97%90%EC%84%9C-%EB%A7%88%EC%9D%B4%ED%81%AC-%EC%84%A0%ED%83%9D%EC%9D%B4-%EB%8B%AC%EB%9D%BC%EC%A7%80%EB%8A%94-%EC%88%9C%EA%B0%84",vocal-microphone1,"녹음용 콘덴서 마이크 추천",0,9,0.00,7.8
"https://studionol.co.kr/ko/stories/vocal-microphone1#studio-nol-%EC%84%B8%EC%85%98%EC%97%90%EC%84%9C-%EB%A7%88%EC%9D%B4%ED%81%AC-%EC%84%A0%ED%83%9D%EC%9D%B4-%EB%8B%AC%EB%9D%BC%EC%A7%80%EB%8A%94-%EC%88%9C%EA%B0%84",vocal-microphone1,"다이나믹 마이크 추천",0,19,0.00,7.4
"https://studionol.co.kr/ko/stories/vocal-microphone1#studio-nol-%EC%84%B8%EC%85%98%EC%97%90%EC%84%9C-%EB%A7%88%EC%9D%B4%ED%81%AC-%EC%84%A0%ED%83%9D%EC%9D%B4-%EB%8B%AC%EB%9D%BC%EC%A7%80%EB%8A%94-%EC%88%9C%EA%B0%84",vocal-microphone1,"다이나믹마이크 추천",0,2,0.00,8.5
"https://studionol.co.kr/ko/stories/vocal-microphone1#studio-nol-%EC%84%B8%EC%85%98%EC%97%90%EC%84%9C-%EB%A7%88%EC%9D%B4%ED%81%AC-%EC%84%A0%ED%83%9D%EC%9D%B4-%EB%8B%AC%EB%9D%BC%EC%A7%80%EB%8A%94-%EC%88%9C%EA%B0%84",vocal-microphone1,"방송용 콘덴서 마이크 추천",0,1,0.00,10.0
"https://studionol.co.kr/ko/stories/vocal-microphone1#studio-nol-%EC%84%B8%EC%85%98%EC%97%90%EC%84%9C-%EB%A7%88%EC%9D%B4%ED%81%AC-%EC%84%A0%ED%83%9D%EC%9D%B4-%EB%8B%AC%EB%9D%BC%EC%A7%80%EB%8A%94-%EC%88%9C%EA%B0%84",vocal-microphone1,"보컬용 다이나믹 마이크 추천",0,20,0.00,8.2
"https://studionol.co.kr/ko/stories/vocal-microphone1#studio-nol-%EC%84%B8%EC%85%98%EC%97%90%EC%84%9C-%EB%A7%88%EC%9D%B4%ED%81%AC-%EC%84%A0%ED%83%9D%EC%9D%B4-%EB%8B%AC%EB%9D%BC%EC%A7%80%EB%8A%94-%EC%88%9C%EA%B0%84",vocal-microphone1,"보컬용 콘덴서 마이크 추천",0,1,0.00,8.0
"https://studionol.co.kr/ko/stories/vocal-microphone1#studio-nol-%EC%84%B8%EC%85%98%EC%97%90%EC%84%9C-%EB%A7%88%EC%9D%B4%ED%81%AC-%EC%84%A0%ED%83%9D%EC%9D%B4-%EB%8B%AC%EB%9D%BC%EC%A7%80%EB%8A%94-%EC%88%9C%EA%B0%84",vocal-microphone1,"콘덴서 마이크 추천",0,36,0.00,7.4
"https://studionol.co.kr/ko/stories/vocal-microphone1#studio-nol-%EC%84%B8%EC%85%98%EC%97%90%EC%84%9C-%EB%A7%88%EC%9D%B4%ED%81%AC-%EC%84%A0%ED%83%9D%EC%9D%B4-%EB%8B%AC%EB%9D%BC%EC%A7%80%EB%8A%94-%EC%88%9C%EA%B0%84",vocal-microphone1,"홈 레코딩 마이크 추천",0,27,0.00,8.8
"https://studionol.co.kr/ko/stories/vocal-microphone1#studio-nol-%EC%84%B8%EC%85%98%EC%97%90%EC%84%9C-%EB%A7%88%EC%9D%B4%ED%81%AC-%EC%84%A0%ED%83%9D%EC%9D%B4-%EB%8B%AC%EB%9D%BC%EC%A7%80%EB%8A%94-%EC%88%9C%EA%B0%84",vocal-microphone1,"홈레코딩 마이크",0,1,0.00,10.0
"https://studionol.co.kr/ko/stories/vocal-microphone1#studio-nol-%EC%84%B8%EC%85%98%EC%97%90%EC%84%9C-%EB%A7%88%EC%9D%B4%ED%81%AC-%EC%84%A0%ED%83%9D%EC%9D%B4-%EB%8B%AC%EB%9D%BC%EC%A7%80%EB%8A%94-%EC%88%9C%EA%B0%84",vocal-microphone1,"홈레코딩 마이크 추천",0,18,0.00,9.1
"https://studionol.co.kr/ko/stories/vocal-mixing1",vocal-mixing1,"pc와 mac에서 헤이즈 리버브를 즐기세요",0,1,0.00,19.0
"https://studionol.co.kr/ko/stories/vocal-mixing1",vocal-mixing1,"남자 보컬 eq",0,1,0.00,22.0
"https://studionol.co.kr/ko/stories/vocal-mixing1",vocal-mixing1,"딜레이 리버브 순서",0,2,0.00,13.0
"https://studionol.co.kr/ko/stories/vocal-mixing1",vocal-mixing1,"믹싱 순서",0,3,0.00,4.3
"https://studionol.co.kr/ko/stories/vocal-mixing1",vocal-mixing1,"보컬 eq",0,9,0.00,11.9
"https://studionol.co.kr/ko/stories/vocal-mixing1",vocal-mixing1,"보컬 eq 세팅",0,1,0.00,18.0
"https://studionol.co.kr/ko/stories/vocal-mixing1",vocal-mixing1,"보컬 eq 추천",0,1,0.00,9.0
"https://studionol.co.kr/ko/stories/vocal-mixing1",vocal-mixing1,"보컬 리버브 딜레이 양 조절 가사 전달력 유지",0,1,0.00,33.0
"https://studionol.co.kr/ko/stories/vocal-mixing1",vocal-mixing1,"보컬 믹싱",0,7,0.00,12.9
"https://studionol.co.kr/ko/stories/vocal-mixing1",vocal-mixing1,"보컬 믹싱 뜻",0,2,0.00,7.5
"https://studionol.co.kr/ko/stories/vocal-mixing1",vocal-mixing1,"보컬 믹싱 순서",0,26,0.00,9.8
"https://studionol.co.kr/ko/stories/vocal-mixing1",vocal-mixing1,"보컬 믹싱하는 법",0,9,0.00,9.1
"https://studionol.co.kr/ko/stories/vocal-mixing1",vocal-mixing1,"보컬 컴프레서",0,19,0.00,8.5
"https://studionol.co.kr/ko/stories/vocal-mixing1",vocal-mixing1,"보컬 컴프레서 세팅",0,3,0.00,8.7
"https://studionol.co.kr/ko/stories/vocal-mixing1",vocal-mixing1,"보컬믹싱",0,1,0.00,21.0
"https://studionol.co.kr/ko/stories/vocal-nutrition1",vocal-nutrition1,"가수",0,1,0.00,2.0
"https://studionol.co.kr/ko/stories/vocal-nutrition1",vocal-nutrition1,"노래 목소리 좋아지는법",0,1,0.00,1.0
"https://studionol.co.kr/ko/stories/vocal-nutrition1",vocal-nutrition1,"노래 음색 좋아지는법",0,1,0.00,1.0
"https://studionol.co.kr/ko/stories/vocal-nutrition1",vocal-nutrition1,"목소리 높아지는법",0,1,0.00,1.0
"https://studionol.co.kr/ko/stories/vocal-nutrition1",vocal-nutrition1,"목소리 안나올 때 좋은 음식",0,1,0.00,1.0
"https://studionol.co.kr/ko/stories/vocal-nutrition1",vocal-nutrition1,"목소리 좋아지는 음식",0,8,0.00,2.1
"https://studionol.co.kr/ko/stories/vocal-nutrition1",vocal-nutrition1,"목소리에 좋은 음식",0,2,0.00,3.0
"https://studionol.co.kr/ko/stories/vocal-nutrition1",vocal-nutrition1,"보컬리스트",0,1,0.00,5.0
"https://studionol.co.kr/ko/stories/vocal-nutrition1",vocal-nutrition1,"음색 좋아지는 법",0,1,0.00,1.0
"https://studionol.co.kr/ko/stories/vocal-nutrition1",vocal-nutrition1,"음색 좋아지는법",0,26,0.00,1.2
"https://studionol.co.kr/ko/stories/vocal-nutrition1",vocal-nutrition1,"음으로 시작하는",0,1,0.00,1.0
"https://studionol.co.kr/ko/stories/vocal-phrasing1",vocal-phrasing1,"site:studionol.co.kr",0,1,0.00,69.0
"https://studionol.co.kr/ko/stories/vocal-phrasing1",vocal-phrasing1,"프레이징",0,53,0.00,8.8
"https://studionol.co.kr/ko/stories/vocal-posture1",vocal-posture1,"보컬 발성",0,5,0.00,4.8
"https://studionol.co.kr/ko/stories/vocal-range-extension1",vocal-range-extension1,"f5 음역대",0,1,0.00,9.0
"https://studionol.co.kr/ko/stories/vocal-range-extension1",vocal-range-extension1,"고음 기준",0,1,0.00,9.0
"https://studionol.co.kr/ko/stories/vocal-range-extension1",vocal-range-extension1,"고음 확장기 사용법",0,1,0.00,5.0
"https://studionol.co.kr/ko/stories/vocal-range-extension1",vocal-range-extension1,"두성 확인법",0,19,0.00,9.6
"https://studionol.co.kr/ko/stories/vocal-range1",vocal-range1,"pitch x 고음확장기 사용법",0,3,0.00,7.7
"https://studionol.co.kr/ko/stories/vocal-range1",vocal-range1,"site:studionol.co.kr",0,2,0.00,117.0
"https://studionol.co.kr/ko/stories/vocal-range1",vocal-range1,"가성 음역대 높이기",0,1,0.00,22.0
"https://studionol.co.kr/ko/stories/vocal-range1",vocal-range1,"고음 확장기",0,6,0.00,10.0
"https://studionol.co.kr/ko/stories/vocal-range1",vocal-range1,"고음 확장기 디시",0,1,0.00,2.0
"https://studionol.co.kr/ko/stories/vocal-range1",vocal-range1,"고음 확장기 효과",0,3,0.00,4.0
"https://studionol.co.kr/ko/stories/vocal-range1",vocal-range1,"고음 확장기 후기",0,3,0.00,14.3
"https://studionol.co.kr/ko/stories/vocal-range1",vocal-range1,"고음확성기",0,7,0.00,8.3
"https://studionol.co.kr/ko/stories/vocal-range1",vocal-range1,"고음확장기",0,48,0.00,11.9
"https://studionol.co.kr/ko/stories/vocal-range1",vocal-range1,"고음확장기 디시",0,3,0.00,4.3
"https://studionol.co.kr/ko/stories/vocal-range1",vocal-range1,"고음확장기 후기",0,7,0.00,14.0
"https://studionol.co.kr/ko/stories/vocal-range1",vocal-range1,"고음확장기효과",0,24,0.00,6.4
"https://studionol.co.kr/ko/stories/vocal-range1",vocal-range1,"보컬 음역대",0,4,0.00,7.5
"https://studionol.co.kr/ko/stories/vocal-range1",vocal-range1,"음역대 넓히는 법",0,24,0.00,8.1
"https://studionol.co.kr/ko/stories/vocal-range1",vocal-range1,"음역대 높이는 법",0,2,0.00,27.5
"https://studionol.co.kr/ko/stories/vocal-range1",vocal-range1,"음역대 올리는 법",0,1,0.00,12.0
"https://studionol.co.kr/ko/stories/vocal-range1",vocal-range1,"이거 효과 있어?",0,1,0.00,5.0
"https://studionol.co.kr/ko/stories/vocal-range1",vocal-range1,"지지음역",0,1,0.00,5.0
"https://studionol.co.kr/ko/stories/vocal-recording-guide1",vocal-recording-guide1,"site:studionol.co.kr",0,1,0.00,180.0
"https://studionol.co.kr/ko/stories/vocal-recording-guide1",vocal-recording-guide1,"스튜디오 놀",0,5,0.00,1.2
"https://studionol.co.kr/ko/stories/vocal-recording-setup1",vocal-recording-setup1,"기준 마이크",0,3,0.00,30.7
"https://studionol.co.kr/ko/stories/vocal-recording-setup1",vocal-recording-setup1,"노래 마이크 세팅",0,11,0.00,6.2
"https://studionol.co.kr/ko/stories/vocal-recording-setup1",vocal-recording-setup1,"녹음 설정",0,7,0.00,1.0
"https://studionol.co.kr/ko/stories/vocal-recording-setup1",vocal-recording-setup1,"마이크 세팅",0,4,0.00,7.3
"https://studionol.co.kr/ko/stories/vocal-recording-setup1",vocal-recording-setup1,"마이크 위치 세팅",0,1,0.00,10.0
"https://studionol.co.kr/ko/stories/vocal-recording-setup1",vocal-recording-setup1,"음악 녹음",0,3,0.00,1.3
"https://studionol.co.kr/ko/stories/vocal-recording-setup1",vocal-recording-setup1,"환경 설정",0,1,0.00,7.0
"https://studionol.co.kr/ko/stories/vocal-resonance1",vocal-resonance1,"흉성 20분",0,1,0.00,27.0
"https://studionol.co.kr/ko/stories/vocal-saturation1",vocal-saturation1,"saturation",0,10,0.00,43.7
"https://studionol.co.kr/ko/stories/vocal-saturation1",vocal-saturation1,"saturation 이란",0,2,0.00,7.0
"https://studionol.co.kr/ko/stories/vocal-saturation1",vocal-saturation1,"site:studionol.co.kr",0,1,0.00,123.0
"https://studionol.co.kr/ko/stories/vocal-saturation1",vocal-saturation1,"tape saturation",0,1,0.00,2.0
"https://studionol.co.kr/ko/stories/vocal-saturation1",vocal-saturation1,"보컬 디스토션",0,1,0.00,12.0
"https://studionol.co.kr/ko/stories/vocal-saturation1",vocal-saturation1,"새추레이션",0,2,0.00,5.0
"https://studionol.co.kr/ko/stories/vocal-saturation1",vocal-saturation1,"새츄",0,3,0.00,5.0
"https://studionol.co.kr/ko/stories/vocal-saturation1",vocal-saturation1,"새츄 레이션",0,2,0.00,30.5
"https://studionol.co.kr/ko/stories/vocal-saturation1",vocal-saturation1,"서셉터",0,1,0.00,5.0
"https://studionol.co.kr/ko/stories/vocal-saturation1",vocal-saturation1,"세추레이션",0,3,0.00,1.7
"https://studionol.co.kr/ko/stories/vocal-saturation1",vocal-saturation1,"세츄",0,2,0.00,1.0
"https://studionol.co.kr/ko/stories/vocal-saturation1",vocal-saturation1,"세츄 레이션 되다",0,2,0.00,4.5
"https://studionol.co.kr/ko/stories/vocal-saturation1",vocal-saturation1,"세츄 레이션 뜻",0,18,0.00,7.7
"https://studionol.co.kr/ko/stories/vocal-saturation1",vocal-saturation1,"세츄레이션",0,39,0.00,6.2
"https://studionol.co.kr/ko/stories/vocal-saturation1",vocal-saturation1,"세츄레이션 뜻",0,141,0.00,8.7
"https://studionol.co.kr/ko/stories/vocal-saturation1",vocal-saturation1,"세츄레이터",0,2,0.00,20.5
"https://studionol.co.kr/ko/stories/vocal-saturation1",vocal-saturation1,"세츄레이터 뜻",0,3,0.00,1.0
"https://studionol.co.kr/ko/stories/vocal-solo-recording1",vocal-solo-recording1,"site:studionol.co.kr",0,2,0.00,178.5
"https://studionol.co.kr/ko/stories/vocal-solo-recording1",vocal-solo-recording1,"보컬 녹음",0,3,0.00,20.3
"https://studionol.co.kr/ko/stories/vocal-vibrato1",vocal-vibrato1,"site:studionol.co.kr",0,1,0.00,138.0
"https://studionol.co.kr/ko/stories/vocal-vibrato1",vocal-vibrato1,"바이올린 비브라토 하는법",0,1,0.00,8.0
"https://studionol.co.kr/ko/stories/vocal-vibrato1",vocal-vibrato1,"보컬",0,1,0.00,1.0
"https://studionol.co.kr/ko/stories/vocal-vibrato1",vocal-vibrato1,"비브라토",0,3,0.00,10.3
"https://studionol.co.kr/ko/stories/vocal-vibrato1",vocal-vibrato1,"비브라토 넣는법",0,9,0.00,4.9
"https://studionol.co.kr/ko/stories/vocal-vibrato1",vocal-vibrato1,"비브라토 연습",0,1,0.00,12.0
"https://studionol.co.kr/ko/stories/vocal-vibrato1",vocal-vibrato1,"턱 비브라토",0,3,0.00,9.0
"https://studionol.co.kr/ko/stories/vocal-vibrato1#%EB%8B%A8%EA%B3%84%EB%B3%84-%EB%B9%84%EB%B8%8C%EB%9D%BC%ED%86%A0-%ED%9B%88%EB%A0%A8",vocal-vibrato1,"보컬 비브라토",0,1,0.00,8.0
"https://studionol.co.kr/ko/stories/vocal-vibrato1#%EB%8B%A8%EA%B3%84%EB%B3%84-%EB%B9%84%EB%B8%8C%EB%9D%BC%ED%86%A0-%ED%9B%88%EB%A0%A8",vocal-vibrato1,"비브라토 넣는법",0,1,0.00,10.0
"https://studionol.co.kr/ko/stories/vocal-vibrato1#%EB%8B%A8%EA%B3%84%EB%B3%84-%EB%B9%84%EB%B8%8C%EB%9D%BC%ED%86%A0-%ED%9B%88%EB%A0%A8",vocal-vibrato1,"비브라토 하는 법",0,1,0.00,8.0
"https://studionol.co.kr/ko/stories/vocal-vibrato1#%EB%8B%A8%EA%B3%84%EB%B3%84-%EB%B9%84%EB%B8%8C%EB%9D%BC%ED%86%A0-%ED%9B%88%EB%A0%A8",vocal-vibrato1,"비브라토 하는법",0,7,0.00,10.0
"https://studionol.co.kr/ko/stories/vocal-vibrato1#%EB%B3%B4%EC%BB%AC-%EB%B9%84%EB%B8%8C%EB%9D%BC%ED%86%A0-%EB%AA%A9%EC%86%8C%EB%A6%AC%EC%97%90-%EC%83%9D%EB%AA%85%EC%9D%84-%EB%B6%88%EC%96%B4%EB%84%A3%EB%8A%94-%EA%B8%B0%EB%B2%95",vocal-vibrato1,"보컬 비브라토",0,1,0.00,8.0
"https://studionol.co.kr/ko/stories/vocal-vibrato1#%EB%B3%B4%EC%BB%AC-%EB%B9%84%EB%B8%8C%EB%9D%BC%ED%86%A0-%EB%AA%A9%EC%86%8C%EB%A6%AC%EC%97%90-%EC%83%9D%EB%AA%85%EC%9D%84-%EB%B6%88%EC%96%B4%EB%84%A3%EB%8A%94-%EA%B8%B0%EB%B2%95",vocal-vibrato1,"비브라토 넣는법",0,1,0.00,10.0
"https://studionol.co.kr/ko/stories/vocal-vibrato1#%EB%B3%B4%EC%BB%AC-%EB%B9%84%EB%B8%8C%EB%9D%BC%ED%86%A0-%EB%AA%A9%EC%86%8C%EB%A6%AC%EC%97%90-%EC%83%9D%EB%AA%85%EC%9D%84-%EB%B6%88%EC%96%B4%EB%84%A3%EB%8A%94-%EA%B8%B0%EB%B2%95",vocal-vibrato1,"비브라토 하는 법",0,1,0.00,8.0
"https://studionol.co.kr/ko/stories/vocal-vibrato1#%EB%B3%B4%EC%BB%AC-%EB%B9%84%EB%B8%8C%EB%9D%BC%ED%86%A0-%EB%AA%A9%EC%86%8C%EB%A6%AC%EC%97%90-%EC%83%9D%EB%AA%85%EC%9D%84-%EB%B6%88%EC%96%B4%EB%84%A3%EB%8A%94-%EA%B8%B0%EB%B2%95",vocal-vibrato1,"비브라토 하는법",0,7,0.00,10.0
"https://studionol.co.kr/ko/stories/vocal-vibrato1#%EB%B9%84%EB%B8%8C%EB%9D%BC%ED%86%A0-%ED%83%80%EC%9E%85-%EB%B6%84%EB%A5%98",vocal-vibrato1,"비브라토 넣는법",0,1,0.00,10.0
"https://studionol.co.kr/ko/stories/vocal-vibrato1#%EB%B9%84%EB%B8%8C%EB%9D%BC%ED%86%A0-%ED%83%80%EC%9E%85-%EB%B6%84%EB%A5%98",vocal-vibrato1,"비브라토 하는 법",0,1,0.00,8.0
"https://studionol.co.kr/ko/stories/vocal-vibrato1#%EB%B9%84%EB%B8%8C%EB%9D%BC%ED%86%A0-%ED%83%80%EC%9E%85-%EB%B6%84%EB%A5%98",vocal-vibrato1,"비브라토 하는법",0,4,0.00,9.3
"https://studionol.co.kr/ko/stories/vocal-vibrato1#%ED%9D%94%ED%95%9C-%EB%B9%84%EB%B8%8C%EB%9D%BC%ED%86%A0-%EC%8B%A4%EC%88%98%EC%99%80-%EA%B5%90%EC%A0%95",vocal-vibrato1,"보컬 비브라토",0,1,0.00,8.0
"https://studionol.co.kr/ko/stories/vocal-vibrato1#%ED%9D%94%ED%95%9C-%EB%B9%84%EB%B8%8C%EB%9D%BC%ED%86%A0-%EC%8B%A4%EC%88%98%EC%99%80-%EA%B5%90%EC%A0%95",vocal-vibrato1,"비브라토 넣는법",0,1,0.00,10.0
"https://studionol.co.kr/ko/stories/vocal-vibrato1#%ED%9D%94%ED%95%9C-%EB%B9%84%EB%B8%8C%EB%9D%BC%ED%86%A0-%EC%8B%A4%EC%88%98%EC%99%80-%EA%B5%90%EC%A0%95",vocal-vibrato1,"비브라토 하는 법",0,1,0.00,8.0
"https://studionol.co.kr/ko/stories/vocal-vibrato1#%ED%9D%94%ED%95%9C-%EB%B9%84%EB%B8%8C%EB%9D%BC%ED%86%A0-%EC%8B%A4%EC%88%98%EC%99%80-%EA%B5%90%EC%A0%95",vocal-vibrato1,"비브라토 하는법",0,7,0.00,10.0
"https://studionol.co.kr/ko/stories/vocal-warmup1",vocal-warmup1,"가이드 녹음",0,3,0.00,2.0
"https://studionol.co.kr/ko/stories/vocal-warmup1",vocal-warmup1,"보컬",0,1,0.00,1.0
"https://studionol.co.kr/ko/stories/vocal-warmup1",vocal-warmup1,"보컬 목 관리",0,1,0.00,29.0
"https://studionol.co.kr/ko/stories/vocal-warmup1",vocal-warmup1,"보컬이란",0,1,0.00,1.0
"https://studionol.co.kr/ko/stories/vocal1",vocal1,"개인레슨",0,1,0.00,2.0
"https://studionol.co.kr/ko/stories/vocal1",vocal1,"노래 독학",0,3,0.00,12.3
"https://studionol.co.kr/ko/stories/vocalfeedback1",vocalfeedback1,"site:studionol.co.kr",0,9,0.00,16.2
"https://studionol.co.kr/ko/stories/vocalfeedback1",vocalfeedback1,"노래 피드백 ai",0,4,0.00,13.5
"https://studionol.co.kr/ko/stories/vocalfeedback1",vocalfeedback1,"노래실력 평가",0,2,0.00,10.0
"https://studionol.co.kr/ko/stories/vocalfeedback1",vocalfeedback1,"보컬 카피 노트",0,1,0.00,16.0
"https://studionol.co.kr/ko/stories/vocalfood1",vocalfood1,"site:studionol.co.kr",0,1,0.00,39.0
"https://studionol.co.kr/ko/stories/vocalfood1",vocalfood1,"성대에 좋은 영양제",0,1,0.00,12.0
"https://studionol.co.kr/ko/stories/vocalfood1",vocalfood1,"음으로 시작하는",0,1,0.00,1.0
"https://studionol.co.kr/ko/stories/vocalfood1",vocalfood1,"콘서트 녹음 팁",0,1,0.00,38.0
"https://studionol.co.kr/ko/stories/vocalfood1",vocalfood1,"포카리스웨트",0,1,0.00,7.0
"https://studionol.co.kr/ko/stories/vocalrange1",vocalrange1,"a4 음역대",0,32,0.00,7.6
"https://studionol.co.kr/ko/stories/vocalrange1",vocalrange1,"a5 음역대",0,1,0.00,7.0
"https://studionol.co.kr/ko/stories/vocalrange1",vocalrange1,"b4 음역대",0,1,0.00,11.0
"https://studionol.co.kr/ko/stories/vocalrange1",vocalrange1,"d#3",0,1,0.00,1.0
"https://studionol.co.kr/ko/stories/vocalrange1",vocalrange1,"d#5 음",0,1,0.00,1.0
"https://studionol.co.kr/ko/stories/vocalrange1",vocalrange1,"e4 음역대",0,1,0.00,12.0
"https://studionol.co.kr/ko/stories/vocalrange1",vocalrange1,"f5 음역대",0,4,0.00,6.5
"https://studionol.co.kr/ko/stories/vocalrange1",vocalrange1,"tenor c5",0,1,0.00,2.0
"https://studionol.co.kr/ko/stories/vocalrange1",vocalrange1,"골든 최고음",0,1,0.00,6.0
"https://studionol.co.kr/ko/stories/vocalrange1",vocalrange1,"김기훈 바리톤",0,1,0.00,4.0
"https://studionol.co.kr/ko/stories/vocalrange1",vocalrange1,"남성 음역대",0,7,0.00,5.4
"https://studionol.co.kr/ko/stories/vocalrange1",vocalrange1,"남자 목소리 음역대",0,1,0.00,1.0
"https://studionol.co.kr/ko/stories/vocalrange1",vocalrange1,"남자 성악",0,1,0.00,1.0
"https://studionol.co.kr/ko/stories/vocalrange1",vocalrange1,"남자 성악 음역",0,23,0.00,5.8
"https://studionol.co.kr/ko/stories/vocalrange1",vocalrange1,"남자 성악 음역대",0,26,0.00,8.1
"https://studionol.co.kr/ko/stories/vocalrange1",vocalrange1,"남자 음역대",0,8,0.00,1.0
"https://studionol.co.kr/ko/stories/vocalrange1",vocalrange1,"남자 음역대 종류",0,1,0.00,12.0
"https://studionol.co.kr/ko/stories/vocalrange1",vocalrange1,"남자 음역대 평균",0,1,0.00,1.0
"https://studionol.co.kr/ko/stories/vocalrange1",vocalrange1,"남자 테너 음역대",0,16,0.00,6.1
"https://studionol.co.kr/ko/stories/vocalrange1",vocalrange1,"남자 평균 음역대",0,5,0.00,1.0
"https://studionol.co.kr/ko/stories/vocalrange1",vocalrange1,"남자는?",0,1,0.00,9.0
"https://studionol.co.kr/ko/stories/vocalrange1",vocalrange1,"내 음역대 찾기",0,26,0.00,10.4
"https://studionol.co.kr/ko/stories/vocalrange1",vocalrange1,"노래 옥타브 체크 사이트",0,1,0.00,4.0
"https://studionol.co.kr/ko/stories/vocalrange1",vocalrange1,"노래 음역대 측정",0,3,0.00,9.7
"https://studionol.co.kr/ko/stories/vocalrange1",vocalrange1,"노래 음정 측정",0,1,0.00,10.0
"https://studionol.co.kr/ko/stories/vocalrange1",vocalrange1,"목소리 음 측정",0,5,0.00,8.8
"https://studionol.co.kr/ko/stories/vocalrange1",vocalrange1,"목소리 음역대",0,12,0.00,5.7
"https://studionol.co.kr/ko/stories/vocalrange1",vocalrange1,"목소리 음역대 측정",0,4,0.00,17.3
"https://studionol.co.kr/ko/stories/vocalrange1",vocalrange1,"목소리 음역대 측정 사이트",0,1,0.00,19.0
"https://studionol.co.kr/ko/stories/vocalrange1",vocalrange1,"목소리 음정 측정 사이트",0,1,0.00,6.0
"https://studionol.co.kr/ko/stories/vocalrange1",vocalrange1,"바리톤",0,1,0.00,2.0
"https://studionol.co.kr/ko/stories/vocalrange1",vocalrange1,"바리톤 고음",0,2,0.00,20.5
"https://studionol.co.kr/ko/stories/vocalrange1",vocalrange1,"바리톤 음역",0,44,0.00,5.1
"https://studionol.co.kr/ko/stories/vocalrange1",vocalrange1,"바리톤 최저음",0,18,0.00,7.5
"https://studionol.co.kr/ko/stories/vocalrange1",vocalrange1,"바리톤 테너",0,2,0.00,7.5
"https://studionol.co.kr/ko/stories/vocalrange1",vocalrange1,"바리톤 테너 차이",0,3,0.00,11.0
"https://studionol.co.kr/ko/stories/vocalrange1",vocalrange1,"보통 남자 음역대",0,2,0.00,3.0
"https://studionol.co.kr/ko/stories/vocalrange1",vocalrange1,"성악 음역 종류",0,44,0.00,4.9
"https://studionol.co.kr/ko/stories/vocalrange1",vocalrange1,"성악 음역대",0,78,0.00,7.4
"https://studionol.co.kr/ko/stories/vocalrange1",vocalrange1,"성악 음역대 종류",0,6,0.00,5.7
"https://studionol.co.kr/ko/stories/vocalrange1",vocalrange1,"성악에서 알토는 남성의 음역대를 가르키는 말이다.",0,23,0.00,7.2
"https://studionol.co.kr/ko/stories/vocalrange1",vocalrange1,"성악에서 여성의 가장 높은 소리는 무엇입니까?",0,3,0.00,5.0
"https://studionol.co.kr/ko/stories/vocalrange1",vocalrange1,"알토 음역대",0,4,0.00,11.8
"https://studionol.co.kr/ko/stories/vocalrange1",vocalrange1,"여성 음역대",0,1,0.00,11.0
"https://studionol.co.kr/ko/stories/vocalrange1",vocalrange1,"여성의 음역에서 가장 높은 음역",0,29,0.00,1.0
"https://studionol.co.kr/ko/stories/vocalrange1",vocalrange1,"여자 성악 음역대",0,4,0.00,3.3
"https://studionol.co.kr/ko/stories/vocalrange1",vocalrange1,"여자 알토",0,2,0.00,3.0
"https://studionol.co.kr/ko/stories/vocalrange1",vocalrange1,"여자 알토 음역대",0,4,0.00,1.0
"https://studionol.co.kr/ko/stories/vocalrange1",vocalrange1,"여자 음역대 평균",0,1,0.00,19.0
"https://studionol.co.kr/ko/stories/vocalrange1",vocalrange1,"여자기준",0,1,0.00,2.0
"https://studionol.co.kr/ko/stories/vocalrange1",vocalrange1,"옥타브 측정 사이트",0,2,0.00,28.5
"https://studionol.co.kr/ko/stories/vocalrange1",vocalrange1,"음역",0,17,0.00,7.2
"https://studionol.co.kr/ko/stories/vocalrange1",vocalrange1,"음역 뜻",0,1,0.00,1.0
"https://studionol.co.kr/ko/stories/vocalrange1",vocalrange1,"음역 측정",0,11,0.00,8.7
"https://studionol.co.kr/ko/stories/vocalrange1",vocalrange1,"음역대 뜻",0,14,0.00,2.5
"https://studionol.co.kr/ko/stories/vocalrange1",vocalrange1,"음역대 영어로",0,12,0.00,2.5
"https://studionol.co.kr/ko/stories/vocalrange1",vocalrange1,"음역대 종류",0,14,0.00,6.4
"https://studionol.co.kr/ko/stories/vocalrange1",vocalrange1,"음역대 찾기",0,13,0.00,7.7
"https://studionol.co.kr/ko/stories/vocalrange1",vocalrange1,"음역대 찾는법",0,5,0.00,9.0
"https://studionol.co.kr/ko/stories/vocalrange1",vocalrange1,"음역대 체크",0,21,0.00,8.1
"https://studionol.co.kr/ko/stories/vocalrange1",vocalrange1,"음역대 확인",0,36,0.00,9.0
"https://studionol.co.kr/ko/stories/vocalrange1",vocalrange1,"음역대 확인 사이트",0,4,0.00,10.8
"https://studionol.co.kr/ko/stories/vocalrange1",vocalrange1,"음역대테스트",0,6,0.00,9.8
"https://studionol.co.kr/ko/stories/vocalrange1",vocalrange1,"최저음",0,1,0.00,1.0
"https://studionol.co.kr/ko/stories/vocalrange1",vocalrange1,"측정",0,1,0.00,1.0
"https://studionol.co.kr/ko/stories/vocalrange1",vocalrange1,"테너",0,3,0.00,3.0
"https://studionol.co.kr/ko/stories/vocalrange1",vocalrange1,"테너 바리톤",0,5,0.00,10.4
"https://studionol.co.kr/ko/stories/vocalrange1",vocalrange1,"테너 바리톤 구분",0,1,0.00,10.0
"https://studionol.co.kr/ko/stories/vocalrange1",vocalrange1,"테너 바리톤 베이스 구분",0,2,0.00,30.0
"https://studionol.co.kr/ko/stories/vocalrange1",vocalrange1,"테너 바리톤 베이스 구분 디시",0,4,0.00,15.0
"https://studionol.co.kr/ko/stories/vocalrange1",vocalrange1,"테너 바리톤 베이스 음역대",0,1,0.00,7.0
"https://studionol.co.kr/ko/stories/vocalrange1",vocalrange1,"테너 바리톤 차이",0,13,0.00,11.6
"https://studionol.co.kr/ko/stories/vocalrange1",vocalrange1,"테너 음역",0,9,0.00,5.4
"https://studionol.co.kr/ko/stories/vocalrange1",vocalrange1,"테너 음역대",0,91,0.00,6.9
"https://studionol.co.kr/ko/stories/vocalrange1",vocalrange1,"테너 종류",0,1,0.00,26.0
"https://studionol.co.kr/ko/stories/vocalrange1",vocalrange1,"테너, 바리톤 베이스 구분 디시",0,10,0.00,3.3
"https://studionol.co.kr/ko/stories/vocalrange1",vocalrange1,"팀파니 음역대",0,1,0.00,37.0
"https://studionol.co.kr/ko/stories/vocalrange1",vocalrange1,"피아노 음역",0,1,0.00,10.0
"https://studionol.co.kr/ko/stories/vocalrange1",vocalrange1,"피아노 음역대",0,4,0.00,13.0
"https://studionol.co.kr/ko/stories/vocalrange1",vocalrange1,"하이 바리톤 음역대",0,2,0.00,9.5
"https://studionol.co.kr/ko/stories/vocalrange1",vocalrange1,"하이c",0,1,0.00,15.0
"https://studionol.co.kr/ko/stories/vocalrange1#%EB%82%B4-%EC%9D%8C%EC%97%AD%EB%8C%80%EB%A5%BC-%EC%95%8C%EC%95%84%EC%95%BC-%ED%95%98%EB%8A%94-%EC%9D%B4%EC%9C%A0",vocalrange1,"a4 음역대",0,5,0.00,11.0
"https://studionol.co.kr/ko/stories/vocalrange1#%EB%82%B4-%EC%9D%8C%EC%97%AD%EB%8C%80%EB%A5%BC-%EC%95%8C%EC%95%84%EC%95%BC-%ED%95%98%EB%8A%94-%EC%9D%B4%EC%9C%A0",vocalrange1,"d5 음역대",0,2,0.00,11.0
"https://studionol.co.kr/ko/stories/vocalrange1#%EB%82%B4-%EC%9D%8C%EC%97%AD%EB%8C%80%EB%A5%BC-%EC%95%8C%EC%95%84%EC%95%BC-%ED%95%98%EB%8A%94-%EC%9D%B4%EC%9C%A0",vocalrange1,"남성 음역대",0,1,0.00,9.0
"https://studionol.co.kr/ko/stories/vocalrange1#%EB%82%B4-%EC%9D%8C%EC%97%AD%EB%8C%80%EB%A5%BC-%EC%95%8C%EC%95%84%EC%95%BC-%ED%95%98%EB%8A%94-%EC%9D%B4%EC%9C%A0",vocalrange1,"목소리 음역대",0,2,0.00,9.0
"https://studionol.co.kr/ko/stories/vocalrange1#%EB%82%B4-%EC%9D%8C%EC%97%AD%EB%8C%80%EB%A5%BC-%EC%95%8C%EC%95%84%EC%95%BC-%ED%95%98%EB%8A%94-%EC%9D%B4%EC%9C%A0",vocalrange1,"바리톤 음역대",0,28,0.00,5.5
"https://studionol.co.kr/ko/stories/vocalrange1#%EB%82%B4-%EC%9D%8C%EC%97%AD%EB%8C%80%EB%A5%BC-%EC%95%8C%EC%95%84%EC%95%BC-%ED%95%98%EB%8A%94-%EC%9D%B4%EC%9C%A0",vocalrange1,"성악 음역대",0,8,0.00,7.1
"https://studionol.co.kr/ko/stories/vocalrange1#%EB%82%B4-%EC%9D%8C%EC%97%AD%EB%8C%80%EB%A5%BC-%EC%95%8C%EC%95%84%EC%95%BC-%ED%95%98%EB%8A%94-%EC%9D%B4%EC%9C%A0",vocalrange1,"소프라노 음역대",0,6,0.00,6.3
"https://studionol.co.kr/ko/stories/vocalrange1#%EB%82%B4-%EC%9D%8C%EC%97%AD%EB%8C%80%EB%A5%BC-%EC%95%8C%EC%95%84%EC%95%BC-%ED%95%98%EB%8A%94-%EC%9D%B4%EC%9C%A0",vocalrange1,"여성 음역대",0,1,0.00,11.0
"https://studionol.co.kr/ko/stories/vocalrange1#%EB%82%B4-%EC%9D%8C%EC%97%AD%EB%8C%80%EB%A5%BC-%EC%95%8C%EC%95%84%EC%95%BC-%ED%95%98%EB%8A%94-%EC%9D%B4%EC%9C%A0",vocalrange1,"음역 측정",0,4,0.00,8.5
"https://studionol.co.kr/ko/stories/vocalrange1#%EB%82%B4-%EC%9D%8C%EC%97%AD%EB%8C%80%EB%A5%BC-%EC%95%8C%EC%95%84%EC%95%BC-%ED%95%98%EB%8A%94-%EC%9D%B4%EC%9C%A0",vocalrange1,"음역대",0,98,0.00,8.1
"https://studionol.co.kr/ko/stories/vocalrange1#%EB%82%B4-%EC%9D%8C%EC%97%AD%EB%8C%80%EB%A5%BC-%EC%95%8C%EC%95%84%EC%95%BC-%ED%95%98%EB%8A%94-%EC%9D%B4%EC%9C%A0",vocalrange1,"음역대 정리",0,3,0.00,6.0
"https://studionol.co.kr/ko/stories/vocalrange1#%EB%82%B4-%EC%9D%8C%EC%97%AD%EB%8C%80%EB%A5%BC-%EC%95%8C%EC%95%84%EC%95%BC-%ED%95%98%EB%8A%94-%EC%9D%B4%EC%9C%A0",vocalrange1,"음역대 찾는법",0,1,0.00,7.0
"https://studionol.co.kr/ko/stories/vocalrange1#%EB%82%B4-%EC%9D%8C%EC%97%AD%EB%8C%80%EB%A5%BC-%EC%95%8C%EC%95%84%EC%95%BC-%ED%95%98%EB%8A%94-%EC%9D%B4%EC%9C%A0",vocalrange1,"음역대 측정",0,31,0.00,9.0
"https://studionol.co.kr/ko/stories/vocalrange1#%EB%82%B4-%EC%9D%8C%EC%97%AD%EB%8C%80%EB%A5%BC-%EC%95%8C%EC%95%84%EC%95%BC-%ED%95%98%EB%8A%94-%EC%9D%B4%EC%9C%A0",vocalrange1,"음역대 테스트",0,2,0.00,10.0
"https://studionol.co.kr/ko/stories/vocalrange1#%EB%82%B4-%EC%9D%8C%EC%97%AD%EB%8C%80%EB%A5%BC-%EC%95%8C%EC%95%84%EC%95%BC-%ED%95%98%EB%8A%94-%EC%9D%B4%EC%9C%A0",vocalrange1,"음역대 확인",0,4,0.00,8.0
"https://studionol.co.kr/ko/stories/vocalrange1#%EB%82%B4-%EC%9D%8C%EC%97%AD%EB%8C%80%EB%A5%BC-%EC%95%8C%EC%95%84%EC%95%BC-%ED%95%98%EB%8A%94-%EC%9D%B4%EC%9C%A0",vocalrange1,"음역대테스트",0,2,0.00,9.5
"https://studionol.co.kr/ko/stories/vocalrange1#%EB%82%B4-%EC%9D%8C%EC%97%AD%EB%8C%80%EB%A5%BC-%EC%95%8C%EC%95%84%EC%95%BC-%ED%95%98%EB%8A%94-%EC%9D%B4%EC%9C%A0",vocalrange1,"테너 음역대",0,5,0.00,6.4
"https://studionol.co.kr/ko/stories/vocalrange1#%EB%82%B4-%EC%9D%8C%EC%97%AD%EB%8C%80%EB%A5%BC-%EC%95%8C%EC%95%84%EC%95%BC-%ED%95%98%EB%8A%94-%EC%9D%B4%EC%9C%A0",vocalrange1,"피아노 음역대",0,1,0.00,9.0
"https://studionol.co.kr/ko/stories/vocalrange1#%EC%84%B1%EC%95%85-%EA%B8%B0%EC%A4%80-%EC%9D%8C%EC%97%AD-%EB%B6%84%EB%A5%98",vocalrange1,"a4 음역대",0,5,0.00,11.0
"https://studionol.co.kr/ko/stories/vocalrange1#%EC%84%B1%EC%95%85-%EA%B8%B0%EC%A4%80-%EC%9D%8C%EC%97%AD-%EB%B6%84%EB%A5%98",vocalrange1,"d5 음역대",0,2,0.00,11.0
"https://studionol.co.kr/ko/stories/vocalrange1#%EC%84%B1%EC%95%85-%EA%B8%B0%EC%A4%80-%EC%9D%8C%EC%97%AD-%EB%B6%84%EB%A5%98",vocalrange1,"남성 음역대",0,1,0.00,9.0
"https://studionol.co.kr/ko/stories/vocalrange1#%EC%84%B1%EC%95%85-%EA%B8%B0%EC%A4%80-%EC%9D%8C%EC%97%AD-%EB%B6%84%EB%A5%98",vocalrange1,"목소리 음역대",0,2,0.00,9.0
"https://studionol.co.kr/ko/stories/vocalrange1#%EC%84%B1%EC%95%85-%EA%B8%B0%EC%A4%80-%EC%9D%8C%EC%97%AD-%EB%B6%84%EB%A5%98",vocalrange1,"바리톤 음역대",0,28,0.00,5.5
"https://studionol.co.kr/ko/stories/vocalrange1#%EC%84%B1%EC%95%85-%EA%B8%B0%EC%A4%80-%EC%9D%8C%EC%97%AD-%EB%B6%84%EB%A5%98",vocalrange1,"성악 음역대",0,8,0.00,7.1
"https://studionol.co.kr/ko/stories/vocalrange1#%EC%84%B1%EC%95%85-%EA%B8%B0%EC%A4%80-%EC%9D%8C%EC%97%AD-%EB%B6%84%EB%A5%98",vocalrange1,"소프라노 음역대",0,6,0.00,6.3
"https://studionol.co.kr/ko/stories/vocalrange1#%EC%84%B1%EC%95%85-%EA%B8%B0%EC%A4%80-%EC%9D%8C%EC%97%AD-%EB%B6%84%EB%A5%98",vocalrange1,"여성 음역대",0,1,0.00,11.0
"https://studionol.co.kr/ko/stories/vocalrange1#%EC%84%B1%EC%95%85-%EA%B8%B0%EC%A4%80-%EC%9D%8C%EC%97%AD-%EB%B6%84%EB%A5%98",vocalrange1,"음역 측정",0,4,0.00,8.5
"https://studionol.co.kr/ko/stories/vocalrange1#%EC%84%B1%EC%95%85-%EA%B8%B0%EC%A4%80-%EC%9D%8C%EC%97%AD-%EB%B6%84%EB%A5%98",vocalrange1,"음역대",0,98,0.00,8.1
"https://studionol.co.kr/ko/stories/vocalrange1#%EC%84%B1%EC%95%85-%EA%B8%B0%EC%A4%80-%EC%9D%8C%EC%97%AD-%EB%B6%84%EB%A5%98",vocalrange1,"음역대 정리",0,3,0.00,6.0
"https://studionol.co.kr/ko/stories/vocalrange1#%EC%84%B1%EC%95%85-%EA%B8%B0%EC%A4%80-%EC%9D%8C%EC%97%AD-%EB%B6%84%EB%A5%98",vocalrange1,"음역대 찾는법",0,1,0.00,7.0
"https://studionol.co.kr/ko/stories/vocalrange1#%EC%84%B1%EC%95%85-%EA%B8%B0%EC%A4%80-%EC%9D%8C%EC%97%AD-%EB%B6%84%EB%A5%98",vocalrange1,"음역대 측정",0,31,0.00,9.0
"https://studionol.co.kr/ko/stories/vocalrange1#%EC%84%B1%EC%95%85-%EA%B8%B0%EC%A4%80-%EC%9D%8C%EC%97%AD-%EB%B6%84%EB%A5%98",vocalrange1,"음역대 테스트",0,2,0.00,10.0
"https://studionol.co.kr/ko/stories/vocalrange1#%EC%84%B1%EC%95%85-%EA%B8%B0%EC%A4%80-%EC%9D%8C%EC%97%AD-%EB%B6%84%EB%A5%98",vocalrange1,"음역대 확인",0,4,0.00,8.0
"https://studionol.co.kr/ko/stories/vocalrange1#%EC%84%B1%EC%95%85-%EA%B8%B0%EC%A4%80-%EC%9D%8C%EC%97%AD-%EB%B6%84%EB%A5%98",vocalrange1,"음역대테스트",0,2,0.00,9.5
"https://studionol.co.kr/ko/stories/vocalrange1#%EC%84%B1%EC%95%85-%EA%B8%B0%EC%A4%80-%EC%9D%8C%EC%97%AD-%EB%B6%84%EB%A5%98",vocalrange1,"테너 음역대",0,5,0.00,6.4
"https://studionol.co.kr/ko/stories/vocalrange1#%EC%84%B1%EC%95%85-%EA%B8%B0%EC%A4%80-%EC%9D%8C%EC%97%AD-%EB%B6%84%EB%A5%98",vocalrange1,"피아노 음역대",0,1,0.00,9.0
"https://studionol.co.kr/ko/stories/vocalrange1#%EC%9D%8C%EC%97%AD%EB%8C%80%EB%B3%84-%EC%B6%94%EC%B2%9C-%EC%9E%A5%EB%A5%B4",vocalrange1,"a4 음역대",0,5,0.00,11.0
"https://studionol.co.kr/ko/stories/vocalrange1#%EC%9D%8C%EC%97%AD%EB%8C%80%EB%B3%84-%EC%B6%94%EC%B2%9C-%EC%9E%A5%EB%A5%B4",vocalrange1,"d5 음역대",0,2,0.00,11.0
"https://studionol.co.kr/ko/stories/vocalrange1#%EC%9D%8C%EC%97%AD%EB%8C%80%EB%B3%84-%EC%B6%94%EC%B2%9C-%EC%9E%A5%EB%A5%B4",vocalrange1,"남성 음역대",0,1,0.00,9.0
"https://studionol.co.kr/ko/stories/vocalrange1#%EC%9D%8C%EC%97%AD%EB%8C%80%EB%B3%84-%EC%B6%94%EC%B2%9C-%EC%9E%A5%EB%A5%B4",vocalrange1,"목소리 음역대",0,2,0.00,9.0
"https://studionol.co.kr/ko/stories/vocalrange1#%EC%9D%8C%EC%97%AD%EB%8C%80%EB%B3%84-%EC%B6%94%EC%B2%9C-%EC%9E%A5%EB%A5%B4",vocalrange1,"바리톤 음역대",0,28,0.00,5.5
"https://studionol.co.kr/ko/stories/vocalrange1#%EC%9D%8C%EC%97%AD%EB%8C%80%EB%B3%84-%EC%B6%94%EC%B2%9C-%EC%9E%A5%EB%A5%B4",vocalrange1,"성악 음역대",0,8,0.00,7.1
"https://studionol.co.kr/ko/stories/vocalrange1#%EC%9D%8C%EC%97%AD%EB%8C%80%EB%B3%84-%EC%B6%94%EC%B2%9C-%EC%9E%A5%EB%A5%B4",vocalrange1,"소프라노 음역대",0,6,0.00,6.3
"https://studionol.co.kr/ko/stories/vocalrange1#%EC%9D%8C%EC%97%AD%EB%8C%80%EB%B3%84-%EC%B6%94%EC%B2%9C-%EC%9E%A5%EB%A5%B4",vocalrange1,"여성 음역대",0,1,0.00,11.0
"https://studionol.co.kr/ko/stories/vocalrange1#%EC%9D%8C%EC%97%AD%EB%8C%80%EB%B3%84-%EC%B6%94%EC%B2%9C-%EC%9E%A5%EB%A5%B4",vocalrange1,"음역 측정",0,4,0.00,8.5
"https://studionol.co.kr/ko/stories/vocalrange1#%EC%9D%8C%EC%97%AD%EB%8C%80%EB%B3%84-%EC%B6%94%EC%B2%9C-%EC%9E%A5%EB%A5%B4",vocalrange1,"음역대",0,98,0.00,8.1
"https://studionol.co.kr/ko/stories/vocalrange1#%EC%9D%8C%EC%97%AD%EB%8C%80%EB%B3%84-%EC%B6%94%EC%B2%9C-%EC%9E%A5%EB%A5%B4",vocalrange1,"음역대 정리",0,3,0.00,6.0
"https://studionol.co.kr/ko/stories/vocalrange1#%EC%9D%8C%EC%97%AD%EB%8C%80%EB%B3%84-%EC%B6%94%EC%B2%9C-%EC%9E%A5%EB%A5%B4",vocalrange1,"음역대 찾는법",0,1,0.00,7.0
"https://studionol.co.kr/ko/stories/vocalrange1#%EC%9D%8C%EC%97%AD%EB%8C%80%EB%B3%84-%EC%B6%94%EC%B2%9C-%EC%9E%A5%EB%A5%B4",vocalrange1,"음역대 측정",0,31,0.00,9.0
"https://studionol.co.kr/ko/stories/vocalrange1#%EC%9D%8C%EC%97%AD%EB%8C%80%EB%B3%84-%EC%B6%94%EC%B2%9C-%EC%9E%A5%EB%A5%B4",vocalrange1,"음역대 테스트",0,2,0.00,10.0
"https://studionol.co.kr/ko/stories/vocalrange1#%EC%9D%8C%EC%97%AD%EB%8C%80%EB%B3%84-%EC%B6%94%EC%B2%9C-%EC%9E%A5%EB%A5%B4",vocalrange1,"음역대 확인",0,4,0.00,8.0
"https://studionol.co.kr/ko/stories/vocalrange1#%EC%9D%8C%EC%97%AD%EB%8C%80%EB%B3%84-%EC%B6%94%EC%B2%9C-%EC%9E%A5%EB%A5%B4",vocalrange1,"음역대테스트",0,2,0.00,9.5
"https://studionol.co.kr/ko/stories/vocalrange1#%EC%9D%8C%EC%97%AD%EB%8C%80%EB%B3%84-%EC%B6%94%EC%B2%9C-%EC%9E%A5%EB%A5%B4",vocalrange1,"테너 음역대",0,5,0.00,6.4
"https://studionol.co.kr/ko/stories/vocalrange1#%EC%9D%8C%EC%97%AD%EB%8C%80%EB%B3%84-%EC%B6%94%EC%B2%9C-%EC%9E%A5%EB%A5%B4",vocalrange1,"피아노 음역대",0,1,0.00,9.0
"https://studionol.co.kr/ko/stories/vocalrange1#%EC%B8%A1%EC%A0%95-%EC%88%9C%EC%84%9C",vocalrange1,"a4 음역대",0,5,0.00,11.0
"https://studionol.co.kr/ko/stories/vocalrange1#%EC%B8%A1%EC%A0%95-%EC%88%9C%EC%84%9C",vocalrange1,"d5 음역대",0,2,0.00,11.0
"https://studionol.co.kr/ko/stories/vocalrange1#%EC%B8%A1%EC%A0%95-%EC%88%9C%EC%84%9C",vocalrange1,"남성 음역대",0,1,0.00,9.0
"https://studionol.co.kr/ko/stories/vocalrange1#%EC%B8%A1%EC%A0%95-%EC%88%9C%EC%84%9C",vocalrange1,"목소리 음역대",0,2,0.00,9.0
"https://studionol.co.kr/ko/stories/vocalrange1#%EC%B8%A1%EC%A0%95-%EC%88%9C%EC%84%9C",vocalrange1,"바리톤 음역대",0,28,0.00,5.5
"https://studionol.co.kr/ko/stories/vocalrange1#%EC%B8%A1%EC%A0%95-%EC%88%9C%EC%84%9C",vocalrange1,"성악 음역대",0,8,0.00,7.1
"https://studionol.co.kr/ko/stories/vocalrange1#%EC%B8%A1%EC%A0%95-%EC%88%9C%EC%84%9C",vocalrange1,"소프라노 음역대",0,6,0.00,6.3
"https://studionol.co.kr/ko/stories/vocalrange1#%EC%B8%A1%EC%A0%95-%EC%88%9C%EC%84%9C",vocalrange1,"여성 음역대",0,1,0.00,11.0
"https://studionol.co.kr/ko/stories/vocalrange1#%EC%B8%A1%EC%A0%95-%EC%88%9C%EC%84%9C",vocalrange1,"음역 측정",0,4,0.00,8.5
"https://studionol.co.kr/ko/stories/vocalrange1#%EC%B8%A1%EC%A0%95-%EC%88%9C%EC%84%9C",vocalrange1,"음역대",0,98,0.00,8.1
"https://studionol.co.kr/ko/stories/vocalrange1#%EC%B8%A1%EC%A0%95-%EC%88%9C%EC%84%9C",vocalrange1,"음역대 정리",0,3,0.00,6.0
"https://studionol.co.kr/ko/stories/vocalrange1#%EC%B8%A1%EC%A0%95-%EC%88%9C%EC%84%9C",vocalrange1,"음역대 찾는법",0,1,0.00,7.0
"https://studionol.co.kr/ko/stories/vocalrange1#%EC%B8%A1%EC%A0%95-%EC%88%9C%EC%84%9C",vocalrange1,"음역대 측정",0,31,0.00,9.0
"https://studionol.co.kr/ko/stories/vocalrange1#%EC%B8%A1%EC%A0%95-%EC%88%9C%EC%84%9C",vocalrange1,"음역대 테스트",0,2,0.00,10.0
"https://studionol.co.kr/ko/stories/vocalrange1#%EC%B8%A1%EC%A0%95-%EC%88%9C%EC%84%9C",vocalrange1,"음역대 확인",0,4,0.00,8.0
"https://studionol.co.kr/ko/stories/vocalrange1#%EC%B8%A1%EC%A0%95-%EC%88%9C%EC%84%9C",vocalrange1,"음역대테스트",0,2,0.00,9.5
"https://studionol.co.kr/ko/stories/vocalrange1#%EC%B8%A1%EC%A0%95-%EC%88%9C%EC%84%9C",vocalrange1,"테너 음역대",0,5,0.00,6.4
"https://studionol.co.kr/ko/stories/vocalrange1#%EC%B8%A1%EC%A0%95-%EC%88%9C%EC%84%9C",vocalrange1,"피아노 음역대",0,1,0.00,9.0
"https://studionol.co.kr/ko/stories/voice-acting1",voice-acting1,"더빙 녹음",0,4,0.00,8.0
"https://studionol.co.kr/ko/stories/voice-acting1",voice-acting1,"더빙 잘하는법",0,1,0.00,3.0
"https://studionol.co.kr/ko/stories/voice-acting1",voice-acting1,"성우 녹음",0,40,0.00,11.5
"https://studionol.co.kr/ko/stories/voice-acting1",voice-acting1,"성우녹음",0,13,0.00,11.8
"https://studionol.co.kr/ko/stories/voice-actor-demo1",voice-actor-demo1,"site:studionol.co.kr",0,1,0.00,167.0
"https://studionol.co.kr/ko/stories/voice-actor-demo1",voice-actor-demo1,"게임 성우 대본",0,1,0.00,40.0
"https://studionol.co.kr/ko/stories/voice-type1",voice-type1,"a3 음역대",0,1,0.00,9.0
"https://studionol.co.kr/ko/stories/voice-type1",voice-type1,"a5 음역대",0,1,0.00,10.0
"https://studionol.co.kr/ko/stories/voice-type1",voice-type1,"b4 음역대",0,1,0.00,8.0
"https://studionol.co.kr/ko/stories/voice-type1",voice-type1,"f5 음역대",0,2,0.00,9.5
"https://studionol.co.kr/ko/stories/voice-type1",voice-type1,"목소리 음역대",0,2,0.00,10.0
"https://studionol.co.kr/ko/stories/voice-type1",voice-type1,"바리톤 음역대",0,1,0.00,11.0
"https://studionol.co.kr/ko/stories/voice-type1",voice-type1,"베이스 목소리",0,1,0.00,6.0
"https://studionol.co.kr/ko/stories/voice-type1",voice-type1,"베이스 음역대",0,4,0.00,7.8
"https://studionol.co.kr/ko/stories/voice-type1",voice-type1,"알토 음역대",0,2,0.00,7.5
"https://studionol.co.kr/ko/stories/voice-type1",voice-type1,"테너 바리톤",0,2,0.00,9.5
"https://studionol.co.kr/ko/stories/voice-type1",voice-type1,"테너 음역대",0,1,0.00,11.0
"https://studionol.co.kr/ko/stories/voiceactor1",voiceactor1,"site:studionol.co.kr",0,1,0.00,42.0
"https://studionol.co.kr/ko/stories/voiceactor1",voiceactor1,"다시",0,1,0.00,3.0
"https://studionol.co.kr/ko/stories/voiceactor1",voiceactor1,"목소리 알바 디시",0,1,0.00,25.0
"https://studionol.co.kr/ko/stories/voiceactor1",voiceactor1,"성우 경쟁률",0,7,0.00,9.3
"https://studionol.co.kr/ko/stories/voiceactor1",voiceactor1,"성우 공채 경쟁률",0,34,0.00,8.8
"https://studionol.co.kr/ko/stories/voiceactor1",voiceactor1,"성우 녹음",0,18,0.00,21.3
"https://studionol.co.kr/ko/stories/voiceactor1",voiceactor1,"성우 녹음 섭외 프리랜서",0,7,0.00,32.0
"https://studionol.co.kr/ko/stories/voiceactor1",voiceactor1,"성우 되는 법",0,2,0.00,23.5
"https://studionol.co.kr/ko/stories/voiceactor1",voiceactor1,"성우 오디션 2026",0,1,0.00,31.0
"https://studionol.co.kr/ko/stories/voiceactor1",voiceactor1,"성우 전문어",0,9,0.00,8.7
"https://studionol.co.kr/ko/stories/voiceactor1",voiceactor1,"성우 준비",0,48,0.00,7.5
"https://studionol.co.kr/ko/stories/voiceactor1",voiceactor1,"성우 준비 과정",0,4,0.00,7.8
"https://studionol.co.kr/ko/stories/voiceactor1",voiceactor1,"성우 지망생",0,9,0.00,7.9
"https://studionol.co.kr/ko/stories/voiceactor1",voiceactor1,"성우 프리랜서",0,17,0.00,8.9
"https://studionol.co.kr/ko/stories/voiceactor1",voiceactor1,"성우가 되기 위한 노력",0,1,0.00,40.0
"https://studionol.co.kr/ko/stories/voiceactor1",voiceactor1,"성우녹음",0,1,0.00,7.0
"https://studionol.co.kr/ko/stories/voiceactor1",voiceactor1,"성우되는법",0,2,0.00,23.0
"https://studionol.co.kr/ko/stories/voiceactor1",voiceactor1,"성우지망",0,5,0.00,8.4
"https://studionol.co.kr/ko/stories/voiceactor1",voiceactor1,"성우지망갱",0,1,0.00,6.0
"https://studionol.co.kr/ko/stories/voiceactor1",voiceactor1,"성우지망생",0,12,0.00,7.0
"https://studionol.co.kr/ko/stories/voiceactor1",voiceactor1,"성우짐사애",0,2,0.00,8.0
"https://studionol.co.kr/ko/stories/voiceactor1",voiceactor1,"오디션",0,1,0.00,1.0
"https://studionol.co.kr/ko/stories/voiceactor1",voiceactor1,"오디오 콘텐츠 프리랜서",0,4,0.00,69.0
"https://studionol.co.kr/ko/stories/voiceactor1",voiceactor1,"오디오북 성우 모집",0,4,0.00,27.5
"https://studionol.co.kr/ko/stories/voiceactor1",voiceactor1,"프리랜서 성우",0,2,0.00,14.5
"https://studionol.co.kr/ko/stories/voiceactor1",voiceactor1,"프리랜서 성우 모집",0,1,0.00,28.0
"https://studionol.co.kr/ko/stories/voiceactor1",voiceactor1,"희귀해?",0,1,0.00,1.0
"https://studionol.co.kr/ko/stories/voiceactor1#%EB%AA%A9%EC%86%8C%EB%A6%AC%EB%A1%9C-%EC%BD%98%ED%85%90%EC%B8%A0%EB%A5%BC-%EB%A7%8C%EB%93%9C%EB%8A%94-%EC%9D%BC",voiceactor1,"성우 오디션",0,3,0.00,9.3
"https://studionol.co.kr/ko/stories/voiceactor1#%EC%84%B1%EC%9A%B0%EB%82%B4%EB%A0%88%EC%9D%B4%EC%85%98-%EB%B6%84%EC%95%BC-%EC%A2%85%EB%A5%98",voiceactor1,"성우 오디션",0,3,0.00,9.3
"https://studionol.co.kr/ko/stories/voicecare1",voicecare1,"성대 관리법",0,1,0.00,9.0
"https://studionol.co.kr/ko/stories/volume1",volume1,"site:studionol.co.kr",0,1,0.00,33.0
"https://studionol.co.kr/ko/stories/volume1",volume1,"목소리 키우는 법",0,1,0.00,10.0
"https://studionol.co.kr/ko/stories/volume1",volume1,"성량",0,317,0.00,7.9
"https://studionol.co.kr/ko/stories/volume1",volume1,"성량 뜻",0,1,0.00,1.0
"https://studionol.co.kr/ko/stories/vst-guide1",vst-guide1,"klanghelm mjuc",0,1,0.00,7.0
"https://studionol.co.kr/ko/stories/vst-guide1",vst-guide1,"tdr nova 사용법",0,1,0.00,25.0
"https://studionol.co.kr/ko/stories/vst-guide1",vst-guide1,"vst mixer",0,1,0.00,20.0
"https://studionol.co.kr/ko/stories/vst-guide1",vst-guide1,"vst plugin",0,1,0.00,59.0
"https://studionol.co.kr/ko/stories/vst-guide1",vst-guide1,"vst 플러그인",0,1,0.00,7.0
"https://studionol.co.kr/ko/stories/vst-guide1",vst-guide1,"마스터링 플러그인",0,2,0.00,27.0
"https://studionol.co.kr/ko/stories/vst-guide1",vst-guide1,"마스터링 플러그인 추천",0,1,0.00,35.0
"https://studionol.co.kr/ko/stories/vst-guide1",vst-guide1,"무료 믹싱",0,1,0.00,14.0
"https://studionol.co.kr/ko/stories/vst-guide1",vst-guide1,"무료 보컬 믹싱 프로그램",0,1,0.00,27.0
"https://studionol.co.kr/ko/stories/vst-guide1",vst-guide1,"믹싱 플러그인",0,14,0.00,6.3
"https://studionol.co.kr/ko/stories/vst-guide1",vst-guide1,"믹싱 플러그인 추천",0,4,0.00,11.3
"https://studionol.co.kr/ko/stories/vst-guide1",vst-guide1,"보컬 믹싱 프로그램",0,1,0.00,20.0
"https://studionol.co.kr/ko/stories/vst-guide1",vst-guide1,"보컬 믹싱 플러그인",0,2,0.00,7.0
"https://studionol.co.kr/ko/stories/vst-guide1",vst-guide1,"보컬 플러그인 추천",0,1,0.00,20.0
"https://studionol.co.kr/ko/stories/wando1",wando1,"서울 완도 ktx",0,1,0.00,21.0
"https://studionol.co.kr/ko/stories/wedding-song-guide1",wedding-song-guide1,"결혼식 mr 준비",0,1,0.00,6.0
"https://studionol.co.kr/ko/stories/wedding-song-guide1",wedding-song-guide1,"축가 녹음",0,4,0.00,9.8
"https://studionol.co.kr/ko/stories/wedding2",wedding2,"결혼식 노래 추천",0,7,0.00,1.0
"https://studionol.co.kr/ko/stories/wedding2",wedding2,"축가 녹음",0,12,0.00,6.3
"https://studionol.co.kr/ko/stories/wedding2",wedding2,"축가 댄스 반주 음향 견적",0,2,0.00,5.5
"https://studionol.co.kr/ko/stories/wonju1",wonju1,"강원도에서 서울",0,1,0.00,6.0
"https://studionol.co.kr/ko/stories/worship-recording1",worship-recording1,"site:studionol.co.kr",0,1,0.00,61.0
"https://studionol.co.kr/ko/stories/yeonsinnae-recording-studio-pricing-guide",yeonsinnae-recording-studio-pricing-guide,"녹음 스튜디오 대여 비용",0,3,0.00,11.0
"https://studionol.co.kr/ko/stories/yeonsinnae-recording-studio-pricing-guide",yeonsinnae-recording-studio-pricing-guide,"스튜디오 놀",0,4,0.00,1.0
"https://studionol.co.kr/ko/stories/youtube-bgm1",youtube-bgm1,"bgm 만들기",0,10,0.00,11.4
"https://studionol.co.kr/ko/stories/youtube-bgm1",youtube-bgm1,"site:studionol.co.kr",0,1,0.00,124.0
"https://studionol.co.kr/ko/stories/youtube-bgm1",youtube-bgm1,"youtube studio bgm",0,1,0.00,6.0
"https://studionol.co.kr/ko/stories/youtube-bgm1",youtube-bgm1,"브금 만들기",0,1,0.00,10.0
"https://studionol.co.kr/ko/stories/youtube-bgm1",youtube-bgm1,"브금만들기",0,1,0.00,18.0
"https://studionol.co.kr/ko/stories/youtube-music-channel1",youtube-music-channel1,"site:studionol.co.kr",0,1,0.00,186.0
"https://studionol.co.kr/ko/stories/youtube-music-channel1",youtube-music-channel1,"유튜브 뮤직 음원 등록",0,1,0.00,34.0
"https://studionol.co.kr/ko/stories/youtube-music-channel1",youtube-music-channel1,"유튜브 음악 채널",0,3,0.00,15.3
"https://studionol.co.kr/ko/stories/youtube-music-channel1",youtube-music-channel1,"유튜브 음악 채널 만들기",0,12,0.00,7.9
"https://studionol.co.kr/ko/stories/youtube-music-channel1",youtube-music-channel1,"음악채널",0,1,0.00,10.0
"https://studionol.co.kr/ko/stories/youtube-shorts1",youtube-shorts1,"site:studionol.co.kr",0,1,0.00,100.0
"https://studionol.co.kr/ko/stories/youtube1",youtube1,"란스튜디오",0,1,0.00,53.0
"https://studionol.co.kr/ko/stories/youtube1",youtube1,"유튜브 녹음",0,14,0.00,20.3
"https://studionol.co.kr/ko/stories/youtube1",youtube1,"유튜브 음악 녹음",0,6,0.00,11.3
"https://studionol.co.kr/ko/stories/youtube1",youtube1,"유튜브 음원 녹음",0,3,0.00,12.3
"https://studionol.co.kr/ko/stories/youtube1",youtube1,"유튜브음악녹음",0,1,0.00,11.0
"https://studionol.co.kr/ko/studio-info",,"site:studionol.co.kr",0,6,0.00,24.7
"https://studionol.co.kr/ko/studio-info",,"u87ai",0,1,0.00,45.0
"https://studionol.co.kr/ko/studio-info",,"스튜디오 놀",0,44,0.00,1.1
"https://studionol.co.kr/ko/voice-acting",,"녹음 스튜디오",0,6,0.00,10.0
"https://studionol.co.kr/ko/voice-acting",,"녹음실",0,10,0.00,11.8
"https://studionol.co.kr/ko/voice-acting",,"성우 녹음 비용",0,5,0.00,14.6
"https://studionol.co.kr/ko/voice-acting",,"성우 녹음 섭외 견적",0,12,0.00,28.5
"https://studionol.co.kr/ko/voice-acting",,"성우 녹음 섭외 비용",0,4,0.00,18.3
"https://studionol.co.kr/ko/voice-acting",,"성우 녹음 섭외 업체",0,12,0.00,8.4
"https://studionol.co.kr/ko/voice-acting",,"성우 녹음 섭외 외주",0,10,0.00,21.8
"https://studionol.co.kr/ko/voice-acting",,"성우 녹음 섭외 전문가",0,16,0.00,7.9
"https://studionol.co.kr/ko/voice-acting",,"성우 녹음 섭외 프리랜서",0,12,0.00,14.3
"https://studionol.co.kr/ko/voice-acting",,"성우 녹음 스튜디오",0,3,0.00,6.7
"https://studionol.co.kr/ko/voice-acting",,"성우 녹음 현장",0,1,0.00,27.0
"https://studionol.co.kr/ko/voice-acting",,"성우 외주 사이트",0,1,0.00,1.0
"https://studionol.co.kr/ko/voice-acting",,"성우녹음",0,6,0.00,15.2
"https://studionol.co.kr/ko/voice-acting",,"성우녹음실",0,3,0.00,23.7
"https://studionol.co.kr/ko/wedding-song",,"노래 못하는데 축가",0,1,0.00,19.0
"https://studionol.co.kr/ko/wedding-song",,"축가 녹음",0,8,0.00,9.0
"https://studionol.co.kr/ko/wedding-song",,"축가 댄스 반주 음향 견적",0,8,0.00,18.8
"https://studionol.co.kr/ko/wedding-song",,"축가 댄스 반주 음향 비용",0,11,0.00,10.2
"https://studionol.co.kr/ko/wedding-song",,"축가 댄스 반주 음향 업체",0,1,0.00,29.0
"https://studionol.co.kr/ko/wedding-song",,"축가 댄스 반주 음향 외주",0,1,0.00,15.0
"https://studionol.co.kr/ko/wedding-song",,"축가 댄스 반주 음향 전문가",0,1,0.00,15.0
"https://studionol.co.kr/ko/wedding-song",,"축가 댄스 반주 음향 프리랜서",0,4,0.00,21.8
"https://studionol.co.kr/stories/eq1",,"eq 주파수 대역",0,5,0.00,4.2
"https://studionol.co.kr/stories/eq1",,"mr eq",0,1,0.00,8.0
"https://studionol.co.kr/stories/eq1",,"보컬 eq",0,1,0.00,10.0
"https://studionol.co.kr/stories/eq1",,"보컬 eq 세팅",0,1,0.00,8.0
"https://studionol.co.kr/stories/eq1",,"보컬 주파수 대역",0,1,0.00,8.0
"https://studionol.co.kr/uz/stories/mixing12",mixing12,"faderga",0,1,0.00,24.0
"https://studionol.co.kr/uz/voice-acting",,"narx qancha",0,1,0.00,7.0
"https://studionol.co.kr/vi/stories/category/recording",category,"studio thu",0,1,0.00,11.0
"https://studionol.co.kr/vi/stories/mixing15",mixing15,"studio nol",0,1,0.00,1.0
"https://studionol.co.kr/zh/lesson",,"site:studionol.co.kr",0,6,0.00,1.0
"https://studionol.co.kr/zh/stories/korean-recording-studio-pricing-chinese",korean-recording-studio-pricing-chinese,"录音系统的价格区间",0,1,0.00,10.0
"https://studionol.co.kr/zh/stories/mixing13",mixing13,"nol插件",0,2,0.00,10.0
"https://studionol.co.kr/zh/stories/mixing17",mixing17,"复杂音频处理技巧",0,2,0.00,8.5
"https://studionol.co.kr/zh/voice-acting",,"旁白錄音",0,1,0.00,36.0