page,slug,clicks,impressions,ctr,position
"https://studionol.co.kr/ko/stories/eq1",eq1,548,10896,5.03,5.1
"https://studionol.co.kr/ko/practice-room",,501,7731,6.48,6.6
"https://studionol.co.kr/ko/stories/copyright-cover1",copyright-cover1,438,13562,3.23,4.6
"https://studionol.co.kr/ko/stories/practice-room-price1",practice-room-price1,316,7312,4.32,6.5
"https://studionol.co.kr/ko/stories/song-key1",song-key1,306,7138,4.29,5.7
"https://studionol.co.kr/ko/stories/practice-room-monthly1",practice-room-monthly1,305,5825,5.24,6.3
"https://studionol.co.kr/ko/stories/daw-choice1",daw-choice1,248,6602,3.76,6.4
"https://studionol.co.kr/ko/stories/streaming-platforms1",streaming-platforms1,247,10235,2.41,6.1
"https://studionol.co.kr/ko/stories/singapp1",singapp1,239,3924,6.09,5.9
"https://studionol.co.kr/ko/stories/distribution1",distribution1,224,6837,3.28,6.6
"https://studionol.co.kr/ko/stories/chord-progression1",chord-progression1,190,7689,2.47,5.9
"https://studionol.co.kr/ko/stories/practice-room-startup1",practice-room-startup1,184,2778,6.62,5.4
"https://studionol.co.kr/ko/stories/loudness1",loudness1,183,5381,3.40,5.7
"https://studionol.co.kr/ko/stories/recording-price1",recording-price1,183,4163,4.40,4.8
"https://studionol.co.kr/ko/stories/royalty1",royalty1,158,11582,1.36,7.1
"https://studionol.co.kr/ko/stories/revenue1",revenue1,152,7182,2.12,4.5
"https://studionol.co.kr/ko/stories/headvoice1",headvoice1,131,9455,1.39,6.2
"https://studionol.co.kr/ko/stories/plugins1",plugins1,130,2783,4.67,6.4
"https://studionol.co.kr/ko/stories/songwriting1",songwriting1,130,5174,2.51,6.7
"https://studionol.co.kr/ko/stories/mixvoice1",mixvoice1,126,5804,2.17,5.9
"https://studionol.co.kr/ko/stories/songstructure1",songstructure1,125,21774,0.57,6.8
"https://studionol.co.kr/ko/stories/coverrecording1",coverrecording1,118,1549,7.62,5.9
"https://studionol.co.kr/ko/stories/noise-reduction1",noise-reduction1,116,4503,2.58,7.7
"https://studionol.co.kr/ko/stories/autotune1",autotune1,110,5305,2.07,7.1
"https://studionol.co.kr/ko/stories/drum-mixing1",drum-mixing1,104,1780,5.84,6.0
"https://studionol.co.kr/ko/stories/highnote1",highnote1,103,8143,1.26,7.1
"https://studionol.co.kr/ko/stories/vocalrange1",vocalrange1,100,9883,1.01,7.0
"https://studionol.co.kr/ko/stories/frequency-spectrum1",frequency-spectrum1,99,2320,4.27,4.9
"https://studionol.co.kr/ko",,98,512,19.14,7.0
"https://studionol.co.kr/ko/stories/bass-mixing1",bass-mixing1,97,2305,4.21,5.9
"https://studionol.co.kr/ko/stories/practice-room-transfer1",practice-room-transfer1,96,1531,6.27,5.5
"https://studionol.co.kr/ko/stories/vocal-compression1",vocal-compression1,93,2354,3.95,5.8
"https://studionol.co.kr/ko/stories/producer1",producer1,91,4074,2.23,6.3
"https://studionol.co.kr/ko/stories/music-distribution1",music-distribution1,87,3932,2.21,6.3
"https://studionol.co.kr/ko/stories/practice-room-guitar-clean-tone1",practice-room-guitar-clean-tone1,85,1884,4.51,6.9
"https://studionol.co.kr/ko/stories/vocal-chain1",vocal-chain1,81,1501,5.40,5.0
"https://studionol.co.kr/ko/stories/mixing-complete-guide",mixing-complete-guide,80,1596,5.01,8.1
"https://studionol.co.kr/ko/stories/sound-engineer1",sound-engineer1,78,2141,3.64,8.2
"https://studionol.co.kr/ko/stories/guitar-mixing1",guitar-mixing1,75,1333,5.63,6.5
"https://studionol.co.kr/ko/stories/music-marketing1",music-marketing1,74,1879,3.94,9.1
"https://studionol.co.kr/ko/stories/solo-album1",solo-album1,74,2126,3.48,13.1
"https://studionol.co.kr/ko/stories/vocal-microphone1",vocal-microphone1,74,3805,1.94,7.1
"https://studionol.co.kr/ko/stories/lyric-writing1",lyric-writing1,73,3098,2.36,6.5
"https://studionol.co.kr/ko/stories/single-release1",single-release1,73,4397,1.66,8.6
"https://studionol.co.kr/ko/stories/noise-gate1",noise-gate1,70,1801,3.89,5.6
"https://studionol.co.kr/ko/stories/studio-compare1",studio-compare1,69,2025,3.41,8.2
"https://studionol.co.kr/ko/stories/deesser1",deesser1,67,2307,2.90,4.4
"https://studionol.co.kr/ko/stories/melodyne1",melodyne1,67,1632,4.11,7.1
"https://studionol.co.kr/ko/stories/mr-guide1",mr-guide1,67,928,7.22,5.8
"https://studionol.co.kr/ko/stories/viral-music-marketing1",viral-music-marketing1,67,986,6.80,5.6
"https://studionol.co.kr/ko/stories/lufs-guide1",lufs-guide1,65,2145,3.03,5.8
"https://studionol.co.kr/ko/stories/practice-room-vocal-soul1",practice-room-vocal-soul1,65,2920,2.23,4.0
"https://studionol.co.kr/ko/stories/practice-schedule1",practice-schedule1,65,2391,2.72,7.0
"https://studionol.co.kr/ko/stories/epk1",epk1,64,1388,4.61,4.0
"https://studionol.co.kr/ko/stories/music-publishing1",music-publishing1,62,1532,4.05,7.4
"https://studionol.co.kr/ko/stories/album-cost1",album-cost1,59,2118,2.79,6.7
"https://studionol.co.kr/ko/stories/practice-room-guitar-double-stop1",practice-room-guitar-double-stop1,58,756,7.67,4.4
"https://studionol.co.kr/ko/stories/la2a1",la2a1,57,2076,2.75,6.6
"https://studionol.co.kr/ko/stories/practice-room-breath-control1",practice-room-breath-control1,56,2415,2.32,7.1
"https://studionol.co.kr/ko/stories/vocal-mixing1",vocal-mixing1,54,1446,3.73,7.3
"https://studionol.co.kr/ko/stories/lyrics-memo1",lyrics-memo1,52,1701,3.06,4.8
"https://studionol.co.kr/ko/stories/comp1176",comp1176,51,864,5.90,6.5
"https://studionol.co.kr/ko/stories/genre-choice1",genre-choice1,51,1098,4.64,6.7
"https://studionol.co.kr/ko/stories/practice-room-bass-5string1",practice-room-bass-5string1,50,1829,2.73,6.3
"https://studionol.co.kr/ko/stories/copyright1",copyright1,49,2879,1.70,11.0
"https://studionol.co.kr/ko/stories/sampling-guide1",sampling-guide1,48,2924,1.64,7.0
"https://studionol.co.kr/ko/stories/practice-room-vocal-falsetto-technique1",practice-room-vocal-falsetto-technique1,47,2731,1.72,5.1
"https://studionol.co.kr/ko/stories/delay-types1",delay-types1,46,2544,1.81,9.4
"https://studionol.co.kr/ko/stories/indie-label1",indie-label1,46,1687,2.73,10.3
"https://studionol.co.kr/ko/stories/recording-environment1",recording-environment1,46,1240,3.71,13.7
"https://studionol.co.kr/ko/stories/smartphone-recording1",smartphone-recording1,46,1532,3.00,7.5
"https://studionol.co.kr/ko/stories/limiter1",limiter1,45,1555,2.89,7.0
"https://studionol.co.kr/ko/stories/placement1",placement1,45,1385,3.25,5.5
"https://studionol.co.kr/ko/stories/voiceactor1",voiceactor1,45,2645,1.70,9.2
"https://studionol.co.kr/ko/stories/chordprog1",chordprog1,44,1634,2.69,7.2
"https://studionol.co.kr/ko/stories/chest-voice1",chest-voice1,43,7779,0.55,5.5
"https://studionol.co.kr/ko/stories/coverart1",coverart1,42,2203,1.91,5.1
"https://studionol.co.kr/ko/stories/hiphop-vocal1",hiphop-vocal1,42,2591,1.62,6.6
"https://studionol.co.kr/ko/stories/practice-room-bass-pentatonic1",practice-room-bass-pentatonic1,42,1260,3.33,5.3
"https://studionol.co.kr/ko/stories/reverb-types1",reverb-types1,42,1410,2.98,5.4
"https://studionol.co.kr/ko/stories/bass-recording1",bass-recording1,41,781,5.25,6.2
"https://studionol.co.kr/ko/stories/practice-room-seodaemun1",practice-room-seodaemun1,41,405,10.12,8.0
"https://studionol.co.kr/ko/stories/daw1",daw1,40,1994,2.01,4.7
"https://studionol.co.kr/ko/stories/mixing15",mixing15,40,4188,0.96,7.1
"https://studionol.co.kr/ko/stories/practice-room-mangwon1",practice-room-mangwon1,40,417,9.59,8.6
"https://studionol.co.kr/ko/stories/transpose1",transpose1,40,3619,1.11,6.7
"https://studionol.co.kr/ko/stories/harmony1",harmony1,39,1319,2.96,10.2
"https://studionol.co.kr/ko/stories/piano-recording1",piano-recording1,39,597,6.53,6.8
"https://studionol.co.kr/ko/stories/breathing1",breathing1,38,2358,1.61,6.9
"https://studionol.co.kr/ko/stories/mic-placement1",mic-placement1,38,1840,2.07,7.4
"https://studionol.co.kr/ko/stories/mid-side1",mid-side1,38,763,4.98,5.4
"https://studionol.co.kr/ko/stories/practice-room-vocal1",practice-room-vocal1,38,1161,3.27,7.7
"https://studionol.co.kr/ko/stories/vocal-recording-setup1",vocal-recording-setup1,38,1075,3.53,6.2
"https://studionol.co.kr/ko/stories/flstudio1",flstudio1,37,1178,3.14,5.9
"https://studionol.co.kr/ko/stories/practice-room-vocal-head-voice1",practice-room-vocal-head-voice1,37,1890,1.96,7.5
"https://studionol.co.kr/ko/stories/practice-room-piano-jazz-voicings1",practice-room-piano-jazz-voicings1,36,1296,2.78,6.7
"https://studionol.co.kr/ko/stories/practice-room-vocal-scatting1",practice-room-vocal-scatting1,36,4688,0.77,6.4
"https://studionol.co.kr/ko/stories/session-musician1",session-musician1,36,10952,0.33,6.1
"https://studionol.co.kr/ko/stories/soundproof-rehearsal-seoul1",soundproof-rehearsal-seoul1,36,1033,3.48,8.3
"https://studionol.co.kr/ko/stories/vst-guide1",vst-guide1,36,761,4.73,7.4
"https://studionol.co.kr/ko/stories/drum-programming1",drum-programming1,35,759,4.61,6.0
"https://studionol.co.kr/ko/stories/falsetto1",falsetto1,35,7144,0.49,7.4
"https://studionol.co.kr/ko/stories/practice-room-drum-rudiments1",practice-room-drum-rudiments1,35,1261,2.78,6.3
"https://studionol.co.kr/ko/stories/reverb-mixing1",reverb-mixing1,35,1473,2.38,5.8
"https://studionol.co.kr/ko/stories/soundcloud1",soundcloud1,35,1767,1.98,9.4
"https://studionol.co.kr/ko/stories/asmr1",asmr1,34,1484,2.29,9.4
"https://studionol.co.kr/ko/stories/delay1",delay1,34,1131,3.01,5.4
"https://studionol.co.kr/ko/stories/piano-mixing1",piano-mixing1,34,387,8.79,6.0
"https://studionol.co.kr/ko/stories/vocal-nutrition1",vocal-nutrition1,34,1494,2.28,6.1
"https://studionol.co.kr/ko/stories/vocalfood1",vocalfood1,34,800,4.25,5.8
"https://studionol.co.kr/ko/stories/band-recording-guide1",band-recording-guide1,33,624,5.29,7.5
"https://studionol.co.kr/ko/stories/daw-performance1",daw-performance1,33,1112,2.97,6.4
"https://studionol.co.kr/ko/stories/store-bgm1",store-bgm1,33,2240,1.47,6.7
"https://studionol.co.kr/ko/stories/debut1",debut1,32,1169,2.74,7.9
"https://studionol.co.kr/ko/stories/fabfilter1",fabfilter1,32,902,3.55,6.8
"https://studionol.co.kr/ko/stories/kpop-production1",kpop-production1,32,896,3.57,12.6
"https://studionol.co.kr/ko/stories/monitoring1",monitoring1,32,602,5.32,6.5
"https://studionol.co.kr/ko/stories/pitch-correction1",pitch-correction1,32,1256,2.55,7.6
"https://studionol.co.kr/ko/stories/rap-recording1",rap-recording1,32,689,4.64,6.7
"https://studionol.co.kr/ko/stories/selfrecord1",selfrecord1,32,597,5.36,8.0
"https://studionol.co.kr/ko/stories/twang1",twang1,32,2543,1.26,4.7
"https://studionol.co.kr/ko/stories/vocal-range1",vocal-range1,32,1230,2.60,7.9
"https://studionol.co.kr/ko/stories/gain-staging1",gain-staging1,31,429,7.23,7.5
"https://studionol.co.kr/ko/stories/music-video1",music-video1,31,1141,2.72,12.0
"https://studionol.co.kr/ko/stories/nectar1",nectar1,31,520,5.96,6.7
"https://studionol.co.kr/ko/stories/playlist-pitch1",playlist-pitch1,31,798,3.88,7.5
"https://studionol.co.kr/ko/stories/practice-room-guitar-shoegaze1",practice-room-guitar-shoegaze1,31,747,4.15,6.1
"https://studionol.co.kr/ko/stories/practice-room-piano-technique1",practice-room-piano-technique1,31,944,3.28,6.0
"https://studionol.co.kr/ko/stories/vocal-doubling1",vocal-doubling1,31,4653,0.67,6.4
"https://studionol.co.kr/ko/stories/breath-support1",breath-support1,30,1422,2.11,6.1
"https://studionol.co.kr/ko/stories/drum-recording1",drum-recording1,30,713,4.21,6.9
"https://studionol.co.kr/ko/stories/gugak-recording1",gugak-recording1,30,411,7.30,5.6
"https://studionol.co.kr/ko/stories/karaoke-practice1",karaoke-practice1,30,997,3.01,6.9
"https://studionol.co.kr/ko/stories/mix-automation1",mix-automation1,30,548,5.47,6.2
"https://studionol.co.kr/ko/stories/original-song1",original-song1,30,1533,1.96,7.0
"https://studionol.co.kr/ko/stories/practice-room-bass-detuning1",practice-room-bass-detuning1,30,1424,2.11,7.8
"https://studionol.co.kr/ko/stories/practice-room-contract1",practice-room-contract1,30,301,9.97,7.7
"https://studionol.co.kr/ko/stories/practice-room-piano-church1",practice-room-piano-church1,30,768,3.91,7.3
"https://studionol.co.kr/ko/stories/practice-room-vs-karaoke1",practice-room-vs-karaoke1,30,631,4.75,7.6
"https://studionol.co.kr/ko/stories/youtube-music-channel1",youtube-music-channel1,30,849,3.53,7.0
"https://studionol.co.kr/ko/stories/mastering1",mastering1,29,4012,0.72,9.0
"https://studionol.co.kr/ko/stories/panning-guide1",panning-guide1,29,845,3.43,8.8
"https://studionol.co.kr/ko/stories/practice-room-bass-walking-bass2",practice-room-bass-walking-bass2,29,941,3.08,7.1
"https://studionol.co.kr/ko/stories/practice-room-electric-bass1",practice-room-electric-bass1,29,1499,1.93,8.3
"https://studionol.co.kr/ko/stories/practice-room-piano-sight-play1",practice-room-piano-sight-play1,29,1112,2.61,6.8
"https://studionol.co.kr/ko/stories/practice-room-bass1",practice-room-bass1,28,371,7.55,7.9
"https://studionol.co.kr/ko/stories/practice-room-guitar-left-hand1",practice-room-guitar-left-hand1,28,478,5.86,7.1
"https://studionol.co.kr/ko/stories/practice-room-saxophone1",practice-room-saxophone1,28,357,7.84,5.5
"https://studionol.co.kr/ko/stories/practice-room-wedding1",practice-room-wedding1,28,760,3.68,7.0
"https://studionol.co.kr/ko/stories/studioone1",studioone1,28,1014,2.76,7.2
"https://studionol.co.kr/ko/stories/ableton1",ableton1,27,1334,2.02,7.2
"https://studionol.co.kr/ko/stories/practice-room-bass-tapping1",practice-room-bass-tapping1,27,1343,2.01,7.2
"https://studionol.co.kr/ko/stories/practice-room-drum-ghost-notes1",practice-room-drum-ghost-notes1,27,1665,1.62,6.0
"https://studionol.co.kr/ko/stories/practice-room-soundproof1",practice-room-soundproof1,27,538,5.02,6.3
"https://studionol.co.kr/ko/stories/practice-room-yeonsinnae1",practice-room-yeonsinnae1,27,429,6.29,8.1
"https://studionol.co.kr/ko/stories/vocal-vibrato1",vocal-vibrato1,27,935,2.89,7.0
"https://studionol.co.kr/ko/stories/background-vocal1",background-vocal1,26,1926,1.35,8.8
"https://studionol.co.kr/ko/stories/cover1",cover1,26,772,3.37,8.3
"https://studionol.co.kr/ko/stories/music-business1",music-business1,26,1291,2.01,7.2
"https://studionol.co.kr/ko/stories/music-copyright1",music-copyright1,26,1964,1.32,9.3
"https://studionol.co.kr/ko/stories/parametric-eq1",parametric-eq1,26,1095,2.37,5.9
"https://studionol.co.kr/ko/stories/practice-room-pronunciation1",practice-room-pronunciation1,26,1153,2.25,6.2
"https://studionol.co.kr/ko/stories/siryummusic1",siryummusic1,26,1367,1.90,6.9
"https://studionol.co.kr/ko/stories/livesound1",livesound1,25,799,3.13,12.1
"https://studionol.co.kr/ko/stories/low-note1",low-note1,25,2069,1.21,7.6
"https://studionol.co.kr/ko/stories/microphone1",microphone1,25,1137,2.20,8.1
"https://studionol.co.kr/ko/stories/mix-reference1",mix-reference1,25,579,4.32,17.1
"https://studionol.co.kr/ko/stories/multiband1",multiband1,25,702,3.56,6.4
"https://studionol.co.kr/ko/stories/808-bass1",808-bass1,24,1348,1.78,6.1
"https://studionol.co.kr/ko/stories/condenser-mic1",condenser-mic1,24,5103,0.47,9.3
"https://studionol.co.kr/ko/stories/lofi-production1",lofi-production1,24,921,2.61,7.1
"https://studionol.co.kr/ko/stories/stem-mixing1",stem-mixing1,24,1198,2.00,4.8
"https://studionol.co.kr/ko/stories/karaoke1",karaoke1,23,1013,2.27,7.5
"https://studionol.co.kr/ko/stories/vocal-range-extension1",vocal-range-extension1,23,952,2.42,7.4
"https://studionol.co.kr/ko/stories/jazz-harmony1",jazz-harmony1,22,893,2.46,6.0
"https://studionol.co.kr/ko/stories/mixing18",mixing18,22,1197,1.84,7.0
"https://studionol.co.kr/ko/stories/mixing6",mixing6,22,971,2.27,7.4
"https://studionol.co.kr/ko/stories/monitor-speakers1",monitor-speakers1,22,507,4.34,6.8
"https://studionol.co.kr/ko/stories/practice-room-guide1",practice-room-guide1,22,555,3.96,8.6
"https://studionol.co.kr/ko/stories/vocal-directing1",vocal-directing1,22,2445,0.90,5.6
"https://studionol.co.kr/ko/stories/vocalfeedback1",vocalfeedback1,22,647,3.40,8.1
"https://studionol.co.kr/ko/stories/volume1",volume1,22,1900,1.16,8.1
"https://studionol.co.kr/ko/stories/acoustic-recording1",acoustic-recording1,21,336,6.25,10.1
"https://studionol.co.kr/ko/stories/coverright1",coverright1,21,576,3.65,8.6
"https://studionol.co.kr/ko/stories/glossary1",glossary1,21,878,2.39,5.8
"https://studionol.co.kr/ko/stories/jukga1",jukga1,21,964,2.18,7.8
"https://studionol.co.kr/ko/stories/music-grants1",music-grants1,21,370,5.68,6.8
"https://studionol.co.kr/ko/stories/practice-room-guitar-tremolo-picking1",practice-room-guitar-tremolo-picking1,21,459,4.58,5.7
"https://studionol.co.kr/ko/stories/practice-room-piano-technique31",practice-room-piano-technique31,21,999,2.10,6.5
"https://studionol.co.kr/ko/stories/self-recording1",self-recording1,21,400,5.25,9.9
"https://studionol.co.kr/ko/stories/transcription1",transcription1,21,550,3.82,12.2
"https://studionol.co.kr/ko/stories/amp-simulator1",amp-simulator1,20,706,2.83,8.0
"https://studionol.co.kr/ko/stories/compression-guide1",compression-guide1,20,1313,1.52,7.9
"https://studionol.co.kr/ko/stories/film-scoring1",film-scoring1,20,685,2.92,7.8
"https://studionol.co.kr/ko/stories/logic-pro1",logic-pro1,20,435,4.60,25.4
"https://studionol.co.kr/ko/stories/lyrics1",lyrics1,20,746,2.68,8.1
"https://studionol.co.kr/ko/stories/mastering-tips1",mastering-tips1,20,480,4.17,25.5
"https://studionol.co.kr/ko/stories/mixing4",mixing4,20,1222,1.64,11.2
"https://studionol.co.kr/ko/stories/mixing8",mixing8,20,1073,1.86,6.6
"https://studionol.co.kr/ko/stories/practice-room-drum-snare-tuning1",practice-room-drum-snare-tuning1,20,369,5.42,6.3
"https://studionol.co.kr/ko/stories/practice-room-guitar-jazz-chords1",practice-room-guitar-jazz-chords1,20,629,3.18,7.1
"https://studionol.co.kr/ko/stories/practice-room-vocal-register1",practice-room-vocal-register1,20,1802,1.11,7.6
"https://studionol.co.kr/ko/stories/practice-room-vocal-tone-color1",practice-room-vocal-tone-color1,20,1758,1.14,8.1
"https://studionol.co.kr/ko/stories/protools1",protools1,20,550,3.64,7.0
"https://studionol.co.kr/ko/stories/vocal-emotion1",vocal-emotion1,20,820,2.44,6.0
"https://studionol.co.kr/ko/stories/artist-branding1",artist-branding1,19,539,3.53,20.9
"https://studionol.co.kr/ko/stories/ep-making1",ep-making1,19,726,2.62,6.4
"https://studionol.co.kr/ko/stories/headphone-mixing1",headphone-mixing1,19,283,6.71,8.6
"https://studionol.co.kr/ko/stories/headphone1",headphone1,19,478,3.97,7.6
"https://studionol.co.kr/ko/stories/home-recording1",home-recording1,19,380,5.00,9.7
"https://studionol.co.kr/ko/stories/phase1",phase1,19,1231,1.54,6.4
"https://studionol.co.kr/ko/stories/practice-room-bass-ghost-notes1",practice-room-bass-ghost-notes1,19,700,2.71,5.9
"https://studionol.co.kr/ko/stories/practice-room-bass-thumb-technique1",practice-room-bass-thumb-technique1,19,389,4.88,6.1
"https://studionol.co.kr/ko/stories/practice-room-keyboard1",practice-room-keyboard1,19,327,5.81,7.7
"https://studionol.co.kr/ko/stories/practice-room-recording1",practice-room-recording1,19,441,4.31,8.3
"https://studionol.co.kr/ko/stories/voice-type1",voice-type1,19,1293,1.47,6.4
"https://studionol.co.kr/ko/stories/youtube-bgm1",youtube-bgm1,19,600,3.17,7.8
"https://studionol.co.kr/ko/stories/drum1",drum1,18,554,3.25,11.0
"https://studionol.co.kr/ko/stories/guide1",guide1,18,362,4.97,8.9
"https://studionol.co.kr/ko/stories/live-recording1",live-recording1,18,476,3.78,6.4
"https://studionol.co.kr/ko/stories/mixing20",mixing20,18,711,2.53,7.6
"https://studionol.co.kr/ko/stories/practice-room-bass-fingering1",practice-room-bass-fingering1,18,725,2.48,7.6
"https://studionol.co.kr/ko/stories/practice-room-guitar-harmonics1",practice-room-guitar-harmonics1,18,1562,1.15,7.7
"https://studionol.co.kr/ko/stories/record-deal1",record-deal1,18,435,4.14,6.7
"https://studionol.co.kr/ko/stories/reverb1",reverb1,18,929,1.94,7.0
"https://studionol.co.kr/ko/stories/seoul1",seoul1,18,1078,1.67,13.1
"https://studionol.co.kr/ko/stories/vocal-saturation1",vocal-saturation1,18,2242,0.80,8.0
"https://studionol.co.kr/ko/voice-acting",,18,850,2.12,9.1
"https://studionol.co.kr/ko/stories/homegear1",homegear1,17,652,2.61,7.4
"https://studionol.co.kr/ko/stories/microphone-types1",microphone-types1,17,1491,1.14,9.2
"https://studionol.co.kr/ko/stories/practice-room-busking1",practice-room-busking1,17,405,4.20,8.0
"https://studionol.co.kr/ko/stories/vocal-posture1",vocal-posture1,17,746,2.28,6.2
"https://studionol.co.kr/ko/stories/mixing14",mixing14,16,223,7.17,7.0
"https://studionol.co.kr/ko/stories/practice-room-guitar-beginner1",practice-room-guitar-beginner1,16,337,4.75,8.3
"https://studionol.co.kr/ko/stories/practice-room-guitar-capo-techniques1",practice-room-guitar-capo-techniques1,16,1331,1.20,6.2
"https://studionol.co.kr/ko/stories/ssl-bus1",ssl-bus1,16,369,4.34,8.7
"https://studionol.co.kr/ko/stories/vocal-classification1",vocal-classification1,16,3364,0.48,7.4
"https://studionol.co.kr/ko/stories/vocal-fatigue1",vocal-fatigue1,16,434,3.69,20.0
"https://studionol.co.kr/ko/stories/voicecare1",voicecare1,16,500,3.20,6.9
"https://studionol.co.kr/ko/stories/album-release1",album-release1,15,809,1.85,14.9
"https://studionol.co.kr/ko/stories/belting1",belting1,15,1292,1.16,7.0
"https://studionol.co.kr/ko/stories/broadcast-music1",broadcast-music1,15,1255,1.20,6.2
"https://studionol.co.kr/ko/stories/daw-template1",daw-template1,15,288,5.21,6.5
"https://studionol.co.kr/ko/stories/mixing11",mixing11,15,861,1.74,4.6
"https://studionol.co.kr/ko/stories/practice-room-drum-cymbal-techniques1",practice-room-drum-cymbal-techniques1,15,1435,1.05,7.5
"https://studionol.co.kr/ko/stories/practice-room-drum-snare-techniques1",practice-room-drum-snare-techniques1,15,904,1.66,6.6
"https://studionol.co.kr/ko/stories/practice-room-drum-speed-training1",practice-room-drum-speed-training1,15,283,5.30,6.9
"https://studionol.co.kr/ko/stories/practice-room-guitar-improv1",practice-room-guitar-improv1,15,309,4.85,8.0
"https://studionol.co.kr/ko/stories/practice-room-unmanned1",practice-room-unmanned1,15,242,6.20,6.1
"https://studionol.co.kr/ko/stories/resonance1",resonance1,15,545,2.75,6.3
"https://studionol.co.kr/ko/stories/worship-recording1",worship-recording1,15,388,3.87,20.5
"https://studionol.co.kr/ko/stories/lesson-price-market-2026",lesson-price-market-2026,14,504,2.78,6.3
"https://studionol.co.kr/ko/stories/music-tax1",music-tax1,14,187,7.49,5.8
"https://studionol.co.kr/ko/stories/orchestration1",orchestration1,14,868,1.61,7.8
"https://studionol.co.kr/ko/stories/practice-room-guitar-archtop1",practice-room-guitar-archtop1,14,445,3.15,8.7
"https://studionol.co.kr/ko/stories/practice-room-guitar-blues-licks1",practice-room-guitar-blues-licks1,14,302,4.64,6.4
"https://studionol.co.kr/ko/stories/practice-room-guitar-bossa1",practice-room-guitar-bossa1,14,556,2.52,7.4
"https://studionol.co.kr/ko/stories/practice-room-ilsan1",practice-room-ilsan1,14,134,10.45,7.2
"https://studionol.co.kr/ko/stories/practice-room-vocal-whistle1",practice-room-vocal-whistle1,14,950,1.47,6.6
"https://studionol.co.kr/ko/stories/rap1",rap1,14,946,1.48,6.7
"https://studionol.co.kr/ko/stories/reaper1",reaper1,14,696,2.01,7.5
"https://studionol.co.kr/ko/stories/studio-monitor1",studio-monitor1,14,253,5.53,9.2
"https://studionol.co.kr/ko/stories/sungak1",sungak1,14,519,2.70,14.1
"https://studionol.co.kr/ko/stories/vocal-warmup1",vocal-warmup1,14,650,2.15,6.6
"https://studionol.co.kr/ko/stories/contract1",contract1,13,615,2.11,6.2
"https://studionol.co.kr/ko/stories/de-esser1",de-esser1,13,536,2.43,6.1
"https://studionol.co.kr/ko/stories/incheon1",incheon1,13,587,2.21,9.4
"https://studionol.co.kr/ko/stories/mictechnique1",mictechnique1,13,365,3.56,7.4
"https://studionol.co.kr/ko/stories/playlist1",playlist1,13,280,4.64,27.6
"https://studionol.co.kr/ko/stories/practice-room-bass-octave1",practice-room-bass-octave1,13,403,3.23,7.5
"https://studionol.co.kr/ko/stories/practice-room-ear-training1",practice-room-ear-training1,13,973,1.34,7.3
"https://studionol.co.kr/ko/stories/practice-room-guitar-blues-scale1",practice-room-guitar-blues-scale1,13,521,2.50,6.5
"https://studionol.co.kr/ko/stories/practice-room-midi1",practice-room-midi1,13,354,3.67,8.1
"https://studionol.co.kr/ko/stories/practice-room-piano-comping1",practice-room-piano-comping1,13,548,2.37,7.3
"https://studionol.co.kr/ko/stories/practice-room-sangam1",practice-room-sangam1,13,206,6.31,6.4
"https://studionol.co.kr/ko/stories/practice-room-vocal-articulation1",practice-room-vocal-articulation1,13,447,2.91,7.6
"https://studionol.co.kr/ko/stories/practice-room-vs-rehearsal1",practice-room-vs-rehearsal1,13,320,4.06,8.3
"https://studionol.co.kr/ko/stories/pricing1",pricing1,13,857,1.52,6.3
"https://studionol.co.kr/ko/guides/home-recording-survival",,12,133,9.02,6.1
"https://studionol.co.kr/ko/stories/backing-vocal1",backing-vocal1,12,690,1.74,7.5
"https://studionol.co.kr/ko/stories/band1",band1,12,238,5.04,8.7
"https://studionol.co.kr/ko/stories/daw-comparison1",daw-comparison1,12,497,2.41,20.4
"https://studionol.co.kr/ko/stories/guitar-recording1",guitar-recording1,12,369,3.25,7.7
"https://studionol.co.kr/ko/stories/kpop-trainee1",kpop-trainee1,12,1577,0.76,6.6
"https://studionol.co.kr/ko/stories/practice-room-bulgwang1",practice-room-bulgwang1,12,161,7.45,8.1
"https://studionol.co.kr/ko/stories/practice-room-drum-double-kick1",practice-room-drum-double-kick1,12,710,1.69,7.7
"https://studionol.co.kr/ko/stories/practice-room-guitar-chord-prog1",practice-room-guitar-chord-prog1,12,775,1.55,7.1
"https://studionol.co.kr/ko/stories/practice-room-guitar-volume-swell1",practice-room-guitar-volume-swell1,12,353,3.40,6.1
"https://studionol.co.kr/ko/stories/practice-room-night1",practice-room-night1,12,312,3.85,7.4
"https://studionol.co.kr/ko/stories/practice-room-piano-beginner-adult1",practice-room-piano-beginner-adult1,12,236,5.08,7.6
"https://studionol.co.kr/ko/stories/practice-room-piano-lead-sheet-improvisation1",practice-room-piano-lead-sheet-improvisation1,12,593,2.02,6.3
"https://studionol.co.kr/ko/stories/practice-room-piano-rhythm-patterns1",practice-room-piano-rhythm-patterns1,12,313,3.83,6.5
"https://studionol.co.kr/ko/stories/practice-room-rhythm1",practice-room-rhythm1,12,689,1.74,7.1
"https://studionol.co.kr/ko/stories/stage-vocal1",stage-vocal1,12,369,3.25,24.2
"https://studionol.co.kr/ko/stories/trap-production1",trap-production1,12,1247,0.96,7.3
"https://studionol.co.kr/ko/stories/voice-acting1",voice-acting1,12,466,2.58,7.7
"https://studionol.co.kr/ko/stories/youtube-shorts1",youtube-shorts1,12,704,1.70,7.5
"https://studionol.co.kr/ko/stories/ai-music1",ai-music1,11,676,1.63,11.0
"https://studionol.co.kr/ko/stories/album-artwork1",album-artwork1,11,443,2.48,7.5
"https://studionol.co.kr/ko/stories/eartraining1",eartraining1,11,312,3.53,7.0
"https://studionol.co.kr/ko/stories/in-ear-monitor1",in-ear-monitor1,11,159,6.92,6.4
"https://studionol.co.kr/ko/stories/lofi-music1",lofi-music1,11,266,4.14,6.5
"https://studionol.co.kr/ko/stories/mix-checklist1",mix-checklist1,11,200,5.50,7.4
"https://studionol.co.kr/ko/stories/music-analytics1",music-analytics1,11,181,6.08,8.6
"https://studionol.co.kr/ko/stories/practice-room-bass-extended-range1",practice-room-bass-extended-range1,11,724,1.52,7.6
"https://studionol.co.kr/ko/stories/practice-room-bass-harmonics1",practice-room-bass-harmonics1,11,571,1.93,13.8
"https://studionol.co.kr/ko/stories/practice-room-bass-theory-harmony1",practice-room-bass-theory-harmony1,11,253,4.35,6.7
"https://studionol.co.kr/ko/stories/practice-room-cello1",practice-room-cello1,11,227,4.85,7.3
"https://studionol.co.kr/ko/stories/practice-room-goyang1",practice-room-goyang1,11,218,5.05,6.9
"https://studionol.co.kr/ko/stories/practice-room-guitar-bends1",practice-room-guitar-bends1,11,1030,1.07,7.4
"https://studionol.co.kr/ko/stories/practice-room-piano-quartal1",practice-room-piano-quartal1,11,86,12.79,5.1
"https://studionol.co.kr/ko/stories/practice-room-piano-sight-reading1",practice-room-piano-sight-reading1,11,292,3.77,6.1
"https://studionol.co.kr/ko/stories/practice-room-vocal-diction1",practice-room-vocal-diction1,11,5673,0.19,5.4
"https://studionol.co.kr/ko/stories/room-acoustic1",room-acoustic1,11,116,9.48,7.0
"https://studionol.co.kr/ko/stories/sample-rate1",sample-rate1,11,903,1.22,15.9
"https://studionol.co.kr/ko/stories/saturation1",saturation1,11,382,2.88,7.9
"https://studionol.co.kr/ko/stories/streaming-algorithm1",streaming-algorithm1,11,1067,1.03,7.0
"https://studionol.co.kr/ko/stories/streaming-optimization1",streaming-optimization1,11,690,1.59,8.7
"https://studionol.co.kr/ko/stories/vocal-fry1",vocal-fry1,11,1192,0.92,13.6
"https://studionol.co.kr/ko/stories/vocal-lesson1",vocal-lesson1,11,572,1.92,17.2
"https://studionol.co.kr/ko/stories/vocal-practice-routine1",vocal-practice-routine1,11,121,9.09,9.3
"https://studionol.co.kr/ko/stories/band-arrangement1",band-arrangement1,10,642,1.56,7.0
"https://studionol.co.kr/ko/stories/demotrack1",demotrack1,10,261,3.83,7.2
"https://studionol.co.kr/ko/stories/live-performance1",live-performance1,10,446,2.24,7.9
"https://studionol.co.kr/ko/stories/mixing-vs-mastering1",mixing-vs-mastering1,10,311,3.22,8.1
"https://studionol.co.kr/ko/stories/music-management1",music-management1,10,453,2.21,5.8
"https://studionol.co.kr/ko/stories/music-sns1",music-sns1,10,411,2.43,8.3
"https://studionol.co.kr/ko/stories/practice-room-bass-fretless1",practice-room-bass-fretless1,10,361,2.77,7.8
"https://studionol.co.kr/ko/stories/practice-room-guitar-solo1",practice-room-guitar-solo1,10,262,3.82,6.9
"https://studionol.co.kr/ko/stories/practice-room-guitar-vibrato1",practice-room-guitar-vibrato1,10,234,4.27,8.2
"https://studionol.co.kr/ko/stories/practice-room-jichuk1",practice-room-jichuk1,10,64,15.63,6.6
"https://studionol.co.kr/ko/stories/practice-room-piano-sight-adv1",practice-room-piano-sight-adv1,10,347,2.88,7.7
"https://studionol.co.kr/ko/stories/practice-room-storage1",practice-room-storage1,10,178,5.62,8.2
"https://studionol.co.kr/ko/stories/practice-room-vocal-range1",practice-room-vocal-range1,10,906,1.10,8.6
"https://studionol.co.kr/ko/stories/practice-room-wind1",practice-room-wind1,10,202,4.95,7.0
"https://studionol.co.kr/ko/stories/transient1",transient1,10,1138,0.88,6.7
"https://studionol.co.kr/ko/stories/trot-vocal1",trot-vocal1,10,244,4.10,5.4
"https://studionol.co.kr/ko/stories/acoustic-treatment1",acoustic-treatment1,9,86,10.47,10.4
"https://studionol.co.kr/ko/stories/brass-arrangement1",brass-arrangement1,9,698,1.29,7.2
"https://studionol.co.kr/ko/stories/commission1",commission1,9,229,3.93,7.4
"https://studionol.co.kr/ko/stories/cover-song1",cover-song1,9,112,8.04,13.7
"https://studionol.co.kr/ko/stories/diaphragm1",diaphragm1,9,449,2.00,10.4
"https://studionol.co.kr/ko/stories/practice-room-bass-fingerstyle-technique1",practice-room-bass-fingerstyle-technique1,9,299,3.01,7.4
"https://studionol.co.kr/ko/stories/practice-room-bass-metal-rock1",practice-room-bass-metal-rock1,9,159,5.66,5.8
"https://studionol.co.kr/ko/stories/practice-room-drum-cajon1",practice-room-drum-cajon1,9,480,1.88,7.1
"https://studionol.co.kr/ko/stories/practice-room-electric-guitar1",practice-room-electric-guitar1,9,205,4.39,9.7
"https://studionol.co.kr/ko/stories/practice-room-entrance1",practice-room-entrance1,9,121,7.44,7.1
"https://studionol.co.kr/ko/stories/practice-room-guitar-chord21",practice-room-guitar-chord21,9,886,1.02,7.6
"https://studionol.co.kr/ko/stories/practice-room-guitar-country-chicken-picking1",practice-room-guitar-country-chicken-picking1,9,185,4.86,6.2
"https://studionol.co.kr/ko/stories/practice-room-guitar-whammy-bar1",practice-room-guitar-whammy-bar1,9,413,2.18,5.7
"https://studionol.co.kr/ko/stories/practice-room-guitar-whammy1",practice-room-guitar-whammy1,9,226,3.98,7.1
"https://studionol.co.kr/ko/stories/practice-room-keyboard-synth1",practice-room-keyboard-synth1,9,462,1.95,7.9
"https://studionol.co.kr/ko/stories/practice-room-piano-beginner1",practice-room-piano-beginner1,9,225,4.00,7.3
"https://studionol.co.kr/ko/stories/practice-room-piano-classical1",practice-room-piano-classical1,9,356,2.53,8.6
"https://studionol.co.kr/ko/stories/practice-room-piano-latin-rhythms1",practice-room-piano-latin-rhythms1,9,180,5.00,6.4
"https://studionol.co.kr/ko/stories/practice-room-trumpet1",practice-room-trumpet1,9,135,6.67,7.7
"https://studionol.co.kr/ko/stories/practice-room-vocal-power1",practice-room-vocal-power1,9,1286,0.70,6.4
"https://studionol.co.kr/ko/stories/practice-room-vs-home1",practice-room-vs-home1,9,34,26.47,7.6
"https://studionol.co.kr/ko/stories/stemfile1",stemfile1,9,479,1.88,8.3
"https://studionol.co.kr/ko/stories/synth-programming1",synth-programming1,9,288,3.13,5.8
"https://studionol.co.kr/ko/stories/trot-music1",trot-music1,9,170,5.29,6.1
"https://studionol.co.kr/ko/stories/vocal-phrasing1",vocal-phrasing1,9,499,1.80,17.6
"https://studionol.co.kr/ko/stories/vocal1",vocal1,9,365,2.47,7.1
"https://studionol.co.kr/ko/stories/ep-production1",ep-production1,8,3372,0.24,8.9
"https://studionol.co.kr/ko/stories/frequency-masking1",frequency-masking1,8,190,4.21,6.5
"https://studionol.co.kr/ko/stories/music-licensing1",music-licensing1,8,321,2.49,28.5
"https://studionol.co.kr/ko/stories/practice-room-bass-slap-advanced1",practice-room-bass-slap-advanced1,8,948,0.84,8.7
"https://studionol.co.kr/ko/stories/practice-room-drum-paradiddle1",practice-room-drum-paradiddle1,8,236,3.39,7.6
"https://studionol.co.kr/ko/stories/practice-room-rental1",practice-room-rental1,8,365,2.19,10.2
"https://studionol.co.kr/ko/stories/practice-room-vocal-resonance-chest1",practice-room-vocal-resonance-chest1,8,632,1.27,7.4
"https://studionol.co.kr/ko/stories/practice-room-vocal-resonance1",practice-room-vocal-resonance1,8,690,1.16,7.3
"https://studionol.co.kr/ko/stories/preamp1",preamp1,8,399,2.01,19.5
"https://studionol.co.kr/ko/stories/recording-cost1",recording-cost1,8,415,1.93,18.4
"https://studionol.co.kr/ko/stories/remotedir1",remotedir1,8,164,4.88,8.4
"https://studionol.co.kr/ko/stories/sidechain1",sidechain1,8,418,1.91,6.6
"https://studionol.co.kr/ko/stories/singer-songwriter1",singer-songwriter1,8,439,1.82,25.3
"https://studionol.co.kr/ko/stories/vibrato1",vibrato1,8,337,2.37,16.8
"https://studionol.co.kr/ko/stories/vocal-layering1",vocal-layering1,8,158,5.06,5.4
"https://studionol.co.kr/ko/wedding-song",,8,236,3.39,10.3
"https://studionol.co.kr/ko/stories/audition-vocal1",audition-vocal1,7,341,2.05,7.6
"https://studionol.co.kr/ko/stories/blues-music1",blues-music1,7,491,1.43,6.2
"https://studionol.co.kr/ko/stories/choir1",choir1,7,368,1.90,13.5
"https://studionol.co.kr/ko/stories/chord-progressions1",chord-progressions1,7,177,3.95,10.4
"https://studionol.co.kr/ko/stories/chorus-effect1",chorus-effect1,7,296,2.36,8.3
"https://studionol.co.kr/ko/stories/comping1",comping1,7,157,4.46,8.6
"https://studionol.co.kr/ko/stories/future-bass1",future-bass1,7,223,3.14,5.6
"https://studionol.co.kr/ko/stories/homestudio1",homestudio1,7,200,3.50,13.4
"https://studionol.co.kr/ko/stories/indie-production1",indie-production1,7,221,3.17,37.8
"https://studionol.co.kr/ko/stories/midi-composition1",midi-composition1,7,593,1.18,8.7
"https://studionol.co.kr/ko/stories/mixing9",mixing9,7,149,4.70,8.0
"https://studionol.co.kr/ko/stories/music-pr1",music-pr1,7,166,4.22,7.0
"https://studionol.co.kr/ko/stories/pitchtool1",pitchtool1,7,285,2.46,10.0
"https://studionol.co.kr/ko/stories/posture1",posture1,7,670,1.04,13.7
"https://studionol.co.kr/ko/stories/practice-room-bass-sustain1",practice-room-bass-sustain1,7,246,2.85,6.8
"https://studionol.co.kr/ko/stories/practice-room-drum-odd-time1",practice-room-drum-odd-time1,7,436,1.61,7.9
"https://studionol.co.kr/ko/stories/practice-room-drum-samba1",practice-room-drum-samba1,7,323,2.17,5.5
"https://studionol.co.kr/ko/stories/practice-room-equipment1",practice-room-equipment1,7,99,7.07,7.6
"https://studionol.co.kr/ko/stories/practice-room-eunpyeong1",practice-room-eunpyeong1,7,112,6.25,11.9
"https://studionol.co.kr/ko/stories/practice-room-guitar-flamenco1",practice-room-guitar-flamenco1,7,419,1.67,5.6
"https://studionol.co.kr/ko/stories/practice-room-guitar-mute1",practice-room-guitar-mute1,7,310,2.26,7.9
"https://studionol.co.kr/ko/stories/practice-room-guitar-pentatonic-modes1",practice-room-guitar-pentatonic-modes1,7,126,5.56,8.5
"https://studionol.co.kr/ko/stories/practice-room-piano-chord-voicings-advanced1",practice-room-piano-chord-voicings-advanced1,7,192,3.65,8.1
"https://studionol.co.kr/ko/stories/practice-room-stage-manner1",practice-room-stage-manner1,7,217,3.23,6.1
"https://studionol.co.kr/ko/stories/singswell1",singswell1,7,759,0.92,8.0
"https://studionol.co.kr/ko/stories/trap1",trap1,7,247,2.83,5.2
"https://studionol.co.kr/en/stories/recording-in-seoul-for-foreign-musicians",recording-in-seoul-for-foreign-musicians,6,101,5.94,5.9
"https://studionol.co.kr/ko/mixing-mastering",,6,127,4.72,9.2
"https://studionol.co.kr/ko/stories/brand-collab1",brand-collab1,6,222,2.70,6.3
"https://studionol.co.kr/ko/stories/bus-compression1",bus-compression1,6,197,3.05,6.6
"https://studionol.co.kr/ko/stories/ccm1",ccm1,6,117,5.13,7.7
"https://studionol.co.kr/ko/stories/clipper1",clipper1,6,344,1.74,6.8
"https://studionol.co.kr/ko/stories/concert-vocal1",concert-vocal1,6,174,3.45,38.7
"https://studionol.co.kr/ko/stories/hip-hop-vocal1",hip-hop-vocal1,6,294,2.04,8.3
"https://studionol.co.kr/ko/stories/hobbymusic1",hobbymusic1,6,261,2.30,10.8
"https://studionol.co.kr/ko/stories/mixdown1",mixdown1,6,260,2.31,8.9
"https://studionol.co.kr/ko/stories/mixing19",mixing19,6,3005,0.20,9.8
"https://studionol.co.kr/ko/stories/mixing5",mixing5,6,237,2.53,6.9
"https://studionol.co.kr/ko/stories/narration1",narration1,6,431,1.39,7.1
"https://studionol.co.kr/ko/stories/onlinelesson1",onlinelesson1,6,189,3.17,32.5
"https://studionol.co.kr/ko/stories/practice-room-band-vocal1",practice-room-band-vocal1,6,102,5.88,11.2
"https://studionol.co.kr/ko/stories/practice-room-bass-chord-melody1",practice-room-bass-chord-melody1,6,173,3.47,6.3
"https://studionol.co.kr/ko/stories/practice-room-bass-pick-fingerstyle1",practice-room-bass-pick-fingerstyle1,6,119,5.04,11.8
"https://studionol.co.kr/ko/stories/practice-room-deogyang1",practice-room-deogyang1,6,85,7.06,13.4
"https://studionol.co.kr/ko/stories/practice-room-drum-electronic1",practice-room-drum-electronic1,6,276,2.17,8.5
"https://studionol.co.kr/ko/stories/practice-room-drum-jazz-adv1",practice-room-drum-jazz-adv1,6,149,4.03,9.1
"https://studionol.co.kr/ko/stories/practice-room-drum-offbeat1",practice-room-drum-offbeat1,6,167,3.59,6.5
"https://studionol.co.kr/ko/stories/practice-room-drum-polyrhythm1",practice-room-drum-polyrhythm1,6,123,4.88,8.3
"https://studionol.co.kr/ko/stories/practice-room-guitar-blues-rhythm1",practice-room-guitar-blues-rhythm1,6,263,2.28,6.2
"https://studionol.co.kr/ko/stories/practice-room-guitar-chord-substitution1",practice-room-guitar-chord-substitution1,6,265,2.26,6.4
"https://studionol.co.kr/ko/stories/practice-room-guitar-fingerpicking-patterns1",practice-room-guitar-fingerpicking-patterns1,6,240,2.50,6.9
"https://studionol.co.kr/ko/stories/practice-room-guitar-stretch1",practice-room-guitar-stretch1,6,201,2.99,8.4
"https://studionol.co.kr/ko/stories/practice-room-percussion1",practice-room-percussion1,6,113,5.31,8.3
"https://studionol.co.kr/ko/stories/practice-room-piano-rubato1",practice-room-piano-rubato1,6,212,2.83,7.4
"https://studionol.co.kr/ko/stories/practice-room-piano-technique-adv1",practice-room-piano-technique-adv1,6,108,5.56,6.7
"https://studionol.co.kr/ko/stories/practice-room-piano-tremolo1",practice-room-piano-tremolo1,6,332,1.81,6.0
"https://studionol.co.kr/ko/stories/practice-room-ukulele1",practice-room-ukulele1,6,289,2.08,6.7
"https://studionol.co.kr/ko/stories/practice-room-wondang1",practice-room-wondang1,6,80,7.50,10.2
"https://studionol.co.kr/ko/stories/rhythm-training1",rhythm-training1,6,76,7.89,5.1
"https://studionol.co.kr/ko/stories/singing-lesson1",singing-lesson1,6,235,2.55,10.2
"https://studionol.co.kr/ko/stories/sound-design1",sound-design1,6,145,4.14,8.5
"https://studionol.co.kr/ko/stories/vocal-eq1",vocal-eq1,6,183,3.28,9.3
"https://studionol.co.kr/ko/stories/vocal-sleep1",vocal-sleep1,6,106,5.66,6.5
"https://studionol.co.kr/ko/stories/wedding-song-guide1",wedding-song-guide1,6,278,2.16,9.1
"https://studionol.co.kr/",,5,275,1.82,5.6
"https://studionol.co.kr/ko/pricing",,5,133,3.76,9.5
"https://studionol.co.kr/ko/stories/busking1",busking1,5,85,5.88,7.5
"https://studionol.co.kr/ko/stories/country-vocal1",country-vocal1,5,163,3.07,5.4
"https://studionol.co.kr/ko/stories/cubase1",cubase1,5,237,2.11,9.8
"https://studionol.co.kr/ko/stories/mic1",mic1,5,1050,0.48,6.3
"https://studionol.co.kr/ko/stories/music-crowdfunding1",music-crowdfunding1,5,370,1.35,21.4
"https://studionol.co.kr/ko/stories/music-producer1",music-producer1,5,419,1.19,7.5
"https://studionol.co.kr/ko/stories/musical-vocal1",musical-vocal1,5,70,7.14,5.6
"https://studionol.co.kr/ko/stories/practice-room-cajon1",practice-room-cajon1,5,147,3.40,7.6
"https://studionol.co.kr/ko/stories/practice-room-cooling1",practice-room-cooling1,5,92,5.43,7.9
"https://studionol.co.kr/ko/stories/practice-room-couple1",practice-room-couple1,5,96,5.21,9.4
"https://studionol.co.kr/ko/stories/practice-room-drum-groove1",practice-room-drum-groove1,5,114,4.39,10.1
"https://studionol.co.kr/ko/stories/practice-room-drum-latin-percussion1",practice-room-drum-latin-percussion1,5,132,3.79,5.7
"https://studionol.co.kr/ko/stories/practice-room-drum-metal-death1",practice-room-drum-metal-death1,5,143,3.50,9.4
"https://studionol.co.kr/ko/stories/practice-room-drum-rim-techniques1",practice-room-drum-rim-techniques1,5,581,0.86,6.4
"https://studionol.co.kr/ko/stories/practice-room-drum-snare1",practice-room-drum-snare1,5,597,0.84,6.8
"https://studionol.co.kr/ko/stories/practice-room-etiquette1",practice-room-etiquette1,5,177,2.82,5.0
"https://studionol.co.kr/ko/stories/practice-room-first1",practice-room-first1,5,177,2.82,7.1
"https://studionol.co.kr/ko/stories/practice-room-guitar-acoustic-fingerstyle1",practice-room-guitar-acoustic-fingerstyle1,5,300,1.67,6.4
"https://studionol.co.kr/ko/stories/practice-room-guitar-chord-adv1",practice-room-guitar-chord-adv1,5,91,5.49,7.1
"https://studionol.co.kr/ko/stories/practice-room-guitar-dobro1",practice-room-guitar-dobro1,5,125,4.00,6.2
"https://studionol.co.kr/ko/stories/practice-room-guitar-economy-picking1",practice-room-guitar-economy-picking1,5,443,1.13,7.8
"https://studionol.co.kr/ko/stories/practice-room-guitar-legato1",practice-room-guitar-legato1,5,159,3.14,6.4
"https://studionol.co.kr/ko/stories/practice-room-guitar-metal-distortion1",practice-room-guitar-metal-distortion1,5,131,3.82,6.4
"https://studionol.co.kr/ko/stories/practice-room-guitar-modal-playing1",practice-room-guitar-modal-playing1,5,41,12.20,8.8
"https://studionol.co.kr/ko/stories/practice-room-guitar-neo-soul1",practice-room-guitar-neo-soul1,5,72,6.94,5.1
"https://studionol.co.kr/ko/stories/practice-room-guitar-theory-modes1",practice-room-guitar-theory-modes1,5,84,5.95,11.4
"https://studionol.co.kr/ko/stories/practice-room-mix-voice1",practice-room-mix-voice1,5,175,2.86,8.4
"https://studionol.co.kr/ko/stories/practice-room-music-college1",practice-room-music-college1,5,271,1.85,7.8
"https://studionol.co.kr/ko/stories/practice-room-piano-classical-technique1",practice-room-piano-classical-technique1,5,165,3.03,7.7
"https://studionol.co.kr/ko/stories/practice-room-piano-comp-jazz1",practice-room-piano-comp-jazz1,5,189,2.65,8.1
"https://studionol.co.kr/ko/stories/practice-room-piano-rhythm-training1",practice-room-piano-rhythm-training1,5,165,3.03,7.5
"https://studionol.co.kr/ko/stories/practice-room-piano-touch1",practice-room-piano-touch1,5,397,1.26,8.5
"https://studionol.co.kr/ko/stories/practice-room-piano-worship1",practice-room-piano-worship1,5,80,6.25,11.4
"https://studionol.co.kr/ko/stories/practice-room-samsong1",practice-room-samsong1,5,90,5.56,8.5
"https://studionol.co.kr/ko/stories/practice-room-string1",practice-room-string1,5,143,3.50,7.7
"https://studionol.co.kr/ko/stories/practice-room-vocal-chest-voice1",practice-room-vocal-chest-voice1,5,181,2.76,8.5
"https://studionol.co.kr/ko/stories/practice-room-vocal-vowel-modification1",practice-room-vocal-vowel-modification1,5,153,3.27,9.0
"https://studionol.co.kr/ko/stories/practice-room-voice-health1",practice-room-voice-health1,5,242,2.07,10.0
"https://studionol.co.kr/ko/stories/rock-production1",rock-production1,5,49,10.20,6.3
"https://studionol.co.kr/ko/stories/spectrum-analyzer1",spectrum-analyzer1,5,116,4.31,9.4
"https://studionol.co.kr/ko/stories/sync-licensing1",sync-licensing1,5,146,3.42,6.1
"https://studionol.co.kr/ko/stories/track-order1",track-order1,5,489,1.02,6.4
"https://studionol.co.kr/ko/stories/vocal-endurance1",vocal-endurance1,5,35,14.29,6.0
"https://studionol.co.kr/ko/stories/vocal-solo-recording1",vocal-solo-recording1,5,261,1.92,9.5
"https://studionol.co.kr/ko/stories/vocalcoach1",vocalcoach1,5,226,2.21,11.7
"https://studionol.co.kr/ko/contact",,4,381,1.05,5.5
"https://studionol.co.kr/ko/stories/acapella1",acapella1,4,88,4.55,6.0
"https://studionol.co.kr/ko/stories/chungnam1",chungnam1,4,63,6.35,8.7
"https://studionol.co.kr/ko/stories/diction1",diction1,4,397,1.01,7.2
"https://studionol.co.kr/ko/stories/indie-showcase1",indie-showcase1,4,138,2.90,57.1
"https://studionol.co.kr/ko/stories/latin-music1",latin-music1,4,129,3.10,6.8
"https://studionol.co.kr/ko/stories/mariko-yukie-namsan-tower",mariko-yukie-namsan-tower,4,67,5.97,8.0
"https://studionol.co.kr/ko/stories/melody-writing1",melody-writing1,4,285,1.40,7.1
"https://studionol.co.kr/ko/stories/midi-arrangement1",midi-arrangement1,4,222,1.80,8.3
"https://studionol.co.kr/ko/stories/mix-delivery1",mix-delivery1,4,157,2.55,9.1
"https://studionol.co.kr/ko/stories/mixedvoice1",mixedvoice1,4,357,1.12,7.4
"https://studionol.co.kr/ko/stories/mixing-reference1",mixing-reference1,4,79,5.06,9.9
"https://studionol.co.kr/ko/stories/mixing1",mixing1,4,767,0.52,10.1
"https://studionol.co.kr/ko/stories/mixing16",mixing16,4,121,3.31,7.5
"https://studionol.co.kr/ko/stories/mixing2",mixing2,4,232,1.72,9.5
"https://studionol.co.kr/ko/stories/mixing7",mixing7,4,302,1.32,12.5
"https://studionol.co.kr/ko/stories/music-merchandise1",music-merchandise1,4,360,1.11,6.7
"https://studionol.co.kr/ko/stories/music-network1",music-network1,4,88,4.55,33.7
"https://studionol.co.kr/ko/stories/neo-soul1",neo-soul1,4,144,2.78,6.5
"https://studionol.co.kr/ko/stories/onlinemix1",onlinemix1,4,36,11.11,8.7
"https://studionol.co.kr/ko/stories/pitch-training1",pitch-training1,4,220,1.82,8.0
"https://studionol.co.kr/ko/stories/podcast1",podcast1,4,170,2.35,20.1
"https://studionol.co.kr/ko/stories/practice-room-adult-beginner1",practice-room-adult-beginner1,4,95,4.21,12.7
"https://studionol.co.kr/ko/stories/practice-room-bass-jazz1",practice-room-bass-jazz1,4,70,5.71,8.4
"https://studionol.co.kr/ko/stories/practice-room-bass-root-fifth1",practice-room-bass-root-fifth1,4,295,1.36,8.6
"https://studionol.co.kr/ko/stories/practice-room-drum-funk1",practice-room-drum-funk1,4,64,6.25,6.8
"https://studionol.co.kr/ko/stories/practice-room-drum-groove-pocket1",practice-room-drum-groove-pocket1,4,162,2.47,6.3
"https://studionol.co.kr/ko/stories/practice-room-drum-rimshot-adv1",practice-room-drum-rimshot-adv1,4,232,1.72,6.2
"https://studionol.co.kr/ko/stories/practice-room-eungam1",practice-room-eungam1,4,82,4.88,8.6
"https://studionol.co.kr/ko/stories/practice-room-fingerstyle1",practice-room-fingerstyle1,4,109,3.67,8.9
"https://studionol.co.kr/ko/stories/practice-room-guitar-arpeggios1",practice-room-guitar-arpeggios1,4,126,3.17,6.1
"https://studionol.co.kr/ko/stories/practice-room-guitar-chord-melody1",practice-room-guitar-chord-melody1,4,85,4.71,8.2
"https://studionol.co.kr/ko/stories/practice-room-guitar-hybrid1",practice-room-guitar-hybrid1,4,59,6.78,5.1
"https://studionol.co.kr/ko/stories/practice-room-guitar-open-tuning1",practice-room-guitar-open-tuning1,4,167,2.40,8.4
"https://studionol.co.kr/ko/stories/practice-room-gupabal1",practice-room-gupabal1,4,113,3.54,8.3
"https://studionol.co.kr/ko/stories/practice-room-idol1",practice-room-idol1,4,478,0.84,6.3
"https://studionol.co.kr/ko/stories/practice-room-journal1",practice-room-journal1,4,238,1.68,7.6
"https://studionol.co.kr/ko/stories/practice-room-livestream1",practice-room-livestream1,4,88,4.55,6.4
"https://studionol.co.kr/ko/stories/practice-room-piano-intro-outro1",practice-room-piano-intro-outro1,4,125,3.20,10.5
"https://studionol.co.kr/ko/stories/practice-room-piano-jazz-chord1",practice-room-piano-jazz-chord1,4,74,5.41,8.2
"https://studionol.co.kr/ko/stories/practice-room-piano-jazz-standard-analysis1",practice-room-piano-jazz-standard-analysis1,4,103,3.88,6.6
"https://studionol.co.kr/ko/stories/practice-room-piano-technique21",practice-room-piano-technique21,4,82,4.88,10.4
"https://studionol.co.kr/ko/stories/practice-room-piano-two-hand-independence1",practice-room-piano-two-hand-independence1,4,96,4.17,6.7
"https://studionol.co.kr/ko/stories/practice-room-piano-voicing1",practice-room-piano-voicing1,4,141,2.84,9.0
"https://studionol.co.kr/ko/stories/practice-room-stamina1",practice-room-stamina1,4,66,6.06,7.5
"https://studionol.co.kr/ko/stories/practice-room-vocal-acappella-group1",practice-room-vocal-acappella-group1,4,194,2.06,7.4
"https://studionol.co.kr/ko/stories/practice-room-vocal-harmony-ensemble1",practice-room-vocal-harmony-ensemble1,4,232,1.72,6.7
"https://studionol.co.kr/ko/stories/practice-room-vocal-jazz-scat1",practice-room-vocal-jazz-scat1,4,144,2.78,11.8
"https://studionol.co.kr/ko/stories/practice-room-voice-training1",practice-room-voice-training1,4,99,4.04,6.9
"https://studionol.co.kr/ko/stories/recording-anxiety1",recording-anxiety1,4,150,2.67,6.7
"https://studionol.co.kr/ko/stories/shorts-reels-music1",shorts-reels-music1,4,443,0.90,8.1
"https://studionol.co.kr/ko/stories/spatial-audio1",spatial-audio1,4,780,0.51,7.0
"https://studionol.co.kr/ko/stories/strings-recording1",strings-recording1,4,100,4.00,6.6
"https://studionol.co.kr/ko/stories/tiktok-music1",tiktok-music1,4,250,1.60,37.7
"https://studionol.co.kr/ko/stories/vocal-agility1",vocal-agility1,4,86,4.65,6.1
"https://studionol.co.kr/ko/stories/vocal-breath1",vocal-breath1,4,231,1.73,27.5
"https://studionol.co.kr/ko/stories/vocal-editing1",vocal-editing1,4,242,1.65,8.3
"https://studionol.co.kr/ko/stories/vocal-health1",vocal-health1,4,437,0.92,8.0
"https://studionol.co.kr/ko/stories/vocal-runs1",vocal-runs1,4,83,4.82,6.3
"https://studionol.co.kr/ko/stories/yeonsinnae-recording-studio-pricing-guide",yeonsinnae-recording-studio-pricing-guide,4,239,1.67,6.1
"https://studionol.co.kr/en/pricing",,3,152,1.97,3.9
"https://studionol.co.kr/ko/about",,3,394,0.76,4.5
"https://studionol.co.kr/ko/stories/album1",album1,3,147,2.04,11.3
"https://studionol.co.kr/ko/stories/ccm-vocal1",ccm-vocal1,3,73,4.11,11.8
"https://studionol.co.kr/ko/stories/daejeon1",daejeon1,3,435,0.69,10.6
"https://studionol.co.kr/ko/stories/dynamics1",dynamics1,3,95,3.16,6.2
"https://studionol.co.kr/ko/stories/ep-album1",ep-album1,3,112,2.68,5.6
"https://studionol.co.kr/ko/stories/gangwon1",gangwon1,3,96,3.13,7.3
"https://studionol.co.kr/ko/stories/hiphop-production1",hiphop-production1,3,128,2.34,6.5
"https://studionol.co.kr/ko/stories/home-vs-studio1",home-vs-studio1,3,72,4.17,10.7
"https://studionol.co.kr/ko/stories/interface1",interface1,3,127,2.36,10.3
"https://studionol.co.kr/ko/stories/interview2",interview2,3,142,2.11,14.8
"https://studionol.co.kr/ko/stories/jazz-production1",jazz-production1,3,68,4.41,9.2
"https://studionol.co.kr/ko/stories/jeonbuk1",jeonbuk1,3,166,1.81,34.5
"https://studionol.co.kr/ko/stories/kpop-audition1",kpop-audition1,3,145,2.07,7.6
"https://studionol.co.kr/ko/stories/live-streaming-music1",live-streaming-music1,3,225,1.33,8.3
"https://studionol.co.kr/ko/stories/midirecord1",midirecord1,3,84,3.57,6.5
"https://studionol.co.kr/ko/stories/parallel-compression1",parallel-compression1,3,153,1.96,59.2
"https://studionol.co.kr/ko/stories/practice-room-accompanist1",practice-room-accompanist1,3,86,3.49,7.5
"https://studionol.co.kr/ko/stories/practice-room-arts-high1",practice-room-arts-high1,3,85,3.53,7.2
"https://studionol.co.kr/ko/stories/practice-room-bass-orchestral1",practice-room-bass-orchestral1,3,326,0.92,7.6
"https://studionol.co.kr/ko/stories/practice-room-bass-root-adv1",practice-room-bass-root-adv1,3,50,6.00,7.5
"https://studionol.co.kr/ko/stories/practice-room-bass-slap-pop1",practice-room-bass-slap-pop1,3,211,1.42,6.9
"https://studionol.co.kr/ko/stories/practice-room-bass-slap1",practice-room-bass-slap1,3,55,5.45,16.0
"https://studionol.co.kr/ko/stories/practice-room-demo1",practice-room-demo1,3,33,9.09,12.4
"https://studionol.co.kr/ko/stories/practice-room-drum-brushes-advanced1",practice-room-drum-brushes-advanced1,3,99,3.03,6.2
"https://studionol.co.kr/ko/stories/practice-room-drum-brushwork-jazz-waltz1",practice-room-drum-brushwork-jazz-waltz1,3,415,0.72,7.4
"https://studionol.co.kr/ko/stories/practice-room-drum-cymbal1",practice-room-drum-cymbal1,3,272,1.10,9.1
"https://studionol.co.kr/ko/stories/practice-room-drum-jazz-brushwork-bossa1",practice-room-drum-jazz-brushwork-bossa1,3,276,1.09,6.5
"https://studionol.co.kr/ko/stories/practice-room-guitar-ambient-textures1",practice-room-guitar-ambient-textures1,3,164,1.83,8.4
"https://studionol.co.kr/ko/stories/practice-room-guitar-delta-blues1",practice-room-guitar-delta-blues1,3,50,6.00,7.6
"https://studionol.co.kr/ko/stories/practice-room-guitar-fingerpicking-travis1",practice-room-guitar-fingerpicking-travis1,3,62,4.84,5.4
"https://studionol.co.kr/ko/stories/practice-room-guitar-fingerstyle-adv1",practice-room-guitar-fingerstyle-adv1,3,71,4.23,9.2
"https://studionol.co.kr/ko/stories/practice-room-guitar-hybrid-picking1",practice-room-guitar-hybrid-picking1,3,112,2.68,5.5
"https://studionol.co.kr/ko/stories/practice-room-guitar-jazz-bebop1",practice-room-guitar-jazz-bebop1,3,37,8.11,10.4
"https://studionol.co.kr/ko/stories/practice-room-guitar-jazz-chord-melody1",practice-room-guitar-jazz-chord-melody1,3,74,4.05,7.0
"https://studionol.co.kr/ko/stories/practice-room-guitar-slide-advanced1",practice-room-guitar-slide-advanced1,3,424,0.71,7.8
"https://studionol.co.kr/ko/stories/practice-room-guitar-tapping1",practice-room-guitar-tapping1,3,106,2.83,8.0
"https://studionol.co.kr/ko/stories/practice-room-gusan1",practice-room-gusan1,3,41,7.32,9.2
"https://studionol.co.kr/ko/stories/practice-room-hapjeong1",practice-room-hapjeong1,3,48,6.25,6.2
"https://studionol.co.kr/ko/stories/practice-room-hobby1",practice-room-hobby1,3,63,4.76,9.2
"https://studionol.co.kr/ko/stories/practice-room-jazz-piano1",practice-room-jazz-piano1,3,81,3.70,11.7
"https://studionol.co.kr/ko/stories/practice-room-jazz-theory1",practice-room-jazz-theory1,3,66,4.55,8.5
"https://studionol.co.kr/ko/stories/practice-room-lesson1",practice-room-lesson1,3,69,4.35,9.8
"https://studionol.co.kr/ko/stories/practice-room-office-worker1",practice-room-office-worker1,3,34,8.82,14.2
"https://studionol.co.kr/ko/stories/practice-room-piano-boogie-woogie1",practice-room-piano-boogie-woogie1,3,127,2.36,7.7
"https://studionol.co.kr/ko/stories/practice-room-piano-chord-voicing1",practice-room-piano-chord-voicing1,3,177,1.69,10.4
"https://studionol.co.kr/ko/stories/practice-room-piano-chromatic1",practice-room-piano-chromatic1,3,149,2.01,6.3
"https://studionol.co.kr/ko/stories/practice-room-piano-etude1",practice-room-piano-etude1,3,101,2.97,7.8
"https://studionol.co.kr/ko/stories/practice-room-piano-gospel-organ1",practice-room-piano-gospel-organ1,3,82,3.66,8.0
"https://studionol.co.kr/ko/stories/practice-room-piano-improv-blues1",practice-room-piano-improv-blues1,3,146,2.05,7.1
"https://studionol.co.kr/ko/stories/practice-room-piano-inner-voice1",practice-room-piano-inner-voice1,3,168,1.79,5.2
"https://studionol.co.kr/ko/stories/practice-room-piano-key-signature1",practice-room-piano-key-signature1,3,266,1.13,7.1
"https://studionol.co.kr/ko/stories/practice-room-piano-left-hand1",practice-room-piano-left-hand1,3,189,1.59,6.7
"https://studionol.co.kr/ko/stories/practice-room-piano-stride-beginner1",practice-room-piano-stride-beginner1,3,104,2.88,6.1
"https://studionol.co.kr/ko/stories/practice-room-piano-wedding1",practice-room-piano-wedding1,3,202,1.49,9.3
"https://studionol.co.kr/ko/stories/practice-room-private1",practice-room-private1,3,72,4.17,7.8
"https://studionol.co.kr/ko/stories/practice-room-rappers1",practice-room-rappers1,3,64,4.69,7.8
"https://studionol.co.kr/ko/stories/practice-room-speed1",practice-room-speed1,3,247,1.21,6.0
"https://studionol.co.kr/ko/stories/practice-room-vocal-pitch-training1",practice-room-vocal-pitch-training1,3,219,1.37,6.9
"https://studionol.co.kr/ko/stories/practice-room-vocal-rasp1",practice-room-vocal-rasp1,3,60,5.00,7.0
"https://studionol.co.kr/ko/stories/practice-room-vocal-rhythm1",practice-room-vocal-rhythm1,3,111,2.70,7.5
"https://studionol.co.kr/ko/stories/practice-room-vocal-sustain1",practice-room-vocal-sustain1,3,77,3.90,11.6
"https://studionol.co.kr/ko/stories/scat-singing1",scat-singing1,3,65,4.62,8.6
"https://studionol.co.kr/ko/stories/snsmusic1",snsmusic1,3,194,1.55,10.0
"https://studionol.co.kr/ko/stories/streaming1",streaming1,3,173,1.73,6.2
"https://studionol.co.kr/ko/stories/tutorial1",tutorial1,3,52,5.77,4.3
"https://studionol.co.kr/ko/stories/vocal-performance1",vocal-performance1,3,131,2.29,68.9
"https://studionol.co.kr/ko/stories/voice-actor-demo1",voice-actor-demo1,3,391,0.77,8.4
"https://studionol.co.kr/ko/stories/warmup1",warmup1,3,53,5.66,7.7
"https://studionol.co.kr/ko/stories/wedding2",wedding2,3,112,2.68,8.2
"https://studionol.co.kr/ko/stories/youtube1",youtube1,3,156,1.92,9.4
"https://studionol.co.kr/ko/guides/cover-video-production",,2,107,1.87,7.2
"https://studionol.co.kr/ko/lesson",,2,141,1.42,6.0
"https://studionol.co.kr/ko/recording",,2,589,0.34,8.9
"https://studionol.co.kr/ko/release-project",,2,130,1.54,29.8
"https://studionol.co.kr/ko/stories/arrangement1",arrangement1,2,108,1.85,7.0
"https://studionol.co.kr/ko/stories/audiobook-narration-recording-cost-time",audiobook-narration-recording-cost-time,2,216,0.93,7.0
"https://studionol.co.kr/ko/stories/audioformat1",audioformat1,2,541,0.37,12.9
"https://studionol.co.kr/ko/stories/audition1",audition1,2,102,1.96,6.2
"https://studionol.co.kr/ko/stories/ballad-vocal1",ballad-vocal1,2,110,1.82,18.4
"https://studionol.co.kr/ko/stories/booking1",booking1,2,72,2.78,5.7
"https://studionol.co.kr/ko/stories/children1",children1,2,41,4.88,14.2
"https://studionol.co.kr/ko/stories/demo-tape1",demo-tape1,2,129,1.55,5.5
"https://studionol.co.kr/ko/stories/ear-fatigue1",ear-fatigue1,2,42,4.76,6.3
"https://studionol.co.kr/ko/stories/eq-guide1",eq-guide1,2,106,1.89,9.3
"https://studionol.co.kr/ko/stories/folk1",folk1,2,86,2.33,9.4
"https://studionol.co.kr/ko/stories/funk-music1",funk-music1,2,154,1.30,7.7
"https://studionol.co.kr/ko/stories/game-music1",game-music1,2,214,0.93,47.6
"https://studionol.co.kr/ko/stories/harmony-singing1",harmony-singing1,2,42,4.76,6.2
"https://studionol.co.kr/ko/stories/headphone-mix1",headphone-mix1,2,21,9.52,7.6
"https://studionol.co.kr/ko/stories/jazz-chord1",jazz-chord1,2,107,1.87,10.4
"https://studionol.co.kr/ko/stories/karaoke-vs-studio1",karaoke-vs-studio1,2,171,1.17,8.0
"https://studionol.co.kr/ko/stories/lessonguide1",lessonguide1,2,85,2.35,8.9
"https://studionol.co.kr/ko/stories/mix-bus1",mix-bus1,2,56,3.57,7.0
"https://studionol.co.kr/ko/stories/mixing-mastering-price-by-track-count",mixing-mastering-price-by-track-count,2,60,3.33,6.2
"https://studionol.co.kr/ko/stories/music-collab1",music-collab1,2,69,2.90,11.9
"https://studionol.co.kr/ko/stories/music-income1",music-income1,2,135,1.48,8.8
"https://studionol.co.kr/ko/stories/overdubbing1",overdubbing1,2,225,0.89,6.3
"https://studionol.co.kr/ko/stories/practice-room-acoustic-guitar1",practice-room-acoustic-guitar1,2,84,2.38,7.2
"https://studionol.co.kr/ko/stories/practice-room-bass-gospel1",practice-room-bass-gospel1,2,71,2.82,9.0
"https://studionol.co.kr/ko/stories/practice-room-bass-neo-soul1",practice-room-bass-neo-soul1,2,39,5.13,6.7
"https://studionol.co.kr/ko/stories/practice-room-bass-reggae-dub1",practice-room-bass-reggae-dub1,2,14,14.29,6.8
"https://studionol.co.kr/ko/stories/practice-room-bass-rhythm-locking1",practice-room-bass-rhythm-locking1,2,46,4.35,8.8
"https://studionol.co.kr/ko/stories/practice-room-church1",practice-room-church1,2,64,3.13,12.6
"https://studionol.co.kr/ko/stories/practice-room-classical-guitar1",practice-room-classical-guitar1,2,63,3.17,9.0
"https://studionol.co.kr/ko/stories/practice-room-composition1",practice-room-composition1,2,80,2.50,11.2
"https://studionol.co.kr/ko/stories/practice-room-dokbawi1",practice-room-dokbawi1,2,30,6.67,22.5
"https://studionol.co.kr/ko/stories/practice-room-drum-accent1",practice-room-drum-accent1,2,71,2.82,8.4
"https://studionol.co.kr/ko/stories/practice-room-drum-count1",practice-room-drum-count1,2,172,1.16,22.5
"https://studionol.co.kr/ko/stories/practice-room-drum-fills-advanced1",practice-room-drum-fills-advanced1,2,62,3.23,7.4
"https://studionol.co.kr/ko/stories/practice-room-drum-fills-transitions1",practice-room-drum-fills-transitions1,2,169,1.18,7.3
"https://studionol.co.kr/ko/stories/practice-room-drum-jazz-ride1",practice-room-drum-jazz-ride1,2,71,2.82,7.4
"https://studionol.co.kr/ko/stories/practice-room-drum-jazz1",practice-room-drum-jazz1,2,141,1.42,8.6
"https://studionol.co.kr/ko/stories/practice-room-drum-metronome1",practice-room-drum-metronome1,2,77,2.60,6.6
"https://studionol.co.kr/ko/stories/practice-room-drum-polyrhythm-advanced1",practice-room-drum-polyrhythm-advanced1,2,96,2.08,5.3
"https://studionol.co.kr/ko/stories/practice-room-drum-rimshot1",practice-room-drum-rimshot1,2,101,1.98,9.4
"https://studionol.co.kr/ko/stories/practice-room-drum-speed1",practice-room-drum-speed1,2,78,2.56,10.0
"https://studionol.co.kr/ko/stories/practice-room-drum-timing1",practice-room-drum-timing1,2,30,6.67,4.3
"https://studionol.co.kr/ko/stories/practice-room-guitar-arpeggios-advanced1",practice-room-guitar-arpeggios-advanced1,2,59,3.39,12.8
"https://studionol.co.kr/ko/stories/practice-room-guitar-blues1",practice-room-guitar-blues1,2,96,2.08,7.3
"https://studionol.co.kr/ko/stories/practice-room-guitar-chord-arpeggio1",practice-room-guitar-chord-arpeggio1,2,118,1.69,8.3
"https://studionol.co.kr/ko/stories/practice-room-guitar-funk-rhythm1",practice-room-guitar-funk-rhythm1,2,50,4.00,8.9
"https://studionol.co.kr/ko/stories/practice-room-guitar-gypsy-jazz1",practice-room-guitar-gypsy-jazz1,2,170,1.18,8.5
"https://studionol.co.kr/ko/stories/practice-room-guitar-nylon1",practice-room-guitar-nylon1,2,105,1.90,8.6
"https://studionol.co.kr/ko/stories/practice-room-guitar-palm-muting1",practice-room-guitar-palm-muting1,2,21,9.52,8.4
"https://studionol.co.kr/ko/stories/practice-room-guitar-pentatonic-advanced1",practice-room-guitar-pentatonic-advanced1,2,95,2.11,7.2
"https://studionol.co.kr/ko/stories/practice-room-guitar-pinch-harmonic1",practice-room-guitar-pinch-harmonic1,2,94,2.13,7.5
"https://studionol.co.kr/ko/stories/practice-room-guitar-riff1",practice-room-guitar-riff1,2,90,2.22,7.8
"https://studionol.co.kr/ko/stories/practice-room-guitar-sweep-picking1",practice-room-guitar-sweep-picking1,2,98,2.04,7.7
"https://studionol.co.kr/ko/stories/practice-room-latin-music1",practice-room-latin-music1,2,104,1.92,9.5
"https://studionol.co.kr/ko/stories/practice-room-piano-cross-hand-technique1",practice-room-piano-cross-hand-technique1,2,64,3.13,5.6
"https://studionol.co.kr/ko/stories/practice-room-piano-dynamics1",practice-room-piano-dynamics1,2,138,1.45,5.2
"https://studionol.co.kr/ko/stories/practice-room-piano-ear-training1",practice-room-piano-ear-training1,2,37,5.41,6.4
"https://studionol.co.kr/ko/stories/practice-room-piano-gospel1",practice-room-piano-gospel1,2,53,3.77,6.8
"https://studionol.co.kr/ko/stories/practice-room-piano-improv1",practice-room-piano-improv1,2,106,1.89,7.2
"https://studionol.co.kr/ko/stories/practice-room-piano-interval1",practice-room-piano-interval1,2,83,2.41,8.0
"https://studionol.co.kr/ko/stories/practice-room-piano-leadsheet1",practice-room-piano-leadsheet1,2,267,0.75,8.5
"https://studionol.co.kr/ko/stories/practice-room-piano-pedal-technique1",practice-room-piano-pedal-technique1,2,177,1.13,7.5
"https://studionol.co.kr/ko/stories/practice-room-piano-pop-arrangement1",practice-room-piano-pop-arrangement1,2,42,4.76,6.9
"https://studionol.co.kr/ko/stories/practice-room-piano-rhythm1",practice-room-piano-rhythm1,2,16,12.50,6.3
"https://studionol.co.kr/ko/stories/practice-room-piano-scales-modes1",practice-room-piano-scales-modes1,2,73,2.74,8.4
"https://studionol.co.kr/ko/stories/practice-room-piano1",practice-room-piano1,2,97,2.06,8.9
"https://studionol.co.kr/ko/stories/practice-room-saejeol1",practice-room-saejeol1,2,43,4.65,11.0
"https://studionol.co.kr/ko/stories/practice-room-smart-practice1",practice-room-smart-practice1,2,66,3.03,8.1
"https://studionol.co.kr/ko/stories/practice-room-vocal-classical1",practice-room-vocal-classical1,2,703,0.28,5.2
"https://studionol.co.kr/ko/stories/practice-room-vocal-mic1",practice-room-vocal-mic1,2,67,2.99,7.2
"https://studionol.co.kr/ko/stories/practice-room-vocal-middle1",practice-room-vocal-middle1,2,31,6.45,16.6
"https://studionol.co.kr/ko/stories/practice-room-vocal-style1",practice-room-vocal-style1,2,123,1.63,9.4
"https://studionol.co.kr/ko/stories/practice-room-wonheung1",practice-room-wonheung1,2,68,2.94,14.2
"https://studionol.co.kr/ko/stories/practice-room-yeokchon1",practice-room-yeokchon1,2,28,7.14,9.2
"https://studionol.co.kr/ko/stories/recording-preparation1",recording-preparation1,2,41,4.88,20.5
"https://studionol.co.kr/ko/stories/release1",release1,2,80,2.50,6.8
"https://studionol.co.kr/ko/stories/rnb-production1",rnb-production1,2,177,1.13,33.9
"https://studionol.co.kr/ko/stories/soul-vocal1",soul-vocal1,2,31,6.45,5.0
"https://studionol.co.kr/ko/stories/streaming-revenue1",streaming-revenue1,2,305,0.66,34.1
"https://studionol.co.kr/ko/stories/string-arrangement1",string-arrangement1,2,28,7.14,5.2
"https://studionol.co.kr/ko/stories/studio-checklist1",studio-checklist1,2,135,1.48,59.1
"https://studionol.co.kr/ko/stories/vocal-improvisation1",vocal-improvisation1,2,59,3.39,4.0
"https://studionol.co.kr/ko/stories/vocal-prep1",vocal-prep1,2,90,2.22,7.1
"https://studionol.co.kr/ko/stories/wedding-song-fail1",wedding-song-fail1,2,81,2.47,9.3
"https://studionol.co.kr/ko/stories/wedding-song-recording-cost-comparison",wedding-song-recording-cost-comparison,2,70,2.86,8.3
"https://studionol.co.kr/ko/stories/yongsan-hyochang1",yongsan-hyochang1,2,13,15.38,5.1
"https://studionol.co.kr/ko/studio-info",,2,311,0.64,11.8
"https://studionol.co.kr/en/mixing-mastering",,1,21,4.76,14.9
"https://studionol.co.kr/en/portfolio/jai-golden-hour",,1,7,14.29,5.7
"https://studionol.co.kr/en/portfolio/kim-dong-san-mulgyeol",,1,2,50.00,2.5
"https://studionol.co.kr/en/portfolio/lee-seo-young-woo-ri",,1,4,25.00,3.5
"https://studionol.co.kr/ko/cover-video",,1,103,0.97,16.5
"https://studionol.co.kr/ko/guides/vocal-beginners-guide",,1,34,2.94,7.7
"https://studionol.co.kr/ko/music-promotion",,1,65,1.54,17.0
"https://studionol.co.kr/ko/portfolio/dystopia-2025",,1,15,6.67,24.2
"https://studionol.co.kr/ko/portfolio/hwang-gyeong-ha-nunnokeut",,1,5,20.00,4.8
"https://studionol.co.kr/ko/portfolio/jai-golden-hour",,1,28,3.57,13.0
"https://studionol.co.kr/ko/portfolio/kang-ho-jung-self-titled",,1,35,2.86,8.3
"https://studionol.co.kr/ko/portfolio/kim-in-star-person",,1,10,10.00,7.8
"https://studionol.co.kr/ko/portfolio/momo-if-this-cant-be-tolerated",,1,24,4.17,11.0
"https://studionol.co.kr/ko/portfolio/ryu-hyeong-su-haru",,1,11,9.09,8.5
"https://studionol.co.kr/ko/portfolio/unknown-feeling",,1,12,8.33,6.9
"https://studionol.co.kr/ko/release-project/ep",,1,27,3.70,16.0
"https://studionol.co.kr/ko/stories",,1,45,2.22,16.2
"https://studionol.co.kr/ko/stories/acoustic1",acoustic1,1,8,12.50,6.9
"https://studionol.co.kr/ko/stories/advertisement-music1",advertisement-music1,1,227,0.44,7.9
"https://studionol.co.kr/ko/stories/ambient-music1",ambient-music1,1,18,5.56,6.9
"https://studionol.co.kr/ko/stories/articulation1",articulation1,1,152,0.66,4.9
"https://studionol.co.kr/ko/stories/balladstyle1",balladstyle1,1,91,1.10,6.8
"https://studionol.co.kr/ko/stories/church1",church1,1,56,1.79,8.4
"https://studionol.co.kr/ko/stories/collab-tools1",collab-tools1,1,39,2.56,5.4
"https://studionol.co.kr/ko/stories/copyright-cover1#%EC%BB%A4%EB%B2%84%EA%B3%A1-%EC%9C%A0%ED%8A%9C%EB%B8%8C-%EC%88%98%EC%9D%B5%ED%99%94-%EA%B0%80%EB%8A%A5-%EC%A1%B0%EA%B1%B4%EA%B3%BC-%EC%88%98%EC%9D%B5-%EA%B7%80%EC%86%8D",copyright-cover1,1,2543,0.04,5.1
"https://studionol.co.kr/ko/stories/corporate1",corporate1,1,127,0.79,46.6
"https://studionol.co.kr/ko/stories/creative-block1",creative-block1,1,31,3.23,13.0
"https://studionol.co.kr/ko/stories/daw-choice1#3%EB%8C%80-daw-%ED%95%9C%EB%88%88%EC%97%90-%EB%B9%84%EA%B5%90",daw-choice1,1,908,0.11,5.9
"https://studionol.co.kr/ko/stories/demo-recording1",demo-recording1,1,16,6.25,5.0
"https://studionol.co.kr/ko/stories/distribution1#%EC%8A%A4%ED%8A%9C%EB%94%94%EC%98%A4%EC%97%90%EC%84%9C-%EB%85%B9%EC%9D%8C%ED%95%9C-%EC%9D%8C%EC%9B%90-%EC%9D%B4%EC%A0%9C-%EC%84%B8%EC%83%81%EC%97%90-%EB%82%B4%EB%B3%B4%EB%82%BC-%EC%B0%A8%EB%A1%80%EC%9E%85%EB%8B%88%EB%8B%A4",distribution1,1,432,0.23,5.0
"https://studionol.co.kr/ko/stories/doubletracking1",doubletracking1,1,104,0.96,8.3
"https://studionol.co.kr/ko/stories/drama-ost1",drama-ost1,1,61,1.64,5.2
"https://studionol.co.kr/ko/stories/ep-release1",ep-release1,1,82,1.22,28.8
"https://studionol.co.kr/ko/stories/eq1#%EB%B3%B4%EC%BB%AC-%EC%A3%BC%ED%8C%8C%EC%88%98-%EB%8C%80%EC%97%AD%EB%B3%84-%EC%97%AD%ED%95%A0",eq1,1,1411,0.07,4.6
"https://studionol.co.kr/ko/stories/global-release1",global-release1,1,25,4.00,5.6
"https://studionol.co.kr/ko/stories/gugak-recording1#%EC%A3%BC%EC%9A%94-%EA%B5%AD%EC%95%85-%EC%95%85%EA%B8%B0-%EB%A7%88%EC%9D%B4%ED%82%B9-%EA%B8%B0%EB%B3%B8",gugak-recording1,1,31,3.23,6.6
"https://studionol.co.kr/ko/stories/guitar1",guitar1,1,158,0.63,9.9
"https://studionol.co.kr/ko/stories/gyeongbuk1",gyeongbuk1,1,31,3.23,10.3
"https://studionol.co.kr/ko/stories/gyeonggi1",gyeonggi1,1,141,0.71,8.4
"https://studionol.co.kr/ko/stories/harmonizer1",harmonizer1,1,20,5.00,4.5
"https://studionol.co.kr/ko/stories/highnote1#%EA%B3%A0%EC%9D%8C%EC%9D%80-%ED%9E%98%EC%9D%B4-%EC%95%84%EB%8B%88%EB%9D%BC-%EA%B8%B0%EC%88%A0%EC%9E%85%EB%8B%88%EB%8B%A4",highnote1,1,856,0.12,7.6
"https://studionol.co.kr/ko/stories/indie-pop1",indie-pop1,1,46,2.17,7.5
"https://studionol.co.kr/ko/stories/indie1",indie1,1,21,4.76,16.6
"https://studionol.co.kr/ko/stories/k-pop-demo-recording-cost-guide",k-pop-demo-recording-cost-guide,1,17,5.88,7.6
"https://studionol.co.kr/ko/stories/kpop-vocal1",kpop-vocal1,1,99,1.01,6.2
"https://studionol.co.kr/ko/stories/ktx-honam-guide1",ktx-honam-guide1,1,117,0.85,9.2
"https://studionol.co.kr/ko/stories/lesson-keyboard-skill1",lesson-keyboard-skill1,1,21,4.76,9.5
"https://studionol.co.kr/ko/stories/low-note1#%EC%A0%80%EC%9D%8C-%EB%AC%B8%EC%A0%9C%EC%9D%98-%EC%A3%BC%EC%9A%94-%EC%9B%90%EC%9D%B8",low-note1,1,245,0.41,9.1
"https://studionol.co.kr/ko/stories/lyrics-memo1#%EA%B0%80%EC%82%AC%EB%A5%BC-%EC%99%B8%EC%9B%8C%EC%95%BC-%EB%85%B8%EB%9E%98%EA%B0%80-%EC%82%B4%EC%95%84%EB%82%A9%EB%8B%88%EB%8B%A4",lyrics-memo1,1,332,0.30,3.8
"https://studionol.co.kr/ko/stories/mixing10",mixing10,1,34,2.94,9.6
"https://studionol.co.kr/ko/stories/mixing12",mixing12,1,157,0.64,19.6
"https://studionol.co.kr/ko/stories/mixing13",mixing13,1,183,0.55,2.9
"https://studionol.co.kr/ko/stories/mixing21",mixing21,1,214,0.47,17.3
"https://studionol.co.kr/ko/stories/mixing23",mixing23,1,72,1.39,22.2
"https://studionol.co.kr/ko/stories/mono-compat1",mono-compat1,1,196,0.51,7.8
"https://studionol.co.kr/ko/stories/music-newsletter1",music-newsletter1,1,121,0.83,50.3
"https://studionol.co.kr/ko/stories/one-on-one-lesson-monthly-vs-single-session",one-on-one-lesson-monthly-vs-single-session,1,39,2.56,7.2
"https://studionol.co.kr/ko/stories/orchestral-sampling1",orchestral-sampling1,1,23,4.35,5.3
"https://studionol.co.kr/ko/stories/performance-prep1",performance-prep1,1,108,0.93,6.9
"https://studionol.co.kr/ko/stories/phrasing1",phrasing1,1,84,1.19,6.6
"https://studionol.co.kr/ko/stories/pitch1",pitch1,1,172,0.58,7.5
"https://studionol.co.kr/ko/stories/podcast-vocal1",podcast-vocal1,1,238,0.42,7.9
"https://studionol.co.kr/ko/stories/pop-vocal1",pop-vocal1,1,121,0.83,73.2
"https://studionol.co.kr/ko/stories/practice-room-audition1",practice-room-audition1,1,29,3.45,12.2
"https://studionol.co.kr/ko/stories/practice-room-bass-country-bluegrass1",practice-room-bass-country-bluegrass1,1,35,2.86,15.6
"https://studionol.co.kr/ko/stories/practice-room-bass-fretless-jazz1",practice-room-bass-fretless-jazz1,1,45,2.22,7.1
"https://studionol.co.kr/ko/stories/practice-room-bass-groove-locks1",practice-room-bass-groove-locks1,1,51,1.96,7.2
"https://studionol.co.kr/ko/stories/practice-room-bass-pop-groove1",practice-room-bass-pop-groove1,1,41,2.44,7.9
"https://studionol.co.kr/ko/stories/practice-room-bass-string-muting1",practice-room-bass-string-muting1,1,62,1.61,9.0
"https://studionol.co.kr/ko/stories/practice-room-booking1",practice-room-booking1,1,173,0.58,6.5
"https://studionol.co.kr/ko/stories/practice-room-ccm1",practice-room-ccm1,1,38,2.63,11.5
"https://studionol.co.kr/ko/stories/practice-room-choir1",practice-room-choir1,1,39,2.56,7.6
"https://studionol.co.kr/ko/stories/practice-room-college-student1",practice-room-college-student1,1,24,4.17,6.8
"https://studionol.co.kr/ko/stories/practice-room-content-creator1",practice-room-content-creator1,1,16,6.25,21.5
"https://studionol.co.kr/ko/stories/practice-room-daejo1",practice-room-daejo1,1,56,1.79,11.2
"https://studionol.co.kr/ko/stories/practice-room-drum-afrobeat1",practice-room-drum-afrobeat1,1,53,1.89,6.4
"https://studionol.co.kr/ko/stories/practice-room-drum-bossa-nova1",practice-room-drum-bossa-nova1,1,59,1.69,11.2
"https://studionol.co.kr/ko/stories/practice-room-drum-brushwork-advanced1",practice-room-drum-brushwork-advanced1,1,60,1.67,6.7
"https://studionol.co.kr/ko/stories/practice-room-drum-hiphop1",practice-room-drum-hiphop1,1,106,0.94,8.8
"https://studionol.co.kr/ko/stories/practice-room-drum-jazz-bebop1",practice-room-drum-jazz-bebop1,1,35,2.86,7.7
"https://studionol.co.kr/ko/stories/practice-room-drum-jazz-funk1",practice-room-drum-jazz-funk1,1,12,8.33,8.7
"https://studionol.co.kr/ko/stories/practice-room-drum-latin-jazz1",practice-room-drum-latin-jazz1,1,43,2.33,5.8
"https://studionol.co.kr/ko/stories/practice-room-drum-recording-overdub1",practice-room-drum-recording-overdub1,1,31,3.23,18.0
"https://studionol.co.kr/ko/stories/practice-room-drum-rudiments1#%EB%A3%A8%EB%94%94%EB%A8%BC%ED%8A%B8%EB%9E%80-%EB%AC%B4%EC%97%87%EC%9D%B8%EA%B0%80",practice-room-drum-rudiments1,1,239,0.42,5.9
"https://studionol.co.kr/ko/stories/practice-room-drum-rudiments1#1-%EC%8B%B1%EA%B8%80-%EC%8A%A4%ED%8A%B8%EB%A1%9C%ED%81%AC-%EB%A1%A4-single-stroke-roll",practice-room-drum-rudiments1,1,236,0.42,5.9
"https://studionol.co.kr/ko/stories/practice-room-drum-tempo1",practice-room-drum-tempo1,1,85,1.18,9.1
"https://studionol.co.kr/ko/stories/practice-room-gugak1",practice-room-gugak1,1,12,8.33,9.1
"https://studionol.co.kr/ko/stories/practice-room-guitar-acoustic-fingerpick1",practice-room-guitar-acoustic-fingerpick1,1,48,2.08,9.0
"https://studionol.co.kr/ko/stories/practice-room-guitar-arpeggio1",practice-room-guitar-arpeggio1,1,110,0.91,10.0
"https://studionol.co.kr/ko/stories/practice-room-guitar-baritone1",practice-room-guitar-baritone1,1,56,1.79,6.8
"https://studionol.co.kr/ko/stories/practice-room-guitar-barre1",practice-room-guitar-barre1,1,102,0.98,7.1
"https://studionol.co.kr/ko/stories/practice-room-guitar-blues-rock1",practice-room-guitar-blues-rock1,1,49,2.04,7.0
"https://studionol.co.kr/ko/stories/practice-room-guitar-celtic1",practice-room-guitar-celtic1,1,28,3.57,9.2
"https://studionol.co.kr/ko/stories/practice-room-guitar-country1",practice-room-guitar-country1,1,9,11.11,5.2
"https://studionol.co.kr/ko/stories/practice-room-guitar-fingerstyle21",practice-room-guitar-fingerstyle21,1,53,1.89,8.6
"https://studionol.co.kr/ko/stories/practice-room-guitar-indie-pop1",practice-room-guitar-indie-pop1,1,30,3.33,7.1
"https://studionol.co.kr/ko/stories/practice-room-guitar-jazz-rhythm1",practice-room-guitar-jazz-rhythm1,1,49,2.04,8.6
"https://studionol.co.kr/ko/stories/practice-room-guitar-jazz-voicing1",practice-room-guitar-jazz-voicing1,1,36,2.78,10.4
"https://studionol.co.kr/ko/stories/practice-room-guitar-math-rock1",practice-room-guitar-math-rock1,1,27,3.70,7.2
"https://studionol.co.kr/ko/stories/practice-room-guitar-picking-adv1",practice-room-guitar-picking-adv1,1,36,2.78,8.8
"https://studionol.co.kr/ko/stories/practice-room-guitar-picking1",practice-room-guitar-picking1,1,18,5.56,5.4
"https://studionol.co.kr/ko/stories/practice-room-guitar-reggae1",practice-room-guitar-reggae1,1,86,1.16,9.2
"https://studionol.co.kr/ko/stories/practice-room-guitar-scale-pos1",practice-room-guitar-scale-pos1,1,29,3.45,7.9
"https://studionol.co.kr/ko/stories/practice-room-guitar-slide1",practice-room-guitar-slide1,1,92,1.09,6.3
"https://studionol.co.kr/ko/stories/practice-room-guitar-strumming1",practice-room-guitar-strumming1,1,116,0.86,5.7
"https://studionol.co.kr/ko/stories/practice-room-guitar-sweep1",practice-room-guitar-sweep1,1,73,1.37,6.8
"https://studionol.co.kr/ko/stories/practice-room-hourly-vs-monthly-cost",practice-room-hourly-vs-monthly-cost,1,74,1.35,9.3
"https://studionol.co.kr/ko/stories/practice-room-indie1",practice-room-indie1,1,5,20.00,10.2
"https://studionol.co.kr/ko/stories/practice-room-jazz-vocal1",practice-room-jazz-vocal1,1,42,2.38,7.5
"https://studionol.co.kr/ko/stories/practice-room-jeungsan1",practice-room-jeungsan1,1,32,3.13,12.0
"https://studionol.co.kr/ko/stories/practice-room-kpop1",practice-room-kpop1,1,37,2.70,5.5
"https://studionol.co.kr/ko/stories/practice-room-memory1",practice-room-memory1,1,2,50.00,7.5
"https://studionol.co.kr/ko/stories/practice-room-mental-training1",practice-room-mental-training1,1,19,5.26,22.2
"https://studionol.co.kr/ko/stories/practice-room-physical1",practice-room-physical1,1,21,4.76,14.6
"https://studionol.co.kr/ko/stories/practice-room-piano-ballad-technique1",practice-room-piano-ballad-technique1,1,80,1.25,6.6
"https://studionol.co.kr/ko/stories/practice-room-piano-baroque1",practice-room-piano-baroque1,1,43,2.33,6.9
"https://studionol.co.kr/ko/stories/practice-room-piano-duet1",practice-room-piano-duet1,1,36,2.78,7.5
"https://studionol.co.kr/ko/stories/practice-room-piano-improvisation1",practice-room-piano-improvisation1,1,26,3.85,7.0
"https://studionol.co.kr/ko/stories/practice-room-piano-minimalism-glass1",practice-room-piano-minimalism-glass1,1,42,2.38,4.1
"https://studionol.co.kr/ko/stories/practice-room-piano-minimalism1",practice-room-piano-minimalism1,1,16,6.25,5.1
"https://studionol.co.kr/ko/stories/practice-room-piano-modulation1",practice-room-piano-modulation1,1,30,3.33,6.1
"https://studionol.co.kr/ko/stories/practice-room-piano-parallel1",practice-room-piano-parallel1,1,46,2.17,16.1
"https://studionol.co.kr/ko/stories/practice-room-piano-polyphony1",practice-room-piano-polyphony1,1,52,1.92,10.2
"https://studionol.co.kr/ko/stories/practice-room-piano-pop-accompaniment1",practice-room-piano-pop-accompaniment1,1,16,6.25,7.0
"https://studionol.co.kr/ko/stories/practice-room-piano-stride-advanced1",practice-room-piano-stride-advanced1,1,33,3.03,9.0
"https://studionol.co.kr/ko/stories/practice-room-pop-piano1",practice-room-pop-piano1,1,4,25.00,4.5
"https://studionol.co.kr/ko/stories/practice-room-recital1",practice-room-recital1,1,6,16.67,21.2
"https://studionol.co.kr/ko/stories/practice-room-rehearsal-vocal1",practice-room-rehearsal-vocal1,1,80,1.25,8.4
"https://studionol.co.kr/ko/stories/practice-room-repertoire1",practice-room-repertoire1,1,12,8.33,19.1
"https://studionol.co.kr/ko/stories/practice-room-rock-band1",practice-room-rock-band1,1,19,5.26,15.7
"https://studionol.co.kr/ko/stories/practice-room-senior1",practice-room-senior1,1,39,2.56,12.3
"https://studionol.co.kr/ko/stories/practice-room-session1",practice-room-session1,1,36,2.78,12.7
"https://studionol.co.kr/ko/stories/practice-room-sight-reading1",practice-room-sight-reading1,1,16,6.25,7.4
"https://studionol.co.kr/ko/stories/practice-room-songwriting1",practice-room-songwriting1,1,12,8.33,10.0
"https://studionol.co.kr/ko/stories/practice-room-theory1",practice-room-theory1,1,65,1.54,8.0
"https://studionol.co.kr/ko/stories/practice-room-trot1",practice-room-trot1,1,72,1.39,11.2
"https://studionol.co.kr/ko/stories/practice-room-vocal-color1",practice-room-vocal-color1,1,21,4.76,17.3
"https://studionol.co.kr/ko/stories/practice-room-vocal-crooning1",practice-room-vocal-crooning1,1,78,1.28,8.2
"https://studionol.co.kr/ko/stories/practice-room-vocal-intonation1",practice-room-vocal-intonation1,1,152,0.66,8.6
"https://studionol.co.kr/ko/stories/practice-room-vocal-mix1",practice-room-vocal-mix1,1,33,3.03,6.8
"https://studionol.co.kr/ko/stories/practice-room-vocal-musical1",practice-room-vocal-musical1,1,9,11.11,19.6
"https://studionol.co.kr/ko/stories/practice-room-vocal-recording1",practice-room-vocal-recording1,1,148,0.68,10.0
"https://studionol.co.kr/ko/stories/practice-room-vs-studio1",practice-room-vs-studio1,1,24,4.17,9.5
"https://studionol.co.kr/ko/stories/practice-room-warm-up1",practice-room-warm-up1,1,14,7.14,4.1
"https://studionol.co.kr/ko/stories/producer1#%EC%9D%8C%EC%95%85-%ED%94%84%EB%A1%9C%EB%93%80%EC%84%9C%EC%9D%98-%EC%A2%85%EB%A5%98",producer1,1,925,0.11,5.6
"https://studionol.co.kr/ko/stories/revenue1#%EC%9D%8C%EC%9B%90-%EB%B0%9C%EB%A7%A4-%ED%9B%84-%EC%88%98%EC%9D%B5-%ED%98%84%EC%8B%A4%EC%A0%81%EC%9C%BC%EB%A1%9C-%EC%95%8C%EA%B8%B0",revenue1,1,721,0.14,5.0
"https://studionol.co.kr/ko/stories/rnb1",rnb1,1,181,0.55,31.2
"https://studionol.co.kr/ko/stories/runs1",runs1,1,180,0.56,6.1
"https://studionol.co.kr/ko/stories/self-study-vs-lesson1",self-study-vs-lesson1,1,37,2.70,9.7
"https://studionol.co.kr/ko/stories/seoul-metro-guide1",seoul-metro-guide1,1,509,0.20,6.7
"https://studionol.co.kr/ko/stories/song-choice1",song-choice1,1,117,0.85,11.1
"https://studionol.co.kr/ko/stories/sound-engineer1#%EC%82%AC%EC%9A%B4%EB%93%9C-%EC%97%94%EC%A7%80%EB%8B%88%EC%96%B4-%EC%86%8C%EB%A6%AC%EB%A5%BC-%EC%99%84%EC%84%B1%ED%95%98%EB%8A%94-%EC%A0%84%EB%AC%B8%EA%B0%80",sound-engineer1,1,558,0.18,8.3
"https://studionol.co.kr/ko/stories/stagefright1",stagefright1,1,5,20.00,4.2
"https://studionol.co.kr/ko/stories/stem-mastering1",stem-mastering1,1,108,0.93,9.0
"https://studionol.co.kr/ko/stories/studio-etiquette1",studio-etiquette1,1,48,2.08,9.5
"https://studionol.co.kr/ko/stories/tone-color1",tone-color1,1,127,0.79,34.3
"https://studionol.co.kr/ko/stories/vintage-sound1",vintage-sound1,1,51,1.96,11.2
"https://studionol.co.kr/ko/stories/vocal-arrangement1",vocal-arrangement1,1,136,0.74,58.6
"https://studionol.co.kr/ko/stories/vocal-automation1",vocal-automation1,1,30,3.33,7.7
"https://studionol.co.kr/ko/stories/vocal-falsetto1",vocal-falsetto1,1,281,0.36,37.3
"https://studionol.co.kr/ko/stories/vocal-resonance1",vocal-resonance1,1,280,0.36,6.8
"https://studionol.co.kr/ko/stories/wedding-song1",wedding-song1,1,31,3.23,6.7
"https://studionol.co.kr/ko/stories/yeonsu1",yeonsu1,1,3,33.33,4.0
"https://studionol.co.kr/th/portfolio/namjae-haebang",,1,2,50.00,10.0
"https://studionol.co.kr/en/contact",,0,12,0.00,2.6
"https://studionol.co.kr/en/portfolio",,0,9,0.00,3.7
"https://studionol.co.kr/en/portfolio/kang-ho-jung-self-titled",,0,1,0.00,2.0
"https://studionol.co.kr/en/stories/category/business",category,0,16,0.00,9.4
"https://studionol.co.kr/en/stories/category/event",category,0,1,0.00,2.0
"https://studionol.co.kr/en/stories/category/instrument",category,0,2,0.00,12.0
"https://studionol.co.kr/en/stories/category/production",category,0,1,0.00,6.0
"https://studionol.co.kr/en/stories/mixing4",mixing4,0,5,0.00,13.0
"https://studionol.co.kr/en/stories/mixing5",mixing5,0,2,0.00,5.0
"https://studionol.co.kr/en/voice-acting",,0,2,0.00,4.0
"https://studionol.co.kr/es/portfolio/jinu-konda-burn-in-hell",,0,1,0.00,52.0
"https://studionol.co.kr/es/portfolio/unknown-feeling",,0,2,0.00,5.5
"https://studionol.co.kr/es/stories/category/production",category,0,2,0.00,2.5
"https://studionol.co.kr/ko/files/stories/noise-reduction1",,0,1,0.00,1.0
"https://studionol.co.kr/ko/funding",,0,3,0.00,2.3
"https://studionol.co.kr/ko/guides/audiobook-asmr-getting-started",,0,26,0.00,17.8
"https://studionol.co.kr/ko/portfolio",,0,5,0.00,4.8
"https://studionol.co.kr/ko/portfolio/eongadeul-self-titled",,0,9,0.00,5.6
"https://studionol.co.kr/ko/portfolio/hee-woo-geudaeneun",,0,3,0.00,7.0
"https://studionol.co.kr/ko/portfolio/hee-woo-ijeum",,0,9,0.00,4.4
"https://studionol.co.kr/ko/portfolio/heo-jeong-hyuk-wind",,0,1,0.00,4.0
"https://studionol.co.kr/ko/portfolio/jai-hanash-pink-padding",,0,2,0.00,18.0
"https://studionol.co.kr/ko/portfolio/kim-dong-san-mulgyeol",,0,17,0.00,21.7
"https://studionol.co.kr/ko/portfolio/kkar-transition",,0,12,0.00,6.4
"https://studionol.co.kr/ko/portfolio/lee-seo-young-woo-ri",,0,27,0.00,7.3
"https://studionol.co.kr/ko/portfolio/moredo-toyoil-we-will-sail",,0,26,0.00,19.0
"https://studionol.co.kr/ko/portfolio/namjae-haebang",,0,10,0.00,7.3
"https://studionol.co.kr/ko/portfolio/namjae-haran",,0,5,0.00,17.8
"https://studionol.co.kr/ko/portfolio/namjae-wi-inmul",,0,12,0.00,22.3
"https://studionol.co.kr/ko/portfolio/namsu-annyeong",,0,6,0.00,6.3
"https://studionol.co.kr/ko/portfolio/peace-and-music",,0,17,0.00,8.4
"https://studionol.co.kr/ko/portfolio/semin-yeorin-ip",,0,8,0.00,6.9
"https://studionol.co.kr/ko/portfolio/the-projectors-babu-first-flight",,0,7,0.00,6.7
"https://studionol.co.kr/ko/portfolio/tierliner-bite-me",,0,14,0.00,19.2
"https://studionol.co.kr/ko/portfolio/various-artists-fish-die",,0,4,0.00,7.5
"https://studionol.co.kr/ko/portfolio/various-artists-gentrification",,0,3,0.00,3.3
"https://studionol.co.kr/ko/portfolio/yeoyu-seoul-night",,0,6,0.00,35.0
"https://studionol.co.kr/ko/portfolio/young-in-red-dot",,0,12,0.00,33.8
"https://studionol.co.kr/ko/release-project/album",,0,14,0.00,5.9
"https://studionol.co.kr/ko/release-project/single",,0,57,0.00,11.2
"https://studionol.co.kr/ko/stories/808-bass1#%ED%82%A5-808-%EC%82%AC%EC%9D%B4%EB%93%9C%EC%B2%B4%EC%9D%B8-%EC%BB%B4%ED%94%84%EB%A0%88%EC%85%98",808-bass1,0,7,0.00,5.4
"https://studionol.co.kr/ko/stories/808-bass1#808-%EB%B2%A0%EC%9D%B4%EC%8A%A4-%ED%8A%B8%EB%9E%A9%EC%9D%98-%EC%A4%91%EC%8B%AC",808-bass1,0,7,0.00,5.4
"https://studionol.co.kr/ko/stories/808-bass1#808-eq-%EA%B6%8C%EC%9E%A5-%EC%84%A4%EC%A0%95",808-bass1,0,7,0.00,5.4
"https://studionol.co.kr/ko/stories/acoustic-recording1#%EB%A7%88%EC%9D%B4%ED%82%B9-%ED%8F%AC%EC%A7%80%EC%85%98-%EB%B9%84%EA%B5%90",acoustic-recording1,0,5,0.00,7.4
"https://studionol.co.kr/ko/stories/acoustic-recording1#%EC%96%B4%EC%BF%A0%EC%8A%A4%ED%8B%B1-%EA%B8%B0%ED%83%80-%EC%8A%A4%ED%85%8C%EB%A0%88%EC%98%A4-%EA%B8%B0%EB%B2%95",acoustic-recording1,0,5,0.00,7.4
"https://studionol.co.kr/ko/stories/acoustic-recording1#%EC%96%B4%EC%BF%A0%EC%8A%A4%ED%8B%B1-%EC%82%AC%EC%9A%B4%EB%93%9C-%EC%9E%90%EC%97%B0%EC%8A%A4%EB%9F%AC%EC%9B%80%EC%9D%B4-%EC%A4%91%EC%9A%94%ED%95%A9%EB%8B%88%EB%8B%A4",acoustic-recording1,0,5,0.00,7.4
"https://studionol.co.kr/ko/stories/adlib1",adlib1,0,20,0.00,11.2
"https://studionol.co.kr/ko/stories/album-art1",album-art1,0,9,0.00,15.6
"https://studionol.co.kr/ko/stories/album-cost1#%EC%8B%B1%EA%B8%80-1%EA%B3%A1-%EC%98%88%EC%82%B0-%EB%B2%94%EC%9C%84",album-cost1,0,149,0.00,4.3
"https://studionol.co.kr/ko/stories/album-cost1#%EC%9D%8C%EB%B0%98-%EC%A0%9C%EC%9E%91-%EB%B9%84%EC%9A%A9-%ED%98%84%EC%8B%A4%EC%A0%81%EC%9C%BC%EB%A1%9C-%EC%98%88%EC%82%B0-%EC%84%B8%EC%9A%B0%EA%B8%B0",album-cost1,0,235,0.00,4.5
"https://studionol.co.kr/ko/stories/album-cost1#%EC%9D%8C%EB%B0%98-%EC%A0%9C%EC%9E%91-%EC%A3%BC%EC%9A%94-%EB%B9%84%EC%9A%A9-%ED%95%AD%EB%AA%A9",album-cost1,0,235,0.00,4.5
"https://studionol.co.kr/ko/stories/album-cost1#ep-%EC%A0%9C%EC%9E%91-%EC%B4%9D-%EB%B9%84%EC%9A%A9",album-cost1,0,235,0.00,4.5
"https://studionol.co.kr/ko/stories/amp-simulator1#%EC%86%8C%ED%94%84%ED%8A%B8%EC%9B%A8%EC%96%B4-%EC%8B%9C%EB%AE%AC%EB%A0%88%EC%9D%B4%ED%84%B0",amp-simulator1,0,16,0.00,7.7
"https://studionol.co.kr/ko/stories/amp-simulator1#%EC%95%B0%ED%94%84-%EC%8B%9C%EB%AE%AC%EB%A0%88%EC%9D%B4%ED%84%B0-%EC%A7%91%EC%97%90%EC%84%9C-%EA%B8%B0%ED%83%80-%EC%82%AC%EC%9A%B4%EB%93%9C-%EB%A7%8C%EB%93%A4%EA%B8%B0",amp-simulator1,0,16,0.00,7.7
"https://studionol.co.kr/ko/stories/amp-simulator1#%EC%9E%A5%EB%A5%B4%EB%B3%84-%EC%95%B0%ED%94%84-%EC%84%A4%EC%A0%95-%EA%B0%80%EC%9D%B4%EB%93%9C",amp-simulator1,0,16,0.00,7.7
"https://studionol.co.kr/ko/stories/arrangement-tips1",arrangement-tips1,0,97,0.00,7.5
"https://studionol.co.kr/ko/stories/asmr1#asmr%EC%9D%80-%EC%86%8C%EB%A6%AC%EC%9D%98-%EC%A7%88%EC%9D%B4-%EC%A4%91%EC%9A%94%ED%95%A9%EB%8B%88%EB%8B%A4",asmr1,0,95,0.00,5.8
"https://studionol.co.kr/ko/stories/asmr1#asmr-%EB%A7%88%EC%9D%B4%ED%81%AC-%EC%A2%85%EB%A5%98-%EB%B9%84%EA%B5%90",asmr1,0,95,0.00,5.8
"https://studionol.co.kr/ko/stories/asmr1#asmr-%ED%8E%B8%EC%A7%91-%EA%B8%B0%EC%B4%88",asmr1,0,95,0.00,5.8
"https://studionol.co.kr/ko/stories/aspiring1",aspiring1,0,2,0.00,2.5
"https://studionol.co.kr/ko/stories/audiobook-guide1",audiobook-guide1,0,15,0.00,5.3
"https://studionol.co.kr/ko/stories/audiobook-production-cost1",audiobook-production-cost1,0,45,0.00,8.7
"https://studionol.co.kr/ko/stories/autotune1#%EC%98%A4%ED%86%A0%ED%8A%A0%EC%9D%80-%EB%8F%84%EA%B5%AC%EC%9D%B4%EC%A7%80-%EB%A7%88%EB%B2%95%EC%9D%80-%EC%95%84%EB%8B%99%EB%8B%88%EB%8B%A4",autotune1,0,307,0.00,6.3
"https://studionol.co.kr/ko/stories/autotune1#%EC%98%A4%ED%86%A0%ED%8A%A0-vs-%EB%A9%9C%EB%A1%9C%EB%8B%A4%EC%9D%B8-%EB%B9%84%EA%B5%90",autotune1,0,307,0.00,6.3
"https://studionol.co.kr/ko/stories/autotune1#%ED%94%BC%EC%B9%98-%EA%B5%90%EC%A0%95%EC%9D%98-%ED%95%9C%EA%B3%84",autotune1,0,307,0.00,6.3
"https://studionol.co.kr/ko/stories/background-vocal1#%EB%8B%A8%EA%B3%84",background-vocal1,0,220,0.00,5.1
"https://studionol.co.kr/ko/stories/background-vocal1#%EB%B0%B1-%EB%B3%B4%EC%BB%AC%EC%9D%B4-%EC%9D%8C%EB%B0%98%EC%9D%84-%ED%92%8D%EC%84%B1%ED%95%98%EA%B2%8C-%EB%A7%8C%EB%93%9C%EB%8A%94-%EC%9D%B4%EC%9C%A0",background-vocal1,0,220,0.00,5.1
"https://studionol.co.kr/ko/stories/background-vocal1#%EB%B0%B1-%EB%B3%B4%EC%BB%AC-%EC%A2%85%EB%A5%98",background-vocal1,0,220,0.00,5.1
"https://studionol.co.kr/ko/stories/ballad1",ballad1,0,8,0.00,6.9
"https://studionol.co.kr/ko/stories/band-arrangement1#%EB%B0%B4%EB%93%9C-%EC%95%85%EA%B8%B0-%EA%B3%B5%EA%B0%84-%EB%B0%B0%EB%B6%84",band-arrangement1,0,43,0.00,8.1
"https://studionol.co.kr/ko/stories/band-arrangement1#%EB%B0%B4%EB%93%9C-%ED%8E%B8%EC%84%B1-%EC%95%85%EA%B8%B0%EA%B0%80-%EC%84%9C%EB%A1%9C%EB%A5%BC-%EC%82%B4%EB%A6%AC%EB%8A%94-%EB%B0%A9%EC%8B%9D",band-arrangement1,0,43,0.00,8.1
"https://studionol.co.kr/ko/stories/band-arrangement1#%EC%9E%A5%EB%A5%B4%EB%B3%84-%EA%B8%B0%EB%B3%B8-%EB%B0%B4%EB%93%9C-%ED%8E%B8%EC%84%B1",band-arrangement1,0,43,0.00,8.1
"https://studionol.co.kr/ko/stories/band-arrangement1#%EC%A0%84%EB%AC%B8-%EB%A0%88%EC%BD%94%EB%94%A9-%EC%88%9C%EC%84%9C",band-arrangement1,0,30,0.00,8.0
"https://studionol.co.kr/ko/stories/band-recording-guide1#%EB%85%B9%EC%9D%8C-%EB%B0%A9%EC%8B%9D-%EB%8F%99%EC%8B%9C-%EB%85%B9%EC%9D%8C-vs-%EA%B0%9C%EB%B3%84-%EB%85%B9%EC%9D%8C",band-recording-guide1,0,36,0.00,6.8
"https://studionol.co.kr/ko/stories/band-recording-guide1#%EB%B0%B4%EB%93%9C-%EB%85%B9%EC%9D%8C%EC%9D%80-%ED%95%A9%EC%A3%BC%EC%99%80-%EB%8B%A4%EB%A6%85%EB%8B%88%EB%8B%A4",band-recording-guide1,0,36,0.00,6.8
"https://studionol.co.kr/ko/stories/band-recording-guide1#%EC%84%B8%EC%85%98-%EB%8B%B9%EC%9D%BC-%EC%B2%B4%ED%81%AC%EB%A6%AC%EC%8A%A4%ED%8A%B8",band-recording-guide1,0,22,0.00,7.4
"https://studionol.co.kr/ko/stories/band-recording-guide1#3-%EC%95%85%EA%B8%B0-%EC%83%81%ED%83%9C-%EC%A0%90%EA%B2%80",band-recording-guide1,0,36,0.00,6.8
"https://studionol.co.kr/ko/stories/band1#%EB%93%9C%EB%9F%BC",band1,0,1,0.00,8.0
"https://studionol.co.kr/ko/stories/band1#%EB%9D%BC%EC%9D%B4%EB%B8%8C-%EB%8F%99%EC%8B%9C-%EC%84%B8%EC%85%98-%EB%85%B9%EC%9D%8C",band1,0,1,0.00,8.0
"https://studionol.co.kr/ko/stories/band1#%EB%A9%80%ED%8B%B0%ED%8A%B8%EB%9E%99-%EB%85%B9%EC%9D%8C-%ED%8C%8C%ED%8A%B8-%EA%B0%9C%EB%B3%84-%EC%98%A4%EB%B2%84%EB%8D%94%EB%B9%99",band1,0,1,0.00,8.0
"https://studionol.co.kr/ko/stories/band1#%EB%B0%B4%EB%93%9C%EC%A4%91%EC%B0%BD%EB%8B%A8%EC%9D%B4-%EC%8A%A4%ED%8A%9C%EB%94%94%EC%98%A4-%EB%85%B9%EC%9D%8C%EC%9D%84-%EC%A4%80%EB%B9%84%ED%95%A0-%EB%95%8C",band1,0,1,0.00,8.0
"https://studionol.co.kr/ko/stories/band1#%ED%95%A9%EC%B0%BD%EC%A4%91%EC%B0%BD-%EB%85%B9%EC%9D%8C",band1,0,1,0.00,8.0
"https://studionol.co.kr/ko/stories/banghwa1",banghwa1,0,39,0.00,7.8
"https://studionol.co.kr/ko/stories/bass-mixing1#%EA%B8%B0%EB%B3%B8-%EB%B2%A0%EC%9D%B4%EC%8A%A4-%EC%BB%B4%ED%94%84%EB%A0%88%EC%84%9C",bass-mixing1,0,860,0.00,5.6
"https://studionol.co.kr/ko/stories/bass-mixing1#%EB%B2%A0%EC%9D%B4%EC%8A%A4-%EB%AF%B9%EC%8B%B1-%ED%83%84%ED%83%84%ED%95%9C-%EC%A0%80%EC%97%AD-%EB%A7%8C%EB%93%A4%EA%B8%B0",bass-mixing1,0,886,0.00,5.6
"https://studionol.co.kr/ko/stories/bass-mixing1#%EB%B2%A0%EC%9D%B4%EC%8A%A4-eq-%ED%8F%AC%EC%9D%B8%ED%8A%B8",bass-mixing1,0,833,0.00,5.5
"https://studionol.co.kr/ko/stories/bass-mixing1#%ED%82%A5-%EB%B2%A0%EC%9D%B4%EC%8A%A4-%EC%82%AC%EC%9D%B4%EB%93%9C%EC%B2%B4%EC%9D%B8-%EC%85%8B%EC%97%85",bass-mixing1,0,652,0.00,5.9
"https://studionol.co.kr/ko/stories/bass-mixing1#eq-%EC%B9%B4%EB%B9%99",bass-mixing1,0,806,0.00,5.5
"https://studionol.co.kr/ko/stories/bass-recording1#%EB%B2%A0%EC%9D%B4%EC%8A%A4-%EB%AF%B9%EC%8A%A4%EC%9D%98-%EA%B8%B0%EB%B0%98%EC%9D%84-%EB%A7%8C%EB%93%9C%EB%8A%94-%EC%A0%80%EC%97%AD-%EB%85%B9%EC%9D%8C",bass-recording1,0,79,0.00,5.7
"https://studionol.co.kr/ko/stories/bass-recording1#%EB%B2%A0%EC%9D%B4%EC%8A%A4-eq-%EA%B0%80%EC%9D%B4%EB%93%9C",bass-recording1,0,79,0.00,5.7
"https://studionol.co.kr/ko/stories/bass-recording1#%EC%A3%BC%ED%8C%8C%EC%88%98-%EB%8C%80%EC%97%AD%EB%B3%84-%EC%97%AD%ED%95%A0",bass-recording1,0,79,0.00,5.7
"https://studionol.co.kr/ko/stories/beatmaker1",beatmaker1,0,36,0.00,8.2
"https://studionol.co.kr/ko/stories/belting1#%EB%B2%A8%ED%8C%85%EC%9D%98-%ED%8A%B9%EC%A7%95",belting1,0,1,0.00,9.0
"https://studionol.co.kr/ko/stories/belting1#%EC%95%88%EC%A0%84%ED%95%9C-%EB%B2%A8%ED%8C%85-%ED%9B%88%EB%A0%A8-%EB%8B%A8%EA%B3%84",belting1,0,2,0.00,8.0
"https://studionol.co.kr/ko/stories/belting1#%ED%8C%8C%EC%9B%8C%EC%99%80-%EA%B0%90%EC%A0%95%EC%9D%84-%EB%8F%99%EC%8B%9C%EC%97%90",belting1,0,2,0.00,8.0
"https://studionol.co.kr/ko/stories/blues-music1#%EA%B8%B0%ED%83%80-%ED%86%A4%EA%B3%BC-%EB%A0%88%EC%BD%94%EB%94%A9",blues-music1,0,25,0.00,6.2
"https://studionol.co.kr/ko/stories/blues-music1#%EB%B8%94%EB%A3%A8%EC%8A%A4-%EB%AA%A8%EB%93%A0-%EB%8C%80%EC%A4%91%EC%9D%8C%EC%95%85%EC%9D%98-%EB%BF%8C%EB%A6%AC",blues-music1,0,25,0.00,6.2
"https://studionol.co.kr/ko/stories/blues-music1#%EB%B8%94%EB%A3%A8%EC%8A%A4-%EB%B3%B4%EC%BB%AC-%ED%91%9C%ED%98%84",blues-music1,0,25,0.00,6.2
"https://studionol.co.kr/ko/stories/brass-arrangement1#%EB%B8%8C%EB%9D%BC%EC%8A%A4-%EC%83%98%ED%94%8C-vs-%EC%8B%A4%EC%A0%9C-%EB%85%B9%EC%9D%8C",brass-arrangement1,0,1,0.00,6.0
"https://studionol.co.kr/ko/stories/brass-arrangement1#%EB%B8%8C%EB%9D%BC%EC%8A%A4-%EC%84%B9%EC%85%98-%EA%B8%B0%EB%B3%B8-%EA%B5%AC%EC%84%B1",brass-arrangement1,0,2,0.00,6.0
"https://studionol.co.kr/ko/stories/brass-arrangement1#%EB%B8%8C%EB%9D%BC%EC%8A%A4-%EC%84%B9%EC%85%98-%EC%95%85%EA%B8%B0-%EA%B5%AC%EC%84%B1",brass-arrangement1,0,1,0.00,6.0
"https://studionol.co.kr/ko/stories/brass-arrangement1#%EB%B8%8C%EB%9D%BC%EC%8A%A4-%EC%84%B9%EC%85%98-%EC%9D%8C%EC%95%85%EC%97%90-%EC%97%90%EB%84%88%EC%A7%80%EC%99%80-%ED%99%9C%EA%B8%B0%EB%A5%BC-%EB%8D%94%ED%95%98%EB%8A%94-%ED%9E%98",brass-arrangement1,0,2,0.00,6.0
"https://studionol.co.kr/ko/stories/breathing1#%EB%85%B8%EB%9E%98%EC%9D%98-%EC%A0%88%EB%B0%98%EC%9D%80-%ED%98%B8%ED%9D%A1%EC%9E%85%EB%8B%88%EB%8B%A4",breathing1,0,493,0.00,8.2
"https://studionol.co.kr/ko/stories/breathing1#%EB%85%B9%EC%9D%8C-%EC%A0%84-%ED%98%B8%ED%9D%A1-%EC%9B%8C%EB%B0%8D%EC%97%85-5%EB%B6%84",breathing1,0,343,0.00,8.3
"https://studionol.co.kr/ko/stories/breathing1#%EB%B3%B5%EC%8B%9D-%ED%98%B8%ED%9D%A1-%EC%97%B0%EC%8A%B5%EB%B2%95",breathing1,0,104,0.00,8.6
"https://studionol.co.kr/ko/stories/breathing1#%EB%B3%B5%EC%8B%9D-%ED%98%B8%ED%9D%A1-vs-%ED%9D%89%EC%8B%9D-%ED%98%B8%ED%9D%A1",breathing1,0,492,0.00,8.2
"https://studionol.co.kr/ko/stories/breathing1#%ED%98%B8%ED%9D%A1-%ED%8F%AC%EC%9D%B8%ED%8A%B8-%EB%B6%84%EC%84%9D",breathing1,0,457,0.00,8.2
"https://studionol.co.kr/ko/stories/category/business",category,0,11,0.00,8.0
"https://studionol.co.kr/ko/stories/category/instrument",category,0,1,0.00,8.0
"https://studionol.co.kr/ko/stories/category/lesson",category,0,12,0.00,61.8
"https://studionol.co.kr/ko/stories/category/mixing",category,0,20,0.00,16.1
"https://studionol.co.kr/ko/stories/category/production",category,0,38,0.00,6.2
"https://studionol.co.kr/ko/stories/category/recording",category,0,10,0.00,45.7
"https://studionol.co.kr/ko/stories/category/region",category,0,21,0.00,92.2
"https://studionol.co.kr/ko/stories/category/vocal",category,0,1,0.00,4.0
"https://studionol.co.kr/ko/stories/ccm1#%EA%B0%80%EC%82%AC-%EC%A0%84%EB%8B%AC%EB%A0%A5%EC%9D%B4-%ED%95%B5%EC%8B%AC",ccm1,0,1,0.00,11.0
"https://studionol.co.kr/ko/stories/ccm1#%EC%9D%8C%EC%9B%90-%EB%B0%9C%EB%A7%A4-%EA%B0%80%EB%8A%A5-%EC%97%AC%EB%B6%80-%ED%99%95%EC%9D%B8",ccm1,0,1,0.00,11.0
"https://studionol.co.kr/ko/stories/ccm1#ccm%EC%B0%AC%EC%96%91-%EC%9D%8C%EC%9B%90-%EC%A0%84%EB%AC%B8-%EC%8A%A4%ED%8A%9C%EB%94%94%EC%98%A4%EC%97%90%EC%84%9C-%EC%99%84%EC%84%B1%ED%95%98%EB%8A%94-%EC%9D%B4%EC%9C%A0",ccm1,0,1,0.00,11.0
"https://studionol.co.kr/ko/stories/chest-voice1#%ED%9D%89%EC%84%B1%EA%B3%BC-%ED%98%BC%ED%95%A9-%EB%B0%9C%EC%84%B1%EC%9D%98-%EC%97%B0%EA%B2%B0",chest-voice1,0,249,0.00,5.4
"https://studionol.co.kr/ko/stories/chest-voice1#%ED%9D%89%EC%84%B1%EC%9D%B4-%EC%99%9C-%EC%A4%91%EC%9A%94%ED%95%9C%EA%B0%80",chest-voice1,0,249,0.00,5.4
"https://studionol.co.kr/ko/stories/chest-voice1#%ED%9D%89%EC%84%B1-%EA%B0%95%ED%99%94-%ED%9B%88%EB%A0%A8",chest-voice1,0,249,0.00,5.4
"https://studionol.co.kr/ko/stories/chest-voice1#%ED%9D%89%EC%84%B1-%ED%99%95%EC%9D%B8-%EB%B0%A9%EB%B2%95",chest-voice1,0,249,0.00,5.4
"https://studionol.co.kr/ko/stories/choir1#%EC%BD%94%EB%9E%84choral-%EB%AF%B9%EC%8B%B1-%ED%8F%AC%EC%9D%B8%ED%8A%B8",choir1,0,11,0.00,3.6
"https://studionol.co.kr/ko/stories/choir1#%ED%8C%8C%ED%8A%B8-%EB%B6%84%EB%A6%AC-%EB%85%B9%EC%9D%8C-%EA%B3%BC%EC%A0%95",choir1,0,6,0.00,3.5
"https://studionol.co.kr/ko/stories/choir1#%ED%95%A9%EC%B0%BD-%EB%85%B9%EC%9D%8C%EC%9D%B4-%EB%B3%B5%EC%9E%A1%ED%95%9C-%EC%9D%B4%EC%9C%A0",choir1,0,13,0.00,3.6
"https://studionol.co.kr/ko/stories/choir1#studio-nol-%ED%95%A9%EC%B0%BD%EC%BD%94%EB%9E%84-%EB%85%B9%EC%9D%8C-%EC%9D%98%EB%A2%B0%EC%97%90%EC%84%9C-%EC%9E%90%EC%A3%BC-%EB%B0%9B%EB%8A%94-3%EA%B0%80%EC%A7%80-%EC%A7%88%EB%AC%B8",choir1,0,13,0.00,3.6
"https://studionol.co.kr/ko/stories/chord-progression1#%EC%BD%94%EB%93%9C-%EC%A7%84%ED%96%89-%EC%9D%8C%EC%95%85-%EA%B0%90%EC%84%B1%EC%9D%98-%EB%BC%88%EB%8C%80",chord-progression1,0,3222,0.00,6.4
"https://studionol.co.kr/ko/stories/chord-progression1#c-%EC%9E%A5%EC%A1%B0-%EA%B8%B0%EC%A4%80-%EB%8B%A4%EB%A5%B8-%EC%A1%B0%EB%A1%9C-%EC%A0%84%EC%A1%B0-%EA%B0%80%EB%8A%A5",chord-progression1,0,3222,0.00,6.4
"https://studionol.co.kr/ko/stories/chordprog1#%EA%B0%90%EC%A0%95%EC%9D%84-%EB%A7%8C%EB%93%9C%EB%8A%94-%ED%99%94%EC%9D%8C%EC%9D%98-%ED%9D%90%EB%A6%84",chordprog1,0,78,0.00,5.8
"https://studionol.co.kr/ko/stories/chordprog1#%EC%9E%A5%EB%A5%B4%EB%B3%84-%EC%BD%94%EB%93%9C-%EC%A7%84%ED%96%89-%ED%8A%B9%EC%A7%95",chordprog1,0,98,0.00,5.6
"https://studionol.co.kr/ko/stories/chordprog1#%EC%BD%94%EB%93%9C-%EA%B8%B0%ED%98%B8-%EC%9D%BD%EB%8A%94-%EB%B0%A9%EB%B2%95",chordprog1,0,98,0.00,5.6
"https://studionol.co.kr/ko/stories/chordprog1#%ED%8C%9D%EB%B0%9C%EB%9D%BC%EB%93%9C-%EC%9E%A5%EC%A1%B0",chordprog1,0,92,0.00,5.5
"https://studionol.co.kr/ko/stories/chorus-effect1#%EB%AA%A8%EB%93%88%EB%A0%88%EC%9D%B4%EC%85%98-%EC%9D%B4%ED%8E%99%ED%8A%B8-%EC%86%8C%EB%A6%AC%EC%97%90-%EC%9B%80%EC%A7%81%EC%9E%84%EA%B3%BC-%EB%91%90%EA%BB%98%EB%A5%BC-%EB%8D%94%ED%95%98%EB%8B%A4",chorus-effect1,0,7,0.00,6.7
"https://studionol.co.kr/ko/stories/chorus-effect1#%EB%AA%A8%EB%93%88%EB%A0%88%EC%9D%B4%EC%85%98-%EC%9D%B4%ED%8E%99%ED%8A%B8-%EC%A2%85%EB%A5%98-%EB%B9%84%EA%B5%90",chorus-effect1,0,7,0.00,6.7
"https://studionol.co.kr/ko/stories/chungbuk1",chungbuk1,0,155,0.00,39.1
"https://studionol.co.kr/ko/stories/classical-vocal1",classical-vocal1,0,49,0.00,7.1
"https://studionol.co.kr/ko/stories/clipper1#%EB%A7%88%EC%8A%A4%ED%84%B0%EB%A7%81-%ED%81%B4%EB%A6%AC%ED%8D%BC-%EC%B2%B4%EC%9D%B8-%EB%B0%B0%EC%B9%98",clipper1,0,9,0.00,4.0
"https://studionol.co.kr/ko/stories/clipper1#%ED%81%B4%EB%A6%AC%ED%8D%BC-%EC%9D%8C%EC%95%95%EC%9D%84-%EB%86%92%EC%9D%B4%EB%8A%94-%EB%A7%88%EC%8A%A4%ED%84%B0%EB%A7%81-%EB%8F%84%EA%B5%AC",clipper1,0,9,0.00,4.0
"https://studionol.co.kr/ko/stories/clipper1#true-peak-%EA%B4%80%EB%A6%AC",clipper1,0,9,0.00,4.0
"https://studionol.co.kr/ko/stories/comp1176#1176-%ED%8C%8C%EB%9D%BC%EB%AF%B8%ED%84%B0-%EC%9D%B4%ED%95%B4",comp1176,0,34,0.00,4.6
"https://studionol.co.kr/ko/stories/comp1176#1176-55%EB%85%84-%EC%97%AD%EC%82%AC%EC%9D%98-%EC%A0%84%EC%84%A4%EC%A0%81%EC%9D%B8-fet-%EC%BB%B4%ED%94%84%EB%A0%88%EC%84%9C",comp1176,0,34,0.00,4.6
"https://studionol.co.kr/ko/stories/comping1#%EB%B3%B4%EC%BB%AC-%EC%BB%B4%ED%95%91-%EB%8B%A8%EA%B3%84",comping1,0,13,0.00,2.9
"https://studionol.co.kr/ko/stories/comping1#%EC%BB%B4%ED%95%91-%EC%97%AC%EB%9F%AC-%ED%85%8C%EC%9D%B4%ED%81%AC%EC%97%90%EC%84%9C-%EC%B5%9C%EC%84%A0%EC%9D%98-%ED%8D%BC%ED%8F%AC%EB%A8%BC%EC%8A%A4%EB%A5%BC-%EB%A7%8C%EB%93%9C%EB%8A%94-%EA%B8%B0%EC%88%A0",comping1,0,13,0.00,2.9
"https://studionol.co.kr/ko/stories/comping1#%ED%85%8C%EC%9D%B4%ED%81%AC-%ED%8F%89%EA%B0%80-%EC%B2%B4%ED%81%AC%EB%A6%AC%EC%8A%A4%ED%8A%B8",comping1,0,13,0.00,2.9
"https://studionol.co.kr/ko/stories/compose1",compose1,0,26,0.00,7.5
"https://studionol.co.kr/ko/stories/compression-guide1#%EC%BB%B4%ED%94%84%EB%A0%88%EC%84%9C-%EB%8B%A4%EC%9D%B4%EB%82%98%EB%AF%B9%EC%9D%84-%EC%A0%9C%EC%96%B4%ED%95%98%EB%8A%94-%EB%AF%B9%EC%8B%B1%EC%9D%98-%ED%95%B5%EC%8B%AC-%EB%8F%84%EA%B5%AC",compression-guide1,0,24,0.00,8.1
"https://studionol.co.kr/ko/stories/compression-guide1#%ED%95%B5%EC%8B%AC-%ED%8C%8C%EB%9D%BC%EB%AF%B8%ED%84%B0",compression-guide1,0,24,0.00,8.1
"https://studionol.co.kr/ko/stories/condenser-mic1#%EB%9D%BC%EC%A7%80-%EB%8B%A4%EC%9D%B4%EC%96%B4%ED%94%84%EB%9E%A8-vs-%EC%8A%A4%EB%AA%B0-%EB%8B%A4%EC%9D%B4%EC%96%B4%ED%94%84%EB%9E%A8",condenser-mic1,0,283,0.00,9.3
"https://studionol.co.kr/ko/stories/condenser-mic1#%EC%BD%98%EB%8D%B4%EC%84%9C-%EB%A7%88%EC%9D%B4%ED%81%AC%EB%9E%80-%EB%B3%B4%EC%BB%AC-%EB%85%B9%EC%9D%8C%EC%9D%98-%ED%91%9C%EC%A4%80",condenser-mic1,0,283,0.00,9.3
"https://studionol.co.kr/ko/stories/copyright-cover1#%EC%BB%A4%EB%B2%84%EA%B3%A1-%EC%88%98%EC%9D%B5-%EC%8B%A4%EC%A0%9C%EB%A1%9C-%EC%96%BC%EB%A7%88%EB%82%98-%EB%B2%8C-%EC%88%98-%EC%9E%88%EB%82%98",copyright-cover1,0,1992,0.00,5.0
"https://studionol.co.kr/ko/stories/copyright-cover1#%EC%BB%A4%EB%B2%84-%EA%B3%A1%EA%B3%BC-%EC%A0%80%EC%9E%91%EA%B6%8C",copyright-cover1,0,2545,0.00,5.1
"https://studionol.co.kr/ko/stories/coverart1#%EC%A0%80%EC%9E%91%EA%B6%8C-%EC%97%86%EB%8A%94-%EC%9D%B4%EB%AF%B8%EC%A7%80-%EC%86%8C%EC%8A%A4",coverart1,0,372,0.00,6.9
"https://studionol.co.kr/ko/stories/coverart1#%EC%B2%AB%EC%9D%B8%EC%83%81%EC%9D%80-%EC%BB%A4%EB%B2%84-%EC%95%84%ED%8A%B8%EC%97%90%EC%84%9C-%EC%8B%9C%EC%9E%91%EB%90%A9%EB%8B%88%EB%8B%A4",coverart1,0,372,0.00,6.9
"https://studionol.co.kr/ko/stories/coverart1#%ED%94%8C%EB%9E%AB%ED%8F%BC%EB%B3%84-%EC%BB%A4%EB%B2%84-%EC%95%84%ED%8A%B8-%EA%B7%9C%EA%B2%A9",coverart1,0,372,0.00,6.9
"https://studionol.co.kr/ko/stories/creative-slump1",creative-slump1,0,76,0.00,7.4
"https://studionol.co.kr/ko/stories/daegu1",daegu1,0,426,0.00,8.8
"https://studionol.co.kr/ko/stories/daw-choice1#%EB%8F%85%ED%95%99%EC%9D%98-%ED%95%9C%EA%B3%84%EC%99%80-%EB%A0%88%EC%8A%A8",daw-choice1,0,1,0.00,4.0
"https://studionol.co.kr/ko/stories/daw-choice1#%EB%B0%A9%EC%86%A1-%EC%9D%8C%EC%95%85-%EC%9E%91%EA%B3%A1%EA%B0%80-%EB%93%9C%EB%9D%BC%EB%A7%88cm%EC%98%88%EB%8A%A5",daw-choice1,0,2,0.00,6.0
"https://studionol.co.kr/ko/stories/daw-choice1#%EC%8B%A4%EC%88%98-1-daw%EB%A5%BC-3%EA%B0%9C-%EA%B9%94%EC%95%84-%EB%86%93%EA%B3%A0-%EC%95%84%EB%AC%B4%EA%B2%83%EB%8F%84-%EB%AA%BB-%EC%94%80",daw-choice1,0,304,0.00,5.9
"https://studionol.co.kr/ko/stories/daw-choice1#%EC%8B%A4%EC%88%98-2-%EC%8B%9C%EC%9E%91%ED%95%98%EC%9E%90%EB%A7%88%EC%9E%90-%ED%94%8C%EB%9F%AC%EA%B7%B8%EC%9D%B8-100%EA%B0%9C-%EB%8B%A4%EC%9A%B4%EB%A1%9C%EB%93%9C",daw-choice1,0,82,0.00,5.5
"https://studionol.co.kr/ko/stories/daw-choice1#%EC%8B%A4%EC%88%98-3-%EC%84%B8%EC%9D%B4%EB%B8%8C-%EC%95%88-%ED%95%98%EA%B3%A0-4%EC%8B%9C%EA%B0%84-%EC%9E%91%EC%97%85%ED%95%98%EB%8B%A4-%EB%82%A0%EB%A6%BC",daw-choice1,0,61,0.00,5.6
"https://studionol.co.kr/ko/stories/daw-choice1#%EC%8B%A4%EC%88%98-4-%ED%85%9C%ED%8F%AC%ED%82%A4-%EC%84%A4%EC%A0%95-%EC%95%88-%ED%95%98%EA%B3%A0-%EB%85%B9%EC%9D%8C%EB%B6%80%ED%84%B0",daw-choice1,0,5,0.00,6.8
"https://studionol.co.kr/ko/stories/daw-choice1#%EC%8B%A4%EC%88%98-5-%EB%AF%B9%EC%8B%B1%EC%9D%84-%EB%A8%BC%EC%A0%80-%EB%B0%B0%EC%9A%B0%EB%A0%A4%EA%B3%A0-%ED%95%A8",daw-choice1,0,8,0.00,6.1
"https://studionol.co.kr/ko/stories/daw-choice1#%EC%9D%B8%EB%94%94-%EB%AE%A4%EC%A7%80%EC%85%98%EC%8B%B1%EC%96%B4%EC%86%A1%EB%9D%BC%EC%9D%B4%ED%84%B0",daw-choice1,0,4,0.00,7.3
"https://studionol.co.kr/ko/stories/daw-choice1#%EC%9E%90%EA%B0%80%EC%A7%84%EB%8B%A8-%EC%B5%9C%EC%A2%85-%EB%8B%B5%EC%95%88%EC%A7%80",daw-choice1,0,95,0.00,4.0
"https://studionol.co.kr/ko/stories/daw-choice1#%EC%9E%A5%EB%A5%B4%EB%B3%84-daw-%EC%B6%94%EC%B2%9C-%EC%9A%94%EC%95%BD",daw-choice1,0,440,0.00,6.7
"https://studionol.co.kr/ko/stories/daw-choice1#%EC%A0%95%EB%A6%AC",daw-choice1,0,264,0.00,5.7
"https://studionol.co.kr/ko/stories/daw-choice1#%ED%95%9C%EB%88%88-%EB%B9%84%EA%B5%90%ED%91%9C",daw-choice1,0,133,0.00,7.9
"https://studionol.co.kr/ko/stories/daw-choice1#%ED%98%84%EC%8B%A4%EC%A0%81%EC%9D%B8-%EC%84%A0%ED%83%9D-%EA%B8%B0%EC%A4%80",daw-choice1,0,19,0.00,5.5
"https://studionol.co.kr/ko/stories/daw-choice1#1-garageband-macosios-%EB%AC%B4%EB%A3%8C",daw-choice1,0,3,0.00,9.7
"https://studionol.co.kr/ko/stories/daw-choice1#14%EC%A3%BC%EC%B0%A8-%EA%B8%B0%EC%B4%88-%EC%A1%B0%EC%9E%91%EA%B3%BC-midi-%EC%9E%85%EB%A0%A5",daw-choice1,0,9,0.00,6.7
"https://studionol.co.kr/ko/stories/daw-choice1#2-cakewalk-by-bandlab-windows-%EB%AC%B4%EB%A3%8C",daw-choice1,0,11,0.00,6.7
"https://studionol.co.kr/ko/stories/daw-choice1#3-reaper-60%EC%9D%BC-%ED%8F%89%EA%B0%80%ED%8C%90-60-%EB%9D%BC%EC%9D%B4%EC%84%A0%EC%8A%A4",daw-choice1,0,1,0.00,10.0
"https://studionol.co.kr/ko/stories/daw-choice1#5%EB%B6%84-%EB%A7%8C%EC%97%90-%EB%81%9D%EB%82%B4%EB%8A%94-daw-%EC%9E%90%EA%B0%80%EC%A7%84%EB%8B%A8",daw-choice1,0,287,0.00,5.9
"https://studionol.co.kr/ko/stories/daw-choice1#5-fl-studio-trial-%EB%AC%B4%EB%A3%8C-%EC%B2%B4%ED%97%98%ED%8C%90-%EC%9C%A0%EB%A3%8C-%EB%9D%BC%EC%9D%B4%EC%84%A0%EC%8A%A4",daw-choice1,0,4,0.00,7.8
"https://studionol.co.kr/ko/stories/daw-choice1#58%EC%A3%BC%EC%B0%A8-%EB%85%B9%EC%9D%8C%EA%B3%BC-%ED%8E%B8%EC%A7%91",daw-choice1,0,13,0.00,7.5
"https://studionol.co.kr/ko/stories/daw-choice1#912%EC%A3%BC%EC%B0%A8-%EB%AF%B9%EC%8B%B1%EA%B3%BC-%EC%99%84%EC%84%B1",daw-choice1,0,8,0.00,6.5
"https://studionol.co.kr/ko/stories/daw-choice1#ableton-live-%EC%97%90%EC%9D%B4%EB%B8%94%ED%86%A4",daw-choice1,0,573,0.00,4.8
"https://studionol.co.kr/ko/stories/daw-choice1#daw-%EC%99%9C-%EC%84%A0%ED%83%9D%EC%9D%B4-%EC%A4%91%EC%9A%94%ED%95%9C%EA%B0%80",daw-choice1,0,1249,0.00,5.6
"https://studionol.co.kr/ko/stories/daw-choice1#k-pop-%ED%94%84%EB%A1%9C%EB%93%80%EC%84%9C",daw-choice1,0,27,0.00,5.3
"https://studionol.co.kr/ko/stories/daw-choice1#logic-pro-%EB%A1%9C%EC%A7%81-%ED%94%84%EB%A1%9C",daw-choice1,0,513,0.00,5.5
"https://studionol.co.kr/ko/stories/daw-choice1#q1-%EC%A7%80%EA%B8%88-%EC%A7%91%EC%97%90-%EC%9E%88%EB%8A%94-%EC%BB%B4%ED%93%A8%ED%84%B0%EC%9D%98-%EC%9A%B4%EC%98%81%EC%B2%B4%EC%A0%9C%EB%8A%94",daw-choice1,0,421,0.00,6.2
"https://studionol.co.kr/ko/stories/daw-choice1#q2-%EC%A3%BC%EB%A1%9C-%EB%A7%8C%EB%93%A4-%EC%9D%8C%EC%95%85%EC%9D%98-%EB%BC%88%EB%8C%80%EB%8A%94-%EB%AC%B4%EC%97%87%EC%9D%B8%EA%B0%80%EC%9A%94",daw-choice1,0,285,0.00,5.0
"https://studionol.co.kr/ko/stories/daw-choice1#q3-%ED%95%A8%EA%BB%98-%EC%9E%91%EC%97%85%ED%95%A0-%EC%82%AC%EB%9E%8C%EC%9D%98-daw%EB%8A%94",daw-choice1,0,380,0.00,5.8
"https://studionol.co.kr/ko/stories/daw-choice1#q4-%EC%98%88%EC%82%B0%EC%9D%80-%EC%96%BC%EB%A7%88%EA%B9%8C%EC%A7%80-%ED%97%88%EC%9A%A9%EB%90%98%EB%82%98%EC%9A%94",daw-choice1,0,419,0.00,5.2
"https://studionol.co.kr/ko/stories/daw-comparison1#%EC%A3%BC%EC%9A%94-daw-%ED%95%9C%EB%88%88%EC%97%90-%EB%B9%84%EA%B5%90",daw-comparison1,0,2,0.00,3.5
"https://studionol.co.kr/ko/stories/daw-comparison1#daw%EB%9E%80-digital-audio-workstation",daw-comparison1,0,2,0.00,3.5
"https://studionol.co.kr/ko/stories/daw-performance1#%EB%B2%84%ED%8D%BC-%EC%82%AC%EC%9D%B4%EC%A6%88%EC%99%80-%EB%A0%88%EC%9D%B4%ED%84%B4%EC%8B%9C",daw-performance1,0,5,0.00,4.2
"https://studionol.co.kr/ko/stories/daw-performance1#daw-%ED%8D%BC%ED%8F%AC%EB%A8%BC%EC%8A%A4-%EC%B5%9C%EC%A0%81%ED%99%94-%EB%8D%94-%EB%B9%A0%EB%A5%B4%EA%B3%A0-%EC%95%88%EC%A0%95%EC%A0%81%EC%9D%B8-%EC%9E%91%EC%97%85-%ED%99%98%EA%B2%BD",daw-performance1,0,5,0.00,4.2
"https://studionol.co.kr/ko/stories/daw1#%EC%A3%BC%EC%9A%94-daw-%EB%B9%84%EA%B5%90",daw1,0,133,0.00,5.7
"https://studionol.co.kr/ko/stories/daw1#daw%EB%9E%80-%EB%AC%B4%EC%97%87%EC%9D%B8%EA%B0%80",daw1,0,133,0.00,5.7
"https://studionol.co.kr/ko/stories/debut1#%EA%B8%B0%ED%9A%8D%EC%82%AC-%EC%97%86%EC%9D%B4%EB%8F%84-%EB%8D%B0%EB%B7%94%ED%95%A0-%EC%88%98-%EC%9E%88%EB%8A%94-%EC%8B%9C%EB%8C%80%EC%9E%85%EB%8B%88%EB%8B%A4",debut1,0,13,0.00,7.5
"https://studionol.co.kr/ko/stories/debut1#%EC%9D%B8%EB%94%94-%EB%8D%B0%EB%B7%94-%EB%A1%9C%EB%93%9C%EB%A7%B5",debut1,0,13,0.00,7.5
"https://studionol.co.kr/ko/stories/deepvoice1",deepvoice1,0,50,0.00,5.8
"https://studionol.co.kr/ko/stories/deesser1#%EB%94%94%EC%97%90%EC%84%9C%EB%9E%80",deesser1,0,538,0.00,6.0
"https://studionol.co.kr/ko/stories/deesser1#%EB%94%94%EC%97%90%EC%84%9C-%EC%84%A4%EC%A0%95-%EB%8B%A8%EA%B3%84",deesser1,0,538,0.00,6.0
"https://studionol.co.kr/ko/stories/delay-types1#%EB%94%9C%EB%A0%88%EC%9D%B4-%EC%A2%85%EB%A5%98-%EC%97%90%EC%BD%94%EB%A1%9C-%EB%B3%B4%EC%BB%AC%EC%97%90-%EC%83%9D%EB%8F%99%EA%B0%90-%EB%8D%94%ED%95%98%EA%B8%B0",delay-types1,0,297,0.00,4.3
"https://studionol.co.kr/ko/stories/delay-types1#%EB%94%9C%EB%A0%88%EC%9D%B4-%EC%A3%BC%EC%9A%94-%ED%8C%8C%EB%9D%BC%EB%AF%B8%ED%84%B0",delay-types1,0,193,0.00,4.6
"https://studionol.co.kr/ko/stories/delay-types1#1-%EC%8A%AC%EB%9E%A9%EB%B0%B1-%EB%94%9C%EB%A0%88%EC%9D%B4-slapback-delay",delay-types1,0,248,0.00,4.3
"https://studionol.co.kr/ko/stories/delay-types1#2-%ED%85%9C%ED%8F%AC-%EC%8B%B1%ED%81%AC-%EB%94%9C%EB%A0%88%EC%9D%B4-tempo-sync-delay",delay-types1,0,160,0.00,4.7
"https://studionol.co.kr/ko/stories/delay-types1#3-%ED%95%91%ED%90%81-%EB%94%9C%EB%A0%88%EC%9D%B4-ping-pong-delay",delay-types1,0,175,0.00,4.6
"https://studionol.co.kr/ko/stories/delay-types1#4-%ED%85%8C%EC%9D%B4%ED%94%84-%EB%94%9C%EB%A0%88%EC%9D%B4-tape-delay",delay-types1,0,188,0.00,4.6
"https://studionol.co.kr/ko/stories/delay-types1#5-%EB%94%94%EC%A7%80%ED%84%B8-%EB%94%9C%EB%A0%88%EC%9D%B4-digital-delay",delay-types1,0,21,0.00,5.4
"https://studionol.co.kr/ko/stories/delay1#%EA%B8%B0%EB%B3%B8-%EC%9B%90%EB%A6%AC-%EB%B9%84%EA%B5%90",delay1,0,25,0.00,6.8
"https://studionol.co.kr/ko/stories/delay1#%EB%A6%AC%EB%B2%84%EB%B8%8C%EB%8A%94-%EA%B3%B5%EA%B0%84-%EB%94%9C%EB%A0%88%EC%9D%B4%EB%8A%94-%EB%B0%98%EB%B3%B5",delay1,0,25,0.00,6.8
"https://studionol.co.kr/ko/stories/distribution1#%ED%95%B4%EC%99%B8-%EC%9C%A0%ED%86%B5%EC%82%AC-%EA%B8%80%EB%A1%9C%EB%B2%8C-%EB%B0%9C%EB%A7%A4-%EA%B0%95%EC%A0%90",distribution1,0,432,0.00,5.0
"https://studionol.co.kr/ko/stories/dobong-banghak1",dobong-banghak1,0,1,0.00,5.0
"https://studionol.co.kr/ko/stories/dongjak1",dongjak1,0,118,0.00,6.9
"https://studionol.co.kr/ko/stories/drum-mixing1#%EB%93%9C%EB%9F%BC-%EB%AF%B9%EC%8B%B1-%EB%A6%AC%EB%93%AC%EC%9D%98-%ED%86%A0%EB%8C%80%EB%A5%BC-%EC%99%84%EC%84%B1%ED%95%98%EB%8B%A4",drum-mixing1,0,439,0.00,5.5
"https://studionol.co.kr/ko/stories/drum-mixing1#%ED%82%A5-%EB%93%9C%EB%9F%BC-eq",drum-mixing1,0,439,0.00,5.5
"https://studionol.co.kr/ko/stories/drum1#%EB%93%9C%EB%9F%BC%EC%9D%B4-%EC%9D%8C%EC%95%85%EC%9D%98-%EB%A6%AC%EB%93%AC%EC%9D%84-%EB%A7%8C%EB%93%AD%EB%8B%88%EB%8B%A4",drum1,0,31,0.00,7.0
"https://studionol.co.kr/ko/stories/drum1#%EC%96%B4%EC%BF%A0%EC%8A%A4%ED%8B%B1-%EB%93%9C%EB%9F%BC-%EA%B8%B0%EB%B3%B8-%EB%A7%88%EC%9D%B4%ED%82%B9",drum1,0,31,0.00,7.0
"https://studionol.co.kr/ko/stories/drum1#%EC%A0%84%EC%9E%90%EB%93%9C%EB%9F%BC-%ED%99%88-%EB%85%B9%EC%9D%8C-%EB%B0%A9%EB%B2%95",drum1,0,31,0.00,7.0
"https://studionol.co.kr/ko/stories/duet1",duet1,0,73,0.00,7.5
"https://studionol.co.kr/ko/stories/eartraining1#%EC%9D%8C%EA%B0%90%EC%9D%80-%ED%9B%88%EB%A0%A8%EC%9C%BC%EB%A1%9C-%ED%82%A4%EC%9A%B8-%EC%88%98-%EC%9E%88%EC%8A%B5%EB%8B%88%EB%8B%A4",eartraining1,0,2,0.00,6.5
"https://studionol.co.kr/ko/stories/eartraining1#1%EB%8B%A8%EA%B3%84-%EC%9D%B8%ED%84%B0%EB%B2%8C-%EC%9D%B8%EC%8B%9D-%EC%B4%88%EA%B8%89",eartraining1,0,2,0.00,6.5
"https://studionol.co.kr/ko/stories/edm-production1",edm-production1,0,44,0.00,7.3
"https://studionol.co.kr/ko/stories/electronic-music1",electronic-music1,0,23,0.00,8.5
"https://studionol.co.kr/ko/stories/ep-making1#%EC%B2%AB-ep%EB%A5%BC-%EB%A7%8C%EB%93%A4%EA%B8%B0-%EC%9C%84%ED%95%9C-%EC%A0%84%EC%B2%B4-%EB%A1%9C%EB%93%9C%EB%A7%B5",ep-making1,0,3,0.00,6.3
"https://studionol.co.kr/ko/stories/ep-making1#ep-%EC%A0%9C%EC%9E%91-%ED%83%80%EC%9E%84%EB%9D%BC%EC%9D%B8-%EB%B0%9C%EB%A7%A4%EC%9D%BC-%EC%97%AD%EC%82%B0-%EC%9D%BC%EC%A0%95",ep-making1,0,3,0.00,6.3
"https://studionol.co.kr/ko/stories/ep-production1#ep-%EC%A0%9C%EC%9E%91-%EA%B3%BC%EC%A0%95-%EC%9D%B8%EB%94%94-%EC%95%84%ED%8B%B0%EC%8A%A4%ED%8A%B8%EC%9D%98-%EC%B2%AB-%EB%B2%88%EC%A7%B8-%EB%AF%B8%EB%8B%88%EC%95%A8%EB%B2%94-%EC%A0%84%EB%9E%B5",ep-production1,0,1,0.00,5.0
"https://studionol.co.kr/ko/stories/ep-production1#ep-%EC%A0%9C%EC%9E%91-%EB%8B%A8%EA%B3%84",ep-production1,0,1,0.00,5.0
"https://studionol.co.kr/ko/stories/eq1#%EB%B3%B4%EC%BB%AC-eq%EB%9E%80-%EB%AC%B4%EC%97%87%EC%9D%B8%EA%B0%80",eq1,0,1771,0.00,4.7
"https://studionol.co.kr/ko/stories/eq1#step-1-%ED%95%98%EC%9D%B4%ED%8C%A8%EC%8A%A4-%ED%95%84%ED%84%B0-hpf",eq1,0,1145,0.00,4.9
"https://studionol.co.kr/ko/stories/eq1#step-2-%EB%A8%B8%EB%94%94%EB%8B%88%EC%8A%A4-%EC%A0%9C%EA%B1%B0-250500hz",eq1,0,1718,0.00,4.7
"https://studionol.co.kr/ko/stories/eq1#step-3-%EC%A1%B4%EC%9E%AC%EA%B0%90-%EA%B0%95%EC%A1%B0-25khz",eq1,0,972,0.00,4.8
"https://studionol.co.kr/ko/stories/eq1#step-4-%EA%B3%B5%EA%B8%B0%EA%B0%90-%EC%B6%94%EA%B0%80-1016khz",eq1,0,855,0.00,4.7
"https://studionol.co.kr/ko/stories/eumseong1",eumseong1,0,5,0.00,6.4
"https://studionol.co.kr/ko/stories/falsetto1#%EA%B0%80%EC%84%B1-vs-%EB%91%90%EC%84%B1-%EC%B0%A8%EC%9D%B4",falsetto1,0,329,0.00,7.0
"https://studionol.co.kr/ko/stories/falsetto1#%EB%B0%9C%EC%84%B1-%EB%A0%88%EC%A7%80%EC%8A%A4%ED%84%B0-%EB%B9%84%EA%B5%90",falsetto1,0,216,0.00,7.0
"https://studionol.co.kr/ko/stories/falsetto1#%EC%A7%84%EC%84%B1%EA%B0%80%EC%84%B1%EB%91%90%EC%84%B1%EB%AF%B9%EC%8A%A4-%EB%B3%B4%EC%9D%B4%EC%8A%A4-%ED%95%9C%EB%B2%88%EC%97%90-%EC%A0%95%EB%A6%AC",falsetto1,0,330,0.00,7.0
"https://studionol.co.kr/ko/stories/falsetto1#%ED%8C%94%EC%84%B8%ED%86%A0-%EB%9C%BB-%EA%B0%80%EC%84%B1%EA%B3%BC-%EB%91%90%EC%84%B1-%EC%82%AC%EC%9D%B4%EC%97%90%EC%84%9C-%ED%97%B7%EA%B0%88%EB%A6%AC%EB%8A%94-%EA%B3%A0%EC%9D%8C-%EB%B0%9C%EC%84%B1",falsetto1,0,321,0.00,7.0
"https://studionol.co.kr/ko/stories/falsetto1#1%EB%8B%A8%EA%B3%84-%EA%B0%80%EC%84%B1-%EC%B0%BE%EA%B8%B0",falsetto1,0,224,0.00,7.0
"https://studionol.co.kr/ko/stories/falsetto1#2%EB%8B%A8%EA%B3%84-%EA%B0%80%EC%84%B1-%EA%B0%95%ED%99%94-%EA%B0%80%EC%84%B1%EB%91%90%EC%84%B1%EC%9C%BC%EB%A1%9C-%EB%B0%9C%EC%A0%84",falsetto1,0,217,0.00,7.0
"https://studionol.co.kr/ko/stories/film-scoring1#%EA%B8%B0%EB%B3%B8-%EA%B3%BC%EC%A0%95",film-scoring1,0,21,0.00,7.2
"https://studionol.co.kr/ko/stories/film-scoring1#%EC%8B%B1%ED%81%AC-%EB%9D%BC%EC%9D%B4%EC%84%BC%EC%8A%A4-%EC%A2%85%EB%A5%98",film-scoring1,0,21,0.00,7.2
"https://studionol.co.kr/ko/stories/film-scoring1#%EC%94%AC%EB%B3%84-%EC%9D%8C%EC%95%85-%EC%9C%A0%ED%98%95",film-scoring1,0,21,0.00,7.2
"https://studionol.co.kr/ko/stories/film-scoring1#%EC%98%81%EC%83%81%EC%9D%8C%EC%95%85-%EC%9D%B4%EB%AF%B8%EC%A7%80%EB%A5%BC-%EC%99%84%EC%84%B1%ED%95%98%EB%8A%94-%EC%86%8C%EB%A6%AC",film-scoring1,0,21,0.00,7.2
"https://studionol.co.kr/ko/stories/folk-music1",folk-music1,0,9,0.00,7.1
"https://studionol.co.kr/ko/stories/frequency-spectrum1#%EC%95%85%EA%B8%B0%EB%B3%84-%EC%A3%BC%EC%9A%94-%EC%A3%BC%ED%8C%8C%EC%88%98",frequency-spectrum1,0,230,0.00,5.8
"https://studionol.co.kr/ko/stories/frequency-spectrum1#%EC%A3%BC%ED%8C%8C%EC%88%98-%EB%8C%80%EC%97%AD-%EA%B5%AC%EB%B6%84",frequency-spectrum1,0,227,0.00,5.9
"https://studionol.co.kr/ko/stories/frequency-spectrum1#%EC%A3%BC%ED%8C%8C%EC%88%98-%EB%A7%88%EC%8A%A4%ED%82%B9-%ED%95%B4%EA%B2%B0%EB%B2%95",frequency-spectrum1,0,225,0.00,5.8
"https://studionol.co.kr/ko/stories/frequency-spectrum1#%EC%A3%BC%ED%8C%8C%EC%88%98-%EC%8A%A4%ED%8E%99%ED%8A%B8%EB%9F%BC-eq-%EC%9E%91%EC%97%85%EC%9D%98-%EA%B8%B0%EC%B4%88",frequency-spectrum1,0,133,0.00,5.7
"https://studionol.co.kr/ko/stories/future-bass1#%EB%B3%B4%EC%BB%AC-%EC%B5%B8%ED%95%91-3%EA%B0%80%EC%A7%80-%EB%B0%A9%EB%B2%95",future-bass1,0,30,0.00,4.5
"https://studionol.co.kr/ko/stories/future-bass1#%ED%93%A8%EC%B2%98-%EB%B2%A0%EC%9D%B4%EC%8A%A4-%EA%B0%90%EC%84%B1%EA%B3%BC-%EC%97%90%EB%84%88%EC%A7%80%EA%B0%80-%EC%B6%A9%EB%8F%8C%ED%95%98%EB%8A%94-%EC%9D%8C%EC%95%85",future-bass1,0,30,0.00,4.5
"https://studionol.co.kr/ko/stories/future-bass1#serum-%EC%8A%88%ED%8D%BC%EC%86%8C%EC%9A%B0-%EC%84%B8%ED%8C%85",future-bass1,0,30,0.00,4.5
"https://studionol.co.kr/ko/stories/gain-staging1#%EA%B2%8C%EC%9D%B8-%EC%8A%A4%ED%85%8C%EC%9D%B4%EC%A7%95-%EC%8B%A4%EC%A0%84-%EC%B2%B4%ED%81%AC%EB%A6%AC%EC%8A%A4%ED%8A%B8",gain-staging1,0,12,0.00,5.6
"https://studionol.co.kr/ko/stories/gain-staging1#%EB%8B%A8%EA%B3%84%EB%B3%84-%EC%B5%9C%EC%A0%81-%EB%A0%88%EB%B2%A8",gain-staging1,0,6,0.00,5.2
"https://studionol.co.kr/ko/stories/gain-staging1#%EC%99%9C-%EA%B2%8C%EC%9D%B8-%EC%8A%A4%ED%85%8C%EC%9D%B4%EC%A7%95%EC%9D%B4-%EC%A4%91%EC%9A%94%ED%95%9C%EA%B0%80",gain-staging1,0,12,0.00,5.6
"https://studionol.co.kr/ko/stories/gain-staging1#%EC%9D%B8%ED%84%B0%ED%8E%98%EC%9D%B4%EC%8A%A4-%EA%B2%8C%EC%9D%B8-%EC%84%A4%EC%A0%95",gain-staging1,0,12,0.00,5.6
"https://studionol.co.kr/ko/stories/gangdong1",gangdong1,0,5,0.00,2.8
"https://studionol.co.kr/ko/stories/geumcheon1",geumcheon1,0,2,0.00,8.0
"https://studionol.co.kr/ko/stories/gospel-music1",gospel-music1,0,26,0.00,5.8
"https://studionol.co.kr/ko/stories/gugak-recording1#%EA%B5%AD%EC%95%85-%EB%A0%88%EC%BD%94%EB%94%A9-%EC%A0%84%ED%86%B5%EC%9D%98-%EC%86%8C%EB%A6%AC%EB%A5%BC-%ED%98%84%EB%8C%80-%EC%9D%8C%EC%9B%90%EC%9C%BC%EB%A1%9C",gugak-recording1,0,31,0.00,6.6
"https://studionol.co.kr/ko/stories/gugak-recording1#%EA%B5%AD%EC%95%85-%EC%9D%8C%EC%9B%90-%EC%A0%9C%EC%9E%91-%EC%88%9C%EC%84%9C",gugak-recording1,0,31,0.00,6.6
"https://studionol.co.kr/ko/stories/gugak-recording1#%ED%8C%90%EC%86%8C%EB%A6%AC-%EB%85%B9%EC%9D%8C-%ED%8A%B9%EC%88%98-%EA%B3%A0%EB%A0%A4%EC%82%AC%ED%95%AD",gugak-recording1,0,20,0.00,6.5
"https://studionol.co.kr/ko/stories/guitar-mixing1#%EA%B8%B0%ED%83%80-%EB%AF%B9%EC%8B%B1-%EC%9D%BC%EB%A0%89%EA%B3%BC-%EC%96%B4%EC%BF%A0%EC%8A%A4%ED%8B%B1%EC%9D%98-%ED%95%B5%EC%8B%AC",guitar-mixing1,0,304,0.00,5.5
"https://studionol.co.kr/ko/stories/guitar-mixing1#%EC%9D%BC%EB%A0%89%EA%B8%B0%ED%83%80-eq",guitar-mixing1,0,304,0.00,5.5
"https://studionol.co.kr/ko/stories/gunpo-sanbon1",gunpo-sanbon1,0,3,0.00,5.0
"https://studionol.co.kr/ko/stories/gwangju-gyeonggi1",gwangju-gyeonggi1,0,11,0.00,7.5
"https://studionol.co.kr/ko/stories/gyeongnam1",gyeongnam1,0,109,0.00,5.6
"https://studionol.co.kr/ko/stories/haebangchon1",haebangchon1,0,1,0.00,11.0
"https://studionol.co.kr/ko/stories/harmony1#%ED%99%94%EC%9D%8C-%EA%B5%AC%EC%84%B1-%EA%B8%B0%EC%B4%88",harmony1,0,2,0.00,8.0
"https://studionol.co.kr/ko/stories/harmony1#%ED%99%94%EC%9D%8C-%ED%95%98%EB%82%98%EB%A1%9C-%EB%85%B8%EB%9E%98%EA%B0%80-%ED%92%8D%EC%84%B1%ED%95%B4%EC%A7%91%EB%8B%88%EB%8B%A4",harmony1,0,2,0.00,8.0
"https://studionol.co.kr/ko/stories/headphone-mixing1#%EB%A0%88%ED%8D%BC%EB%9F%B0%EC%8A%A4-%ED%8A%B8%EB%9E%99-%ED%99%9C%EC%9A%A9%EB%B2%95",headphone-mixing1,0,19,0.00,8.4
"https://studionol.co.kr/ko/stories/headphone-mixing1#%ED%81%AC%EB%A1%9C%EC%8A%A4%ED%94%BC%EB%93%9C-%ED%94%8C%EB%9F%AC%EA%B7%B8%EC%9D%B8-%EC%84%A4%EC%A0%95",headphone-mixing1,0,8,0.00,7.5
"https://studionol.co.kr/ko/stories/headphone-mixing1#%ED%97%A4%EB%93%9C%ED%8F%B0-%EB%AF%B9%EC%8B%B1-%EC%8A%A4%ED%94%BC%EC%BB%A4-%EC%97%86%EC%9D%B4%EB%8F%84-%EC%A0%95%ED%99%95%ED%95%9C-%EB%AF%B9%EC%8A%A4-%EB%A7%8C%EB%93%A4%EA%B8%B0",headphone-mixing1,0,19,0.00,8.4
"https://studionol.co.kr/ko/stories/headphone-mixing1#%ED%97%A4%EB%93%9C%ED%8F%B0-%EB%AF%B9%EC%8B%B1-%EC%A3%BC%EC%9A%94-%ED%95%9C%EA%B3%84",headphone-mixing1,0,19,0.00,8.4
"https://studionol.co.kr/ko/stories/headphone1#%EA%B0%80%EA%B2%A9%EB%8C%80%EB%B3%84-%EC%B6%94%EC%B2%9C-%ED%97%A4%EB%93%9C%ED%8F%B0",headphone1,0,60,0.00,7.0
"https://studionol.co.kr/ko/stories/headphone1#%EB%B3%B4%EC%BB%AC-%EB%85%B9%EC%9D%8C%EC%97%90-%ED%97%A4%EB%93%9C%ED%8F%B0%EC%9D%B4-%EC%A4%91%EC%9A%94%ED%95%9C-%EC%9D%B4%EC%9C%A0",headphone1,0,60,0.00,7.0
"https://studionol.co.kr/ko/stories/headvoice1#%EB%91%90%EC%84%B1-%EB%9C%BB-%EB%A8%B8%EB%A6%AC%EB%A1%9C-%EC%9A%B8%EB%A6%AC%EB%8A%94-%EA%B3%A0%EC%9D%8C-%EB%B0%9C%EC%84%B1",headvoice1,0,1069,0.00,7.1
"https://studionol.co.kr/ko/stories/headvoice1#%EB%91%90%EC%84%B1-%EC%B0%BE%EB%8A%94-%ED%9B%88%EB%A0%A8",headvoice1,0,1069,0.00,7.1
"https://studionol.co.kr/ko/stories/headvoice1#%EB%B0%9C%EC%84%B1-%EB%A0%88%EC%A7%80%EC%8A%A4%ED%84%B0-%EB%B9%84%EA%B5%90",headvoice1,0,660,0.00,7.0
"https://studionol.co.kr/ko/stories/headvoice1#studio-nol-%EB%B3%B4%EC%BB%AC-%EB%85%B9%EC%9D%8C-%EC%84%B8%EC%85%98%EC%97%90%EC%84%9C-%EB%91%90%EC%84%B1%EC%9D%B4-%EB%A7%89%ED%9E%88%EB%8A%94-%EA%B2%BD%EC%9A%B0-%EA%B0%80%EC%9E%A5-%EC%9E%90%EC%A3%BC-%EB%B3%B4%EB%8A%94-%EC%84%B8-%EA%B0%80%EC%A7%80-%ED%8C%A8%ED%84%B4",headvoice1,0,1063,0.00,7.1
"https://studionol.co.kr/ko/stories/highnote1#studio-nol-%EB%B3%B4%EC%BB%AC-%EB%85%B9%EC%9D%8C-%EC%84%B8%EC%85%98%EC%97%90%EC%84%9C-%EC%9E%90%EC%A3%BC-%EB%B3%B4%EB%8A%94-%EA%B3%A0%EC%9D%8C-%EB%B0%9C%EC%84%B1-%ED%8C%A8%ED%84%B4-3%EA%B0%80%EC%A7%80",highnote1,0,856,0.00,7.6
"https://studionol.co.kr/ko/stories/hiphop-vocal1#%EB%9E%98%ED%95%91-%ED%95%B5%EC%8B%AC-%EC%9A%94%EC%86%8C",hiphop-vocal1,0,87,0.00,6.8
"https://studionol.co.kr/ko/stories/hiphop-vocal1#%EB%B0%9C%EC%9D%8C-%EB%AA%85%ED%99%95%EC%84%B1-%ED%9B%88%EB%A0%A8",hiphop-vocal1,0,85,0.00,6.9
"https://studionol.co.kr/ko/stories/hiphop-vocal1#%ED%94%8C%EB%A1%9C%EC%9A%B0-%EA%B0%9C%EB%B0%9C-%EB%8B%A8%EA%B3%84%EB%B3%84-%EC%97%B0%EC%8A%B5",hiphop-vocal1,0,114,0.00,6.8
"https://studionol.co.kr/ko/stories/hiphop-vocal1#%ED%95%9C%EA%B5%AD%EC%96%B4-%EB%9E%A9-%EB%9D%BC%EC%9E%84-%EC%9C%A0%ED%98%95",hiphop-vocal1,0,112,0.00,6.9
"https://studionol.co.kr/ko/stories/hiphop-vocal1#%ED%9E%99%ED%95%A9-%EB%B3%B4%EC%BB%AC-%EB%A6%AC%EB%93%AC%EA%B3%BC-%EC%96%B8%EC%96%B4%EC%9D%98-%EA%B2%B0%ED%95%A9",hiphop-vocal1,0,113,0.00,6.8
"https://studionol.co.kr/ko/stories/hoarse1",hoarse1,0,16,0.00,8.4
"https://studionol.co.kr/ko/stories/hongcheon1",hongcheon1,0,2,0.00,8.5
"https://studionol.co.kr/ko/stories/hwaseong1",hwaseong1,0,2,0.00,9.5
"https://studionol.co.kr/ko/stories/ichon1",ichon1,0,3,0.00,3.7
"https://studionol.co.kr/ko/stories/idol-vocal1",idol-vocal1,0,93,0.00,6.1
"https://studionol.co.kr/ko/stories/incheon-bupyeong1",incheon-bupyeong1,0,1,0.00,3.0
"https://studionol.co.kr/ko/stories/incheon-geomdan1",incheon-geomdan1,0,2,0.00,9.5
"https://studionol.co.kr/ko/stories/indie-label1#%EC%9D%B8%EB%94%94-%EB%A0%88%EC%9D%B4%EB%B8%94-%EA%B3%84%EC%95%BD%EC%84%9C-%ED%95%84%EC%88%98-%ED%95%AD%EB%AA%A9",indie-label1,0,23,0.00,3.3
"https://studionol.co.kr/ko/stories/indie-label1#%EC%9D%B8%EB%94%94-%EB%A0%88%EC%9D%B4%EB%B8%94-%EB%82%98%EB%A7%8C%EC%9D%98-%EC%9D%8C%EB%B0%98%EC%82%AC%EB%A5%BC-%EC%A7%81%EC%A0%91-%EC%9A%B4%EC%98%81%ED%95%98%EA%B8%B0",indie-label1,0,39,0.00,2.8
"https://studionol.co.kr/ko/stories/indie-label1#%EC%9D%B8%EB%94%94-%EB%A0%88%EC%9D%B4%EB%B8%94-%EC%84%A4%EB%A6%BD-%EB%8B%A8%EA%B3%84",indie-label1,0,39,0.00,2.8
"https://studionol.co.kr/ko/stories/indie-label1#%EC%9D%B8%EB%94%94-%EB%A0%88%EC%9D%B4%EB%B8%94-%EC%88%98%EC%9D%B5-%EB%AA%A8%EB%8D%B8",indie-label1,0,39,0.00,2.8
"https://studionol.co.kr/ko/stories/indie-musician-studio1",indie-musician-studio1,0,46,0.00,6.1
"https://studionol.co.kr/ko/stories/indie-rock1",indie-rock1,0,107,0.00,10.8
"https://studionol.co.kr/ko/stories/interview1",interview1,0,2,0.00,5.0
"https://studionol.co.kr/ko/stories/jangandong1",jangandong1,0,2,0.00,8.0
"https://studionol.co.kr/ko/stories/jazz-harmony1#%EB%B3%B4%EC%9D%B4%EC%8B%B1-%EC%9B%90%EC%B9%99",jazz-harmony1,0,72,0.00,5.9
"https://studionol.co.kr/ko/stories/jazz-harmony1#%EC%9E%AC%EC%A6%88%EC%9D%98-%ED%95%B5%EC%8B%AC-ii-v-i",jazz-harmony1,0,72,0.00,5.9
"https://studionol.co.kr/ko/stories/jazz-harmony1#%EC%9E%AC%EC%A6%88-%EC%BD%94%EB%93%9C-%EC%9C%A0%ED%98%95",jazz-harmony1,0,72,0.00,5.9
"https://studionol.co.kr/ko/stories/jazz-harmony1#%EC%9E%AC%EC%A6%88-%ED%99%94%EC%84%B1%ED%95%99-%EB%B3%B5%EC%9E%A1%ED%95%A8-%EC%86%8D%EC%9D%98-%EC%95%84%EB%A6%84%EB%8B%A4%EC%9A%B4-%EC%A7%88%EC%84%9C",jazz-harmony1,0,72,0.00,5.9
"https://studionol.co.kr/ko/stories/jazz-vocal1",jazz-vocal1,0,50,0.00,8.7
"https://studionol.co.kr/ko/stories/jazz1",jazz1,0,132,0.00,43.1
"https://studionol.co.kr/ko/stories/jeonnam1",jeonnam1,0,21,0.00,8.7
"https://studionol.co.kr/ko/stories/jukga1#%EC%B6%95%EA%B0%80-%EA%B2%B0%ED%98%BC%EC%8B%9D%EC%97%90%EC%84%9C-%EA%B0%80%EC%9E%A5-%EA%B8%B0%EC%96%B5%EC%97%90-%EB%82%A8%EB%8A%94-%EC%88%9C%EA%B0%84",jukga1,0,12,0.00,6.0
"https://studionol.co.kr/ko/stories/jukga1#%EC%B6%95%EA%B0%80-%EC%84%A0%EA%B3%A1-%EA%B8%B0%EC%A4%80",jukga1,0,12,0.00,6.0
"https://studionol.co.kr/ko/stories/karaoke-practice1#%EB%85%B8%EB%9E%98%EB%B0%A9%EC%9D%84-%EC%97%B0%EC%8A%B5%EC%8B%A4%EB%A1%9C-%EB%B0%94%EA%BE%B8%EB%8A%94-%EB%B0%A9%EB%B2%95",karaoke-practice1,0,86,0.00,6.6
"https://studionol.co.kr/ko/stories/karaoke-practice1#%EB%85%B8%EB%9E%98%EB%B0%A9-%ED%99%9C%EC%9A%A9-%EB%AA%A9%EC%A0%81%EB%B3%84-%EC%A0%84%EB%9E%B5",karaoke-practice1,0,80,0.00,6.4
"https://studionol.co.kr/ko/stories/karaoke-practice1#%EB%85%B8%EB%9E%98%EB%B0%A9-vs-%EC%8A%A4%ED%8A%9C%EB%94%94%EC%98%A4%EC%9D%98-%EC%B0%A8%EC%9D%B4%EB%A5%BC-%EC%95%84%EB%8A%94-%EA%B2%83%EC%9D%B4-%EC%A4%91%EC%9A%94%ED%95%A9%EB%8B%88%EB%8B%A4",karaoke-practice1,0,82,0.00,6.6
"https://studionol.co.kr/ko/stories/kpop-production1#k-pop-%EB%AF%B9%EC%8A%A4-%ED%8A%B9%EC%A7%95",kpop-production1,0,11,0.00,4.0
"https://studionol.co.kr/ko/stories/kpop-production1#k-pop-%EB%B3%B4%EC%BB%AC-%EC%8B%A0%ED%98%B8-%EC%B2%B4%EC%9D%B8",kpop-production1,0,7,0.00,4.9
"https://studionol.co.kr/ko/stories/kpop-production1#k-pop-%EC%9D%8C%EB%B0%98-%EC%A0%9C%EC%9E%91-%ED%9D%90%EB%A6%84",kpop-production1,0,11,0.00,4.0
"https://studionol.co.kr/ko/stories/kpop-production1#k-pop-%ED%94%84%EB%A1%9C%EB%8D%95%EC%85%98-%EC%99%84%EC%84%B1%EB%8F%84-%EB%86%92%EC%9D%80-%EC%BC%80%EC%9D%B4%ED%8C%9D-%EC%9D%8C%EB%B0%98-%EB%A7%8C%EB%93%A4%EA%B8%B0",kpop-production1,0,9,0.00,3.7
"https://studionol.co.kr/ko/stories/kpop-trainee1#%EC%97%B0%EC%8A%B5%EC%83%9D-%EC%A4%80%EB%B9%84-%EB%8B%A8%EA%B3%84%EB%B3%84-%EB%A1%9C%EB%93%9C%EB%A7%B5",kpop-trainee1,0,8,0.00,2.9
"https://studionol.co.kr/ko/stories/kpop-trainee1#k%ED%8C%9D-%EC%97%B0%EC%8A%B5%EC%83%9D-%EC%8B%9C%EC%8A%A4%ED%85%9C%EC%9D%B4%EB%9E%80",kpop-trainee1,0,8,0.00,2.9
"https://studionol.co.kr/ko/stories/ktx-gyeongbu-guide1",ktx-gyeongbu-guide1,0,70,0.00,8.5
"https://studionol.co.kr/ko/stories/la2a1#la-2a-%EB%94%B0%EB%9C%BB%ED%95%9C-%EC%9D%8C%EC%83%89%EC%9D%98-%ED%81%B4%EB%9E%98%EC%8B%9D-optical-%EC%BB%B4%ED%94%84%EB%A0%88%EC%84%9C",la2a1,0,320,0.00,5.8
"https://studionol.co.kr/ko/stories/la2a1#la-2a-%ED%8C%8C%EB%9D%BC%EB%AF%B8%ED%84%B0-%EC%9D%B4%ED%95%B4",la2a1,0,320,0.00,5.8
"https://studionol.co.kr/ko/stories/lesson-price-market-2026#%EA%B0%80%EA%B2%A9%EC%9D%84-%EA%B0%80%EB%A5%B4%EB%8A%94-%EB%B3%80%EC%88%98-%EB%84%A4-%EA%B0%80%EC%A7%80",lesson-price-market-2026,0,10,0.00,6.4
"https://studionol.co.kr/ko/stories/lesson-price-market-2026#%EA%B2%AC%EC%A0%81-%EB%B0%9B%EC%9D%84-%EB%95%8C-%EB%AC%BC%EC%96%B4%EB%B3%BC-%EA%B2%83",lesson-price-market-2026,0,9,0.00,6.0
"https://studionol.co.kr/ko/stories/lesson-price-market-2026#%EA%B3%B5%EA%B0%9C%EB%90%9C-%EA%B0%80%EA%B2%A9%ED%91%9C",lesson-price-market-2026,0,10,0.00,6.4
"https://studionol.co.kr/ko/stories/lesson-price-market-2026#%EC%9B%94-%EA%B8%88%EC%95%A1%EB%A7%8C-%EB%B9%84%EA%B5%90%ED%95%98%EB%A9%B4-%EC%98%A4%ED%95%B4%EA%B0%80-%EC%83%9D%EA%B9%81%EB%8B%88%EB%8B%A4",lesson-price-market-2026,0,10,0.00,6.4
"https://studionol.co.kr/ko/stories/lesson1",lesson1,0,1,0.00,10.0
"https://studionol.co.kr/ko/stories/limiter1#%EB%8B%A8%EA%B3%84%EB%B3%84-%EC%84%A4%EC%A0%95",limiter1,0,40,0.00,6.8
"https://studionol.co.kr/ko/stories/limiter1#%EB%A7%88%EC%8A%A4%ED%84%B0%EB%A7%81%EC%9D%98-%EB%A7%88%EC%A7%80%EB%A7%89-%EB%AC%B8%EC%A7%80%EA%B8%B0",limiter1,0,40,0.00,6.8
"https://studionol.co.kr/ko/stories/live-performance1#%EB%9D%BC%EC%9D%B4%EB%B8%8C-%EA%B3%B5%EC%97%B0-%EC%A4%80%EB%B9%84%EB%90%9C-%EC%95%84%ED%8B%B0%EC%8A%A4%ED%8A%B8%EB%A7%8C%EC%9D%B4-%EB%AC%B4%EB%8C%80%EB%A5%BC-%EC%A7%80%EB%B0%B0%ED%95%9C%EB%8B%A4",live-performance1,0,23,0.00,4.6
"https://studionol.co.kr/ko/stories/live-performance1#%EC%82%AC%EC%9A%B4%EB%93%9C-%EC%B2%B4%ED%81%AC-%EC%88%9C%EC%84%9C",live-performance1,0,23,0.00,4.6
"https://studionol.co.kr/ko/stories/livesound1#%EB%9D%BC%EC%9D%B4%EB%B8%8C%EB%8A%94-%EC%8A%A4%ED%8A%9C%EB%94%94%EC%98%A4%EC%99%80-%EB%8B%A4%EB%A6%85%EB%8B%88%EB%8B%A4",livesound1,0,7,0.00,7.3
"https://studionol.co.kr/ko/stories/livesound1#%EB%AA%A8%EB%8B%88%ED%84%B0-%EC%8B%9C%EC%8A%A4%ED%85%9C-%EC%A2%85%EB%A5%98-%EB%B9%84%EA%B5%90",livesound1,0,7,0.00,7.3
"https://studionol.co.kr/ko/stories/lofi-production1#%EB%A1%9C%ED%8C%8C%EC%9D%B4-%EC%82%AC%EC%9A%B4%EB%93%9C%EC%9D%98-%ED%95%B5%EC%8B%AC-%EC%9A%94%EC%86%8C",lofi-production1,0,9,0.00,6.8
"https://studionol.co.kr/ko/stories/lofi-production1#%EB%A1%9C%ED%8C%8C%EC%9D%B4-%EC%9D%8C%EC%95%85-%EC%9D%98%EB%8F%84%EC%A0%81%EC%9D%B8-%EB%B6%88%EC%99%84%EC%A0%84%ED%95%A8%EC%9D%98-%EB%AF%B8%ED%95%99",lofi-production1,0,9,0.00,6.8
"https://studionol.co.kr/ko/stories/lofi-production1#%EB%A1%9C%ED%8C%8C%EC%9D%B4-%ED%9E%99%ED%95%A9-%EB%B9%84%ED%8A%B8-%EC%A0%9C%EC%9E%91",lofi-production1,0,9,0.00,6.8
"https://studionol.co.kr/ko/stories/lofi-production1#%EC%95%85%EA%B8%B0%EB%B3%84-%EB%A1%9C%ED%8C%8C%EC%9D%B4-%EC%84%A4%EC%A0%95",lofi-production1,0,8,0.00,6.9
"https://studionol.co.kr/ko/stories/logic-pro1#%EC%8B%9C%EC%8A%A4%ED%85%9C-%EC%84%A4%EC%A0%95",logic-pro1,0,4,0.00,7.3
"https://studionol.co.kr/ko/stories/logic-pro1#%EC%B6%94%EC%B2%9C-%EB%B3%B4%EC%BB%AC-%EB%AF%B9%EC%8B%B1-%EC%B2%B4%EC%9D%B8",logic-pro1,0,4,0.00,7.3
"https://studionol.co.kr/ko/stories/logic-pro1#logic-pro-%EB%A7%A5-%EC%82%AC%EC%9A%A9%EC%9E%90%EB%A5%BC-%EC%9C%84%ED%95%9C-%EC%A0%84%EB%AC%B8-daw",logic-pro1,0,4,0.00,7.3
"https://studionol.co.kr/ko/stories/loudness1#%EB%9D%BC%EC%9A%B0%EB%93%9C%EB%8B%88%EC%8A%A4-%EC%A0%95%EA%B7%9C%ED%99%94-%ED%95%A8%EC%A0%95-%EB%84%88%EB%AC%B4-%EB%86%92%EC%9D%B4%EC%A7%80-%EB%A7%88%EC%84%B8%EC%9A%94",loudness1,0,66,0.00,6.3
"https://studionol.co.kr/ko/stories/loudness1#%EB%B0%9C%EB%A7%A4-%EC%A7%81%EC%A0%84%EC%97%90-%EA%B0%80%EC%9E%A5-%EC%9E%90%EC%A3%BC-%EB%82%98%EC%98%A4%EB%8A%94-%EC%9D%8C%EC%95%95-%EC%8B%A4%EC%88%98-3%EA%B0%80%EC%A7%80",loudness1,0,32,0.00,6.8
"https://studionol.co.kr/ko/stories/loudness1#%EC%8A%A4%ED%8A%B8%EB%A6%AC%EB%B0%8D-%EC%8B%9C%EB%8C%80%EC%9D%98-%EB%A7%88%EC%8A%A4%ED%84%B0%EB%A7%81",loudness1,0,253,0.00,5.6
"https://studionol.co.kr/ko/stories/loudness1#%EC%8A%A4%ED%8A%B8%EB%A6%AC%EB%B0%8D-%ED%94%8C%EB%9E%AB%ED%8F%BC%EB%B3%84-%EB%9D%BC%EC%9A%B0%EB%93%9C%EB%8B%88%EC%8A%A4-%EC%A0%95%EA%B7%9C%ED%99%94-%EA%B8%B0%EC%A4%80-2026%EB%85%84",loudness1,0,164,0.00,6.1
"https://studionol.co.kr/ko/stories/loudness1#%EC%9E%A5%EB%A5%B4%EB%B3%84-%EA%B6%8C%EC%9E%A5-lufs-%EC%84%A4%EC%A0%95",loudness1,0,252,0.00,5.6
"https://studionol.co.kr/ko/stories/loudness1#%EC%9E%A5%EB%A5%B4%EB%B3%84-%EB%9D%BC%EC%9A%B0%EB%93%9C%EB%8B%88%EC%8A%A4-%EA%B6%8C%EC%9E%A5%EA%B0%92-%ED%91%9C",loudness1,0,111,0.00,5.7
"https://studionol.co.kr/ko/stories/loudness1#%EC%A3%BC%EC%9A%94-%EC%8A%A4%ED%8A%B8%EB%A6%AC%EB%B0%8D-%ED%94%8C%EB%9E%AB%ED%8F%BC-%EC%9D%8C%EC%95%95-%EA%B8%B0%EC%A4%80",loudness1,0,42,0.00,5.2
"https://studionol.co.kr/ko/stories/loudness1#lufs%EC%99%80-dbfs-db-spl-%EB%8F%84%EB%8C%80%EC%B2%B4-%EB%AD%90%EA%B0%80-%EB%8B%A4%EB%A5%B8%EA%B0%80",loudness1,0,150,0.00,6.0
"https://studionol.co.kr/ko/stories/loudness1#lufs-%EC%B8%A1%EC%A0%95-%EB%8F%84%EA%B5%AC-%EB%AC%B4%EB%A3%8C%EC%9C%A0%EB%A3%8C-5%EC%A2%85-%EB%B9%84%EA%B5%90",loudness1,0,122,0.00,5.6
"https://studionol.co.kr/ko/stories/loudness1#lufs-%EC%B8%A1%EC%A0%95-%EB%B0%8F-%EB%A7%88%EC%8A%A4%ED%84%B0%EB%A7%81-%EA%B3%BC%EC%A0%95",loudness1,0,245,0.00,5.5
"https://studionol.co.kr/ko/stories/low-note1#%EC%A0%80%EC%9D%8C-%EB%B0%9C%EC%84%B1-%EC%9D%8C%EC%97%AD%EC%9D%98-%EC%95%84%EB%9E%98%EB%A5%BC-%ED%83%90%ED%97%98%ED%95%98%EB%8B%A4",low-note1,0,245,0.00,9.1
"https://studionol.co.kr/ko/stories/lyrics-memo1#%EA%B0%80%EC%82%AC-%EC%95%94%EA%B8%B0-%EB%8B%A8%EA%B3%84%EB%B3%84-%EC%A0%84%EB%9E%B5",lyrics-memo1,0,332,0.00,3.8
"https://studionol.co.kr/ko/stories/lyrics1#%EA%B0%80%EC%82%AC%EB%8A%94-%EA%B0%90%EC%A0%95%EC%97%90%EC%84%9C-%EC%8B%9C%EC%9E%91%ED%95%A9%EB%8B%88%EB%8B%A4",lyrics1,0,41,0.00,6.7
"https://studionol.co.kr/ko/stories/lyrics1#%EA%B8%B0%EB%B3%B8-%EA%B5%AC%EC%A1%B0-%ED%8C%9D%EB%B0%9C%EB%9D%BC%EB%93%9C",lyrics1,0,41,0.00,6.7
"https://studionol.co.kr/ko/stories/mapo-gongdeok1",mapo-gongdeok1,0,16,0.00,5.8
"https://studionol.co.kr/ko/stories/mastering-tips1#%EB%A0%88%ED%8D%BC%EB%9F%B0%EC%8A%A4-%EC%82%AC%EC%9A%A9-%EB%B0%A9%EB%B2%95",mastering-tips1,0,16,0.00,5.0
"https://studionol.co.kr/ko/stories/mastering-tips1#%EB%A7%88%EC%8A%A4%ED%84%B0%EB%A7%81-%EB%AF%B9%EC%8A%A4%EB%A5%BC-%EC%99%84%EC%84%B1%ED%95%98%EB%8A%94-%EB%A7%88%EC%A7%80%EB%A7%89-%EB%8B%A8%EA%B3%84",mastering-tips1,0,28,0.00,4.5
"https://studionol.co.kr/ko/stories/mastering-tips1#%EC%8A%A4%ED%8A%B8%EB%A6%AC%EB%B0%8D-%ED%94%8C%EB%9E%AB%ED%8F%BC-lufs-%EA%B8%B0%EC%A4%80",mastering-tips1,0,28,0.00,4.5
"https://studionol.co.kr/ko/stories/mastering-tips1#%ED%91%9C%EC%A4%80-%EB%A7%88%EC%8A%A4%ED%84%B0%EB%A7%81-%EC%B2%B4%EC%9D%B8",mastering-tips1,0,27,0.00,4.6
"https://studionol.co.kr/ko/stories/mastering1#%EB%A7%88%EC%8A%A4%ED%84%B0%EB%A7%81%EC%9D%B4%EB%9E%80-%EB%AC%B4%EC%97%87%EC%9D%B8%EA%B0%80",mastering1,0,6,0.00,7.5
"https://studionol.co.kr/ko/stories/mastering1#%EB%A7%88%EC%8A%A4%ED%84%B0%EB%A7%81%EC%9D%B4-%ED%95%84%EC%9A%94%ED%95%9C-%EC%8B%A0%ED%98%B8-7%EA%B0%80%EC%A7%80-%EB%B3%B8%EC%9D%B8-%EA%B3%A1%EC%9C%BC%EB%A1%9C-%EC%9E%90%EA%B0%80-%EC%A7%84%EB%8B%A8",mastering1,0,2,0.00,8.5
"https://studionol.co.kr/ko/stories/mastering1#%EB%A7%88%EC%8A%A4%ED%84%B0%EB%A7%81-%EB%B9%84%EC%9A%A9%EA%B8%B0%EA%B0%84%EC%98%B5%EC%85%98-%EC%9D%B8%EB%94%94-vs-%EB%A9%94%EC%9D%B4%EC%A0%80-%EA%B8%B0%EC%A4%80",mastering1,0,2,0.00,8.5
"https://studionol.co.kr/ko/stories/mastering1#%EB%A7%88%EC%8A%A4%ED%84%B0-%EB%B2%84%EC%8A%A4%EC%97%90-%EB%A6%AC%EB%AF%B8%ED%84%B0-x-clean-export",mastering1,0,2,0.00,8.5
"https://studionol.co.kr/ko/stories/mastering1#%EB%A7%88%EC%B9%98%EB%A9%B0",mastering1,0,6,0.00,7.2
"https://studionol.co.kr/ko/stories/mastering1#%EB%AF%B9%EC%8B%B1%EA%B3%BC-%EB%A7%88%EC%8A%A4%ED%84%B0%EB%A7%81%EC%9D%84-%EB%B6%84%EB%A6%AC%ED%95%B4%EC%95%BC-%ED%95%98%EB%8A%94-%EC%9D%B4%EC%9C%A0",mastering1,0,2,0.00,8.5
"https://studionol.co.kr/ko/stories/mastering1#3-%EC%A0%95%EA%B7%9C-%EC%95%A8%EB%B2%94-%EC%A0%84%EC%B2%B4-%ED%8A%B8%EB%9E%99-%EC%99%84%EC%84%B1-%ED%9B%84-%EC%8B%9C%ED%80%80%EC%8B%B1-%ED%8F%AC%ED%95%A8-%EB%A7%88%EC%8A%A4%ED%84%B0%EB%A7%81",mastering1,0,3,0.00,7.0
"https://studionol.co.kr/ko/stories/mastering1#5-%EC%9D%8C%EC%9B%90-%EC%82%AC%EC%9D%B4%ED%8A%B8%EB%A9%9C%EB%A1%A0%EC%8A%A4%ED%8F%AC%ED%8B%B0%ED%8C%8C%EC%9D%B4-%EC%97%85%EB%A1%9C%EB%93%9C-%ED%9B%84-%ED%9D%90%EB%A6%BF%ED%95%A8",mastering1,0,1,0.00,11.0
"https://studionol.co.kr/ko/stories/mastering1#studio-nol%EC%97%90%EC%84%9C-%EB%AF%B9%EC%8B%B1%EA%B3%BC-%EB%A7%88%EC%8A%A4%ED%84%B0%EB%A7%81%EC%9D%84-%EB%B6%84%EB%A6%AC%ED%95%98%EB%8A%94-%EC%9D%B4%EC%9C%A0",mastering1,0,8,0.00,7.5
"https://studionol.co.kr/ko/stories/melon-chart1",melon-chart1,0,11,0.00,6.3
"https://studionol.co.kr/ko/stories/mic-placement1#%EB%A7%88%EC%9D%B4%ED%81%AC-%EB%B0%B0%EC%B9%98%EA%B0%80-%EC%9D%8C%EC%A7%88%EC%9D%84-%EA%B2%B0%EC%A0%95%ED%95%9C%EB%8B%A4",mic-placement1,0,37,0.00,8.2
"https://studionol.co.kr/ko/stories/mic-placement1#%EC%95%85%EA%B8%B0%EB%B3%84-%EB%A7%88%EC%9D%B4%ED%81%AC-%EB%B0%B0%EC%B9%98-%EA%B0%80%EC%9D%B4%EB%93%9C",mic-placement1,0,37,0.00,8.2
"https://studionol.co.kr/ko/stories/microphone1#%EB%A7%88%EC%9D%B4%ED%81%AC%EB%8A%94-%EB%B3%B4%EC%BB%AC%EC%9D%98-%EC%B2%AB-%EB%B2%88%EC%A7%B8-%EB%8F%84%EA%B5%AC",microphone1,0,385,0.00,7.2
"https://studionol.co.kr/ko/stories/microphone1#%EC%BD%98%EB%8D%B4%EC%84%9C-%EB%A7%88%EC%9D%B4%ED%81%AC-vs-%EB%8B%A4%EC%9D%B4%EB%82%98%EB%AF%B9-%EB%A7%88%EC%9D%B4%ED%81%AC",microphone1,0,385,0.00,7.2
"https://studionol.co.kr/ko/stories/mid-side1#%EB%AA%A8%EB%85%B8-%ED%98%B8%ED%99%98%EC%84%B1-%EC%B2%B4%ED%81%AC",mid-side1,0,12,0.00,5.4
"https://studionol.co.kr/ko/stories/mid-side1#mid-%EC%B1%84%EB%84%90-eq",mid-side1,0,17,0.00,5.8
"https://studionol.co.kr/ko/stories/mid-side1#mid-side-%EC%8A%A4%ED%85%8C%EB%A0%88%EC%98%A4%EB%A5%BC-%ED%95%B4%EB%B6%80%ED%95%98%EB%8A%94-%EA%B3%A0%EA%B8%89-%EA%B8%B0%EB%B2%95",mid-side1,0,21,0.00,5.5
"https://studionol.co.kr/ko/stories/mid-side1#side-%EC%B1%84%EB%84%90-eq",mid-side1,0,21,0.00,5.5
"https://studionol.co.kr/ko/stories/mid-side1#side-%EC%BB%B4%ED%94%84%EB%A0%88%EC%84%9C",mid-side1,0,21,0.00,5.5
"https://studionol.co.kr/ko/stories/midi-arrangement1#%EB%B3%B4%EC%BB%AC-%EB%B0%98%EC%A3%BC-%EC%A0%9C%EC%9E%91-%EC%88%9C%EC%84%9C",midi-arrangement1,0,7,0.00,8.1
"https://studionol.co.kr/ko/stories/midi-arrangement1#%EC%95%85%EA%B8%B0-%ED%8C%8C%ED%8A%B8%EB%B3%84-%EC%A0%91%EA%B7%BC",midi-arrangement1,0,3,0.00,7.3
"https://studionol.co.kr/ko/stories/midi-arrangement1#midi-%EA%B8%B0%EB%B3%B8-%EC%9A%94%EC%86%8C",midi-arrangement1,0,7,0.00,8.1
"https://studionol.co.kr/ko/stories/midi-arrangement1#midi-%ED%8E%B8%EA%B3%A1-%ED%95%9C-%EB%AA%85%EC%9D%B4-%EC%98%A4%EC%BC%80%EC%8A%A4%ED%8A%B8%EB%9D%BC%EB%A5%BC-%EB%A7%8C%EB%93%9C%EB%8A%94-%EB%B0%A9%EB%B2%95",midi-arrangement1,0,7,0.00,8.1
"https://studionol.co.kr/ko/stories/midi-composition1#midi-%EB%93%9C%EB%9F%BC-%ED%8C%A8%ED%84%B4-%EA%B8%B0%EC%B4%88",midi-composition1,0,1,0.00,3.0
"https://studionol.co.kr/ko/stories/midi-composition1#midi-%EC%9E%85%EB%A0%A5-3%EA%B0%80%EC%A7%80-%EB%B0%A9%EB%B2%95",midi-composition1,0,1,0.00,4.0
"https://studionol.co.kr/ko/stories/midi-composition1#midi-%ED%8E%B8%EA%B3%A1-%ED%95%B5%EC%8B%AC-%EA%B8%B0%EB%B2%95",midi-composition1,0,2,0.00,3.5
"https://studionol.co.kr/ko/stories/midi-composition1#midi-%ED%98%84%EB%8C%80-%EC%9D%8C%EC%95%85-%EC%A0%9C%EC%9E%91%EC%9D%98-%ED%95%B5%EC%8B%AC-%EB%8F%84%EA%B5%AC",midi-composition1,0,2,0.00,3.5
"https://studionol.co.kr/ko/stories/midi-groove1",midi-groove1,0,40,0.00,10.1
"https://studionol.co.kr/ko/stories/mix-automation1#%EB%AF%B9%EC%8B%B1-%EC%98%A4%ED%86%A0%EB%A9%94%EC%9D%B4%EC%85%98-%EC%8B%9C%EA%B0%84-%EC%B6%95%EC%97%90-%EB%94%B0%EB%A5%B8-%EC%A0%95%EB%B0%80-%EC%A1%B0%EC%A0%95",mix-automation1,0,75,0.00,5.1
"https://studionol.co.kr/ko/stories/mix-automation1#%EB%B3%B4%EC%BB%AC-%EA%B2%8C%EC%9D%B8-%EB%9D%BC%EC%9D%B4%EB%94%A9-%EC%A0%88%EC%B0%A8",mix-automation1,0,75,0.00,5.1
"https://studionol.co.kr/ko/stories/mix-reference1#%EB%A0%88%ED%8D%BC%EB%9F%B0%EC%8A%A4-%EB%B9%84%EA%B5%90-%EB%B0%A9%EB%B2%95",mix-reference1,0,50,0.00,5.1
"https://studionol.co.kr/ko/stories/mix-reference1#%EB%A0%88%ED%8D%BC%EB%9F%B0%EC%8A%A4-%ED%8A%B8%EB%9E%99-%EC%84%A0%ED%83%9D-%EA%B8%B0%EC%A4%80",mix-reference1,0,49,0.00,5.2
"https://studionol.co.kr/ko/stories/mix-reference1#%EB%AF%B9%EC%8A%A4-%EB%A0%88%ED%8D%BC%EB%9F%B0%EC%8A%A4-%EA%B0%9D%EA%B4%80%EC%A0%81%EC%9D%B8-%EA%B7%80%EB%A5%BC-%EC%9C%A0%EC%A7%80%ED%95%98%EB%8A%94-%EB%B0%A9%EB%B2%95",mix-reference1,0,52,0.00,5.2
"https://studionol.co.kr/ko/stories/mix-reference1#%EC%9E%A5%EB%A5%B4%EB%B3%84-%EB%A0%88%ED%8D%BC%EB%9F%B0%EC%8A%A4-%ED%99%9C%EC%9A%A9-%ED%8C%81",mix-reference1,0,33,0.00,6.0
"https://studionol.co.kr/ko/stories/mixing-complete-guide#%EB%AF%B9%EC%8B%B1%EC%9D%B4%EB%9D%BC%EB%8A%94-%EA%B8%B4-%EC%97%AC%EC%A0%95",mixing-complete-guide,0,269,0.00,6.5
"https://studionol.co.kr/ko/stories/mixing-complete-guide#%ED%95%99%EC%8A%B5-%EB%A1%9C%EB%93%9C%EB%A7%B5-4%EB%8B%A8%EA%B3%84",mixing-complete-guide,0,128,0.00,6.5
"https://studionol.co.kr/ko/stories/mixing-complete-guide#1%EB%8B%A8%EA%B3%84-%EA%B8%B0%EC%B4%88-%EC%9D%B4%ED%95%B4-15%EB%B6%80",mixing-complete-guide,0,233,0.00,6.5
"https://studionol.co.kr/ko/stories/mixing-complete-guide#2%EB%8B%A8%EA%B3%84-eq%EC%BB%B4%ED%94%84%EB%A0%88%EC%84%9C-612%EB%B6%80",mixing-complete-guide,0,236,0.00,6.5
"https://studionol.co.kr/ko/stories/mixing-complete-guide#3%EB%8B%A8%EA%B3%84-%EA%B3%B5%EA%B0%84%EA%B3%84%EC%9D%B4%ED%8E%99%ED%8A%B8-1318%EB%B6%80",mixing-complete-guide,0,131,0.00,6.5
"https://studionol.co.kr/ko/stories/mixing-complete-guide#4%EB%8B%A8%EA%B3%84-%EB%B3%B4%EC%BB%AC%EB%A7%88%EC%8A%A4%ED%84%B0%EB%A7%81-1923%EB%B6%80",mixing-complete-guide,0,182,0.00,6.2
"https://studionol.co.kr/ko/stories/mixing-vs-mastering1#%EB%A7%88%EC%8A%A4%ED%84%B0%EB%A7%81-mastering-%EA%B0%9C%EC%9A%94",mixing-vs-mastering1,0,8,0.00,7.1
"https://studionol.co.kr/ko/stories/mixing-vs-mastering1#%EB%AF%B9%EC%8B%B1%EA%B3%BC-%EB%A7%88%EC%8A%A4%ED%84%B0%EB%A7%81-%EC%9D%8C%EC%9B%90-%ED%9B%84%EB%B0%98-%EC%9E%91%EC%97%85%EC%9D%98-%EB%91%90-%EB%8B%A8%EA%B3%84",mixing-vs-mastering1,0,14,0.00,7.1
"https://studionol.co.kr/ko/stories/mixing-vs-mastering1#%EB%AF%B9%EC%8B%B1-mixing-%EA%B0%9C%EC%9A%94",mixing-vs-mastering1,0,14,0.00,7.1
"https://studionol.co.kr/ko/stories/mixing-vs-mastering1#%EB%AF%B9%EC%8B%B1-vs-%EB%A7%88%EC%8A%A4%ED%84%B0%EB%A7%81-%ED%95%B5%EC%8B%AC-%EC%B0%A8%EC%9D%B4",mixing-vs-mastering1,0,14,0.00,7.1
"https://studionol.co.kr/ko/stories/mixing-workflow1",mixing-workflow1,0,36,0.00,12.4
"https://studionol.co.kr/ko/stories/mixing11#1-%EB%B3%B4%EC%BB%AC-%EC%BB%B4%ED%95%91comping-%EC%B5%9C%EA%B3%A0%EC%9D%98-%EC%88%9C%EA%B0%84-%EB%AA%A8%EC%9C%BC%EA%B8%B0",mixing11,0,74,0.00,4.5
"https://studionol.co.kr/ko/stories/mixing11#2-%ED%83%80%EC%9D%B4%EB%B0%8D-%EA%B5%90%EC%A0%95-%EB%A6%AC%EB%93%AC%EC%9D%98-%EC%8B%AC%ED%8F%90%EC%86%8C%EC%83%9D%EC%88%A0",mixing11,0,8,0.00,4.0
"https://studionol.co.kr/ko/stories/mixing11#3-%EC%9E%A1%EC%9D%8C-%EC%A0%9C%EA%B1%B0-%EA%B2%B0%EB%B2%BD%EC%A6%9D-%EC%97%94%EC%A7%80%EB%8B%88%EC%96%B4%EA%B0%80-%EB%90%98%EC%84%B8%EC%9A%94",mixing11,0,69,0.00,4.5
"https://studionol.co.kr/ko/stories/mixing11#4-studio-episode-%EC%97%90%EB%94%94%ED%8C%85%EC%9D%B4-%EB%AF%B9%EC%8B%B1%EB%B3%B4%EB%8B%A4-%EC%A4%91%EC%9A%94%ED%95%A0-%EB%95%8C",mixing11,0,76,0.00,4.6
"https://studionol.co.kr/ko/stories/mixing14#%EC%B6%94%EC%B2%9C-%EC%88%9C%EC%84%9C-the-hierarchy-of-mix",mixing14,0,2,0.00,9.0
"https://studionol.co.kr/ko/stories/mixing14#1-%ED%97%A4%EB%93%9C%EB%A3%B8headroom-%EC%86%8C%EB%A6%AC%EA%B0%80-%EC%88%A8-%EC%89%B4-%EA%B3%B5%EA%B0%84",mixing14,0,1,0.00,9.0
"https://studionol.co.kr/ko/stories/mixing14#3-%EB%AA%A8%EB%85%B8mono%EC%9D%98-%EB%A7%88%EB%B2%95-%EA%B1%B0%EC%A7%93%EB%A7%90-%ED%83%90%EC%A7%80%EA%B8%B0",mixing14,0,1,0.00,9.0
"https://studionol.co.kr/ko/stories/mixing14#4-%EC%98%A4%ED%86%A0%EB%A9%94%EC%9D%B4%EC%85%98automation-%EC%83%9D%EB%AA%85-%EB%B6%88%EC%96%B4%EB%84%A3%EA%B8%B0",mixing14,0,1,0.00,9.0
"https://studionol.co.kr/ko/stories/mixing14#5-vca%EC%99%80-%EA%B7%B8%EB%A3%B9-%ED%8E%98%EC%9D%B4%EB%8D%94-%EA%B5%B0%EB%8C%80-%EC%A7%80%ED%9C%98%ED%95%98%EA%B8%B0",mixing14,0,2,0.00,9.0
"https://studionol.co.kr/ko/stories/mixing15#1-%ED%8C%ACpan%EC%9D%B4%EB%9E%80-%EB%AC%B4%EC%97%87%EC%9D%BC%EA%B9%8C%EC%9A%94",mixing15,0,22,0.00,5.3
"https://studionol.co.kr/ko/stories/mixing15#3-%EC%A4%91%EA%B0%84-%EC%A7%80%EC%A0%90-%EC%96%91%EB%85%90%EA%B3%BC-%EB%B0%B0%EA%B2%BD",mixing15,0,4,0.00,6.3
"https://studionol.co.kr/ko/stories/mixing15#3-lcr-%ED%8C%A8%EB%8B%9D-%EB%8B%A8%EC%88%9C%ED%95%A8%EC%9D%98-%EB%AF%B8%ED%95%99",mixing15,0,21,0.00,5.2
"https://studionol.co.kr/ko/stories/mixing15#4-studio-episode-%EB%B3%B4%EC%BB%AC%EC%9D%84-%EC%A7%80%ED%82%A4%EB%8A%94-%ED%8C%A8%EB%8B%9D%EC%9D%98-%EC%A0%84%EB%9E%B5",mixing15,0,22,0.00,5.3
"https://studionol.co.kr/ko/stories/mixing16#1-eq%EC%9D%98-%EC%B2%AB-%EB%B2%88%EC%A7%B8-%EC%9E%84%EB%AC%B4-%EC%B2%AD%EC%86%8C-subtractive-eq",mixing16,0,3,0.00,6.3
"https://studionol.co.kr/ko/stories/mixing16#2-%EC%A3%BC%ED%8C%8C%EC%88%98-%EB%8C%80%EC%97%AD%EB%B3%84-%EB%8A%90%EB%82%8C-%EC%9D%B4%EA%B2%83%EB%A7%8C-%EC%99%B8%EC%9A%B0%EC%84%B8%EC%9A%94",mixing16,0,3,0.00,6.3
"https://studionol.co.kr/ko/stories/mixing16#3-studio-episode-%EA%B9%8E%EA%B8%B0%EB%A7%8C-%ED%96%88%EB%8A%94%EB%8D%B0-%EC%86%8C%EB%A6%AC%EA%B0%80-%EC%A2%8B%EC%95%84%EC%A7%84%EB%8B%A4%EA%B3%A0",mixing16,0,3,0.00,6.3
"https://studionol.co.kr/ko/stories/mixing17",mixing17,0,76,0.00,8.7
"https://studionol.co.kr/ko/stories/mixing18#1-%EB%A6%AC%EB%B2%84%EB%B8%8C%EC%9D%98-%EC%A2%85%EB%A5%98-%EA%B3%B5%EA%B0%84%EC%9D%84-%EC%84%A0%ED%83%9D%ED%95%98%EB%8B%A4-%EC%96%B4%EB%94%94%EC%84%9C-%EC%97%B0%EC%A3%BC%ED%95%A0%EA%B9%8C",mixing18,0,47,0.00,5.5
"https://studionol.co.kr/ko/stories/mixing18#2-%ED%94%84%EB%A6%AC%EB%94%9C%EB%A0%88%EC%9D%B4pre-delay-%EB%AA%85%EB%A3%8C%ED%95%A8%EC%9D%98-%EC%97%B4%EC%87%A0-%EB%98%91%EB%98%91",mixing18,0,44,0.00,5.3
"https://studionol.co.kr/ko/stories/mixing18#3-%EC%95%A0%EB%B9%84%EB%A1%9C%EB%93%9C-%EB%A6%AC%EB%B2%84%EB%B8%8C-%ED%8A%B8%EB%A6%AD-abbey-road-reverb-trick",mixing18,0,19,0.00,5.7
"https://studionol.co.kr/ko/stories/mixing18#4-%EB%A9%98%ED%86%A0%EC%9D%98-%EC%A1%B0%EC%96%B8-%EB%93%A4%EB%A6%AC%EC%A7%80-%EC%95%8A%EC%9D%84-%EB%95%8C%EA%B0%80-%EB%94%B1-%EC%A2%8B%EC%8A%B5%EB%8B%88%EB%8B%A4-%EC%AB%91%EA%B8%8B",mixing18,0,16,0.00,5.2
"https://studionol.co.kr/ko/stories/mixing19#1-%EB%94%9C%EB%A0%88%EC%9D%B4%EC%9D%98-%ED%95%B5%EC%8B%AC-%EB%85%B8%EB%B8%8C-3%EC%9D%B8%EB%B0%A9-%EC%9D%B4%EA%B2%83%EB%A7%8C-%EC%95%8C%EB%A9%B4-%EB%81%9D",mixing19,0,17,0.00,8.0
"https://studionol.co.kr/ko/stories/mixing19#2-%EB%94%9C%EB%A0%88%EC%9D%B4%EB%8A%94-%EC%99%9C-%EC%93%B0%EB%82%98%EC%9A%94-why-delay",mixing19,0,10,0.00,8.5
"https://studionol.co.kr/ko/stories/mixing19#3-%EC%8B%A4%EC%A0%84-%ED%85%8C%ED%81%AC%EB%8B%89-%ED%95%91%ED%90%81-%EB%94%9C%EB%A0%88%EC%9D%B4-ping-pong-delay-%EC%99%94%EB%8B%A4-%EA%B0%94%EB%8B%A4",mixing19,0,17,0.00,8.0
"https://studionol.co.kr/ko/stories/mixing19#4-%EB%94%9C%EB%A0%88%EC%9D%B4-%EC%97%90%EB%94%94%ED%8C%85-%EA%BC%AC%EB%A6%AC-%EC%9E%90%EB%A5%B4%EA%B8%B0-%EC%82%AD",mixing19,0,10,0.00,8.5
"https://studionol.co.kr/ko/stories/mixing20#1-%EB%AA%A8%EB%93%88%EB%A0%88%EC%9D%B4%EC%85%98-3%ED%98%95%EC%A0%9C-%EC%9D%B4%EA%B2%83%EB%A7%8C-%EA%B8%B0%EC%96%B5%ED%95%98%EC%84%B8%EC%9A%94",mixing20,0,42,0.00,9.0
"https://studionol.co.kr/ko/stories/mixing20#2-%ED%95%B5%EC%8B%AC-%EB%85%B8%EB%B8%8C-rate%EC%99%80-depth-%EC%86%8D%EB%8F%84%EC%99%80-%EA%B9%8A%EC%9D%B4",mixing20,0,42,0.00,9.0
"https://studionol.co.kr/ko/stories/mixing22",mixing22,0,6,0.00,7.2
"https://studionol.co.kr/ko/stories/mixing3",mixing3,0,3,0.00,11.0
"https://studionol.co.kr/ko/stories/mixing4#%EC%B4%88%EB%B3%B4%EC%9E%90%EC%9D%98-%ED%9D%94%ED%95%9C-%EC%8B%A4%EC%88%98",mixing4,0,1,0.00,11.0
"https://studionol.co.kr/ko/stories/mixing4#1-%EC%83%98%ED%94%8C%EB%A0%88%EC%9D%B4%ED%8A%B8sample-rate-%EB%8F%99%EC%98%81%EC%83%81%EC%9D%98-%ED%94%84%EB%A0%88%EC%9E%84-%EC%88%98",mixing4,0,6,0.00,9.5
"https://studionol.co.kr/ko/stories/mixing4#2-%EB%B9%84%ED%8A%B8%EB%8E%81%EC%8A%A4bit-depth-%EC%82%AC%EC%A7%84%EC%9D%98-%EC%83%89%EA%B0%90-%EA%B9%8A%EC%9D%B4",mixing4,0,6,0.00,9.5
"https://studionol.co.kr/ko/stories/mixing4#3-%EA%B7%B8%EB%9E%98%EC%84%9C-%EB%AD%98%EB%A1%9C-%EC%84%A4%EC%A0%95%ED%95%98%EB%9D%BC%EA%B3%A0%EC%9A%94",mixing4,0,1,0.00,11.0
"https://studionol.co.kr/ko/stories/mixing5#%EC%B4%88%EB%B3%B4%EC%9E%90%EC%9D%98-%ED%9D%94%ED%95%9C-%EC%8B%A4%EC%88%98",mixing5,0,19,0.00,3.2
"https://studionol.co.kr/ko/stories/mixing5#1-%ED%81%B4%EB%A6%AC%ED%95%91clipping-%EB%A8%B8%EB%A6%AC%EA%B0%80-%EC%9E%98%EB%A6%B0-%EC%86%8C%EB%A6%AC",mixing5,0,19,0.00,3.2
"https://studionol.co.kr/ko/stories/mixing5#2-%EC%A7%80%ED%84%B0jitter-%EC%88%98%EC%A0%84%EC%A6%9D-%EA%B1%B8%EB%A6%B0-%EC%8B%9C%EA%B3%84",mixing5,0,3,0.00,3.0
"https://studionol.co.kr/ko/stories/mixing5#3-%ED%8C%9D-%EB%85%B8%EC%9D%B4%EC%A6%88%EC%99%80-%ED%81%B4%EB%A6%AD-%EB%85%B8%EC%9D%B4%EC%A6%88",mixing5,0,19,0.00,3.2
"https://studionol.co.kr/ko/stories/mixing6#1-%ED%94%BC%ED%81%AC-%EB%AF%B8%ED%84%B0peak-meter-%EC%88%9C%EA%B0%84%EC%9D%98-%EC%B0%B0%EB%82%98",mixing6,0,8,0.00,7.3
"https://studionol.co.kr/ko/stories/mixing6#2-%EB%AF%B9%EC%8A%A4-%EB%B2%84%EC%8A%A4master-bus-lufs%EB%A5%BC-%EB%B3%B4%EC%84%B8%EC%9A%94",mixing6,0,8,0.00,7.3
"https://studionol.co.kr/ko/stories/mixing8#2-18dbfs%EC%9D%98-%EB%B9%84%EB%B0%80-%EC%99%9C-%EC%A4%91%EC%9A%94%ED%95%A0%EA%B9%8C",mixing8,0,6,0.00,9.5
"https://studionol.co.kr/ko/stories/mixing8#3-%EC%8B%A4%EC%A0%84-%EA%B2%8C%EC%9D%B8-%EC%8A%A4%ED%85%8C%EC%9D%B4%EC%A7%95-%EB%B0%A9%EB%B2%95",mixing8,0,6,0.00,9.5
"https://studionol.co.kr/ko/stories/mixing8#4-%EC%9E%91%EC%9D%80-%EC%86%8C%EB%A6%AC%EC%9D%98-%EB%AF%B8%ED%95%99",mixing8,0,6,0.00,9.5
"https://studionol.co.kr/ko/stories/mixvoice1#%EB%AF%B9%EC%8A%A4-%EB%B3%B4%EC%9D%B4%EC%8A%A4-%EC%B0%BE%EB%8A%94-%ED%9B%88%EB%A0%A8",mixvoice1,0,740,0.00,6.3
"https://studionol.co.kr/ko/stories/mixvoice1#%ED%8C%A8%EC%8B%9C%EC%A7%80%EC%98%A4passaggio-%EC%9C%84%EC%B9%98",mixvoice1,0,739,0.00,6.3
"https://studionol.co.kr/ko/stories/mixvoice1#%ED%9D%89%EC%84%B1%EA%B3%BC-%EB%91%90%EC%84%B1-%EC%82%AC%EC%9D%B4%EC%9D%98-%EC%A0%9C3%EC%9D%98-%EC%86%8C%EB%A6%AC",mixvoice1,0,740,0.00,6.3
"https://studionol.co.kr/ko/stories/monitor-speakers1#%EB%AA%A8%EB%8B%88%ED%84%B0-%EC%8A%A4%ED%94%BC%EC%BB%A4-%EB%AF%B9%EC%8B%B1-%ED%8C%90%EB%8B%A8%EC%9D%98-%EA%B8%B0%EC%A4%80",monitor-speakers1,0,62,0.00,7.1
"https://studionol.co.kr/ko/stories/monitor-speakers1#%EC%9E%85%EB%AC%B8%EC%A4%91%EA%B8%89-1570%EB%A7%8C-%EC%9B%901%EA%B0%9C",monitor-speakers1,0,62,0.00,7.1
"https://studionol.co.kr/ko/stories/monitor-speakers1#%EC%A0%84%EB%AC%B8%EA%B0%80%EA%B8%89-100%EB%A7%8C-%EC%9B%901%EA%B0%9C",monitor-speakers1,0,46,0.00,7.1
"https://studionol.co.kr/ko/stories/monitoring1#%EB%A0%88%EC%9D%B4%ED%84%B4%EC%8B%9C-latency-%EB%AC%B8%EC%A0%9C-%ED%95%B4%EA%B2%B0",monitoring1,0,56,0.00,5.4
"https://studionol.co.kr/ko/stories/monitoring1#%ED%97%A4%EB%93%9C%ED%8F%B0-%EB%AA%A8%EB%8B%88%ED%84%B0%EB%A7%81%EC%9D%B4-%EB%B3%B4%EC%BB%AC-%EA%B2%B0%EA%B3%BC%EB%A5%BC-%EB%B0%94%EA%BF%89%EB%8B%88%EB%8B%A4",monitoring1,0,56,0.00,5.4
"https://studionol.co.kr/ko/stories/mr-guide1#mr%EB%B0%98%EC%A3%BC%EC%9D%80-%EC%96%B4%EB%94%94%EC%84%9C-%EA%B5%AC%ED%95%98%EB%82%98%EC%9A%94",mr-guide1,0,14,0.00,5.4
"https://studionol.co.kr/ko/stories/mr-guide1#mr-%EB%AC%B8%ED%99%94%EB%8A%94-%EC%96%B4%EB%94%94%EC%84%9C-%EC%99%94%EB%82%98",mr-guide1,0,14,0.00,5.4
"https://studionol.co.kr/ko/stories/mr-guide1#mr-%EC%A2%85%EB%A5%98%EB%B3%84-%ED%8A%B9%EC%A7%95",mr-guide1,0,14,0.00,5.4
"https://studionol.co.kr/ko/stories/multiband1#%EA%B8%B0%EB%B3%B8-%EB%A7%88%EC%8A%A4%ED%84%B0%EB%A7%81-%EC%84%B8%ED%8C%85",multiband1,0,44,0.00,5.3
"https://studionol.co.kr/ko/stories/multiband1#%EB%A9%80%ED%8B%B0%EB%B0%B4%EB%93%9C-%EC%BB%B4%ED%94%84%EB%A0%88%EC%84%9C-%EC%A3%BC%ED%8C%8C%EC%88%98%EB%B3%84-%EC%A0%95%EB%B0%80-%EB%8B%A4%EC%9D%B4%EB%82%98%EB%AF%B9-%EC%A0%9C%EC%96%B4",multiband1,0,120,0.00,5.7
"https://studionol.co.kr/ko/stories/multiband1#%EC%82%AC%EC%9A%A9-%EA%B6%8C%EC%9E%A5-%EC%83%81%ED%99%A9",multiband1,0,116,0.00,5.7
"https://studionol.co.kr/ko/stories/multiband1#4%EB%B0%B4%EB%93%9C-%EA%B5%AC%EC%84%B1-%EC%98%88%EC%8B%9C",multiband1,0,120,0.00,5.7
"https://studionol.co.kr/ko/stories/music-analytics1#%EB%8D%B0%EC%9D%B4%ED%84%B0%EB%A1%9C-%EC%9D%8C%EC%95%85-%EB%A7%88%EC%BC%80%ED%8C%85-%EC%B5%9C%EC%A0%81%ED%99%94%ED%95%98%EA%B8%B0",music-analytics1,0,12,0.00,4.1
"https://studionol.co.kr/ko/stories/music-analytics1#%EC%A3%BC%EC%9A%94-%EB%A9%94%ED%8A%B8%EB%A6%AD%EA%B3%BC-%ED%99%9C%EC%9A%A9%EB%B2%95",music-analytics1,0,12,0.00,4.1
"https://studionol.co.kr/ko/stories/music-analytics1#%ED%95%B5%EC%8B%AC-%EC%A7%80%ED%91%9C",music-analytics1,0,12,0.00,4.1
"https://studionol.co.kr/ko/stories/music-business1#%EA%B5%90%EC%9C%A1-%EC%88%98%EC%9D%B5",music-business1,0,12,0.00,6.0
"https://studionol.co.kr/ko/stories/music-business1#%EB%9D%BC%EC%9D%B4%EC%84%BC%EC%8B%B1-%EC%88%98%EC%9D%B5",music-business1,0,14,0.00,5.8
"https://studionol.co.kr/ko/stories/music-business1#%EC%8A%A4%ED%8A%B8%EB%A6%AC%EB%B0%8D-%EC%88%98%EC%9D%B5",music-business1,0,30,0.00,5.6
"https://studionol.co.kr/ko/stories/music-business1#%EC%9D%8C%EC%95%85-%EB%B9%84%EC%A6%88%EB%8B%88%EC%8A%A4-%EC%9D%8C%EC%95%85%EC%9D%84-%EC%A7%80%EC%86%8D-%EA%B0%80%EB%8A%A5%ED%95%98%EA%B2%8C-%EB%A7%8C%EB%93%9C%EB%8A%94-%EC%88%98%EC%9D%B5-%EA%B5%AC%EC%A1%B0",music-business1,0,30,0.00,5.6
"https://studionol.co.kr/ko/stories/music-business1#%EC%B4%88%EA%B8%B0-%EB%8B%A8%EA%B3%84-%EB%AE%A4%EC%A7%80%EC%85%98-%EA%B8%B0%EC%A4%80-%ED%8C%AC-1000%EB%AA%85-%EC%9D%B4%ED%95%98",music-business1,0,28,0.00,5.7
"https://studionol.co.kr/ko/stories/music-business1#md%EA%B5%BF%EC%A6%88-%EC%88%98%EC%9D%B5",music-business1,0,14,0.00,5.8
"https://studionol.co.kr/ko/stories/music-copyright1#%EC%9D%8C%EC%95%85-%EC%A0%80%EC%9E%91%EA%B6%8C-%EC%B0%BD%EC%9E%91%EB%AC%BC%EC%9D%84-%EB%B3%B4%ED%98%B8%ED%95%98%EB%8A%94-%EB%B2%95%EC%A0%81-%EA%B6%8C%EB%A6%AC",music-copyright1,0,10,0.00,2.8
"https://studionol.co.kr/ko/stories/music-copyright1#%EC%9D%8C%EC%95%85-%EC%A0%80%EC%9E%91%EA%B6%8C-%EC%B2%B4%EA%B3%84",music-copyright1,0,10,0.00,2.8
"https://studionol.co.kr/ko/stories/music-copyright1#%EC%A0%80%EC%9E%91%EA%B6%8C%EC%9D%98-%EC%84%B8%EB%B6%80-%EA%B6%8C%EB%A6%AC",music-copyright1,0,10,0.00,2.8
"https://studionol.co.kr/ko/stories/music-crowdfunding1#%EC%A3%BC%EC%9A%94-%ED%94%8C%EB%9E%AB%ED%8F%BC-%EB%B9%84%EA%B5%90",music-crowdfunding1,0,2,0.00,8.0
"https://studionol.co.kr/ko/stories/music-crowdfunding1#%ED%81%AC%EB%9D%BC%EC%9A%B0%EB%93%9C%ED%8E%80%EB%94%A9-%EC%BA%A0%ED%8E%98%EC%9D%B8-%EC%A4%80%EB%B9%84-%EC%B2%B4%ED%81%AC%EB%A6%AC%EC%8A%A4%ED%8A%B8",music-crowdfunding1,0,2,0.00,8.0
"https://studionol.co.kr/ko/stories/music-crowdfunding1#%ED%81%AC%EB%9D%BC%EC%9A%B0%EB%93%9C%ED%8E%80%EB%94%A9-%ED%8C%AC%EA%B3%BC-%ED%95%A8%EA%BB%98-%EB%A7%8C%EB%93%9C%EB%8A%94-%EC%9D%8C%EB%B0%98",music-crowdfunding1,0,2,0.00,8.0
"https://studionol.co.kr/ko/stories/music-grants1#%EA%B3%B5%EA%B3%B5-%EC%A7%80%EC%9B%90%EA%B8%88-%EC%9D%8C%EC%95%85-%EC%B0%BD%EC%9E%91%EC%9D%98-%EB%93%A0%EB%93%A0%ED%95%9C-%EB%B0%9C%ED%8C%90",music-grants1,0,14,0.00,8.2
"https://studionol.co.kr/ko/stories/music-grants1#%EC%84%9C%EC%9A%B8%EB%AC%B8%ED%99%94%EC%9E%AC%EB%8B%A8-%EC%98%88%EC%88%A0-%EC%B0%BD%EC%9E%91-%EC%A7%80%EC%9B%90",music-grants1,0,11,0.00,8.2
"https://studionol.co.kr/ko/stories/music-grants1#%ED%95%9C%EA%B5%AD%EB%AC%B8%ED%99%94%EC%98%88%EC%88%A0%EC%9C%84%EC%9B%90%ED%9A%8C-%EC%95%84%EB%A5%B4%EC%BD%94",music-grants1,0,11,0.00,8.2
"https://studionol.co.kr/ko/stories/music-grants1#kocca-%EC%9D%8C%EC%95%85-%EC%BD%98%ED%85%90%EC%B8%A0-%EC%A7%80%EC%9B%90",music-grants1,0,14,0.00,8.2
"https://studionol.co.kr/ko/stories/music-management1#%EB%A7%A4%EB%8B%88%EC%A0%80-%EC%95%84%ED%8B%B0%EC%8A%A4%ED%8A%B8%EC%9D%98-%EC%BB%A4%EB%A6%AC%EC%96%B4-%ED%8C%8C%ED%8A%B8%EB%84%88",music-management1,0,20,0.00,4.5
"https://studionol.co.kr/ko/stories/music-management1#%EB%A7%A4%EB%8B%88%EC%A0%80-%ED%83%90%EC%83%89-%EB%B0%A9%EB%B2%95",music-management1,0,15,0.00,4.6
"https://studionol.co.kr/ko/stories/music-management1#%EB%A7%A4%EB%8B%88%EC%A0%80-%ED%95%B5%EC%8B%AC-%EC%97%AD%ED%95%A0",music-management1,0,15,0.00,4.6
"https://studionol.co.kr/ko/stories/music-management1#%EB%A7%A4%EB%8B%88%EC%A7%80%EB%A8%BC%ED%8A%B8-%EA%B3%84%EC%95%BD-%ED%95%84%EC%88%98-%ED%95%AD%EB%AA%A9",music-management1,0,15,0.00,4.6
"https://studionol.co.kr/ko/stories/music-management1#%EC%95%84%ED%8B%B0%EC%8A%A4%ED%8A%B8-%EB%A7%A4%EB%8B%88%EC%A0%80%EC%9D%98-%EC%97%AD%ED%95%A0",music-management1,0,20,0.00,4.5
"https://studionol.co.kr/ko/stories/music-management1#%EC%A2%8B%EC%9D%80-%EB%A7%A4%EB%8B%88%EC%A0%80-%EC%B0%BE%EA%B8%B0",music-management1,0,20,0.00,4.5
"https://studionol.co.kr/ko/stories/music-management1#%EC%B4%88%EA%B8%B0-%EC%95%84%ED%8B%B0%EC%8A%A4%ED%8A%B8%EB%A5%BC-%EC%9C%84%ED%95%9C-%EC%9E%90%EA%B8%B0-%EB%A7%A4%EB%8B%88%EC%A7%80%EB%A8%BC%ED%8A%B8-%EB%8F%84%EA%B5%AC",music-management1,0,15,0.00,4.6
"https://studionol.co.kr/ko/stories/music-marketing1#%EC%95%84%ED%8B%B0%EC%8A%A4%ED%8A%B8-%EB%A7%88%EC%BC%80%ED%8C%85-%EA%B3%A1-%ED%99%8D%EB%B3%B4%EC%99%80-%EB%AC%B4%EC%97%87%EC%9D%B4-%EB%8B%A4%EB%A5%B8%EA%B0%80",music-marketing1,0,463,0.00,5.0
"https://studionol.co.kr/ko/stories/music-marketing1#%EC%9D%8C%EC%95%85-%EB%A7%88%EC%BC%80%ED%8C%85-%EC%A2%8B%EC%9D%80-%EC%9D%8C%EC%95%85%EB%8F%84-%EC%95%8C%EB%A0%A4%EC%95%BC-%EB%93%A4%EB%A6%B0%EB%8B%A4",music-marketing1,0,463,0.00,5.0
"https://studionol.co.kr/ko/stories/music-merchandise1#%EA%B5%BF%EC%A6%88-%EC%A0%9C%EC%9E%91-%EC%A0%84%EB%9E%B5",music-merchandise1,0,10,0.00,6.4
"https://studionol.co.kr/ko/stories/music-merchandise1#%EA%B5%BF%EC%A6%88-%ED%8C%AC%EA%B3%BC%EC%9D%98-%EB%AC%BC%EB%A6%AC%EC%A0%81-%EC%97%B0%EA%B2%B0%EA%B3%A0%EB%A6%AC",music-merchandise1,0,24,0.00,7.6
"https://studionol.co.kr/ko/stories/music-merchandise1#%EB%AE%A4%EC%A7%80%EC%85%98-%EA%B5%BF%EC%A6%88-%EC%A2%85%EB%A5%98%EC%99%80-%EC%88%98%EC%9D%B5%EC%84%B1",music-merchandise1,0,24,0.00,7.6
"https://studionol.co.kr/ko/stories/music-merchandise1#%EC%B4%88%EA%B8%B0-%EB%AE%A4%EC%A7%80%EC%85%98-%EA%B5%BF%EC%A6%88-%EB%A1%9C%EB%93%9C%EB%A7%B5",music-merchandise1,0,21,0.00,8.0
"https://studionol.co.kr/ko/stories/music-merchandise1#%ED%94%8C%EB%9E%AB%ED%8F%BC%EB%B3%84-%ED%8A%B9%EC%A7%95",music-merchandise1,0,7,0.00,7.0
"https://studionol.co.kr/ko/stories/music-podcast1",music-podcast1,0,62,0.00,9.3
"https://studionol.co.kr/ko/stories/music-pr1#%EB%8B%A8%EA%B3%84%EB%B3%84-%EB%AF%B8%EB%94%94%EC%96%B4-%ED%94%BC%EC%B9%98-%EB%B0%A9%EB%B2%95",music-pr1,0,1,0.00,2.0
"https://studionol.co.kr/ko/stories/music-pr1#%EC%9D%8C%EC%95%85-pr-%EC%A2%8B%EC%9D%80-%EC%9D%8C%EC%95%85%EC%9D%80-%EC%95%8C%EB%A0%A4%EC%A0%B8%EC%95%BC-%EC%9D%98%EB%AF%B8%EA%B0%80-%EC%9E%88%EB%8B%A4",music-pr1,0,2,0.00,2.0
"https://studionol.co.kr/ko/stories/music-pr1#%ED%95%9C%EA%B5%AD-%EB%8F%85%EB%A6%BD-%EC%9D%8C%EC%95%85-%EB%AF%B8%EB%94%94%EC%96%B4-%EB%A6%AC%EC%8A%A4%ED%8A%B8",music-pr1,0,2,0.00,2.0
"https://studionol.co.kr/ko/stories/music-pr1#%ED%99%8D%EB%B3%B4-%EC%A0%84-%ED%95%84%EC%88%98-%EC%A4%80%EB%B9%84-%EC%82%AC%ED%95%AD",music-pr1,0,1,0.00,2.0
"https://studionol.co.kr/ko/stories/music-scale1",music-scale1,0,29,0.00,7.1
"https://studionol.co.kr/ko/stories/music-sns1#%EC%9D%8C%EC%95%85-sns-%EB%A7%88%EC%BC%80%ED%8C%85-%ED%94%8C%EB%9E%AB%ED%8F%BC%EB%B3%84-%EC%A0%84%EB%9E%B5",music-sns1,0,8,0.00,5.8
"https://studionol.co.kr/ko/stories/music-sns1#%ED%94%8C%EB%9E%AB%ED%8F%BC%EB%B3%84-%ED%8A%B9%EC%84%B1-%EB%B9%84%EA%B5%90",music-sns1,0,8,0.00,5.8
"https://studionol.co.kr/ko/stories/music-touring1",music-touring1,0,15,0.00,7.2
"https://studionol.co.kr/ko/stories/narration1#%EC%84%B1%EC%9A%B0%EB%82%98%EB%A0%88%EC%9D%B4%EC%85%98-%EC%A0%84%EB%AC%B8-%EC%8A%A4%ED%8A%9C%EB%94%94%EC%98%A4%EC%97%90%EC%84%9C-%ED%95%B4%EC%95%BC-%ED%95%98%EB%8A%94-%EC%9D%B4%EC%9C%A0",narration1,0,19,0.00,4.1
"https://studionol.co.kr/ko/stories/narration1#%EC%9A%A9%EB%8F%84%EB%B3%84-%EB%82%98%EB%A0%88%EC%9D%B4%EC%85%98-%EB%85%B9%EC%9D%8C-%EA%B0%80%EC%9D%B4%EB%93%9C",narration1,0,19,0.00,4.1
"https://studionol.co.kr/ko/stories/nationwide1",nationwide1,0,42,0.00,13.7
"https://studionol.co.kr/ko/stories/nectar1#izotope-nectar-%EB%B3%B4%EC%BB%AC-%EC%B2%98%EB%A6%AC%EB%A5%BC-%ED%95%98%EB%82%98%EB%A1%9C",nectar1,0,40,0.00,6.0
"https://studionol.co.kr/ko/stories/nectar1#nectar-4-%EB%AA%A8%EB%93%88-%EA%B5%AC%EC%84%B1",nectar1,0,40,0.00,6.0
"https://studionol.co.kr/ko/stories/noise-gate1#%EB%85%B8%EC%9D%B4%EC%A6%88-%EA%B2%8C%EC%9D%B4%ED%8A%B8-%EB%B6%88%ED%95%84%EC%9A%94%ED%95%9C-%EC%86%8C%EC%9D%8C%EC%9D%84-%EC%B0%A8%EB%8B%A8%ED%95%98%EB%8B%A4",noise-gate1,0,91,0.00,5.5
"https://studionol.co.kr/ko/stories/noise-gate1#%EB%85%B8%EC%9D%B4%EC%A6%88-%EA%B2%8C%EC%9D%B4%ED%8A%B8-%ED%8C%8C%EB%9D%BC%EB%AF%B8%ED%84%B0-%EC%84%A4%EB%AA%85",noise-gate1,0,91,0.00,5.5
"https://studionol.co.kr/ko/stories/noise-reduction1#%EB%85%B9%EC%9D%8C-%EC%84%B8%EC%85%98%EC%97%90%EC%84%9C-%EA%B0%80%EC%9E%A5-%EC%9E%90%EC%A3%BC-%EB%A7%88%EC%A3%BC%EC%B9%98%EB%8A%94-%EC%9E%A1%EC%9D%8C-%EC%BC%80%EC%9D%B4%EC%8A%A4-5%EA%B0%80%EC%A7%80",noise-reduction1,0,312,0.00,7.2
"https://studionol.co.kr/ko/stories/noise-reduction1#%EB%B0%B0%EA%B2%BD-%EC%9E%A1%EC%9D%8C-%EC%A0%9C%EA%B1%B0-%EB%B0%A9%EB%B2%95-%EC%97%90%EC%96%B4%EC%BB%A8%EC%BB%B4%ED%93%A8%ED%84%B0-%ED%8C%AC%EC%83%9D%ED%99%9C-%EC%86%8C%EC%9D%8C-%EC%B0%A8%EB%8B%A8",noise-reduction1,0,249,0.00,7.1
"https://studionol.co.kr/ko/stories/noise-reduction1#%EC%83%81%ED%99%A9%EB%B3%84-%EB%B0%B0%EA%B2%BD-%EC%9E%A1%EC%9D%8C-%EC%A0%9C%EA%B1%B0-%EB%B0%A9%EB%B2%95-%EB%82%B4-%ED%8C%8C%EC%9D%BC%EC%9D%B4-%EB%AC%B4%EC%97%87%EC%9D%B4%EB%83%90%EA%B0%80-%EB%A8%BC%EC%A0%80%EB%8B%A4",noise-reduction1,0,315,0.00,7.3
"https://studionol.co.kr/ko/stories/noise-reduction1#%EC%9D%B4%EB%AF%B8-%EB%85%B9%EC%9D%8C%EB%90%9C-%EC%98%81%EC%83%81%EC%9D%8C%EC%84%B1%EC%97%90%EC%84%9C-%EB%B0%B0%EA%B2%BD-%EC%9E%A1%EC%9D%8C%EB%A7%8C-%EC%A0%9C%EA%B1%B0%ED%95%98%EB%8A%94-%EB%B2%95",noise-reduction1,0,269,0.00,7.1
"https://studionol.co.kr/ko/stories/noise-reduction1#%ED%99%88%EB%A0%88%EC%BD%94%EB%94%A9-%EB%B0%B0%EA%B2%BD-%EC%9E%A1%EC%9D%8C%EB%85%B9%EC%9D%8C-%EB%85%B8%EC%9D%B4%EC%A6%88-%EC%A0%9C%EA%B1%B0-%EC%88%9C%EC%84%9C",noise-reduction1,0,513,0.00,7.3
"https://studionol.co.kr/ko/stories/noise-reduction1#%ED%99%88-%EB%A0%88%EC%BD%94%EB%94%A9-%EC%A3%BC%EC%9A%94-%EB%85%B8%EC%9D%B4%EC%A6%88-%EC%9B%90%EC%9D%B8%EA%B3%BC-%ED%95%B4%EA%B2%B0%EC%B1%85",noise-reduction1,0,241,0.00,7.1
"https://studionol.co.kr/ko/stories/noise-reduction1#ai-%EC%9B%90%ED%81%B4%EB%A6%AD-%EB%B0%B0%EA%B2%BD-%EC%9E%A1%EC%9D%8C-%EC%A0%9C%EA%B1%B0-%EB%8F%84%EA%B5%AC-%EC%98%81%EC%83%81%EC%9D%8C%EC%84%B1-%EC%BD%98%ED%85%90%EC%B8%A0%EC%9A%A9",noise-reduction1,0,268,0.00,7.2
"https://studionol.co.kr/ko/stories/nokbeon1",nokbeon1,0,6,0.00,8.2
"https://studionol.co.kr/ko/stories/noryangjin1",noryangjin1,0,1,0.00,1.0
"https://studionol.co.kr/ko/stories/orchestration1#%EC%9E%A5%EB%A5%B4%EB%B3%84-%ED%8E%B8%EA%B3%A1-%EA%B5%AC%EC%84%B1-%EB%B9%84%EA%B5%90",orchestration1,0,16,0.00,6.3
"https://studionol.co.kr/ko/stories/orchestration1#%ED%8E%B8%EA%B3%A1%EC%9D%B4%EB%9E%80-%EC%9D%8C%EC%95%85%EC%9D%84-%EC%98%B7-%EC%9E%85%ED%9E%88%EB%8A%94-%EA%B8%B0%EC%88%A0",orchestration1,0,16,0.00,6.3
"https://studionol.co.kr/ko/stories/original-song1#%EC%95%85%EA%B8%B0-%EC%97%86%EC%9D%B4-%EB%B0%98%EC%A3%BC-%EB%A7%8C%EB%93%9C%EB%8A%94-%EB%8F%84%EA%B5%AC",original-song1,0,52,0.00,6.1
"https://studionol.co.kr/ko/stories/original-song1#%EC%98%A4%EB%A6%AC%EC%A7%80%EB%84%90-%EA%B3%A1-%EC%A0%9C%EC%9E%91-%EB%8B%A8%EA%B3%84",original-song1,0,52,0.00,6.1
"https://studionol.co.kr/ko/stories/original-song1#%EC%9E%90%EC%9E%91%EA%B3%A1-%EC%B0%BD%EC%9E%91%EC%9D%98-%EC%B6%9C%EB%B0%9C%EC%A0%90",original-song1,0,52,0.00,6.1
"https://studionol.co.kr/ko/stories/original-song1#%EC%A2%8B%EC%9D%80-%EA%B0%80%EC%82%AC%EC%9D%98-%ED%8A%B9%EC%A7%95",original-song1,0,26,0.00,7.0
"https://studionol.co.kr/ko/stories/osan1",osan1,0,1,0.00,4.0
"https://studionol.co.kr/ko/stories/panning-guide1#%EB%B6%88%EA%B7%A0%ED%98%95-%EB%B0%A9%EC%A7%80-%EB%B0%A9%EB%B2%95",panning-guide1,0,20,0.00,4.3
"https://studionol.co.kr/ko/stories/panning-guide1#%EC%95%85%EA%B8%B0%EB%B3%84-%ED%8C%A8%EB%8B%9D-%EA%B8%B0%EC%A4%80",panning-guide1,0,29,0.00,4.5
"https://studionol.co.kr/ko/stories/panning-guide1#%ED%8C%A8%EB%8B%9D-%EA%B3%B5%EA%B0%84%EC%9D%84-%EB%82%98%EB%88%84%EB%8A%94-%EB%AF%B9%EC%8B%B1%EC%9D%98-%EA%B8%B0%EC%88%A0",panning-guide1,0,29,0.00,4.5
"https://studionol.co.kr/ko/stories/parallel-compression1#%EC%95%85%EA%B8%B0%EB%B3%84-%ED%8C%A8%EB%9F%B4%EB%A0%90-%EC%BB%B4%ED%94%84%EB%A0%88%EC%85%98-%ED%99%9C%EC%9A%A9",parallel-compression1,0,4,0.00,8.8
"https://studionol.co.kr/ko/stories/parallel-compression1#%ED%8C%A8%EB%9F%B4%EB%A0%90-%EC%BB%B4%ED%94%84%EB%A0%88%EC%85%98%EC%9D%98-%ED%95%B5%EC%8B%AC-%EC%9B%90%EB%A6%AC",parallel-compression1,0,4,0.00,8.8
"https://studionol.co.kr/ko/stories/parametric-eq1#%EB%B3%B4%EC%BB%AC-%ED%8C%8C%EB%9D%BC%EB%A9%94%ED%8A%B8%EB%A6%AD-eq-%EC%B2%B4%EA%B3%84",parametric-eq1,0,203,0.00,6.3
"https://studionol.co.kr/ko/stories/parametric-eq1#%ED%8C%8C%EB%9D%BC%EB%A9%94%ED%8A%B8%EB%A6%AD-eq-%EC%A0%95%EB%B0%80%ED%95%9C-%EC%A3%BC%ED%8C%8C%EC%88%98-%EC%A1%B0%EA%B0%81",parametric-eq1,0,203,0.00,6.3
"https://studionol.co.kr/ko/stories/passaggio1",passaggio1,0,16,0.00,12.1
"https://studionol.co.kr/ko/stories/performance-anxiety1",performance-anxiety1,0,165,0.00,44.6
"https://studionol.co.kr/ko/stories/piano-mixing1#%EC%96%B4%EC%BF%A0%EC%8A%A4%ED%8B%B1-%ED%94%BC%EC%95%84%EB%85%B8-eq",piano-mixing1,0,46,0.00,6.2
"https://studionol.co.kr/ko/stories/piano-mixing1#%ED%94%BC%EC%95%84%EB%85%B8-%EB%AF%B9%EC%8B%B1-%EA%B3%B5%EA%B0%84%EA%B3%BC-%EC%A1%B4%EC%9E%AC%EA%B0%90%EC%9D%98-%EA%B7%A0%ED%98%95",piano-mixing1,0,46,0.00,6.2
"https://studionol.co.kr/ko/stories/pitch-correction1#%EB%A9%9C%EB%A1%9C%EB%8B%A4%EC%9D%B8-%ED%94%BC%EC%B9%98-%ED%8E%B8%EC%A7%91-%EB%B0%A9%EB%B2%95",pitch-correction1,0,3,0.00,5.0
"https://studionol.co.kr/ko/stories/pitch-correction1#%EB%B3%B4%EC%BB%AC-%ED%94%BC%EC%B9%98-%EA%B5%90%EC%A0%95-%EB%8B%A8%EA%B3%84%EB%B3%84-%EC%A0%91%EA%B7%BC",pitch-correction1,0,1,0.00,5.0
"https://studionol.co.kr/ko/stories/pitch-correction1#%ED%94%BC%EC%B9%98-%EA%B5%90%EC%A0%95-%EB%B3%B4%EC%BB%AC%EC%9D%84-%EB%8D%94-%EC%84%A0%EB%AA%85%ED%95%98%EA%B2%8C-%EB%A7%8C%EB%93%9C%EB%8A%94-%EA%B8%B0%EC%88%A0",pitch-correction1,0,4,0.00,5.0
"https://studionol.co.kr/ko/stories/placement1#%EB%A7%88%EC%8A%A4%ED%81%AC-%EA%B3%B5%EB%AA%85-%EC%B0%BE%EA%B8%B0",placement1,0,40,0.00,7.3
"https://studionol.co.kr/ko/stories/placement1#%EC%86%8C%EB%A6%AC%EA%B0%80-%EC%96%B4%EB%94%94%EC%84%9C-%EB%82%98%EC%98%A4%EB%8A%90%EB%83%90%EA%B0%80-%EC%9D%8C%EC%83%89%EC%9D%84-%EB%B0%94%EA%BF%89%EB%8B%88%EB%8B%A4",placement1,0,40,0.00,7.3
"https://studionol.co.kr/ko/stories/placement1#%ED%8F%AC%EC%A7%80%EC%85%98%EA%B3%BC-%EB%85%B9%EC%9D%8C-%ED%92%88%EC%A7%88%EC%9D%98-%EA%B4%80%EA%B3%84",placement1,0,39,0.00,7.3
"https://studionol.co.kr/ko/stories/placement1#%ED%8F%AC%EC%A7%80%EC%85%98-%EA%B5%90%EC%A0%95-%EB%8B%A8%EA%B3%84%EB%B3%84-%ED%9B%88%EB%A0%A8",placement1,0,27,0.00,7.0
"https://studionol.co.kr/ko/stories/playlist-pitch1#%EC%8B%A0%EC%B2%AD-%EB%B0%A9%EB%B2%95",playlist-pitch1,0,18,0.00,5.8
"https://studionol.co.kr/ko/stories/playlist-pitch1#%ED%94%8C%EB%A0%88%EC%9D%B4%EB%A6%AC%EC%8A%A4%ED%8A%B8-%ED%94%BC%EC%B9%AD-%EC%8A%A4%ED%8A%B8%EB%A6%AC%EB%B0%8D-%EB%85%B8%EC%B6%9C%EC%9D%84-%EB%86%92%EC%9D%B4%EB%8A%94-%EC%A0%84%EB%9E%B5",playlist-pitch1,0,87,0.00,5.8
"https://studionol.co.kr/ko/stories/playlist-pitch1#%ED%94%BC%EC%B9%AD-%EB%A9%94%EC%8B%9C%EC%A7%80-%EC%9E%91%EC%84%B1%EB%B2%95",playlist-pitch1,0,85,0.00,5.9
"https://studionol.co.kr/ko/stories/playlist-pitch1#spotify-%ED%94%8C%EB%A0%88%EC%9D%B4%EB%A6%AC%EC%8A%A4%ED%8A%B8-%EC%A2%85%EB%A5%98",playlist-pitch1,0,87,0.00,5.8
"https://studionol.co.kr/ko/stories/playlist-playlist-pitch1",playlist-playlist-pitch1,0,1,0.00,1.0
"https://studionol.co.kr/ko/stories/playlist1#%EC%8A%A4%ED%8F%AC%ED%8B%B0%ED%8C%8C%EC%9D%B4-spotify",playlist1,0,1,0.00,2.0
"https://studionol.co.kr/ko/stories/playlist1#%EC%9D%8C%EC%9B%90-%EB%B0%9C%EB%A7%A4-%ED%9B%84-%EC%B2%AB-%EB%B2%88%EC%A7%B8-%EA%B3%BC%EC%A0%9C-%ED%94%8C%EB%A0%88%EC%9D%B4%EB%A6%AC%EC%8A%A4%ED%8A%B8",playlist1,0,1,0.00,2.0
"https://studionol.co.kr/ko/stories/playlist1#%ED%94%BC%EC%B9%AD-%EC%9D%B4%EB%A9%94%EC%9D%BC-%EC%9E%91%EC%84%B1%EB%B2%95",playlist1,0,1,0.00,2.0
"https://studionol.co.kr/ko/stories/plugins1#%EB%B3%B4%EC%BB%AC-%EB%AF%B9%EC%8B%B1-%ED%95%84%EC%88%98-%ED%94%8C%EB%9F%AC%EA%B7%B8%EC%9D%B8",plugins1,0,752,0.00,6.5
"https://studionol.co.kr/ko/stories/plugins1#eq-%ED%94%8C%EB%9F%AC%EA%B7%B8%EC%9D%B8",plugins1,0,752,0.00,6.5
"https://studionol.co.kr/ko/stories/podcast-music1",podcast-music1,0,70,0.00,12.4
"https://studionol.co.kr/ko/stories/podcast-vocal1#%EC%B5%9C%EC%A0%81-%EB%85%B9%EC%9D%8C-%EA%B3%B5%EA%B0%84-%EB%A7%8C%EB%93%A4%EA%B8%B0",podcast-vocal1,0,10,0.00,6.8
"https://studionol.co.kr/ko/stories/podcast-vocal1#%ED%8C%9F%EC%BA%90%EC%8A%A4%ED%8A%B8%EB%82%98%EB%A0%88%EC%9D%B4%EC%85%98-%EB%A7%88%EC%9D%B4%ED%81%AC",podcast-vocal1,0,48,0.00,6.0
"https://studionol.co.kr/ko/stories/podcast-vocal1#%ED%8C%9F%EC%BA%90%EC%8A%A4%ED%8A%B8%EC%98%A4%EB%94%94%EC%98%A4%EB%93%9C%EB%9D%BC%EB%A7%88-%EB%AA%A9%EC%86%8C%EB%A6%AC%EA%B0%80-%EC%BD%98%ED%85%90%EC%B8%A0%EB%A5%BC-%EC%A2%8C%EC%9A%B0%ED%95%A9%EB%8B%88%EB%8B%A4",podcast-vocal1,0,48,0.00,6.0
"https://studionol.co.kr/ko/stories/podcast-vocal1#%ED%8C%9F%EC%BA%90%EC%8A%A4%ED%8A%B8-%EB%B3%B4%EC%9D%B4%EC%8A%A4-%EC%84%B8%ED%8C%85",podcast-vocal1,0,48,0.00,6.0
"https://studionol.co.kr/ko/stories/pop-production1",pop-production1,0,83,0.00,12.7
"https://studionol.co.kr/ko/stories/pop1",pop1,0,3,0.00,23.3
"https://studionol.co.kr/ko/stories/portfolio1",portfolio1,0,18,0.00,4.3
"https://studionol.co.kr/ko/stories/posture1#%EB%AA%B8%EC%9D%B4-%EC%95%85%EA%B8%B0%EC%9E%85%EB%8B%88%EB%8B%A4-%EC%9E%90%EC%84%B8%EB%B6%80%ED%84%B0-%EB%B0%94%EB%A1%9C%EC%9E%A1%EC%9C%BC%EC%84%B8%EC%9A%94",posture1,0,7,0.00,8.4
"https://studionol.co.kr/ko/stories/posture1#%EC%9E%90%EC%84%B8%EB%B3%84-%EB%B0%9C%EC%84%B1-%EC%98%81%ED%96%A5",posture1,0,7,0.00,8.4
"https://studionol.co.kr/ko/stories/posture1#%EC%9E%90%EC%84%B8-%EA%B5%90%EC%A0%95-%ED%9B%88%EB%A0%A8",posture1,0,7,0.00,8.4
"https://studionol.co.kr/ko/stories/practice-room-anxiety1",practice-room-anxiety1,0,44,0.00,9.1
"https://studionol.co.kr/ko/stories/practice-room-bass-blues1",practice-room-bass-blues1,0,59,0.00,7.2
"https://studionol.co.kr/ko/stories/practice-room-bass-country1",practice-room-bass-country1,0,28,0.00,12.0
"https://studionol.co.kr/ko/stories/practice-room-bass-detuning1#%EB%93%9C%EB%A1%AD%ED%8A%9C%EB%8B%9D%EC%9D%B4-%EB%B2%A0%EC%9D%B4%EC%8A%A4%EC%9D%98-%EC%A0%80%EC%9D%8C%EC%97%AD%EC%9D%84-%ED%99%95%EC%9E%A5%ED%95%A9%EB%8B%88%EB%8B%A4",practice-room-bass-detuning1,0,388,0.00,6.3
"https://studionol.co.kr/ko/stories/practice-room-bass-detuning1#%EB%B2%A0%EC%9D%B4%EC%8A%A4-%EB%93%9C%EB%A1%AD%ED%8A%9C%EB%8B%9D%EB%8B%A4%EC%9A%B4%ED%8A%9C%EB%8B%9D-%ED%9B%88%EB%A0%A8%EC%9D%84-%EA%B7%B9%EB%8C%80%ED%99%94%ED%95%98%EB%8A%94-4%EA%B0%80%EC%A7%80-%EC%9B%90%EC%B9%99",practice-room-bass-detuning1,0,388,0.00,6.3
"https://studionol.co.kr/ko/stories/practice-room-bass-detuning1#%EC%97%B0%EC%8A%B5-%EC%A4%91-%EC%9E%90%EC%A3%BC-%ED%95%98%EB%8A%94-%EC%8B%A4%EC%88%98",practice-room-bass-detuning1,0,193,0.00,6.1
"https://studionol.co.kr/ko/stories/practice-room-bass-funk-groove1",practice-room-bass-funk-groove1,0,25,0.00,10.3
"https://studionol.co.kr/ko/stories/practice-room-bass-hip-hop1",practice-room-bass-hip-hop1,0,2,0.00,8.0
"https://studionol.co.kr/ko/stories/practice-room-bass-jazz-fusion1",practice-room-bass-jazz-fusion1,0,11,0.00,12.8
"https://studionol.co.kr/ko/stories/practice-room-bass-neck-position1",practice-room-bass-neck-position1,0,202,0.00,8.4
"https://studionol.co.kr/ko/stories/practice-room-bass-rock-groove1",practice-room-bass-rock-groove1,0,34,0.00,7.9
"https://studionol.co.kr/ko/stories/practice-room-bass-solo-grooving1",practice-room-bass-solo-grooving1,0,35,0.00,17.5
"https://studionol.co.kr/ko/stories/practice-room-bass-two-hand-tapping1",practice-room-bass-two-hand-tapping1,0,13,0.00,8.8
"https://studionol.co.kr/ko/stories/practice-room-bass1#%EB%B2%A0%EC%9D%B4%EC%8A%A4-%EC%95%B0%ED%94%84-%EC%84%A0%ED%83%9D-%EC%97%B0%EC%8A%B5-%EB%AA%A9%EC%A0%81%EB%B3%84-%EC%B6%94%EC%B2%9C",practice-room-bass1,0,66,0.00,6.2
"https://studionol.co.kr/ko/stories/practice-room-bass1#%EB%B2%A0%EC%9D%B4%EC%8A%A4-%EC%97%B0%EC%8A%B5%EC%8B%A4%EC%97%90%EC%84%9C-%EB%B0%98%EB%93%9C%EC%8B%9C-%ED%99%95%EC%9D%B8%ED%95%B4%EC%95%BC-%ED%95%A0-%EB%B0%A9%EC%9D%8C-%EA%B8%B0%EC%A4%80",practice-room-bass1,0,77,0.00,5.8
"https://studionol.co.kr/ko/stories/practice-room-bass1#%EB%B2%A0%EC%9D%B4%EC%8A%A4-%EC%97%B0%EC%8A%B5-%ED%8C%A8%ED%84%B4%EB%B3%84-%EB%B9%84%EC%9A%A9-%EB%B9%84%EA%B5%90",practice-room-bass1,0,66,0.00,6.2
"https://studionol.co.kr/ko/stories/practice-room-bass1#%EC%8A%A4%ED%8A%9C%EB%94%94%EC%98%A4-%EB%86%80-%EB%B2%A0%EC%9D%B4%EC%8A%A4-%EC%97%B0%EC%8A%B5%EC%8B%A4-%EC%95%88%EB%82%B4",practice-room-bass1,0,77,0.00,5.8
"https://studionol.co.kr/ko/stories/practice-room-blues1",practice-room-blues1,0,11,0.00,16.9
"https://studionol.co.kr/ko/stories/practice-room-booking1#%EC%8A%A4%ED%8A%9C%EB%94%94%EC%98%A4-%EB%86%80-%EC%98%88%EC%95%BD-%EB%B0%A9%EB%B2%95",practice-room-booking1,0,1,0.00,5.0
"https://studionol.co.kr/ko/stories/practice-room-booking1#%EC%8A%A4%ED%8A%9C%EB%94%94%EC%98%A4-%EB%86%80-%EC%9D%B4%EC%9A%A9-%EB%B0%A9%EB%B2%95",practice-room-booking1,0,1,0.00,5.0
"https://studionol.co.kr/ko/stories/practice-room-booking1#%EC%8B%9C%EA%B0%84%EB%8C%80%EB%B3%84-%EC%98%88%EC%95%BD-%EC%A0%84%EB%9E%B5-%EA%B0%80%EA%B2%A9%EC%9D%B8%EC%9B%90%EB%B6%84%EC%9C%84%EA%B8%B0-%EB%B9%84%EA%B5%90",practice-room-booking1,0,2,0.00,5.0
"https://studionol.co.kr/ko/stories/practice-room-booking1#%EC%97%B0%EC%8A%B5%EC%8B%A4-%EC%98%88%EC%95%BD-%EC%A0%84-7%EA%B0%80%EC%A7%80-%EC%82%AC%EC%A0%84-%EC%A0%90%EA%B2%80-%EC%82%AC%ED%95%AD",practice-room-booking1,0,1,0.00,5.0
"https://studionol.co.kr/ko/stories/practice-room-booking1#%EC%9D%8C%EC%95%85%EC%97%B0%EC%8A%B5%EC%8B%A4-%EC%98%88%EC%95%BD-%EC%B2%98%EC%9D%8C%EC%9D%B4%EB%9D%BC%EB%A9%B4",practice-room-booking1,0,2,0.00,5.0
"https://studionol.co.kr/ko/stories/practice-room-booking1#%ED%95%A9%EC%A3%BC%EC%8B%A4-%EC%98%88%EC%95%BD-%EC%A0%84-7%EA%B0%80%EC%A7%80-%EC%82%AC%EC%A0%84-%EC%A0%90%EA%B2%80-%EC%82%AC%ED%95%AD",practice-room-booking1,0,1,0.00,5.0
"https://studionol.co.kr/ko/stories/practice-room-booking1#1-%EC%9D%B8%EC%9B%90%EC%88%98%EC%99%80-%EC%82%AC%EC%9A%A9-%EB%AA%A9%EC%A0%81",practice-room-booking1,0,1,0.00,5.0
"https://studionol.co.kr/ko/stories/practice-room-booking1#1-%EC%9D%B8%EC%9B%90%EC%88%98%EC%99%80-%EC%95%85%EA%B8%B0-%EA%B5%AC%EC%84%B1",practice-room-booking1,0,1,0.00,5.0
"https://studionol.co.kr/ko/stories/practice-room-booking1#2-%ED%95%84%EC%9A%94-%EC%9E%A5%EB%B9%84-%EB%93%9C%EB%9F%BC%EC%95%B0%ED%94%84pa%EB%A7%88%EC%9D%B4%ED%81%AC",practice-room-booking1,0,1,0.00,5.0
"https://studionol.co.kr/ko/stories/practice-room-booking1#2-%ED%95%84%EC%9A%94-%EC%9E%A5%EB%B9%84-%EB%B9%84%EC%B9%98%EB%90%9C-%EA%B2%83%EA%B3%BC-%EC%A7%80%EC%B0%B8%ED%95%A0-%EA%B2%83",practice-room-booking1,0,1,0.00,5.0
"https://studionol.co.kr/ko/stories/practice-room-booking1#3-%EC%8B%9C%EA%B0%84%EB%8C%80-%ED%94%BC%ED%81%AC-vs-%EB%B9%84%EC%88%98%EA%B8%B0",practice-room-booking1,0,2,0.00,5.0
"https://studionol.co.kr/ko/stories/practice-room-burnout1",practice-room-burnout1,0,30,0.00,6.3
"https://studionol.co.kr/ko/stories/practice-room-certification1",practice-room-certification1,0,67,0.00,11.0
"https://studionol.co.kr/ko/stories/practice-room-chord-melody1",practice-room-chord-melody1,0,15,0.00,15.9
"https://studionol.co.kr/ko/stories/practice-room-classical1",practice-room-classical1,0,7,0.00,18.3
"https://studionol.co.kr/ko/stories/practice-room-comeback1",practice-room-comeback1,0,2,0.00,8.0
"https://studionol.co.kr/ko/stories/practice-room-competition1",practice-room-competition1,0,6,0.00,8.5
"https://studionol.co.kr/ko/stories/practice-room-concentration1",practice-room-concentration1,0,22,0.00,9.3
"https://studionol.co.kr/ko/stories/practice-room-cover1",practice-room-cover1,0,6,0.00,15.3
"https://studionol.co.kr/ko/stories/practice-room-digital-piano1",practice-room-digital-piano1,0,14,0.00,7.1
"https://studionol.co.kr/ko/stories/practice-room-drum-afro-cuban-clave1",practice-room-drum-afro-cuban-clave1,0,281,0.00,6.8
"https://studionol.co.kr/ko/stories/practice-room-drum-afro-cuban-clave1#%EC%B0%A8%EC%B0%A8%EC%B0%A8-%EB%A6%AC%EB%93%AC",practice-room-drum-afro-cuban-clave1,0,2,0.00,10.0
"https://studionol.co.kr/ko/stories/practice-room-drum-afro-cuban-clave1#%ED%81%B4%EB%9D%BC%EB%B2%A0%EB%9E%80",practice-room-drum-afro-cuban-clave1,0,2,0.00,10.0
"https://studionol.co.kr/ko/stories/practice-room-drum-country1",practice-room-drum-country1,0,6,0.00,7.0
"https://studionol.co.kr/ko/stories/practice-room-drum-groove-construction-advanced1",practice-room-drum-groove-construction-advanced1,0,12,0.00,10.3
"https://studionol.co.kr/ko/stories/practice-room-drum-odd-time1#%EB%B0%95%EC%9E%90-%EA%B8%B0%EB%B3%B8-%EA%B0%9C%EB%85%90",practice-room-drum-odd-time1,0,6,0.00,9.2
"https://studionol.co.kr/ko/stories/practice-room-drum-odd-time1#1%EB%8B%A8%EA%B3%84-54%EB%B0%95%EC%9E%90-%EC%9E%85%EB%AC%B8",practice-room-drum-odd-time1,0,6,0.00,9.2
"https://studionol.co.kr/ko/stories/practice-room-drum-odd-time1#2%EB%8B%A8%EA%B3%84-78%EB%B0%95%EC%9E%90-%EC%9E%85%EB%AC%B8",practice-room-drum-odd-time1,0,6,0.00,9.2
"https://studionol.co.kr/ko/stories/practice-room-drum-odd-time1#78%EB%B0%95%EC%9E%90%EC%9D%98-%EA%B7%B8%EB%A3%A8%ED%95%91",practice-room-drum-odd-time1,0,6,0.00,9.2
"https://studionol.co.kr/ko/stories/practice-room-drum-prog-rock1",practice-room-drum-prog-rock1,0,3,0.00,10.3
"https://studionol.co.kr/ko/stories/practice-room-drum-reggae1",practice-room-drum-reggae1,0,39,0.00,5.5
"https://studionol.co.kr/ko/stories/practice-room-drum-rock-fills1",practice-room-drum-rock-fills1,0,38,0.00,8.0
"https://studionol.co.kr/ko/stories/practice-room-drum-rockabilly1",practice-room-drum-rockabilly1,0,30,0.00,5.4
"https://studionol.co.kr/ko/stories/practice-room-drum-rudiments-advanced1",practice-room-drum-rudiments-advanced1,0,24,0.00,7.4
"https://studionol.co.kr/ko/stories/practice-room-drum-rudiments1#%ED%8C%A8%EB%93%9C-%EC%97%B0%EC%8A%B5-vs-%EB%93%9C%EB%9F%BC-%ED%82%A4%ED%8A%B8-%EC%97%B0%EC%8A%B5",practice-room-drum-rudiments1,0,238,0.00,5.9
"https://studionol.co.kr/ko/stories/practice-room-drum-rudiments1#2-%EB%8D%94%EB%B8%94-%EC%8A%A4%ED%8A%B8%EB%A1%9C%ED%81%AC-%EB%A1%A4-double-stroke-roll",practice-room-drum-rudiments1,0,134,0.00,5.6
"https://studionol.co.kr/ko/stories/practice-room-drum-samba1#%EA%B8%B0%EB%B3%B8-%EC%82%BC%EB%B0%94-%ED%8C%A8%ED%84%B4-bpm-100-160",practice-room-drum-samba1,0,1,0.00,10.0
"https://studionol.co.kr/ko/stories/practice-room-drum-samba1#%EC%82%BC%EB%B0%94-%ED%81%B4%EB%9D%BC%EB%B2%A0-samba-clave",practice-room-drum-samba1,0,1,0.00,10.0
"https://studionol.co.kr/ko/stories/practice-room-drum-samba1#%EC%84%9C%EC%A7%80%EB%8F%84-surdo-%EB%A6%AC%EB%93%AC",practice-room-drum-samba1,0,1,0.00,10.0
"https://studionol.co.kr/ko/stories/practice-room-drumless1",practice-room-drumless1,0,2,0.00,12.0
"https://studionol.co.kr/ko/stories/practice-room-ensemble-prep1",practice-room-ensemble-prep1,0,32,0.00,11.3
"https://studionol.co.kr/ko/stories/practice-room-event1",practice-room-event1,0,12,0.00,8.7
"https://studionol.co.kr/ko/stories/practice-room-expression1",practice-room-expression1,0,3,0.00,7.0
"https://studionol.co.kr/ko/stories/practice-room-family1",practice-room-family1,0,18,0.00,15.4
"https://studionol.co.kr/ko/stories/practice-room-fingerpicking1",practice-room-fingerpicking1,0,3,0.00,5.7
"https://studionol.co.kr/ko/stories/practice-room-genre-switch1",practice-room-genre-switch1,0,8,0.00,14.0
"https://studionol.co.kr/ko/stories/practice-room-goal-setting1",practice-room-goal-setting1,0,18,0.00,5.8
"https://studionol.co.kr/ko/stories/practice-room-guitar-alternate-tuning1",practice-room-guitar-alternate-tuning1,0,14,0.00,5.5
"https://studionol.co.kr/ko/stories/practice-room-guitar-archtop1#%EA%B5%AC%EC%A1%B0%EC%99%80-%ED%8A%B9%EC%A7%95",practice-room-guitar-archtop1,0,37,0.00,9.9
"https://studionol.co.kr/ko/stories/practice-room-guitar-archtop1#%EC%86%94%EB%A1%9C-%EA%B8%B0%ED%83%80%EC%9D%98-%EA%B1%B0%EC%9E%A5",practice-room-guitar-archtop1,0,37,0.00,9.9
"https://studionol.co.kr/ko/stories/practice-room-guitar-archtop1#%EC%97%84%EC%A7%80%EC%99%80-%EC%98%A5%ED%83%80%EB%B8%8C",practice-room-guitar-archtop1,0,37,0.00,9.9
"https://studionol.co.kr/ko/stories/practice-room-guitar-archtop1#%EC%9E%AC%EC%A6%88-%EC%BD%94%EB%93%9C-%EA%B8%B0%EB%B3%B8-%ED%98%95%ED%83%9C",practice-room-guitar-archtop1,0,37,0.00,9.9
"https://studionol.co.kr/ko/stories/practice-room-guitar-blues-slide1",practice-room-guitar-blues-slide1,0,4,0.00,12.8
"https://studionol.co.kr/ko/stories/practice-room-guitar-capo-techniques1#%EC%9D%8C%EC%A0%95-%EC%9D%B4%EB%8F%99",practice-room-guitar-capo-techniques1,0,3,0.00,9.3
"https://studionol.co.kr/ko/stories/practice-room-guitar-capo-techniques1#1-%EC%96%B4%EB%A0%A4%EC%9A%B4-%EC%BD%94%EB%93%9C%EB%A5%BC-%EC%89%AC%EC%9A%B4-%ED%98%95%ED%83%9C%EB%A1%9C",practice-room-guitar-capo-techniques1,0,3,0.00,9.3
"https://studionol.co.kr/ko/stories/practice-room-guitar-capo1",practice-room-guitar-capo1,0,3,0.00,88.7
"https://studionol.co.kr/ko/stories/practice-room-guitar-chord-change1",practice-room-guitar-chord-change1,0,17,0.00,8.4
"https://studionol.co.kr/ko/stories/practice-room-guitar-chord-progressions1",practice-room-guitar-chord-progressions1,0,247,0.00,6.8
"https://studionol.co.kr/ko/stories/practice-room-guitar-chord1",practice-room-guitar-chord1,0,99,0.00,9.2
"https://studionol.co.kr/ko/stories/practice-room-guitar-clean-tone1#%ED%81%B4%EB%A6%B0%ED%86%A4%EC%9D%B4%EB%9E%80-%EB%AC%B4%EC%97%87%EC%9D%B8%EA%B0%80",practice-room-guitar-clean-tone1,0,333,0.00,6.4
"https://studionol.co.kr/ko/stories/practice-room-guitar-clean-tone1#1%EC%8B%9C%EA%B0%84-%ED%81%B4%EB%A6%B0%ED%86%A4-%EC%84%B8%ED%8C%85-%EB%A3%A8%ED%8B%B4",practice-room-guitar-clean-tone1,0,333,0.00,6.4
"https://studionol.co.kr/ko/stories/practice-room-guitar-double-stop1#%EB%A1%9C%ED%81%B0%EB%A1%A4-%EB%8D%94%EB%B8%94-%EC%8A%A4%ED%83%91",practice-room-guitar-double-stop1,0,336,0.00,3.5
"https://studionol.co.kr/ko/stories/practice-room-guitar-double-stop1#%EB%B8%94%EB%A3%A8%EC%8A%A4-%EB%8D%94%EB%B8%94-%EC%8A%A4%ED%83%91",practice-room-guitar-double-stop1,0,336,0.00,3.5
"https://studionol.co.kr/ko/stories/practice-room-guitar-double-stop1#%EC%9D%B8%ED%84%B0%EB%B2%8C-%EC%9D%8C%EC%A0%95-%EC%9D%B4%ED%95%B4",practice-room-guitar-double-stop1,0,336,0.00,3.5
"https://studionol.co.kr/ko/stories/practice-room-guitar-double-stop1#%EC%BB%A8%ED%8A%B8%EB%A6%AC-%EB%8D%94%EB%B8%94-%EC%8A%A4%ED%83%91",practice-room-guitar-double-stop1,0,336,0.00,3.5
"https://studionol.co.kr/ko/stories/practice-room-guitar-finger-vibrato1",practice-room-guitar-finger-vibrato1,0,78,0.00,7.1
"https://studionol.co.kr/ko/stories/practice-room-guitar-fingering1",practice-room-guitar-fingering1,0,9,0.00,5.0
"https://studionol.co.kr/ko/stories/practice-room-guitar-fingerpick-adv1",practice-room-guitar-fingerpick-adv1,0,3,0.00,8.3
"https://studionol.co.kr/ko/stories/practice-room-guitar-fingerpick-pattern1",practice-room-guitar-fingerpick-pattern1,0,10,0.00,10.2
"https://studionol.co.kr/ko/stories/practice-room-guitar-fingerpicking1",practice-room-guitar-fingerpicking1,0,189,0.00,8.8
"https://studionol.co.kr/ko/stories/practice-room-guitar-hammer-pull1",practice-room-guitar-hammer-pull1,0,65,0.00,7.3
"https://studionol.co.kr/ko/stories/practice-room-guitar-indie-alternative1",practice-room-guitar-indie-alternative1,0,45,0.00,8.0
"https://studionol.co.kr/ko/stories/practice-room-guitar-jazz-chord1",practice-room-guitar-jazz-chord1,0,13,0.00,6.8
"https://studionol.co.kr/ko/stories/practice-room-guitar-jazz-chords1#%EB%93%9C%EB%A1%AD-2-%EB%B3%B4%EC%9D%B4%EC%8B%B1-drop-2-voicing",practice-room-guitar-jazz-chords1,0,21,0.00,7.9
"https://studionol.co.kr/ko/stories/practice-room-guitar-jazz-chords1#%EC%8B%A4%EC%9A%A9%EC%A0%81%EC%9D%B8-7th-%EC%BD%94%EB%93%9C-%EB%B3%B4%EC%9D%B4%EC%8B%B1-5%EB%B2%88-%ED%98%84-%EB%A3%A8%ED%8A%B8-%EA%B8%B0%EC%A4%80",practice-room-guitar-jazz-chords1,0,23,0.00,7.7
"https://studionol.co.kr/ko/stories/practice-room-guitar-jazz-chords1#4%EC%84%B1%EB%B6%80-%EC%BD%94%EB%93%9C-4-voice-chord",practice-room-guitar-jazz-chords1,0,23,0.00,7.7
"https://studionol.co.kr/ko/stories/practice-room-guitar-memory1",practice-room-guitar-memory1,0,21,0.00,7.0
"https://studionol.co.kr/ko/stories/practice-room-guitar-neofolk1",practice-room-guitar-neofolk1,0,57,0.00,9.2
"https://studionol.co.kr/ko/stories/practice-room-guitar-open-chord-sonority1",practice-room-guitar-open-chord-sonority1,0,35,0.00,6.8
"https://studionol.co.kr/ko/stories/practice-room-guitar-pentatonic-modes1#%EA%B8%B0%ED%83%80-%EB%AA%A8%EB%93%9C-%EC%8A%A4%EC%BC%80%EC%9D%BC%EB%AA%A8%EB%8B%AC-%EC%97%B0%EC%A3%BC-%ED%9B%88%EB%A0%A8%EC%9D%84-%EA%B7%B9%EB%8C%80%ED%99%94%ED%95%98%EB%8A%94-4%EA%B0%80%EC%A7%80-%EC%9B%90%EC%B9%99",practice-room-guitar-pentatonic-modes1,0,1,0.00,9.0
"https://studionol.co.kr/ko/stories/practice-room-guitar-pentatonic-modes1#7%EA%B0%80%EC%A7%80-%EB%AA%A8%EB%93%9C-%ED%8A%B9%EC%84%B1-%EC%A0%95%EB%A6%AC",practice-room-guitar-pentatonic-modes1,0,1,0.00,9.0
"https://studionol.co.kr/ko/stories/practice-room-guitar-post-rock1",practice-room-guitar-post-rock1,0,11,0.00,6.7
"https://studionol.co.kr/ko/stories/practice-room-guitar-rock-lead1",practice-room-guitar-rock-lead1,0,32,0.00,16.4
"https://studionol.co.kr/ko/stories/practice-room-guitar-scale-position1",practice-room-guitar-scale-position1,0,137,0.00,9.8
"https://studionol.co.kr/ko/stories/practice-room-guitar-slide-electric1",practice-room-guitar-slide-electric1,0,211,0.00,8.0
"https://studionol.co.kr/ko/stories/practice-room-guitar-string1",practice-room-guitar-string1,0,15,0.00,18.3
"https://studionol.co.kr/ko/stories/practice-room-guitar-theory1",practice-room-guitar-theory1,0,42,0.00,8.2
"https://studionol.co.kr/ko/stories/practice-room-guitar-tremolo-picking1#%EC%86%90%EB%AA%A9%EA%B3%BC-%ED%8C%94%EA%BF%88%EC%B9%98",practice-room-guitar-tremolo-picking1,0,81,0.00,5.0
"https://studionol.co.kr/ko/stories/practice-room-guitar-tremolo-picking1#%EC%96%BC%ED%84%B0%EB%84%A4%EC%9D%B4%ED%8A%B8-%ED%94%BC%ED%82%B9%EC%9D%B4%EB%9E%80",practice-room-guitar-tremolo-picking1,0,152,0.00,4.9
"https://studionol.co.kr/ko/stories/practice-room-guitar-tremolo-picking1#%ED%8A%B8%EB%A0%88%EB%AA%B0%EB%A1%9C-%ED%94%BC%ED%82%B9",practice-room-guitar-tremolo-picking1,0,152,0.00,4.9
"https://studionol.co.kr/ko/stories/practice-room-guitar-tremolo-picking1#2%EB%8B%A8%EA%B3%84-%EB%8B%A8%EC%9D%BC-%ED%98%84-%EC%8A%A4%EC%BC%80%EC%9D%BC-bpm-80120",practice-room-guitar-tremolo-picking1,0,84,0.00,5.0
"https://studionol.co.kr/ko/stories/practice-room-guitar-tremolo-picking1#3%EB%8B%A8%EA%B3%84-%ED%8F%AC%EC%A7%80%EC%85%98-%EC%9D%B4%EB%8F%99-%EC%97%B0%EC%8A%B5-bpm-100140",practice-room-guitar-tremolo-picking1,0,149,0.00,4.9
"https://studionol.co.kr/ko/stories/practice-room-guitar-volume-swell1#%EC%95%B0%EB%B9%84%EC%96%B8%ED%8A%B8-%EA%B8%B0%ED%83%80%EC%9D%98-%ED%95%B5%EC%8B%AC",practice-room-guitar-volume-swell1,0,1,0.00,9.0
"https://studionol.co.kr/ko/stories/practice-room-guitar-volume-swell1#%EC%96%B4%ED%83%9D-%EC%97%86%EB%8A%94-%EC%86%8C%EB%A6%AC%EC%9D%98-%EC%8B%9C%EC%9E%91",practice-room-guitar-volume-swell1,0,1,0.00,9.0
"https://studionol.co.kr/ko/stories/practice-room-guitar1",practice-room-guitar1,0,7,0.00,5.9
"https://studionol.co.kr/ko/stories/practice-room-habit1",practice-room-habit1,0,8,0.00,9.1
"https://studionol.co.kr/ko/stories/practice-room-harmony1",practice-room-harmony1,0,8,0.00,7.0
"https://studionol.co.kr/ko/stories/practice-room-healing1",practice-room-healing1,0,10,0.00,5.9
"https://studionol.co.kr/ko/stories/practice-room-improvisation1",practice-room-improvisation1,0,76,0.00,7.6
"https://studionol.co.kr/ko/stories/practice-room-instrument-change1",practice-room-instrument-change1,0,8,0.00,8.9
"https://studionol.co.kr/ko/stories/practice-room-jazz1",practice-room-jazz1,0,12,0.00,9.1
"https://studionol.co.kr/ko/stories/practice-room-journal1#%EC%97%B0%EC%8A%B5-%EC%9D%BC%EC%A7%80-%EA%B8%B0%EB%B3%B8-%EC%96%91%EC%8B%9D",practice-room-journal1,0,1,0.00,10.0
"https://studionol.co.kr/ko/stories/practice-room-journal1#%EC%97%B0%EC%8A%B5-%EC%A4%91-%EC%9E%90%EC%A3%BC-%ED%95%98%EB%8A%94-%EC%8B%A4%EC%88%98",practice-room-journal1,0,1,0.00,10.0
"https://studionol.co.kr/ko/stories/practice-room-kids1",practice-room-kids1,0,6,0.00,5.2
"https://studionol.co.kr/ko/stories/practice-room-lesson1#%EB%A0%88%EC%8A%A8%EB%A7%8C%EC%9C%BC%EB%A1%9C%EB%8A%94-%EC%8B%A4%EB%A0%A5%EC%9D%B4-%EB%8A%98%EC%A7%80-%EC%95%8A%EB%8A%94-%EC%9D%B4%EC%9C%A0",practice-room-lesson1,0,1,0.00,10.0
"https://studionol.co.kr/ko/stories/practice-room-lesson1#%EC%A3%BC-1%ED%9A%8C-%EB%A0%88%EC%8A%A8-%EC%A3%BC-3%ED%9A%8C-%EC%97%B0%EC%8A%B5%EC%8B%A4-%EC%98%88%EC%8B%9C",practice-room-lesson1,0,1,0.00,10.0
"https://studionol.co.kr/ko/stories/practice-room-lesson1#%EC%A7%91%EC%97%90%EC%84%9C-%EC%97%B0%EC%8A%B5%EC%9D%B4-%EC%95%88-%EB%90%98%EB%8A%94-%ED%98%84%EC%8B%A4",practice-room-lesson1,0,1,0.00,10.0
"https://studionol.co.kr/ko/stories/practice-room-mangwon1#%EB%A7%9D%EC%9B%90%EC%97%AD%EC%97%90%EC%84%9C-%EC%9D%8C%EC%95%85%EC%97%B0%EC%8A%B5%EC%8B%A4-%EC%B0%BE%EA%B8%B0-%EC%97%B0%EC%8B%A0%EB%82%B4-%EC%8A%A4%ED%8A%9C%EB%94%94%EC%98%A4-%EB%86%80",practice-room-mangwon1,0,39,0.00,8.5
"https://studionol.co.kr/ko/stories/practice-room-mangwon1#1-%EC%A7%80%ED%95%98%EC%B2%A0-%EC%A0%91%EA%B7%BC%EC%84%B1",practice-room-mangwon1,0,39,0.00,8.5
"https://studionol.co.kr/ko/stories/practice-room-mangwon1#2-%EA%B0%80%EA%B2%A9-%EA%B2%BD%EC%9F%81%EB%A0%A5",practice-room-mangwon1,0,39,0.00,8.5
"https://studionol.co.kr/ko/stories/practice-room-medley1",practice-room-medley1,0,6,0.00,36.8
"https://studionol.co.kr/ko/stories/practice-room-monthly1#%EC%9B%94%EC%84%B8-%EC%9E%85%EC%A3%BC-%EC%97%B0%EC%8A%B5%EC%8B%A4%EC%9D%98-%EC%9E%A5%EC%A0%90",practice-room-monthly1,0,584,0.00,7.6
"https://studionol.co.kr/ko/stories/practice-room-monthly1#%EC%9E%85%EC%A3%BC-%EB%B9%84%EC%9A%A9-%EA%B5%AC%EC%A1%B0-%EC%9B%94%EC%84%B8-%EC%99%B8%EC%97%90-%EB%AC%B4%EC%97%87%EC%9D%B4-%EC%9E%88%EB%82%98",practice-room-monthly1,0,490,0.00,7.9
"https://studionol.co.kr/ko/stories/practice-room-monthly1#%EC%9E%85%EC%A3%BC-%EC%97%B0%EC%8A%B5%EC%8B%A4-%EC%96%B8%EC%A0%9C-%EC%84%A0%ED%83%9D%ED%95%B4%EC%95%BC-%ED%95%A0%EA%B9%8C",practice-room-monthly1,0,569,0.00,7.4
"https://studionol.co.kr/ko/stories/practice-room-monthly1#%EC%9E%85%EC%A3%BC-%EC%A0%84-%EC%B2%B4%ED%81%AC%EB%A6%AC%EC%8A%A4%ED%8A%B8",practice-room-monthly1,0,584,0.00,7.6
"https://studionol.co.kr/ko/stories/practice-room-motivation1",practice-room-motivation1,0,18,0.00,16.8
"https://studionol.co.kr/ko/stories/practice-room-music-portfolio1",practice-room-music-portfolio1,0,41,0.00,6.3
"https://studionol.co.kr/ko/stories/practice-room-musical-theater1",practice-room-musical-theater1,0,52,0.00,11.4
"https://studionol.co.kr/ko/stories/practice-room-musical1",practice-room-musical1,0,32,0.00,5.6
"https://studionol.co.kr/ko/stories/practice-room-night1#%EC%8A%A4%ED%8A%9C%EB%94%94%EC%98%A4-%EB%86%80-%EC%95%BC%EA%B0%84-%EC%97%B0%EC%8A%B5%EC%8B%A4-%EC%95%88%EB%82%B4",practice-room-night1,0,3,0.00,5.7
"https://studionol.co.kr/ko/stories/practice-room-night1#%EC%95%BC%EA%B0%84-%EC%97%B0%EC%8A%B5%EC%8B%A4-vs-%EC%9D%BC%EB%B0%98-%EC%97%B0%EC%8A%B5%EC%8B%A4-%EB%B9%84%EA%B5%90",practice-room-night1,0,4,0.00,6.5
"https://studionol.co.kr/ko/stories/practice-room-night1#%EC%99%9C-%EC%95%BC%EA%B0%84-%EC%97%B0%EC%8A%B5%EC%8B%A4%EC%9D%B4-%ED%95%84%EC%9A%94%ED%95%9C%EA%B0%80",practice-room-night1,0,4,0.00,6.5
"https://studionol.co.kr/ko/stories/practice-room-nokbeon1",practice-room-nokbeon1,0,33,0.00,6.6
"https://studionol.co.kr/ko/stories/practice-room-nowon1",practice-room-nowon1,0,1,0.00,2.0
"https://studionol.co.kr/ko/stories/practice-room-oboe1",practice-room-oboe1,0,90,0.00,6.2
"https://studionol.co.kr/ko/stories/practice-room-online-lesson1",practice-room-online-lesson1,0,9,0.00,6.0
"https://studionol.co.kr/ko/stories/practice-room-opera1",practice-room-opera1,0,101,0.00,5.2
"https://studionol.co.kr/ko/stories/practice-room-piano-ballad1",practice-room-piano-ballad1,0,32,0.00,8.4
"https://studionol.co.kr/ko/stories/practice-room-piano-ballad21",practice-room-piano-ballad21,0,82,0.00,6.3
"https://studionol.co.kr/ko/stories/practice-room-piano-bebop1",practice-room-piano-bebop1,0,19,0.00,13.3
"https://studionol.co.kr/ko/stories/practice-room-piano-beginner-adult1#%EB%AA%87-%EC%82%B4%EC%9D%B4%EB%93%A0-%ED%94%BC%EC%95%84%EB%85%B8%EB%A5%BC-%EC%8B%9C%EC%9E%91%ED%95%98%EA%B8%B0%EC%97%90-%EB%8A%A6%EC%9D%80-%EB%95%8C%EB%8A%94-%EC%97%86%EC%8A%B5%EB%8B%88%EB%8B%A4",practice-room-piano-beginner-adult1,0,41,0.00,7.6
"https://studionol.co.kr/ko/stories/practice-room-piano-beginner-adult1#%EC%84%B1%EC%9D%B8-%ED%94%BC%EC%95%84%EB%85%B8-%EC%9E%85%EB%AC%B8%EC%B2%98%EC%9D%8C-%EC%8B%9C%EC%9E%91%ED%95%98%EB%8A%94-%EC%96%B4%EB%A5%B8-%ED%9B%88%EB%A0%A8%EC%9D%98-4%EA%B0%80%EC%A7%80-%ED%95%B5%EC%8B%AC-%EC%9B%90%EC%B9%99",practice-room-piano-beginner-adult1,0,41,0.00,7.6
"https://studionol.co.kr/ko/stories/practice-room-piano-beginner-adult1#%EC%97%B0%EC%8A%B5-%EC%A4%91-%EC%9E%90%EC%A3%BC-%ED%95%98%EB%8A%94-%EC%8B%A4%EC%88%98",practice-room-piano-beginner-adult1,0,26,0.00,7.8
"https://studionol.co.kr/ko/stories/practice-room-piano-blues-comping1",practice-room-piano-blues-comping1,0,57,0.00,7.8
"https://studionol.co.kr/ko/stories/practice-room-piano-chord-adv1",practice-room-piano-chord-adv1,0,1,0.00,9.0
"https://studionol.co.kr/ko/stories/practice-room-piano-chord-substitution1",practice-room-piano-chord-substitution1,0,55,0.00,5.9
"https://studionol.co.kr/ko/stories/practice-room-piano-concerto1",practice-room-piano-concerto1,0,8,0.00,5.9
"https://studionol.co.kr/ko/stories/practice-room-piano-contemporary1",practice-room-piano-contemporary1,0,51,0.00,8.8
"https://studionol.co.kr/ko/stories/practice-room-piano-crosshand1",practice-room-piano-crosshand1,0,30,0.00,4.6
"https://studionol.co.kr/ko/stories/practice-room-piano-film-score1",practice-room-piano-film-score1,0,11,0.00,8.6
"https://studionol.co.kr/ko/stories/practice-room-piano-four-hands1",practice-room-piano-four-hands1,0,80,0.00,6.4
"https://studionol.co.kr/ko/stories/practice-room-piano-funk1",practice-room-piano-funk1,0,49,0.00,13.6
"https://studionol.co.kr/ko/stories/practice-room-piano-impressionism1",practice-room-piano-impressionism1,0,5,0.00,7.2
"https://studionol.co.kr/ko/stories/practice-room-piano-impressionist1",practice-room-piano-impressionist1,0,27,0.00,6.6
"https://studionol.co.kr/ko/stories/practice-room-piano-jazz-improv1",practice-room-piano-jazz-improv1,0,39,0.00,8.6
"https://studionol.co.kr/ko/stories/practice-room-piano-jazz-standard1",practice-room-piano-jazz-standard1,0,30,0.00,7.3
"https://studionol.co.kr/ko/stories/practice-room-piano-jazz1",practice-room-piano-jazz1,0,24,0.00,9.9
"https://studionol.co.kr/ko/stories/practice-room-piano-leaps1",practice-room-piano-leaps1,0,26,0.00,7.7
"https://studionol.co.kr/ko/stories/practice-room-piano-left-hand-bass1",practice-room-piano-left-hand-bass1,0,35,0.00,6.9
"https://studionol.co.kr/ko/stories/practice-room-piano-memorization1",practice-room-piano-memorization1,0,47,0.00,7.4
"https://studionol.co.kr/ko/stories/practice-room-piano-modal1",practice-room-piano-modal1,0,28,0.00,11.9
"https://studionol.co.kr/ko/stories/practice-room-piano-new-age1",practice-room-piano-new-age1,0,15,0.00,5.1
"https://studionol.co.kr/ko/stories/practice-room-piano-pedal1",practice-room-piano-pedal1,0,4,0.00,12.8
"https://studionol.co.kr/ko/stories/practice-room-piano-pop1",practice-room-piano-pop1,0,36,0.00,18.8
"https://studionol.co.kr/ko/stories/practice-room-piano-ragtime1",practice-room-piano-ragtime1,0,41,0.00,6.6
"https://studionol.co.kr/ko/stories/practice-room-piano-reharmonization1",practice-room-piano-reharmonization1,0,60,0.00,6.0
"https://studionol.co.kr/ko/stories/practice-room-piano-romantic1",practice-room-piano-romantic1,0,4,0.00,9.5
"https://studionol.co.kr/ko/stories/practice-room-piano-scale-adv1",practice-room-piano-scale-adv1,0,17,0.00,8.3
"https://studionol.co.kr/ko/stories/practice-room-piano-sonata1",practice-room-piano-sonata1,0,29,0.00,9.4
"https://studionol.co.kr/ko/stories/practice-room-piano-stride1",practice-room-piano-stride1,0,56,0.00,6.6
"https://studionol.co.kr/ko/stories/practice-room-piano-tango1",practice-room-piano-tango1,0,5,0.00,7.2
"https://studionol.co.kr/ko/stories/practice-room-piano-trills1",practice-room-piano-trills1,0,29,0.00,6.3
"https://studionol.co.kr/ko/stories/practice-room-pop-vocal1",practice-room-pop-vocal1,0,6,0.00,5.7
"https://studionol.co.kr/ko/stories/practice-room-pre-recording1",practice-room-pre-recording1,0,9,0.00,10.1
"https://studionol.co.kr/ko/stories/practice-room-price1#%EC%8B%9C%EA%B0%84-%EB%8C%80%EC%97%AC-%EA%B0%80%EA%B2%A9-%EC%A7%80%EC%97%AD%EC%9C%A0%ED%98%95%EB%B3%84-%EB%B9%84%EA%B5%90",practice-room-price1,0,1391,0.00,5.9
"https://studionol.co.kr/ko/stories/practice-room-price1#%EC%8B%9C%EA%B0%84-%EB%8C%80%EC%97%AC-vs-%EC%9B%94%EC%84%B8-%EC%86%90%EC%9D%B5-%EB%B6%84%EA%B8%B0%EC%A0%90-%EA%B3%84%EC%82%B0",practice-room-price1,0,1258,0.00,6.1
"https://studionol.co.kr/ko/stories/practice-room-price1#%EC%9B%94%EC%84%B8-%EC%9E%85%EC%A3%BC-%EA%B0%80%EA%B2%A9-%EB%B0%A9-%ED%81%AC%EA%B8%B0%EB%B3%84-%EC%84%9C%EC%9A%B8-%ED%8F%89%EA%B7%A0",practice-room-price1,0,1105,0.00,5.9
"https://studionol.co.kr/ko/stories/practice-room-price1#%EC%9D%8C%EC%95%85%EC%97%B0%EC%8A%B5%EC%8B%A4-%EA%B0%80%EA%B2%A9-%EC%99%9C-%EC%9D%B4%EB%A0%87%EA%B2%8C-%EC%A0%9C%EA%B0%81%EA%B0%81%EC%9D%BC%EA%B9%8C",practice-room-price1,0,1292,0.00,5.8
"https://studionol.co.kr/ko/stories/practice-room-pronunciation1#%EC%97%B0%EC%8A%B5-%EC%A4%91-%EC%9E%90%EC%A3%BC-%ED%95%98%EB%8A%94-%EC%8B%A4%EC%88%98",practice-room-pronunciation1,0,45,0.00,8.1
"https://studionol.co.kr/ko/stories/practice-room-pronunciation1#%EC%9B%90%EC%96%B4-%EB%B0%9C%EC%9D%8C%EC%9D%B4-%EB%8A%90%EB%8A%94-%EC%84%B8-%EA%B0%80%EC%A7%80-%EC%8A%B5%EA%B4%80",practice-room-pronunciation1,0,11,0.00,7.0
"https://studionol.co.kr/ko/stories/practice-room-pronunciation1#%EC%A2%8B%EC%95%84%ED%95%98%EB%8A%94-%ED%8C%9D%EC%86%A1%EC%9D%84-%EC%9B%90%EC%96%B4%EB%A1%9C-%EC%99%84%EC%84%B1%ED%95%98%EB%8A%94-%EB%BF%8C%EB%93%AF%ED%95%A8",practice-room-pronunciation1,0,56,0.00,7.9
"https://studionol.co.kr/ko/stories/practice-room-recording1#%EB%B0%A9%EC%9D%8C-%ED%92%88%EC%A7%88%EC%97%90-%EB%94%B0%EB%A5%B8-%EB%85%B9%EC%9D%8C-%ED%92%88%EC%A7%88-%EC%B0%A8%EC%9D%B4",practice-room-recording1,0,21,0.00,6.5
"https://studionol.co.kr/ko/stories/practice-room-recording1#%EC%9D%8C%EC%95%85%EC%97%B0%EC%8A%B5%EC%8B%A4-%EB%85%B9%EC%9D%8C-%EB%AA%A9%EC%A0%81%EB%B3%84-%EC%84%A0%ED%83%9D",practice-room-recording1,0,32,0.00,6.1
"https://studionol.co.kr/ko/stories/practice-room-recording1#%EC%9D%8C%EC%95%85%EC%97%B0%EC%8A%B5%EC%8B%A4-%EB%85%B9%EC%9D%8C-vs-%EC%A0%84%EB%AC%B8-%EB%85%B9%EC%9D%8C%EC%8B%A4-%EB%B9%84%EA%B5%90",practice-room-recording1,0,31,0.00,6.0
"https://studionol.co.kr/ko/stories/practice-room-rental1#%EC%98%88%EC%95%BD-%EB%8B%A8%EA%B3%84%EB%B3%84-%EC%A0%88%EC%B0%A8",practice-room-rental1,0,20,0.00,9.3
"https://studionol.co.kr/ko/stories/practice-room-rental1#%EC%9D%8C%EC%95%85%EC%97%B0%EC%8A%B5%EC%8B%A4-%EB%8C%80%EC%97%AC-%EC%9C%A0%ED%98%95-%EB%B9%84%EA%B5%90-%EC%86%8C%ED%98%95-vs-%EC%A4%91%ED%98%95",practice-room-rental1,0,20,0.00,9.3
"https://studionol.co.kr/ko/stories/practice-room-rental1#%EC%9D%8C%EC%95%85%EC%97%B0%EC%8A%B5%EC%8B%A4-%EB%8C%80%EC%97%AC-%EC%A0%84-%EC%A4%80%EB%B9%84%EC%82%AC%ED%95%AD",practice-room-rental1,0,20,0.00,9.3
"https://studionol.co.kr/ko/stories/practice-room-rental1#%EC%9D%B4%EC%9A%A9-%EC%8B%9C-%EC%97%90%ED%8B%B0%EC%BC%93%EA%B3%BC-%EC%A3%BC%EC%9D%98%EC%82%AC%ED%95%AD",practice-room-rental1,0,16,0.00,9.1
"https://studionol.co.kr/ko/stories/practice-room-rnb1",practice-room-rnb1,0,18,0.00,10.2
"https://studionol.co.kr/ko/stories/practice-room-sangam1#%EA%B0%80%EA%B2%A9%EA%B3%84%EC%95%BD-%EC%83%81%EC%95%94dmc-%EC%8B%9C%EA%B0%84-%EB%8C%80%EC%97%AC-%EC%8B%9C%EC%9E%A5%EA%B3%BC-%EB%B9%84%EA%B5%90",practice-room-sangam1,0,6,0.00,3.7
"https://studionol.co.kr/ko/stories/practice-room-sangam1#%EC%83%81%EC%95%94dmc%EC%97%90%EC%84%9C-%EC%9D%8C%EC%95%85%EC%97%B0%EC%8A%B5%EC%8B%A4%EC%9D%84-%EC%B0%BE%EB%8A%94-%EB%B6%84%EB%93%A4%EA%BB%98",practice-room-sangam1,0,11,0.00,3.5
"https://studionol.co.kr/ko/stories/practice-room-sangam1#%EC%83%81%EC%95%94dmc-%EC%9D%8C%EC%95%85%EC%97%B0%EC%8A%B5%EC%8B%A4-%EC%8B%9C%EC%9E%A5-%EC%BD%98%ED%85%90%EC%B8%A0-%EC%A2%85%EC%82%AC%EC%9E%90-%EC%8B%9C%EB%82%98%EB%A6%AC%EC%98%A4",practice-room-sangam1,0,11,0.00,3.5
"https://studionol.co.kr/ko/stories/practice-room-sangam1#%EC%A7%80%ED%95%98%EC%B2%A0-%EB%8F%99%EC%84%A0-%EA%B0%80%EC%9E%A5-%EB%B9%A0%EB%A6%84",practice-room-sangam1,0,6,0.00,3.7
"https://studionol.co.kr/ko/stories/practice-room-saxophone21",practice-room-saxophone21,0,42,0.00,6.0
"https://studionol.co.kr/ko/stories/practice-room-self-study1",practice-room-self-study1,0,38,0.00,13.6
"https://studionol.co.kr/ko/stories/practice-room-seodaemun1#%EA%B0%80%EA%B2%A9%EA%B3%84%EC%95%BD-%EC%84%9C%EB%8C%80%EB%AC%B8-%EC%8B%9C%EC%9E%A5-%ED%8F%89%EA%B7%A0%EA%B3%BC-%EB%B9%84%EA%B5%90",practice-room-seodaemun1,0,14,0.00,6.2
"https://studionol.co.kr/ko/stories/practice-room-seodaemun1#%EC%84%9C%EB%8C%80%EB%AC%B8%EA%B5%AC%EC%97%90%EC%84%9C-%EC%9D%8C%EC%95%85%EC%97%B0%EC%8A%B5%EC%8B%A4%EC%9D%84-%EC%B0%BE%EB%8A%94-%EB%B6%84%EB%93%A4%EA%BB%98",practice-room-seodaemun1,0,26,0.00,5.6
"https://studionol.co.kr/ko/stories/practice-room-seodaemun1#%EC%84%9C%EB%8C%80%EB%AC%B8-%EC%9D%8C%EC%95%85%EC%97%B0%EC%8A%B5%EC%8B%A4-%EC%8B%9C%EC%9E%A5-%EB%AC%B4%EC%97%87%EC%9D%B4-%EB%B6%80%EC%A1%B1%ED%95%9C%EA%B0%80",practice-room-seodaemun1,0,26,0.00,5.6
"https://studionol.co.kr/ko/stories/practice-room-seodaemun1#%ED%99%8D%EC%A0%9C%EB%8F%99-%EA%B0%80%EC%9E%A5-%EA%B0%80%EA%B9%8C%EC%9B%80",practice-room-seodaemun1,0,14,0.00,6.2
"https://studionol.co.kr/ko/stories/practice-room-seongnam1",practice-room-seongnam1,0,2,0.00,5.5
"https://studionol.co.kr/ko/stories/practice-room-shortterm1",practice-room-shortterm1,0,6,0.00,32.3
"https://studionol.co.kr/ko/stories/practice-room-singer-songwriter1",practice-room-singer-songwriter1,0,3,0.00,5.0
"https://studionol.co.kr/ko/stories/practice-room-soundproof1#%EB%B0%A9%EC%9D%8C-%EB%93%B1%EA%B8%89stc-%EC%88%AB%EC%9E%90%EA%B0%80-%EC%9D%98%EB%AF%B8%ED%95%98%EB%8A%94-%EA%B2%83",practice-room-soundproof1,0,1,0.00,2.0
"https://studionol.co.kr/ko/stories/practice-room-soundproof1#%EC%97%B0%EC%8A%B5%EC%8B%A4-%EB%B0%A9%EB%AC%B8-%EC%8B%9C-%EB%B0%A9%EC%9D%8C-%EC%A7%81%EC%A0%91-%ED%99%95%EC%9D%B8%ED%95%98%EB%8A%94-%EB%B0%A9%EB%B2%95",practice-room-soundproof1,0,1,0.00,2.0
"https://studionol.co.kr/ko/stories/practice-room-startup1#%EC%97%85%EC%A2%85%EC%BD%94%EB%93%9C-%EB%B0%8F-%EC%9D%B8%ED%97%88%EA%B0%80",practice-room-startup1,0,383,0.00,4.4
"https://studionol.co.kr/ko/stories/practice-room-startup1#%EC%9D%8C%EC%95%85%EC%97%B0%EC%8A%B5%EC%8B%A4-%EC%B0%BD%EC%97%85-%ED%98%84%EC%8B%A4%EC%A0%81%EC%9D%B8-%EB%B9%84%EC%9A%A9%EB%B6%80%ED%84%B0-%ED%8C%8C%EC%95%85%ED%95%98%EC%9E%90",practice-room-startup1,0,542,0.00,4.2
"https://studionol.co.kr/ko/stories/practice-room-startup1#%EC%B0%BD%EC%97%85-%EC%8B%A4%ED%8C%A8-%EC%9B%90%EC%9D%B8-top-5",practice-room-startup1,0,472,0.00,4.0
"https://studionol.co.kr/ko/stories/practice-room-startup1#%EC%B4%88%EA%B8%B0-%EC%B0%BD%EC%97%85-%EB%B9%84%EC%9A%A9-%ED%95%AD%EB%AA%A9%ED%91%9C",practice-room-startup1,0,518,0.00,4.1
"https://studionol.co.kr/ko/stories/practice-room-stress1",practice-room-stress1,0,21,0.00,11.0
"https://studionol.co.kr/ko/stories/practice-room-teacher1",practice-room-teacher1,0,3,0.00,6.3
"https://studionol.co.kr/ko/stories/practice-room-transfer1#%EA%B6%8C%EB%A6%AC%EA%B8%88-%EA%B5%AC%EC%84%B1-%EC%9A%94%EC%86%8C",practice-room-transfer1,0,15,0.00,8.5
"https://studionol.co.kr/ko/stories/practice-room-transfer1#%EC%96%91%EB%8F%84-%ED%94%84%EB%A1%9C%EC%84%B8%EC%8A%A4-%EB%8B%A8%EA%B3%84",practice-room-transfer1,0,15,0.00,8.5
"https://studionol.co.kr/ko/stories/practice-room-transfer1#%ED%98%84%EC%9E%A5-%EB%B0%A9%EB%AC%B8-%EC%8B%9C-%EC%A0%90%EA%B2%80-%EC%B2%B4%ED%81%AC%EB%A6%AC%EC%8A%A4%ED%8A%B8",practice-room-transfer1,0,15,0.00,8.5
"https://studionol.co.kr/ko/stories/practice-room-vibrato1",practice-room-vibrato1,0,60,0.00,11.7
"https://studionol.co.kr/ko/stories/practice-room-video-audition1",practice-room-video-audition1,0,11,0.00,5.8
"https://studionol.co.kr/ko/stories/practice-room-violin1",practice-room-violin1,0,15,0.00,7.3
"https://studionol.co.kr/ko/stories/practice-room-vocal-accent1",practice-room-vocal-accent1,0,62,0.00,6.3
"https://studionol.co.kr/ko/stories/practice-room-vocal-agility1",practice-room-vocal-agility1,0,84,0.00,7.7
"https://studionol.co.kr/ko/stories/practice-room-vocal-audition1",practice-room-vocal-audition1,0,4,0.00,6.0
"https://studionol.co.kr/ko/stories/practice-room-vocal-belting1",practice-room-vocal-belting1,0,23,0.00,10.0
"https://studionol.co.kr/ko/stories/practice-room-vocal-breath1",practice-room-vocal-breath1,0,29,0.00,6.3
"https://studionol.co.kr/ko/stories/practice-room-vocal-breath21",practice-room-vocal-breath21,0,8,0.00,9.9
"https://studionol.co.kr/ko/stories/practice-room-vocal-color-adv1",practice-room-vocal-color-adv1,0,11,0.00,58.6
"https://studionol.co.kr/ko/stories/practice-room-vocal-consonant1",practice-room-vocal-consonant1,0,34,0.00,7.0
"https://studionol.co.kr/ko/stories/practice-room-vocal-cover1",practice-room-vocal-cover1,0,19,0.00,8.3
"https://studionol.co.kr/ko/stories/practice-room-vocal-emotion1",practice-room-vocal-emotion1,0,51,0.00,10.9
"https://studionol.co.kr/ko/stories/practice-room-vocal-gospel1",practice-room-vocal-gospel1,0,1,0.00,57.0
"https://studionol.co.kr/ko/stories/practice-room-vocal-harmony-close1",practice-room-vocal-harmony-close1,0,36,0.00,9.8
"https://studionol.co.kr/ko/stories/practice-room-vocal-live1",practice-room-vocal-live1,0,1,0.00,3.0
"https://studionol.co.kr/ko/stories/practice-room-vocal-musical-style1",practice-room-vocal-musical-style1,0,151,0.00,7.5
"https://studionol.co.kr/ko/stories/practice-room-vocal-pop-adlib1",practice-room-vocal-pop-adlib1,0,15,0.00,6.0
"https://studionol.co.kr/ko/stories/practice-room-vocal-pop-runs1",practice-room-vocal-pop-runs1,0,3,0.00,9.7
"https://studionol.co.kr/ko/stories/practice-room-vocal-registers1",practice-room-vocal-registers1,0,66,0.00,6.6
"https://studionol.co.kr/ko/stories/practice-room-vocal-rock1",practice-room-vocal-rock1,0,31,0.00,7.3
"https://studionol.co.kr/ko/stories/practice-room-vocal-solfege1",practice-room-vocal-solfege1,0,60,0.00,5.3
"https://studionol.co.kr/ko/stories/practice-room-vocal-soul-rn1",practice-room-vocal-soul-rn1,0,20,0.00,6.0
"https://studionol.co.kr/ko/stories/practice-room-vocal-soul1#%ED%8C%94%EC%84%B8%ED%86%A0-%ED%92%80%EB%B3%B4%EC%9D%B4%EC%8A%A4-%EC%A0%84%ED%99%98",practice-room-vocal-soul1,0,1,0.00,10.0
"https://studionol.co.kr/ko/stories/practice-room-vocal-soul1#1-%EB%A9%9C%EB%A6%AC%EC%A6%88%EB%A7%88-melisma",practice-room-vocal-soul1,0,1,0.00,10.0
"https://studionol.co.kr/ko/stories/practice-room-vocal-stage-adv1",practice-room-vocal-stage-adv1,0,1,0.00,4.0
"https://studionol.co.kr/ko/stories/practice-room-vocal-stage1",practice-room-vocal-stage1,0,20,0.00,20.0
"https://studionol.co.kr/ko/stories/practice-room-vocal-technique21",practice-room-vocal-technique21,0,42,0.00,14.7
"https://studionol.co.kr/ko/stories/practice-room-vocal-tongue-twisters1",practice-room-vocal-tongue-twisters1,0,70,0.00,11.5
"https://studionol.co.kr/ko/stories/practice-room-vocal-warm-up1",practice-room-vocal-warm-up1,0,94,0.00,7.3
"https://studionol.co.kr/ko/stories/practice-room-vocal-warmup-routine1",practice-room-vocal-warmup-routine1,0,7,0.00,9.6
"https://studionol.co.kr/ko/stories/practice-room-vocal-warmup1",practice-room-vocal-warmup1,0,29,0.00,6.5
"https://studionol.co.kr/ko/stories/practice-room-vocal1#%EB%B3%B4%EC%BB%AC-%EC%97%B0%EC%8A%B5%EC%8B%A4-%EB%8B%A8%EC%88%9C%ED%9E%88-%ED%81%AC%EA%B2%8C-%EB%85%B8%EB%9E%98%ED%95%98%EB%8A%94-%EA%B3%B3%EC%9D%B4-%EC%95%84%EB%8B%99%EB%8B%88%EB%8B%A4",practice-room-vocal1,0,405,0.00,6.8
"https://studionol.co.kr/ko/stories/practice-room-vocal1#%EB%B3%B4%EC%BB%AC-%EC%97%B0%EC%8A%B5%EC%8B%A4-vs-%ED%95%A9%EC%A3%BC%EC%8B%A4-vs-%EB%85%B8%EB%9E%98%EB%B0%A9-%EB%B9%84%EA%B5%90",practice-room-vocal1,0,398,0.00,6.7
"https://studionol.co.kr/ko/stories/practice-room-vocal1#%EB%B3%B4%EC%BB%AC-%EC%97%B0%EC%8A%B5%EC%97%90-%EC%B5%9C%EC%A0%81%ED%99%94%EB%90%9C-%EC%97%B0%EC%8A%B5%EC%8B%A4-%EC%A1%B0%EA%B1%B4",practice-room-vocal1,0,282,0.00,6.9
"https://studionol.co.kr/ko/stories/practice-room-vocal1#%ED%9A%A8%EA%B3%BC%EC%A0%81%EC%9D%B8-%EB%B3%B4%EC%BB%AC-%EC%97%B0%EC%8A%B5-%EB%A3%A8%ED%8B%B4",practice-room-vocal1,0,283,0.00,6.9
"https://studionol.co.kr/ko/stories/practice-room-vocal1#pa-%EB%AA%A8%EB%8B%88%ED%84%B0%EB%A7%81%EC%9C%BC%EB%A1%9C-%EC%8B%A4%EB%A0%A5-%ED%96%A5%EC%83%81%EC%8B%9C%ED%82%A4%EB%8A%94-%EB%B2%95",practice-room-vocal1,0,277,0.00,6.9
"https://studionol.co.kr/ko/stories/practice-room-vs-karaoke1#%EB%85%B8%EB%9E%98%EB%B0%A9-vs-%EC%9D%8C%EC%95%85%EC%97%B0%EC%8A%B5%EC%8B%A4-%EA%B0%80%EA%B2%A9-%EB%B9%84%EA%B5%90-%EC%84%9C%EC%9A%B8-%EA%B8%B0%EC%A4%80",practice-room-vs-karaoke1,0,10,0.00,8.2
"https://studionol.co.kr/ko/stories/practice-room-vs-karaoke1#%EC%97%90%EC%BD%94%EB%A6%AC%EB%B2%84%EB%B8%8C-%EB%B3%B4%EC%A0%95%EC%9D%98-%EB%AC%B8%EC%A0%9C",practice-room-vs-karaoke1,0,11,0.00,8.3
"https://studionol.co.kr/ko/stories/practice-room-vs-karaoke1#%ED%95%B5%EC%8B%AC-%EC%B0%A8%EC%9D%B4-%EB%B9%84%EA%B5%90",practice-room-vs-karaoke1,0,11,0.00,8.3
"https://studionol.co.kr/ko/stories/practice-room-weekend1",practice-room-weekend1,0,8,0.00,9.3
"https://studionol.co.kr/ko/stories/practice-room-worldcup1",practice-room-worldcup1,0,5,0.00,2.0
"https://studionol.co.kr/ko/stories/practice-schedule1#%EB%A7%A4%EC%9D%BC-30%EB%B6%84-%EB%B0%A9%EB%B2%95%EC%9D%B4-%EC%A4%91%EC%9A%94%ED%95%A9%EB%8B%88%EB%8B%A4",practice-schedule1,0,123,0.00,9.2
"https://studionol.co.kr/ko/stories/practice-schedule1#%EC%A7%91%EC%A4%91-%ED%9B%88%EB%A0%A8-10%EB%B6%84",practice-schedule1,0,123,0.00,9.2
"https://studionol.co.kr/ko/stories/practice-schedule1#%ED%95%98%EB%A3%A8-30%EB%B6%84-%EA%B8%B0%EB%B3%B8-%EB%A3%A8%ED%8B%B4",practice-schedule1,0,123,0.00,9.2
"https://studionol.co.kr/ko/stories/pre-chorus1",pre-chorus1,0,38,0.00,5.2
"https://studionol.co.kr/ko/stories/producer1#%EC%8B%9C%EC%9E%91-%EB%A1%9C%EB%93%9C%EB%A7%B5",producer1,0,907,0.00,5.7
"https://studionol.co.kr/ko/stories/producer1#%EC%9D%8C%EC%95%85-%ED%94%84%EB%A1%9C%EB%93%80%EC%84%9C-%EC%96%B4%EB%94%94%EC%84%9C%EB%B6%80%ED%84%B0-%EC%8B%9C%EC%9E%91%ED%95%A0%EA%B9%8C",producer1,0,896,0.00,5.7
"https://studionol.co.kr/ko/stories/producer1#daw-%EC%84%A0%ED%83%9D-%EA%B0%80%EC%9D%B4%EB%93%9C",producer1,0,630,0.00,5.5
"https://studionol.co.kr/ko/stories/producer1#studio-nol%EC%97%90%EC%84%9C-%EC%8B%A0%EC%9D%B8-%ED%94%84%EB%A1%9C%EB%93%80%EC%84%9C%EA%B0%80-%EB%B3%B4%EC%BB%AC-%EB%85%B9%EC%9D%8C-%EC%9D%98%EB%A2%B0%ED%95%A0-%EB%95%8C-%EA%B0%80%EC%9E%A5-%EC%9E%90%EC%A3%BC-%EB%B3%B4%EB%8A%94-3%EA%B0%80%EC%A7%80",producer1,0,591,0.00,5.5
"https://studionol.co.kr/ko/stories/rap-recording1#%EB%85%B9%EC%9D%8C-%EC%A0%84-%EC%B2%B4%ED%81%AC%EB%A6%AC%EC%8A%A4%ED%8A%B8",rap-recording1,0,105,0.00,4.8
"https://studionol.co.kr/ko/stories/rap-recording1#%EB%9E%A9-%EB%85%B9%EC%9D%8C-%EB%94%95%EC%85%98%EA%B3%BC-%ED%94%8C%EB%A1%9C%EC%9A%B0%EA%B0%80-%EB%AF%B9%EC%8B%B1%EB%B3%B4%EB%8B%A4-%EC%A4%91%EC%9A%94%ED%95%98%EB%8B%A4",rap-recording1,0,105,0.00,4.8
"https://studionol.co.kr/ko/stories/rap-recording1#%EB%9E%A9-%EB%85%B9%EC%9D%8C-%EC%9E%90%EC%84%B8",rap-recording1,0,105,0.00,4.8
"https://studionol.co.kr/ko/stories/rap-recording1#%ED%94%8C%EB%A1%9C%EC%9A%B0-%EA%B5%AC%EC%84%B1-%EC%9A%94%EC%86%8C",rap-recording1,0,105,0.00,4.8
"https://studionol.co.kr/ko/stories/rap1#%EB%8B%A8%EA%B3%84%EB%B3%84-%EB%9E%A9-%EC%97%B0%EC%8A%B5%EB%B2%95",rap1,0,1,0.00,10.0
"https://studionol.co.kr/ko/stories/rap1#%EB%9E%A9%EC%9D%80-%EB%A6%AC%EB%93%AC%EC%97%90%EC%84%9C-%EC%8B%9C%EC%9E%91%EB%90%A9%EB%8B%88%EB%8B%A4",rap1,0,1,0.00,10.0
"https://studionol.co.kr/ko/stories/rap1#%EB%9E%A9%EC%9D%98-%EA%B8%B0%EB%B3%B8-%EC%9A%94%EC%86%8C",rap1,0,1,0.00,10.0
"https://studionol.co.kr/ko/stories/record-deal1#%EA%B3%84%EC%95%BD%EC%84%9C-%EC%B2%B4%ED%81%AC%EB%A6%AC%EC%8A%A4%ED%8A%B8",record-deal1,0,3,0.00,4.0
"https://studionol.co.kr/ko/stories/record-deal1#%EB%A0%88%EC%BD%94%EB%93%9C-%EB%94%9C-%EA%B8%B0%ED%9A%8C%EC%9D%B8%EA%B0%80-%ED%95%A8%EC%A0%95%EC%9D%B8%EA%B0%80",record-deal1,0,3,0.00,4.0
"https://studionol.co.kr/ko/stories/record-deal1#%EB%A0%88%EC%BD%94%EB%93%9C-%EB%94%9C-%EC%A2%85%EB%A5%98",record-deal1,0,3,0.00,4.0
"https://studionol.co.kr/ko/stories/record-deal1#%ED%98%84%EC%8B%A4%EC%A0%81%EC%9D%B8-%EC%9E%A5%EB%8B%A8%EC%A0%90-%EB%B6%84%EC%84%9D",record-deal1,0,1,0.00,3.0
"https://studionol.co.kr/ko/stories/recording-anxiety1#%EB%85%B9%EC%9D%8C-%EA%B8%B4%EC%9E%A5-%EA%B8%B4%EC%9E%A5%ED%95%B4%EB%8F%84-%EA%B4%9C%EC%B0%AE%EB%8B%A4-%EC%A4%80%EB%B9%84%EA%B0%80-%ED%95%B4%EA%B2%B0%ED%95%9C%EB%8B%A4",recording-anxiety1,0,20,0.00,8.0
"https://studionol.co.kr/ko/stories/recording-anxiety1#%EC%99%84%EB%B2%BD%EC%A3%BC%EC%9D%98-%EA%B7%B9%EB%B3%B5",recording-anxiety1,0,20,0.00,8.0
"https://studionol.co.kr/ko/stories/recording-price1#%EB%85%B9%EC%9D%8C%EB%AF%B9%EC%8B%B1%EB%A7%88%EC%8A%A4%ED%84%B0%EB%A7%81-%EB%B9%84%EC%9A%A9%EC%9D%80-%EC%96%BC%EB%A7%88%EC%9D%B8%EA%B0%80%EC%9A%94",recording-price1,0,241,0.00,3.8
"https://studionol.co.kr/ko/stories/recording-price1#%EB%AA%A9%EC%A0%81%EB%B3%84-%EC%84%9C%EB%B9%84%EC%8A%A4-%EC%B6%94%EC%B2%9C",recording-price1,0,282,0.00,4.2
"https://studionol.co.kr/ko/stories/recording-price1#%EC%84%9C%EB%B9%84%EC%8A%A4%EB%B3%84-%EA%B0%80%EA%B2%A9-%EA%B8%B0%EC%A4%80-%EA%B5%AD%EB%82%B4-%EC%9D%BC%EB%B0%98-%EA%B8%B0%EC%A4%80",recording-price1,0,334,0.00,4.0
"https://studionol.co.kr/ko/stories/recording-price1#%EC%98%A8%EB%9D%BC%EC%9D%B8-%EB%AF%B9%EC%8B%B1-%EC%9D%98%EB%A2%B0-vs-%EC%A7%81%EC%A0%91-%EB%B0%A9%EB%AC%B8",recording-price1,0,270,0.00,4.1
"https://studionol.co.kr/ko/stories/recording-price1#%EC%9D%8C%EB%B0%98-%EC%A0%9C%EC%9E%91-%EB%B9%84%EC%9A%A9-%EC%98%88%EC%82%B0%EC%97%90-%EB%A7%9E%EB%8A%94-%EC%84%9C%EB%B9%84%EC%8A%A4-%EC%84%A0%ED%83%9D",recording-price1,0,196,0.00,4.3
"https://studionol.co.kr/ko/stories/recording-price1#%EC%9D%B4-%EA%B0%80%EA%B2%A9-%EA%B5%AC%EC%A1%B0%EB%8A%94-%EC%96%B4%EB%94%94%EC%84%9C-%EC%99%94%EB%82%98",recording-price1,0,105,0.00,3.8
"https://studionol.co.kr/ko/stories/recording-price1#studio-nol-%EC%8B%A4%EC%A0%9C-%EA%B0%80%EA%B2%A9-2026-%EA%B8%B0%EC%A4%80-vat-%EB%B3%84%EB%8F%84",recording-price1,0,427,0.00,3.9
"https://studionol.co.kr/ko/stories/recordingday1",recordingday1,0,144,0.00,28.0
"https://studionol.co.kr/ko/stories/rehearsal1",rehearsal1,0,74,0.00,8.9
"https://studionol.co.kr/ko/stories/remotedir1#%EC%9B%90%EA%B2%A9-%EB%B3%B4%EC%BB%AC-%EC%9E%91%EC%97%85-%EB%B0%A9%EC%8B%9D-%EB%B9%84%EA%B5%90",remotedir1,0,3,0.00,7.7
"https://studionol.co.kr/ko/stories/remotedir1#%EC%9E%A5%EC%86%8C%EC%97%90-%EC%83%81%EA%B4%80%EC%97%86%EC%9D%B4-%EC%A0%84%EB%AC%B8-%EB%B3%B4%EC%BB%AC-%EB%94%94%EB%A0%89%ED%8C%85%EC%9D%84-%EB%B0%9B%EC%9D%84-%EC%88%98-%EC%9E%88%EC%8A%B5%EB%8B%88%EB%8B%A4",remotedir1,0,3,0.00,7.7
"https://studionol.co.kr/ko/stories/resonance1#%EA%B3%B5%EB%AA%85-%EA%B3%B5%EA%B0%84%EC%9D%98-%EC%A2%85%EB%A5%98",resonance1,0,7,0.00,4.4
"https://studionol.co.kr/ko/stories/resonance1#%EA%B3%B5%EB%AA%85-%EC%B0%BE%EB%8A%94-%EA%B8%B0%EC%B4%88-%ED%9B%88%EB%A0%A8",resonance1,0,10,0.00,4.8
"https://studionol.co.kr/ko/stories/resonance1#%EB%AA%A9%EC%86%8C%EB%A6%AC%EC%9D%98-%ED%9E%98%EC%9D%80-%EC%84%B1%EB%8C%80%EA%B0%80-%EC%95%84%EB%8B%8C-%EA%B3%B5%EA%B0%84%EC%97%90%EC%84%9C",resonance1,0,10,0.00,4.8
"https://studionol.co.kr/ko/stories/revenue1#%ED%94%8C%EB%9E%AB%ED%8F%BC%EB%B3%84-%EC%8A%A4%ED%8A%B8%EB%A6%AC%EB%B0%8D-%EB%8B%A8%EA%B0%80",revenue1,0,721,0.00,5.0
"https://studionol.co.kr/ko/stories/reverb-types1#%EB%A6%AC%EB%B2%84%EB%B8%8C-%EC%A2%85%EB%A5%98%EB%B3%84-%ED%8A%B9%EC%84%B1",reverb-types1,0,219,0.00,5.2
"https://studionol.co.kr/ko/stories/reverb-types1#%EB%A6%AC%EB%B2%84%EB%B8%8C-%EC%A2%85%EB%A5%98-%EA%B3%B5%EA%B0%84%EC%9D%B4-%EC%82%AC%EC%9A%B4%EB%93%9C%EB%A5%BC-%EB%B0%94%EA%BE%BC%EB%8B%A4",reverb-types1,0,219,0.00,5.2
"https://studionol.co.kr/ko/stories/reverb-types1#%ED%95%B5%EC%8B%AC-%ED%8C%8C%EB%9D%BC%EB%AF%B8%ED%84%B0",reverb-types1,0,219,0.00,5.2
"https://studionol.co.kr/ko/stories/reverb1#%EB%A6%AC%EB%B2%84%EB%B8%8C%EB%9E%80-%EB%AC%B4%EC%97%87%EC%9D%B8%EA%B0%80",reverb1,0,28,0.00,6.2
"https://studionol.co.kr/ko/stories/reverb1#step-2-pre-delay-%EC%84%A4%EC%A0%95",reverb1,0,28,0.00,6.2
"https://studionol.co.kr/ko/stories/review2",review2,0,2,0.00,14.0
"https://studionol.co.kr/ko/stories/review3",review3,0,1,0.00,15.0
"https://studionol.co.kr/ko/stories/review6",review6,0,8,0.00,8.0
"https://studionol.co.kr/ko/stories/review9",review9,0,3,0.00,9.7
"https://studionol.co.kr/ko/stories/rnb-vocal1",rnb-vocal1,0,26,0.00,5.7
"https://studionol.co.kr/ko/stories/rock-vocal1",rock-vocal1,0,52,0.00,10.9
"https://studionol.co.kr/ko/stories/royalty1#%EB%82%B4-%EC%9D%8C%EC%95%85%EC%9D%98-%EA%B6%8C%EB%A6%AC%EB%A5%BC-%EC%A7%80%ED%82%A4%EB%8A%94-%EC%B2%AB%EA%B1%B8%EC%9D%8C",royalty1,0,32,0.00,8.1
"https://studionol.co.kr/ko/stories/royalty1#%EC%9D%8C%EC%95%85-%EA%B6%8C%EB%A6%AC%EC%9D%98-%EC%A2%85%EB%A5%98",royalty1,0,243,0.00,8.2
"https://studionol.co.kr/ko/stories/royalty1#%EC%9D%8C%EC%95%85-%EC%A0%80%EC%9E%91%EA%B6%8C%EB%A3%8C%EB%8A%94-%EC%96%B4%EB%96%BB%EA%B2%8C-%EB%B0%9B%EB%82%98%EC%9A%94",royalty1,0,212,0.00,8.1
"https://studionol.co.kr/ko/stories/royalty1#%EC%A0%80%EC%9E%91%EA%B6%8C%EB%A3%8C-%EB%B0%9C%EC%83%9D-%EA%B2%BD%EB%A1%9C",royalty1,0,143,0.00,8.3
"https://studionol.co.kr/ko/stories/royalty1#komca%EB%8A%94-%EC%96%B4%EB%96%A4-%EA%B8%B0%EA%B4%80%EC%9D%B8%EA%B0%80",royalty1,0,211,0.00,8.1
"https://studionol.co.kr/ko/stories/royalty1#komca-%EA%B0%80%EC%9E%85-%EC%A0%88%EC%B0%A8",royalty1,0,160,0.00,8.1
"https://studionol.co.kr/ko/stories/runs1#%EB%8B%A8%EA%B3%84%EB%B3%84-%EB%9F%B0-%ED%9B%88%EB%A0%A8%EB%B2%95",runs1,0,3,0.00,10.0
"https://studionol.co.kr/ko/stories/runs1#%EC%9D%8C%EC%95%85%EC%97%90-%EB%82%A0%EA%B0%9C%EB%A5%BC-%EB%8B%AC%EB%8B%A4",runs1,0,3,0.00,10.0
"https://studionol.co.kr/ko/stories/sample-rate1#%EC%83%98%ED%94%8C%EB%A0%88%EC%9D%B4%ED%8A%B8-%EB%B9%84%EA%B5%90",sample-rate1,0,2,0.00,7.5
"https://studionol.co.kr/ko/stories/sample-rate1#%EC%98%A4%EB%94%94%EC%98%A4-%ED%95%B4%EC%83%81%EB%8F%84%EB%9E%80",sample-rate1,0,2,0.00,7.5
"https://studionol.co.kr/ko/stories/sangam-dmc1",sangam-dmc1,0,1,0.00,2.0
"https://studionol.co.kr/ko/stories/selfrecord1#%EC%85%80%ED%94%84-%EB%85%B9%EC%9D%8C-%EC%9E%A5%EB%B9%84-%EA%B5%AC%EC%84%B1-%EB%8B%A8%EA%B3%84%EB%B3%84",selfrecord1,0,36,0.00,6.3
"https://studionol.co.kr/ko/stories/selfrecord1#%EC%85%80%ED%94%84-%EB%85%B9%EC%9D%8C-%EC%B2%B4%ED%81%AC%EB%A6%AC%EC%8A%A4%ED%8A%B8",selfrecord1,0,36,0.00,6.3
"https://studionol.co.kr/ko/stories/selfrecord1#%EC%A7%91%EC%97%90%EC%84%9C%EB%8F%84-%EB%85%B9%EC%9D%8C%ED%95%A0-%EC%88%98-%EC%9E%88%EC%8A%B5%EB%8B%88%EB%8B%A4",selfrecord1,0,36,0.00,6.3
"https://studionol.co.kr/ko/stories/seongdong-wangsimni1",seongdong-wangsimni1,0,3,0.00,5.7
"https://studionol.co.kr/ko/stories/session-musician1#%EC%84%B8%EC%85%98-%EB%8D%B0%EB%AA%A8-%EC%A0%9C%EC%9E%91",session-musician1,0,652,0.00,7.0
"https://studionol.co.kr/ko/stories/session-musician1#%EC%84%B8%EC%85%98-%EB%9C%BB-%EB%85%B9%EC%9D%8C%EA%B3%B5%EC%97%B0%EC%97%90-%ED%94%84%EB%A1%9C%EC%A0%9D%ED%8A%B8-%EB%8B%A8%EC%9C%84%EB%A1%9C-%EC%B0%B8%EC%97%AC%ED%95%98%EB%8A%94-%EC%9D%8C%EC%95%85-%EC%9E%91%EC%97%85",session-musician1,0,666,0.00,7.0
"https://studionol.co.kr/ko/stories/session-musician1#%EC%84%B8%EC%85%98-%EB%AE%A4%EC%A7%80%EC%85%98%EC%9D%98-%EC%A2%85%EB%A5%98",session-musician1,0,446,0.00,6.8
"https://studionol.co.kr/ko/stories/session-musician1#%EC%84%B8%EC%85%98-%EB%AE%A4%EC%A7%80%EC%85%98-%EC%9C%A0%ED%98%95",session-musician1,0,444,0.00,6.8
"https://studionol.co.kr/ko/stories/session-musician1#%EC%84%B8%EC%85%98-%EB%AE%A4%EC%A7%80%EC%85%98-%EC%9D%8C%EC%95%85-%ED%98%84%EC%9E%A5%EC%97%90%EC%84%9C-%ED%94%84%EB%A6%AC%EB%9E%9C%EC%84%9C%EB%A1%9C-%ED%99%9C%EB%8F%99%ED%95%98%EA%B8%B0",session-musician1,0,652,0.00,7.0
"https://studionol.co.kr/ko/stories/session-musician1#%EC%8A%A4%ED%8A%9C%EB%94%94%EC%98%A4-%EC%84%B8%EC%85%98-%EC%8B%9C-%ED%95%84%EC%88%98-%ED%83%9C%EB%8F%84",session-musician1,0,429,0.00,6.8
"https://studionol.co.kr/ko/stories/session-musician1#%EC%8A%A4%ED%8A%9C%EB%94%94%EC%98%A4-%EC%84%B8%EC%85%98-%EC%97%90%ED%8B%B0%EC%BC%93",session-musician1,0,431,0.00,6.8
"https://studionol.co.kr/ko/stories/session1",session1,0,78,0.00,6.3
"https://studionol.co.kr/ko/stories/sidechain1#%EC%82%AC%EC%9D%B4%EB%93%9C%EC%B2%B4%EC%9D%B8-%EC%86%8C%EB%A6%AC%EA%B0%80-%EC%84%9C%EB%A1%9C-%EC%96%91%EB%B3%B4%ED%95%98%EB%8A%94-%EA%B8%B0%EB%B2%95",sidechain1,0,2,0.00,6.5
"https://studionol.co.kr/ko/stories/sidechain1#%EC%82%AC%EC%9D%B4%EB%93%9C%EC%B2%B4%EC%9D%B8-%EC%BB%B4%ED%94%84%EB%A0%88%EC%85%98-%EC%9C%A0%ED%98%95",sidechain1,0,2,0.00,6.5
"https://studionol.co.kr/ko/stories/siheung-baegot1",siheung-baegot1,0,2,0.00,8.0
"https://studionol.co.kr/ko/stories/singapp1#%EB%AA%A9%EC%A0%81%EB%B3%84-%EC%B6%94%EC%B2%9C-%EC%95%B1",singapp1,0,738,0.00,4.5
"https://studionol.co.kr/ko/stories/singapp1#%EC%8A%A4%EB%A7%88%ED%8A%B8%ED%8F%B0-%ED%95%98%EB%82%98%EB%A1%9C-%EB%B3%B4%EC%BB%AC-%EC%97%B0%EC%8A%B5%EC%9D%84",singapp1,0,738,0.00,4.5
"https://studionol.co.kr/ko/stories/singer1",singer1,0,155,0.00,33.8
"https://studionol.co.kr/ko/stories/singil1",singil1,0,3,0.00,6.7
"https://studionol.co.kr/ko/stories/solo-album1#%EC%95%A8%EB%B2%94%EC%9D%84-%EB%82%B4%EA%B3%A0-%EC%8B%B6%EC%9D%80%EB%8D%B0-%EC%96%B4%EB%94%94%EC%84%9C%EB%B6%80%ED%84%B0",solo-album1,0,87,0.00,6.7
"https://studionol.co.kr/ko/stories/solo-album1#%EC%A7%81%EC%A0%91-%EC%9E%91%EA%B3%A1%ED%95%98%EB%8A%94-%EA%B2%BD%EC%9A%B0",solo-album1,0,87,0.00,6.7
"https://studionol.co.kr/ko/stories/solo-album1#ep-vs-%EC%8B%B1%EA%B8%80-vs-%EC%A0%95%EA%B7%9C-%EC%95%A8%EB%B2%94",solo-album1,0,87,0.00,6.7
"https://studionol.co.kr/ko/stories/song-key1#%EB%82%B4-%EC%9D%8C%EC%97%AD%EB%8C%80-%EC%B8%A1%EC%A0%95-%EB%B0%A9%EB%B2%95",song-key1,0,825,0.00,4.9
"https://studionol.co.kr/ko/stories/song-key1#%EC%99%9C-%ED%82%A4%EB%A5%BC-%EB%A7%9E%EC%B6%B0%EC%95%BC-%ED%95%98%EB%82%98",song-key1,0,828,0.00,4.9
"https://studionol.co.kr/ko/stories/song-key1#%ED%91%9C%EC%A4%80-%EB%B3%B4%EC%BB%AC-%EC%9D%8C%EC%97%AD%EB%8C%80",song-key1,0,828,0.00,4.9
"https://studionol.co.kr/ko/stories/songstructure1#%EA%B0%81-%ED%8C%8C%ED%8A%B8%EC%9D%98-%EC%97%AD%ED%95%A0",songstructure1,0,3163,0.00,7.8
"https://studionol.co.kr/ko/stories/songstructure1#%EA%B0%90%EC%A0%95-%ED%9D%90%EB%A6%84-%EC%84%A4%EA%B3%84",songstructure1,0,4626,0.00,7.8
"https://studionol.co.kr/ko/stories/songstructure1#%EA%B8%B0%EB%B3%B8-%ED%8C%9D%EC%86%A1-%EA%B5%AC%EC%A1%B0",songstructure1,0,4568,0.00,7.8
"https://studionol.co.kr/ko/stories/songstructure1#%EB%85%B8%EB%9E%98-%EB%B8%8C%EB%A6%BF%EC%A7%80-%EB%9C%BB%EA%B3%BC-%ED%9A%A8%EA%B3%BC%EC%A0%81%EC%9C%BC%EB%A1%9C-%EC%93%B0%EB%8A%94-%EB%B2%95",songstructure1,0,4891,0.00,7.8
"https://studionol.co.kr/ko/stories/songstructure1#%EB%B2%84%EC%8A%A4-verse",songstructure1,0,2939,0.00,7.8
"https://studionol.co.kr/ko/stories/songstructure1#%EC%86%A1%ED%8F%BC%EB%85%B8%EB%9E%98-%EA%B5%AC%EC%A1%B0-%EB%9C%BB",songstructure1,0,4950,0.00,7.8
"https://studionol.co.kr/ko/stories/songstructure1#%EC%BD%94%EB%9F%AC%EC%8A%A4-chorus",songstructure1,0,3102,0.00,7.8
"https://studionol.co.kr/ko/stories/songwriting1#%EA%B3%A1-%EB%A7%8C%EB%93%A4%EA%B8%B0-%EC%96%B4%EB%94%94%EC%84%9C-%EC%8B%9C%EC%9E%91%ED%95%B4%EC%95%BC-%ED%95%A0%EA%B9%8C",songwriting1,0,152,0.00,8.5
"https://studionol.co.kr/ko/stories/songwriting1#%EC%B4%88%EB%B3%B4%EC%9E%90%EB%8F%84-%EC%B2%AB-%EA%B3%A1%EC%9D%84-%EC%99%84%EC%84%B1%ED%95%A0-%EC%88%98-%EC%9E%88%EC%8A%B5%EB%8B%88%EB%8B%A4",songwriting1,0,152,0.00,8.5
"https://studionol.co.kr/ko/stories/soul-vocal1#%EC%86%8C%EC%9A%B8-%EB%B3%B4%EC%BB%AC-%EA%B0%90%EC%84%B1-%EC%9A%94%EC%86%8C",soul-vocal1,0,1,0.00,2.0
"https://studionol.co.kr/ko/stories/soul-vocal1#%EC%86%8C%EC%9A%B8-%EB%B3%B4%EC%BB%AC-%EB%82%A0%EA%B2%83%EC%9D%98-%EA%B0%90%EC%A0%95%EC%9D%B4-%EB%A7%8C%EB%93%9C%EB%8A%94-%EC%9D%8C%EC%95%85",soul-vocal1,0,1,0.00,2.0
"https://studionol.co.kr/ko/stories/soul-vocal1#%EC%86%8C%EC%9A%B8-%EB%B3%B4%EC%BB%AC-5%EB%8C%80-%ED%85%8C%ED%81%AC%EB%8B%89",soul-vocal1,0,1,0.00,2.0
"https://studionol.co.kr/ko/stories/sound-engineer1#%EC%8A%A4%ED%8A%9C%EB%94%94%EC%98%A4-%EC%97%94%EC%A7%80%EB%8B%88%EC%96%B4-%EC%BB%A4%EB%A6%AC%EC%96%B4-%EB%8B%A8%EA%B3%84",sound-engineer1,0,466,0.00,8.3
"https://studionol.co.kr/ko/stories/sound-engineer1#%EC%9E%85%EB%AC%B8-%EC%97%94%EC%A7%80%EB%8B%88%EC%96%B4-%EC%9E%A5%EB%B9%84-%EB%AA%A9%EB%A1%9D",sound-engineer1,0,342,0.00,8.2
"https://studionol.co.kr/ko/stories/soundcloud1#%EC%82%AC%EC%9A%B4%EB%93%9C%ED%81%B4%EB%9D%BC%EC%9A%B0%EB%93%9C%EB%9E%80",soundcloud1,0,170,0.00,7.3
"https://studionol.co.kr/ko/stories/soundcloud1#%EC%9D%8C%EC%9B%90-%EC%97%85%EB%A1%9C%EB%93%9C-%EB%8B%A8%EA%B3%84",soundcloud1,0,170,0.00,7.3
"https://studionol.co.kr/ko/stories/soundproof-rehearsal-seoul1#%EB%B0%A9%EC%9D%8C%EC%9D%98-4%EA%B0%80%EC%A7%80-%EC%B0%A8%EC%9B%90",soundproof-rehearsal-seoul1,0,61,0.00,7.7
"https://studionol.co.kr/ko/stories/soundproof-rehearsal-seoul1#%EC%84%9C%EC%9A%B8-%EC%9E%90%EC%B9%98%EA%B5%AC%EB%B3%84-%ED%95%A9%EC%A3%BC%EC%8B%A4-%EB%B6%84%ED%8F%AC%ED%8A%B9%EC%A7%95",soundproof-rehearsal-seoul1,0,65,0.00,7.4
"https://studionol.co.kr/ko/stories/soundproof-rehearsal-seoul1#%EC%8B%9C%EA%B0%84%EB%8C%80%EB%B3%84-%ED%95%A9%EC%A3%BC%EC%8B%A4-%ED%99%9C%EC%9A%A9%EB%B2%95",soundproof-rehearsal-seoul1,0,75,0.00,7.6
"https://studionol.co.kr/ko/stories/soundproof-rehearsal-seoul1#%EC%8B%9C%EA%B0%84-%EB%8C%80%EC%97%AC-vs-%EC%9B%94%EC%84%B8-%EC%9E%85%EC%A3%BC-%EC%86%90%EC%9D%B5%EB%B6%84%EA%B8%B0-%EA%B3%84%EC%82%B0",soundproof-rehearsal-seoul1,0,15,0.00,8.5
"https://studionol.co.kr/ko/stories/soundproof-rehearsal-seoul1#%EC%97%B0%EC%8B%A0%EB%82%B4%EC%9D%80%ED%8F%89%EA%B5%AC%EA%B0%80-%ED%95%A9%EC%A3%BC%EC%8B%A4-%EB%A9%94%EC%B9%B4%EA%B0%80-%EB%90%9C-%EC%9D%B4%EC%9C%A0",soundproof-rehearsal-seoul1,0,73,0.00,7.8
"https://studionol.co.kr/ko/stories/soundproof-rehearsal-seoul1#%EC%A7%84%EC%A7%9C-%EB%B0%A9%EC%9D%8C-%ED%95%A9%EC%A3%BC%EC%8B%A4-%EC%84%A0%ED%83%9D-%EC%B2%B4%ED%81%AC%EB%A6%AC%EC%8A%A4%ED%8A%B8-10%EA%B0%9C",soundproof-rehearsal-seoul1,0,97,0.00,7.5
"https://studionol.co.kr/ko/stories/soundproof-rehearsal-seoul1#%ED%95%A9%EC%A3%BC%EC%8B%A4%EC%97%90%EC%84%9C-%EB%8D%B0%EB%AA%A8-%EB%85%B9%EC%9D%8C%ED%95%98%EB%8A%94-5%EA%B0%80%EC%A7%80-%EB%B0%A9%EB%B2%95",soundproof-rehearsal-seoul1,0,27,0.00,7.3
"https://studionol.co.kr/ko/stories/soundproof-rehearsal-seoul1#%ED%95%A9%EC%A3%BC%EC%8B%A4-%EC%82%AC%EC%9D%B4%ED%8A%B8%EC%9D%98-%EB%B0%A9%EC%9D%8C%EC%99%84%EB%B9%84%EB%8A%94-%EC%A7%84%EC%8B%A4%EC%9D%B4-%EC%95%84%EB%8B%88%EB%8B%A4",soundproof-rehearsal-seoul1,0,97,0.00,7.3
"https://studionol.co.kr/ko/stories/soundproof-rehearsal-seoul1#stc%EC%B0%A8%EC%9D%8C-%EB%93%B1%EA%B8%89%EC%99%80-%ED%95%A9%EC%A3%BC%EC%8B%A4-%EB%93%B1%EA%B8%89-%EB%A7%A4%EA%B8%B0%EA%B8%B0",soundproof-rehearsal-seoul1,0,65,0.00,7.4
"https://studionol.co.kr/ko/stories/spotify-canvas1",spotify-canvas1,0,100,0.00,7.8
"https://studionol.co.kr/ko/stories/ssl-bus1#ssl-g-bus-%EB%AF%B9%EC%8A%A4-%EB%B2%84%EC%8A%A4%EC%9D%98-%ED%99%A9%EA%B8%88-%ED%91%9C%EC%A4%80",ssl-bus1,0,30,0.00,5.7
"https://studionol.co.kr/ko/stories/ssl-bus1#ssl-g-bus-%ED%8C%8C%EB%9D%BC%EB%AF%B8%ED%84%B0-%EC%9D%B4%ED%95%B4",ssl-bus1,0,30,0.00,5.7
"https://studionol.co.kr/ko/stories/stage-vocal1#%EA%B3%B5%EC%97%B0%EC%9A%A9-%EB%B3%B4%EC%BB%AC-%ED%85%8C%ED%81%AC%EB%8B%89",stage-vocal1,0,2,0.00,3.0
"https://studionol.co.kr/ko/stories/stage-vocal1#%EA%B3%B5%EC%97%B0-%EC%A4%91-%EB%8F%8C%EB%B0%9C-%EC%83%81%ED%99%A9-%EB%8C%80%EC%B2%98%EB%B2%95",stage-vocal1,0,1,0.00,3.0
"https://studionol.co.kr/ko/stories/stage-vocal1#%EB%AC%B4%EB%8C%80-%EB%B3%B4%EC%BB%AC-%EB%A0%88%EC%BD%94%EB%94%A9%EA%B3%BC-%EA%B3%B5%EC%97%B0%EC%9D%98-%EC%B0%A8%EC%9D%B4%EB%A5%BC-%EC%9D%B4%ED%95%B4%ED%95%98%EB%9D%BC",stage-vocal1,0,2,0.00,3.0
"https://studionol.co.kr/ko/stories/stage-vocal1#iem-%EC%84%A4%EC%A0%95-%EA%B8%B0%EB%B3%B8-%EA%B0%80%EC%9D%B4%EB%93%9C",stage-vocal1,0,2,0.00,3.0
"https://studionol.co.kr/ko/stories/stem-mixing1#%EC%8A%A4%ED%85%9C-%EB%AF%B9%EC%8B%B1-%EA%B7%B8%EB%A3%B9-%EB%8B%A8%EC%9C%84%EB%A1%9C-%EB%AF%B9%EC%8A%A4%EB%A5%BC-%EC%A0%9C%EC%96%B4%ED%95%98%EB%8B%A4",stem-mixing1,0,354,0.00,5.1
"https://studionol.co.kr/ko/stories/stem-mixing1#%ED%91%9C%EC%A4%80-%EC%8A%A4%ED%85%9C-%EA%B7%B8%EB%A3%B9-%EA%B5%AC%EC%84%B1",stem-mixing1,0,354,0.00,5.1
"https://studionol.co.kr/ko/stories/stemfile1#%EB%85%B9%EC%9D%8C-%ED%9B%84-%EC%96%B4%EB%96%A4-%ED%8C%8C%EC%9D%BC%EC%9D%84-%EB%B0%9B%EC%95%84%EC%95%BC-%ED%95%A0%EA%B9%8C%EC%9A%94",stemfile1,0,1,0.00,2.0
"https://studionol.co.kr/ko/stories/stemfile1#%EB%AA%A9%EC%A0%81%EB%B3%84-%ED%95%84%EC%9A%94-%ED%8C%8C%EC%9D%BC",stemfile1,0,1,0.00,2.0
"https://studionol.co.kr/ko/stories/store-bgm1#%EB%A7%A4%EC%9E%A5-bgm-%EC%9D%8C%EC%95%85%EC%9D%B4-%EB%A7%8C%EB%93%9C%EB%8A%94-%EA%B3%B5%EA%B0%84%EC%9D%98-%EB%B6%84%EC%9C%84%EA%B8%B0",store-bgm1,0,65,0.00,8.3
"https://studionol.co.kr/ko/stories/store-bgm1#komca-%EC%9D%8C%EC%95%85-%EC%82%AC%EC%9A%A9%EB%A3%8C-%EA%B8%B0%EC%A4%80-%EC%B0%B8%EA%B3%A0-%EB%B3%80%EB%8F%99-%EA%B0%80%EB%8A%A5",store-bgm1,0,65,0.00,8.3
"https://studionol.co.kr/ko/stories/streaming-algorithm1#%EA%B5%AD%EB%82%B4-%ED%94%8C%EB%9E%AB%ED%8F%BC-%EC%B6%94%EC%B2%9C-%EC%84%B9%EC%85%98",streaming-algorithm1,0,8,0.00,4.1
"https://studionol.co.kr/ko/stories/streaming-algorithm1#%EB%A9%9C%EB%A1%A0%EC%A7%80%EB%8B%88%EB%B2%85%EC%8A%A4-%EC%95%8C%EA%B3%A0%EB%A6%AC%EC%A6%98",streaming-algorithm1,0,8,0.00,4.1
"https://studionol.co.kr/ko/stories/streaming-algorithm1#%EC%8A%A4%ED%8A%B8%EB%A6%AC%EB%B0%8D-%EC%95%8C%EA%B3%A0%EB%A6%AC%EC%A6%98-%EB%85%B8%EC%B6%9C%EC%9D%B4-%EA%B3%A7-%EC%88%98%EC%9D%B5",streaming-algorithm1,0,17,0.00,4.7
"https://studionol.co.kr/ko/stories/streaming-algorithm1#%EC%8A%A4%ED%8F%AC%ED%8B%B0%ED%8C%8C%EC%9D%B4-%EC%95%8C%EA%B3%A0%EB%A6%AC%EC%A6%98",streaming-algorithm1,0,17,0.00,4.7
"https://studionol.co.kr/ko/stories/streaming-algorithm1#%EC%8A%A4%ED%8F%AC%ED%8B%B0%ED%8C%8C%EC%9D%B4-%ED%95%B5%EC%8B%AC-%EC%A7%80%ED%91%9C",streaming-algorithm1,0,8,0.00,4.1
"https://studionol.co.kr/ko/stories/streaming-algorithm1#%EC%9C%A0%ED%8A%9C%EB%B8%8C-%EB%AE%A4%EC%A7%81-%EC%95%8C%EA%B3%A0%EB%A6%AC%EC%A6%98",streaming-algorithm1,0,17,0.00,4.7
"https://studionol.co.kr/ko/stories/streaming-optimization1#%EB%A9%94%ED%83%80%EB%8D%B0%EC%9D%B4%ED%84%B0-%EC%B2%B4%ED%81%AC%EB%A6%AC%EC%8A%A4%ED%8A%B8",streaming-optimization1,0,3,0.00,6.0
"https://studionol.co.kr/ko/stories/streaming-optimization1#%EC%8A%A4%ED%8A%B8%EB%A6%AC%EB%B0%8D-%EC%B5%9C%EC%A0%81%ED%99%94-%EC%A2%8B%EC%9D%80-%EC%9D%8C%EC%95%85%EC%9D%B4-%EB%8D%94-%EB%A7%8E%EC%9D%B4-%EB%93%A4%EB%A6%AC%EA%B2%8C-%ED%95%98%EB%8A%94-%EB%B0%A9%EB%B2%95",streaming-optimization1,0,3,0.00,3.3
"https://studionol.co.kr/ko/stories/streaming-optimization1#%EC%A3%BC%EC%9A%94-%ED%94%8C%EB%9E%AB%ED%8F%BC-%ED%8A%B9%EC%84%B1-%EB%B9%84%EA%B5%90",streaming-optimization1,0,4,0.00,5.0
"https://studionol.co.kr/ko/stories/streaming-optimization1#%EC%B5%9C%EC%A0%81-%EB%B0%9C%EB%A7%A4-%EC%A0%84%EB%9E%B5",streaming-optimization1,0,4,0.00,5.0
"https://studionol.co.kr/ko/stories/streaming-optimization1#%ED%94%8C%EB%A0%88%EC%9D%B4%EB%A6%AC%EC%8A%A4%ED%8A%B8-%EC%9E%85%EC%A0%90-%EB%B0%A9%EB%B2%95",streaming-optimization1,0,2,0.00,4.0
"https://studionol.co.kr/ko/stories/streaming-platforms1#%EA%B0%81-%ED%94%8C%EB%9E%AB%ED%8F%BC-%EC%95%8C%EA%B3%A0%EB%A6%AC%EC%A6%98-%ED%8A%B9%EC%A7%95",streaming-platforms1,0,436,0.00,6.0
"https://studionol.co.kr/ko/stories/streaming-platforms1#%EA%B5%AD%EB%82%B4-%EB%AE%A4%EC%A7%80%EC%85%98%EC%9D%80-%EC%96%B4%EB%8A%90-%EC%8A%A4%ED%8A%B8%EB%A6%AC%EB%B0%8D-%ED%94%8C%EB%9E%AB%ED%8F%BC%EC%97%90-%EC%98%AC%EB%A0%A4%EC%95%BC-%ED%95%98%EB%82%98%EC%9A%94",streaming-platforms1,0,493,0.00,6.0
"https://studionol.co.kr/ko/stories/streaming-platforms1#%EB%AE%A4%EC%A7%80%EC%85%98%EC%9D%B4-%EC%95%8C%EC%95%84%EC%95%BC-%ED%95%A0-%EC%8A%A4%ED%8A%B8%EB%A6%AC%EB%B0%8D-%ED%94%8C%EB%9E%AB%ED%8F%BC%EC%9D%98-%EC%B0%A8%EC%9D%B4",streaming-platforms1,0,378,0.00,5.6
"https://studionol.co.kr/ko/stories/streaming-platforms1#%EC%8A%A4%ED%8A%B8%EB%A6%AC%EB%B0%8D-%ED%94%8C%EB%9E%AB%ED%8F%BC%EC%9D%80-%EC%96%B4%EB%96%BB%EA%B2%8C-%EC%A7%80%EA%B8%88-%EA%B5%AC%EC%A1%B0%EA%B0%80-%EB%90%90%EB%82%98",streaming-platforms1,0,540,0.00,6.0
"https://studionol.co.kr/ko/stories/streaming-platforms1#%EC%A3%BC%EC%9A%94-%EC%8A%A4%ED%8A%B8%EB%A6%AC%EB%B0%8D-%ED%94%8C%EB%9E%AB%ED%8F%BC-%EB%B9%84%EA%B5%90",streaming-platforms1,0,885,0.00,5.8
"https://studionol.co.kr/ko/stories/streaming-release1",streaming-release1,0,16,0.00,5.4
"https://studionol.co.kr/ko/stories/studio-compare1#%EC%84%9C%EC%9A%B8-%EC%96%B4%EB%8A%90-%EC%A7%80%EC%97%AD%EC%97%90%EC%84%9C-%EB%85%B9%EC%9D%8C%ED%95%B4%EC%95%BC-%ED%95%A0%EA%B9%8C",studio-compare1,0,249,0.00,7.8
"https://studionol.co.kr/ko/stories/studio-compare1#%EC%8A%A4%ED%8A%9C%EB%94%94%EC%98%A4-%EB%86%80%EC%9D%B4-%EC%97%B0%EC%8B%A0%EB%82%B4%EC%97%90-%EC%9E%88%EB%8A%94-%EC%9D%B4%EC%9C%A0",studio-compare1,0,249,0.00,7.8
"https://studionol.co.kr/ko/stories/sungak1#%EA%B0%99%EC%9D%80-%EB%AA%A9%EC%86%8C%EB%A6%AC-%EB%8B%A4%EB%A5%B8-%EC%A0%91%EA%B7%BC",sungak1,0,13,0.00,3.7
"https://studionol.co.kr/ko/stories/sungak1#%EC%84%B1%EC%95%85-vs-%ED%8C%9D-%EB%B3%B4%EC%BB%AC-%ED%95%B5%EC%8B%AC-%EB%B9%84%EA%B5%90",sungak1,0,13,0.00,3.7
"https://studionol.co.kr/ko/stories/suseo1",suseo1,0,6,0.00,6.0
"https://studionol.co.kr/ko/stories/track-order1#%EC%97%90%EB%84%88%EC%A7%80-%EA%B3%A1%EC%84%A0-energy-arc",track-order1,0,1,0.00,4.0
"https://studionol.co.kr/ko/stories/track-order1#%ED%8A%B8%EB%9E%99-%EC%88%9C%EC%84%9C-%EC%9D%8C%EC%95%85%EC%9D%84-%EA%B2%BD%ED%97%98%EC%9C%BC%EB%A1%9C-%EB%A7%8C%EB%93%9C%EB%8A%94-%EA%B8%B0%EC%88%A0",track-order1,0,1,0.00,4.0
"https://studionol.co.kr/ko/stories/track-order1#46%EA%B3%A1-ep-%EB%B0%B0%EC%97%B4-%EC%98%88%EC%8B%9C",track-order1,0,1,0.00,4.0
"https://studionol.co.kr/ko/stories/transient1#%ED%82%A5-%EB%93%9C%EB%9F%BC-%ED%8E%80%EC%B9%98%EA%B0%90-%EA%B0%95%ED%99%94",transient1,0,3,0.00,6.0
"https://studionol.co.kr/ko/stories/transient1#%ED%8A%B8%EB%9E%9C%EC%A7%80%EC%96%B8%ED%8A%B8-%EC%86%8C%EB%A6%AC%EC%9D%98-%EC%B2%AB-%EB%B2%88%EC%A7%B8-%EC%9D%B8%EC%83%81",transient1,0,3,0.00,6.0
"https://studionol.co.kr/ko/stories/transient1#%ED%8A%B8%EB%9E%9C%EC%A7%80%EC%96%B8%ED%8A%B8-%EC%89%90%EC%9D%B4%ED%8D%BC-%ED%8C%8C%EB%9D%BC%EB%AF%B8%ED%84%B0",transient1,0,3,0.00,6.0
"https://studionol.co.kr/ko/stories/transpose1#%EB%B3%B8%EC%9D%B8-%ED%82%A4-%EC%B0%BE%EB%8A%94-%EB%B0%A9%EB%B2%95",transpose1,0,236,0.00,6.7
"https://studionol.co.kr/ko/stories/transpose1#%EC%A0%84%EC%A1%B0-%EC%9B%90%EB%A6%AC-%EC%9D%B4%ED%95%B4",transpose1,0,235,0.00,6.7
"https://studionol.co.kr/ko/stories/transpose1#%ED%82%A4-%EC%84%A0%ED%83%9D%EC%9D%B4-%EB%B3%B4%EC%BB%AC-%ED%8D%BC%ED%8F%AC%EB%A8%BC%EC%8A%A4%EB%A5%BC-%EA%B2%B0%EC%A0%95%ED%95%A9%EB%8B%88%EB%8B%A4",transpose1,0,236,0.00,6.7
"https://studionol.co.kr/ko/stories/trap-production1#%ED%8A%B8%EB%9E%A9-%EA%B8%B0%EB%B3%B8-%EB%93%9C%EB%9F%BC-%EA%B5%AC%EC%84%B1-130bpm",trap-production1,0,125,0.00,9.7
"https://studionol.co.kr/ko/stories/trap-production1#%ED%8A%B8%EB%9E%A9-%EB%A9%9C%EB%A1%9C%EB%94%94-%ED%8A%B9%EC%A7%95",trap-production1,0,124,0.00,9.8
"https://studionol.co.kr/ko/stories/trap-production1#%ED%8A%B8%EB%9E%A9-%ED%98%84%EB%8C%80-%ED%9E%99%ED%95%A9%EC%9D%98-%EC%A7%80%EB%B0%B0%EC%A0%81-%EB%AC%B8%EB%B2%95",trap-production1,0,125,0.00,9.7
"https://studionol.co.kr/ko/stories/trap-production1#808-%EB%B2%A0%EC%9D%B4%EC%8A%A4-%ED%95%B5%EC%8B%AC-%EA%B8%B0%EC%88%A0",trap-production1,0,56,0.00,9.4
"https://studionol.co.kr/ko/stories/trap1#%EA%B8%B0%EB%B3%B8-%ED%8A%B8%EB%9E%A9-%EB%93%9C%EB%9F%BC-%ED%8C%A8%ED%84%B4-bpm-140-%EA%B8%B0%EC%A4%80",trap1,0,1,0.00,4.0
"https://studionol.co.kr/ko/stories/trap1#%ED%8A%B8%EB%9E%A9-%EB%B9%84%ED%8A%B8-%ED%98%84%EB%8C%80-%ED%9E%99%ED%95%A9%EC%9D%98-%EC%86%8C%EB%A6%AC",trap1,0,1,0.00,4.0
"https://studionol.co.kr/ko/stories/trot-music1#%ED%8A%B8%EB%A1%9C%ED%8A%B8-%EB%A6%AC%EB%93%AC%EA%B3%BC-%EA%B5%AC%EC%A1%B0",trot-music1,0,1,0.00,4.0
"https://studionol.co.kr/ko/stories/trot-music1#%ED%8A%B8%EB%A1%9C%ED%8A%B8-%EB%A6%AC%EB%93%AC-%ED%8C%A8%ED%84%B4",trot-music1,0,1,0.00,4.0
"https://studionol.co.kr/ko/stories/trot-music1#%ED%8A%B8%EB%A1%9C%ED%8A%B8-%EB%B3%B4%EC%BB%AC-%ED%8A%B9%EC%84%B1%EA%B3%BC-%EB%85%B9%EC%9D%8C",trot-music1,0,1,0.00,4.0
"https://studionol.co.kr/ko/stories/trot-music1#%ED%8A%B8%EB%A1%9C%ED%8A%B8-%EB%B3%B4%EC%BB%AC-%ED%91%9C%ED%98%84",trot-music1,0,1,0.00,4.0
"https://studionol.co.kr/ko/stories/trot-music1#%ED%8A%B8%EB%A1%9C%ED%8A%B8-%ED%8E%B8%EA%B3%A1%EA%B3%BC-%EC%95%85%EA%B8%B0-%EA%B5%AC%EC%84%B1",trot-music1,0,1,0.00,4.0
"https://studionol.co.kr/ko/stories/trot-music1#%ED%8A%B8%EB%A1%9C%ED%8A%B8-%ED%95%9C%EA%B5%AD-%EB%8C%80%EC%A4%91%EC%9D%8C%EC%95%85%EC%9D%98-%EB%BF%8C%EB%A6%AC",trot-music1,0,1,0.00,4.0
"https://studionol.co.kr/ko/stories/trot-vocal1#%ED%8A%B8%EB%A1%9C%ED%8A%B8-%EB%B0%9C%EC%84%B1%EC%9D%98-%ED%95%B5%EC%8B%AC-%EA%B0%90%EC%A0%95%EC%9D%98-%EA%B5%B4%EA%B3%A1",trot-vocal1,0,13,0.00,4.2
"https://studionol.co.kr/ko/stories/trot-vocal1#%ED%8A%B8%EB%A1%9C%ED%8A%B8-%ED%95%B5%EC%8B%AC-%EB%B0%9C%EC%84%B1-%EA%B8%B0%EB%B2%95",trot-vocal1,0,13,0.00,4.2
"https://studionol.co.kr/ko/stories/trot1",trot1,0,94,0.00,4.9
"https://studionol.co.kr/ko/stories/twang1#%EC%9E%91%EC%9D%80-%ED%9E%98%EC%9C%BC%EB%A1%9C-%EB%8D%94-%EB%A9%80%EB%A6%AC-%EC%A0%84%EB%8B%AC%ED%95%98%EB%8A%94-%EA%B8%B0%EC%88%A0",twang1,0,10,0.00,7.7
"https://studionol.co.kr/ko/stories/twang1#step-2-%EB%83%90%EC%97%90-%EC%8A%AC%EB%9D%BC%EC%9D%B4%EB%94%A9",twang1,0,10,0.00,7.7
"https://studionol.co.kr/ko/stories/unfinished-track1",unfinished-track1,0,13,0.00,8.4
"https://studionol.co.kr/ko/stories/vibrato1#%EB%B9%84%EB%B8%8C%EB%9D%BC%ED%86%A0%EB%8A%94-%EC%96%B5%EC%A7%80%EB%A1%9C-%EB%A7%8C%EB%93%9C%EB%8A%94-%EA%B2%83%EC%9D%B4-%EC%95%84%EB%8B%99%EB%8B%88%EB%8B%A4",vibrato1,0,2,0.00,5.5
"https://studionol.co.kr/ko/stories/vibrato1#%EB%B9%84%EB%B8%8C%EB%9D%BC%ED%86%A0%EC%9D%98-%EC%9B%90%EB%A6%AC",vibrato1,0,2,0.00,5.5
"https://studionol.co.kr/ko/stories/vibrato1#%EB%B9%84%EB%B8%8C%EB%9D%BC%ED%86%A0-%EB%B0%9C%EC%83%9D-%EC%A1%B0%EA%B1%B4",vibrato1,0,2,0.00,5.5
"https://studionol.co.kr/ko/stories/vibrato1#%EC%9E%A5%EB%A5%B4%EB%B3%84-%EB%B9%84%EB%B8%8C%EB%9D%BC%ED%86%A0-%ED%99%9C%EC%9A%A9",vibrato1,0,2,0.00,5.5
"https://studionol.co.kr/ko/stories/vibrato1#3%EB%8B%A8%EA%B3%84-%EC%9E%90%EC%97%B0-%EC%A7%84%EB%8F%99-%EA%B8%B0%EB%8B%A4%EB%A6%AC%EA%B8%B0",vibrato1,0,2,0.00,5.5
"https://studionol.co.kr/ko/stories/viral-music-marketing1#%EB%B0%94%EC%9D%B4%EB%9F%B4%EC%97%90-%EC%9C%A0%EB%A6%AC%ED%95%9C-%EA%B3%A1-%EA%B5%AC%EC%A1%B0",viral-music-marketing1,0,79,0.00,2.9
"https://studionol.co.kr/ko/stories/viral-music-marketing1#%EB%B0%94%EC%9D%B4%EB%9F%B4-%EA%B3%84%ED%9A%8D%EB%90%9C-%EC%9E%90%EC%97%B0%EC%8A%A4%EB%9F%AC%EC%9B%80",viral-music-marketing1,0,79,0.00,2.9
"https://studionol.co.kr/ko/stories/vocal-chain1#%EA%B8%B0%EB%B3%B8-%EB%B3%B4%EC%BB%AC-%EC%8B%A0%ED%98%B8-%EC%B2%B4%EC%9D%B8-%EC%88%9C%EC%84%9C",vocal-chain1,0,424,0.00,3.9
"https://studionol.co.kr/ko/stories/vocal-chain1#%EB%B3%B4%EC%BB%AC-%EC%8B%A0%ED%98%B8-%EC%B2%B4%EC%9D%B8-%EC%88%9C%EC%84%9C%EA%B0%80-%EC%86%8C%EB%A6%AC%EB%A5%BC-%EB%A7%8C%EB%93%A0%EB%8B%A4",vocal-chain1,0,424,0.00,3.9
"https://studionol.co.kr/ko/stories/vocal-classification1#%EB%82%A8%EC%84%B1-%EB%B3%B4%EC%BB%AC-3%EA%B0%80%EC%A7%80-%ED%83%80%EC%9E%85",vocal-classification1,0,8,0.00,5.6
"https://studionol.co.kr/ko/stories/vocal-classification1#%EB%B3%B4%EC%BB%AC-%EC%9D%8C%EC%97%AD-%EB%B6%84%EB%A5%98-%EB%82%B4-%EB%AA%A9%EC%86%8C%EB%A6%AC%EC%9D%98-%EC%A7%80%EB%8F%84",vocal-classification1,0,8,0.00,5.6
"https://studionol.co.kr/ko/stories/vocal-classification1#%EC%97%AC%EC%84%B1-%EB%B3%B4%EC%BB%AC-3%EA%B0%80%EC%A7%80-%ED%83%80%EC%9E%85",vocal-classification1,0,8,0.00,5.6
"https://studionol.co.kr/ko/stories/vocal-classification1#%EC%9E%90%EA%B0%80-%EC%A7%84%EB%8B%A8-%EC%88%9C%EC%84%9C",vocal-classification1,0,5,0.00,5.0
"https://studionol.co.kr/ko/stories/vocal-comping1",vocal-comping1,0,37,0.00,7.2
"https://studionol.co.kr/ko/stories/vocal-compression1#%EB%A1%9D%EA%B0%95%ED%95%9C-%EB%B3%B4%EC%BB%AC",vocal-compression1,0,283,0.00,4.7
"https://studionol.co.kr/ko/stories/vocal-compression1#%EB%B3%B4%EC%BB%AC-%EC%BB%B4%ED%94%84%EB%A0%88%EC%84%9C-%EB%8B%A4%EC%9D%B4%EB%82%98%EB%AF%B9%EC%9D%84-%ED%86%B5%EC%A0%9C%ED%95%98%EB%8A%94-%ED%95%B5%EC%8B%AC-%EB%8F%84%EA%B5%AC",vocal-compression1,0,283,0.00,4.7
"https://studionol.co.kr/ko/stories/vocal-compression1#5%EA%B0%80%EC%A7%80-%EA%B8%B0%EB%B3%B8-%ED%8C%8C%EB%9D%BC%EB%AF%B8%ED%84%B0",vocal-compression1,0,283,0.00,4.7
"https://studionol.co.kr/ko/stories/vocal-delay1",vocal-delay1,0,85,0.00,6.5
"https://studionol.co.kr/ko/stories/vocal-diction1",vocal-diction1,0,33,0.00,7.3
"https://studionol.co.kr/ko/stories/vocal-directing1#%EB%B3%B4%EC%BB%AC-%EB%94%94%EB%A0%89%ED%8C%85-%EA%B8%B0%EC%88%A0%EB%B3%B4%EB%8B%A4-%EB%A8%BC%EC%A0%80-%EA%B0%90%EC%A0%95%EC%9D%84-%EC%9D%B4%EB%81%8C%EC%96%B4%EB%9D%BC",vocal-directing1,0,189,0.00,5.1
"https://studionol.co.kr/ko/stories/vocal-directing1#%EC%84%B8%EC%85%98-%EC%A7%84%ED%96%89-%EC%88%9C%EC%84%9C",vocal-directing1,0,189,0.00,5.1
"https://studionol.co.kr/ko/stories/vocal-editing1#%EB%B3%B4%EC%BB%AC-%ED%8E%B8%EC%A7%91-%EB%85%B9%EC%9D%8C%EA%B3%BC-%EB%AF%B9%EC%8B%B1-%EC%82%AC%EC%9D%B4%EC%9D%98-%ED%95%B5%EC%8B%AC-%EB%8B%A8%EA%B3%84",vocal-editing1,0,8,0.00,5.5
"https://studionol.co.kr/ko/stories/vocal-editing1#%EB%B3%B4%EC%BB%AC-%ED%8E%B8%EC%A7%91-%ED%9D%90%EB%A6%84",vocal-editing1,0,8,0.00,5.5
"https://studionol.co.kr/ko/stories/vocal-emotion1#%EA%B0%90%EC%A0%95-%EC%9D%8C%EC%A0%95%EB%B3%B4%EB%8B%A4-%EB%A8%BC%EC%A0%80-%EC%A0%84%EB%8B%AC%EB%90%98%EB%8A%94-%EA%B2%83",vocal-emotion1,0,15,0.00,5.2
"https://studionol.co.kr/ko/stories/vocal-emotion1#%EA%B0%90%EC%A0%95-%ED%91%9C%ED%98%84%EC%9D%98-4%EA%B0%80%EC%A7%80-%EC%9A%94%EC%86%8C",vocal-emotion1,0,15,0.00,5.2
"https://studionol.co.kr/ko/stories/vocal-fatigue1#%EB%B3%B4%EC%BB%AC-%ED%94%BC%EB%A1%9C-%EC%84%B1%EB%8C%80%EB%8F%84-%EA%B7%BC%EC%9C%A1%EC%B2%98%EB%9F%BC-%ED%94%BC%EB%A1%9C%ED%95%B4%EC%A7%84%EB%8B%A4",vocal-fatigue1,0,1,0.00,2.0
"https://studionol.co.kr/ko/stories/vocal-fatigue1#%EB%B3%B4%EC%BB%AC-%ED%94%BC%EB%A1%9C-%EC%8B%A0%ED%98%B8-%EA%B5%AC%EB%B3%84",vocal-fatigue1,0,1,0.00,2.0
"https://studionol.co.kr/ko/stories/vocal-fry1#%EB%B0%9C%EC%84%B1-%EB%A0%88%EC%A7%80%EC%8A%A4%ED%84%B0-%EB%B9%84%EA%B5%90",vocal-fry1,0,1,0.00,4.0
"https://studionol.co.kr/ko/stories/vocal-fry1#%EB%B3%B4%EC%BB%AC-%ED%94%84%EB%9D%BC%EC%9D%B4%EB%9E%80",vocal-fry1,0,1,0.00,4.0
"https://studionol.co.kr/ko/stories/vocal-microphone1#%EB%A7%88%EC%9D%B4%ED%81%AC-%EC%84%A0%ED%83%9D-%EB%B3%B4%EC%BB%AC-%EC%82%AC%EC%9A%B4%EB%93%9C%EC%9D%98-70%EB%A5%BC-%EA%B2%B0%EC%A0%95%ED%95%9C%EB%8B%A4",vocal-microphone1,0,904,0.00,8.3
"https://studionol.co.kr/ko/stories/vocal-microphone1#%EC%9E%85%EB%AC%B8%EC%A4%91%EA%B8%89-1080%EB%A7%8C-%EC%9B%90",vocal-microphone1,0,503,0.00,8.4
"https://studionol.co.kr/ko/stories/vocal-microphone1#%EC%A0%84%EB%AC%B8%EA%B0%80%EA%B8%89-100%EB%A7%8C-%EC%9B%90",vocal-microphone1,0,502,0.00,8.4
"https://studionol.co.kr/ko/stories/vocal-microphone1#studio-nol-%EC%84%B8%EC%85%98%EC%97%90%EC%84%9C-%EB%A7%88%EC%9D%B4%ED%81%AC-%EC%84%A0%ED%83%9D%EC%9D%B4-%EB%8B%AC%EB%9D%BC%EC%A7%80%EB%8A%94-%EC%88%9C%EA%B0%84",vocal-microphone1,0,900,0.00,8.3
"https://studionol.co.kr/ko/stories/vocal-mixing1#%EA%B6%8C%EC%9E%A5-%EC%B2%98%EB%A6%AC-%EC%88%9C%EC%84%9C",vocal-mixing1,0,7,0.00,8.6
"https://studionol.co.kr/ko/stories/vocal-mixing1#%EC%99%9C-%EB%B3%B4%EC%BB%AC-%EB%AF%B9%EC%8B%B1%EC%9D%B4-%EC%A4%91%EC%9A%94%ED%95%9C%EA%B0%80",vocal-mixing1,0,7,0.00,8.6
"https://studionol.co.kr/ko/stories/vocal-nutrition1#%EB%8B%B9%EC%9D%BC-%EC%8B%9D%EB%8B%A8-%ED%83%80%EC%9E%84%EB%9D%BC%EC%9D%B8",vocal-nutrition1,0,58,0.00,4.9
"https://studionol.co.kr/ko/stories/vocal-nutrition1#%EB%AA%A9%EC%86%8C%EB%A6%AC-%EA%B1%B4%EA%B0%95%EC%97%90-%EC%A2%8B%EC%9D%80-%EC%9D%8C%EC%8B%9D",vocal-nutrition1,0,72,0.00,4.8
"https://studionol.co.kr/ko/stories/vocal-nutrition1#%EB%B3%B4%EC%BB%AC-%EA%B1%B4%EA%B0%95%EC%97%90-%ED%95%B4%EB%A1%9C%EC%9A%B4-%EC%9D%8C%EC%8B%9D",vocal-nutrition1,0,72,0.00,4.8
"https://studionol.co.kr/ko/stories/vocal-nutrition1#%EB%B3%B4%EC%BB%AC-%EA%B1%B4%EA%B0%95-%EB%AA%A9%EC%86%8C%EB%A6%AC%EB%8A%94-%EB%AA%B8-%EC%A0%84%EC%B2%B4%EC%9D%98-%EB%B0%98%EC%98%81",vocal-nutrition1,0,72,0.00,4.8
"https://studionol.co.kr/ko/stories/vocal-phrasing1#%EB%B3%B4%EC%BB%AC-%ED%94%84%EB%A0%88%EC%9D%B4%EC%A7%95-%EC%9D%8C%ED%91%9C%EA%B0%80-%EC%95%84%EB%8B%88%EB%9D%BC-%EA%B0%90%EC%A0%95%EC%9D%84-%EB%85%B8%EB%9E%98%ED%95%98%EB%9D%BC",vocal-phrasing1,0,37,0.00,2.8
"https://studionol.co.kr/ko/stories/vocal-phrasing1#%EC%9E%A5%EB%A5%B4%EB%B3%84-%EC%A0%91%EA%B7%BC",vocal-phrasing1,0,14,0.00,2.8
"https://studionol.co.kr/ko/stories/vocal-phrasing1#%ED%91%9C%ED%98%84%EB%A0%A5-%EA%B0%95%ED%99%94-%EA%B8%B0%EB%B2%95",vocal-phrasing1,0,37,0.00,2.8
"https://studionol.co.kr/ko/stories/vocal-phrasing1#%ED%94%84%EB%A0%88%EC%9D%B4%EC%A7%95-%EA%B5%AC%EC%84%B1-%EC%9A%94%EC%86%8C",vocal-phrasing1,0,37,0.00,2.8
"https://studionol.co.kr/ko/stories/vocal-posture1#%EB%B3%B4%EC%BB%AC-%EC%9E%90%EC%84%B8-%EB%AA%B8-%EC%A0%84%EC%B2%B4%EA%B0%80-%EC%95%85%EA%B8%B0%EB%8B%A4",vocal-posture1,0,17,0.00,6.4
"https://studionol.co.kr/ko/stories/vocal-posture1#%EC%84%9C%EC%84%9C-%EB%B0%9C%EC%84%B1%ED%95%A0-%EB%95%8C-%EC%B2%B4%ED%81%AC%EB%A6%AC%EC%8A%A4%ED%8A%B8",vocal-posture1,0,13,0.00,6.8
"https://studionol.co.kr/ko/stories/vocal-posture1#%EC%8A%A4%ED%8A%9C%EB%94%94%EC%98%A4-%EB%A7%88%EC%9D%B4%ED%81%AC-%EC%95%9E-%EC%9E%90%EC%84%B8",vocal-posture1,0,10,0.00,6.7
"https://studionol.co.kr/ko/stories/vocal-posture1#%EC%95%89%EC%9D%80-%EC%9E%90%EC%84%B8-%EB%B0%9C%EC%84%B1",vocal-posture1,0,17,0.00,6.4
"https://studionol.co.kr/ko/stories/vocal-posture1#%ED%9D%94%ED%95%9C-%EC%9E%90%EC%84%B8-%EC%8B%A4%EC%88%98",vocal-posture1,0,14,0.00,6.1
"https://studionol.co.kr/ko/stories/vocal-range-extension1#%EB%B3%B4%EC%BB%AC-%EC%9D%8C%EC%97%AD%EB%8C%80-%EC%9E%98%EB%AA%BB%EB%90%9C-%EB%B0%A9%EB%B2%95%EC%9C%BC%EB%A1%9C-%ED%99%95%EC%9E%A5%ED%95%98%EB%A9%B4-%EB%8D%94-%EC%A2%81%EC%95%84%EC%A7%84%EB%8B%A4",vocal-range-extension1,0,5,0.00,7.6
"https://studionol.co.kr/ko/stories/vocal-range-extension1#%EC%84%B1%EA%B5%AC-%EC%A0%84%ED%99%98%EC%A0%90%EC%9D%B4%EB%9E%80",vocal-range-extension1,0,5,0.00,7.6
"https://studionol.co.kr/ko/stories/vocal-range-extension1#3%EA%B0%80%EC%A7%80-%EA%B8%B0%EB%B3%B8-%EB%B0%9C%EC%84%B1-%EB%A0%88%EC%A7%80%EC%8A%A4%ED%84%B0",vocal-range-extension1,0,5,0.00,7.6
"https://studionol.co.kr/ko/stories/vocal-recording-guide1",vocal-recording-guide1,0,27,0.00,14.2
"https://studionol.co.kr/ko/stories/vocal-recording-setup1#%EB%B3%B4%EC%BB%AC-%EB%85%B9%EC%9D%8C-%EC%84%B8%ED%8C%85-%EC%A2%8B%EC%9D%80-%EC%86%8C%EC%8A%A4%EB%8A%94-%EC%A2%8B%EC%9D%80-%ED%99%98%EA%B2%BD%EC%97%90%EC%84%9C-%EB%82%98%EC%98%A8%EB%8B%A4",vocal-recording-setup1,0,51,0.00,6.3
"https://studionol.co.kr/ko/stories/vocal-recording-setup1#%EC%B5%9C%EC%A0%81-%EB%A7%88%EC%9D%B4%ED%81%AC-%ED%8F%AC%EC%A7%80%EC%85%94%EB%8B%9D",vocal-recording-setup1,0,51,0.00,6.3
"https://studionol.co.kr/ko/stories/vocal-recording-setup1#%ED%99%88-%EB%A0%88%EC%BD%94%EB%94%A9-%EB%B0%A9%EC%9D%8C%ED%9D%A1%EC%9D%8C-%EB%B0%A9%EB%B2%95",vocal-recording-setup1,0,51,0.00,6.3
"https://studionol.co.kr/ko/stories/vocal-recording-tips1",vocal-recording-tips1,0,12,0.00,9.0
"https://studionol.co.kr/ko/stories/vocal-saturation1#%EB%B3%B4%EC%BB%AC-%EC%83%88%EC%B6%94%EB%A0%88%EC%9D%B4%EC%85%98-%EC%84%A4%EC%A0%95",vocal-saturation1,0,75,0.00,8.1
"https://studionol.co.kr/ko/stories/vocal-saturation1#%EB%B3%B4%EC%BB%AC-%EC%83%88%EC%B6%94%EB%A0%88%EC%9D%B4%EC%85%98-%EC%8B%A0%ED%98%B8-%EC%B2%B4%EC%9D%B8-%EC%9C%84%EC%B9%98",vocal-saturation1,0,32,0.00,8.4
"https://studionol.co.kr/ko/stories/vocal-saturation1#%EB%B3%B4%EC%BB%AC-%EC%83%88%EC%B6%94%EB%A0%88%EC%9D%B4%EC%85%98-%EC%95%84%EB%82%A0%EB%A1%9C%EA%B7%B8-%EC%A7%88%EA%B0%90%EC%9D%98-%EB%B9%84%EB%B0%80",vocal-saturation1,0,76,0.00,8.0
"https://studionol.co.kr/ko/stories/vocal-saturation1#%EC%A3%BC%EC%9A%94-%EC%83%88%EC%B6%94%EB%A0%88%EC%9D%B4%EC%85%98-%ED%94%8C%EB%9F%AC%EA%B7%B8%EC%9D%B8",vocal-saturation1,0,75,0.00,8.1
"https://studionol.co.kr/ko/stories/vocal-solo-recording1#%EB%94%94%EB%A0%89%ED%8C%85-%EC%97%86%EC%9D%B4-%EC%A2%8B%EC%9D%80-%ED%85%8C%EC%9D%B4%ED%81%AC-%EC%9E%A1%EB%8A%94-5%EA%B0%80%EC%A7%80-%EB%B0%A9%EB%B2%95",vocal-solo-recording1,0,4,0.00,8.0
"https://studionol.co.kr/ko/stories/vocal-solo-recording1#%EC%85%80%ED%94%84-%EB%85%B9%EC%9D%8C-vs-%EC%97%94%EC%A7%80%EB%8B%88%EC%96%B4-%EB%8F%99%ED%96%89-%EB%B9%84%EC%9A%A9%EA%B2%B0%EA%B3%BC%EB%AC%BC%EC%8B%AC%EB%A6%AC%EC%A0%81-%EB%B6%80%EB%8B%B4-%EB%B9%84%EA%B5%90",vocal-solo-recording1,0,4,0.00,8.0
"https://studionol.co.kr/ko/stories/vocal-solo-recording1#%EC%86%94%EB%A1%9C-%EB%B3%B4%EC%BB%AC-%EB%85%B9%EC%9D%8C%EC%97%90-%EC%A0%81%ED%95%A9%ED%95%9C-%EB%A7%88%EC%9D%B4%ED%81%AC-4%EC%A2%85",vocal-solo-recording1,0,4,0.00,8.0
"https://studionol.co.kr/ko/stories/vocal-solo-recording1#%EC%86%94%EB%A1%9C-%EC%95%84%ED%8B%B0%EC%8A%A4%ED%8A%B8%EC%9D%98-%EC%99%B8%EB%A1%9C%EC%9B%80",vocal-solo-recording1,0,3,0.00,7.7
"https://studionol.co.kr/ko/stories/vocal-solo-recording1#%EC%86%94%EB%A1%9C-%EC%95%84%ED%8B%B0%EC%8A%A4%ED%8A%B8-%ED%8C%A8%ED%82%A4%EC%A7%80%EB%B9%84%EC%9A%A9-%EC%8A%A4%ED%8A%9C%EB%94%94%EC%98%A4-%EB%86%80",vocal-solo-recording1,0,4,0.00,8.0
"https://studionol.co.kr/ko/stories/vocal-solo-recording1#%EC%9E%90%EA%B0%80-%EB%94%94%EB%A0%89%ED%8C%85-%EB%A9%98%ED%8A%B8%EB%A1%9C-%EC%9E%90%EC%8B%A0%EC%97%90%EA%B2%8C-%EB%A7%90-%EA%B1%B0%EB%8A%94-%EB%B2%95",vocal-solo-recording1,0,1,0.00,9.0
"https://studionol.co.kr/ko/stories/vocal-solo-recording1#1%EC%9D%B8-%EB%B3%B4%EC%BB%AC-%EC%9B%8C%ED%81%AC%ED%94%8C%EB%A1%9C%EC%9A%B0-4%EC%8B%9C%EA%B0%84-%ED%91%9C%EC%A4%80-%EC%84%B8%EC%85%98",vocal-solo-recording1,0,4,0.00,8.0
"https://studionol.co.kr/ko/stories/vocal-solo-recording1#1%EC%9D%B8-%EC%9E%91%EC%97%85%EC%9D%B4-%EB%B9%A0%EC%A7%80%EB%8A%94-3%EA%B0%80%EC%A7%80-%ED%95%A8%EC%A0%95",vocal-solo-recording1,0,4,0.00,8.0
"https://studionol.co.kr/ko/stories/vocal-stacking1",vocal-stacking1,0,53,0.00,8.8
"https://studionol.co.kr/ko/stories/vocal-vibrato1#%EB%8B%A8%EA%B3%84%EB%B3%84-%EB%B9%84%EB%B8%8C%EB%9D%BC%ED%86%A0-%ED%9B%88%EB%A0%A8",vocal-vibrato1,0,80,0.00,8.7
"https://studionol.co.kr/ko/stories/vocal-vibrato1#%EB%B3%B4%EC%BB%AC-%EB%B9%84%EB%B8%8C%EB%9D%BC%ED%86%A0-%EB%AA%A9%EC%86%8C%EB%A6%AC%EC%97%90-%EC%83%9D%EB%AA%85%EC%9D%84-%EB%B6%88%EC%96%B4%EB%84%A3%EB%8A%94-%EA%B8%B0%EB%B2%95",vocal-vibrato1,0,80,0.00,8.7
"https://studionol.co.kr/ko/stories/vocal-vibrato1#%EB%B9%84%EB%B8%8C%EB%9D%BC%ED%86%A0-%ED%83%80%EC%9E%85-%EB%B6%84%EB%A5%98",vocal-vibrato1,0,61,0.00,8.7
"https://studionol.co.kr/ko/stories/vocal-vibrato1#%ED%9D%94%ED%95%9C-%EB%B9%84%EB%B8%8C%EB%9D%BC%ED%86%A0-%EC%8B%A4%EC%88%98%EC%99%80-%EA%B5%90%EC%A0%95",vocal-vibrato1,0,78,0.00,8.7
"https://studionol.co.kr/ko/stories/vocal-warmup1#%EB%B3%B4%EC%BB%AC-%EC%9B%8C%EB%B0%8D%EC%97%85-%EC%84%B1%EB%8C%80%EB%A5%BC-%EA%B9%A8%EC%9A%B0%EB%8A%94-15%EB%B6%84-%EB%A3%A8%ED%8B%B4",vocal-warmup1,0,4,0.00,6.3
"https://studionol.co.kr/ko/stories/vocal-warmup1#5%EB%8B%A8%EA%B3%84-%EC%9D%8C%EA%B3%84-%EC%97%B0%EC%8A%B5-35%EB%B6%84",vocal-warmup1,0,4,0.00,6.3
"https://studionol.co.kr/ko/stories/vocalfeedback1#%EA%B0%9D%EA%B4%80%EC%A0%81%EC%9D%B8-%EA%B7%80%EA%B0%80-%EC%84%B1%EC%9E%A5%EC%9D%84-%EA%B0%80%EC%86%8D%ED%95%A9%EB%8B%88%EB%8B%A4",vocalfeedback1,0,1,0.00,2.0
"https://studionol.co.kr/ko/stories/vocalfeedback1#%EC%85%80%ED%94%84-%ED%94%BC%EB%93%9C%EB%B0%B1-%EC%B2%B4%ED%81%AC%EB%A6%AC%EC%8A%A4%ED%8A%B8",vocalfeedback1,0,1,0.00,2.0
"https://studionol.co.kr/ko/stories/vocalfeedback1#%ED%94%BC%EB%93%9C%EB%B0%B1-%EB%B0%A9%EB%B2%95-%EC%A2%85%EB%A5%98",vocalfeedback1,0,1,0.00,2.0
"https://studionol.co.kr/ko/stories/vocalfood1#%EB%85%B9%EC%9D%8C-%EC%A0%84%EB%82%A0-%EB%8B%B9%EC%9D%BC-%EC%8B%9D%EB%8B%A8-%EB%A3%A8%ED%8B%B4",vocalfood1,0,6,0.00,7.7
"https://studionol.co.kr/ko/stories/vocalfood1#%EB%A8%B9%EB%8A%94-%EA%B2%83%EC%9D%B4-%EB%AA%A9%EC%86%8C%EB%A6%AC%EB%A5%BC-%EB%B0%94%EA%BF%89%EB%8B%88%EB%8B%A4",vocalfood1,0,8,0.00,7.4
"https://studionol.co.kr/ko/stories/vocalfood1#%EC%84%B1%EB%8C%80%EC%97%90-%EB%82%98%EC%81%9C-%EC%9D%8C%EC%8B%9D%EC%9D%8C%EB%A3%8C",vocalfood1,0,7,0.00,7.1
"https://studionol.co.kr/ko/stories/vocalfood1#%EC%84%B1%EB%8C%80%EC%97%90-%EC%A2%8B%EC%9D%80-%EC%9D%8C%EC%8B%9D%EC%9D%8C%EB%A3%8C",vocalfood1,0,8,0.00,7.4
"https://studionol.co.kr/ko/stories/vocalrange1#%EB%82%B4-%EC%9D%8C%EC%97%AD%EB%8C%80%EB%A5%BC-%EC%95%8C%EC%95%84%EC%95%BC-%ED%95%98%EB%8A%94-%EC%9D%B4%EC%9C%A0",vocalrange1,0,751,0.00,7.6
"https://studionol.co.kr/ko/stories/vocalrange1#%EC%84%B1%EC%95%85-%EA%B8%B0%EC%A4%80-%EC%9D%8C%EC%97%AD-%EB%B6%84%EB%A5%98",vocalrange1,0,750,0.00,7.6
"https://studionol.co.kr/ko/stories/vocalrange1#%EC%9D%8C%EC%97%AD%EB%8C%80%EB%B3%84-%EC%B6%94%EC%B2%9C-%EC%9E%A5%EB%A5%B4",vocalrange1,0,751,0.00,7.6
"https://studionol.co.kr/ko/stories/vocalrange1#%EC%B8%A1%EC%A0%95-%EC%88%9C%EC%84%9C",vocalrange1,0,750,0.00,7.6
"https://studionol.co.kr/ko/stories/voice1",voice1,0,3,0.00,12.0
"https://studionol.co.kr/ko/stories/voiceactor1#%EB%AA%A9%EC%86%8C%EB%A6%AC%EB%A1%9C-%EC%BD%98%ED%85%90%EC%B8%A0%EB%A5%BC-%EB%A7%8C%EB%93%9C%EB%8A%94-%EC%9D%BC",voiceactor1,0,7,0.00,8.7
"https://studionol.co.kr/ko/stories/voiceactor1#%EC%84%B1%EC%9A%B0%EA%B0%80-%EB%90%98%EB%A0%A4%EB%A9%B4-%EB%AC%B4%EC%97%87%EB%B6%80%ED%84%B0-%EC%A4%80%EB%B9%84%ED%95%98%EB%82%98%EC%9A%94",voiceactor1,0,62,0.00,6.3
"https://studionol.co.kr/ko/stories/voiceactor1#%EC%84%B1%EC%9A%B0%EB%82%B4%EB%A0%88%EC%9D%B4%EC%85%98-%EB%B6%84%EC%95%BC-%EC%A2%85%EB%A5%98",voiceactor1,0,60,0.00,6.5
"https://studionol.co.kr/ko/stories/voiceactor1#%ED%95%9C%EA%B5%AD-%EC%84%B1%EC%9A%B0-%EC%A7%81%EA%B5%B0%EC%9D%80-%EC%96%B4%EB%96%BB%EA%B2%8C-%EB%A7%8C%EB%93%A4%EC%96%B4%EC%A1%8C%EB%82%98",voiceactor1,0,78,0.00,6.2
"https://studionol.co.kr/ko/stories/voiceactor1#studio-nol-%EC%84%B1%EC%9A%B0-%EC%A7%80%EB%A7%9D%EC%83%9D-%EB%8D%B0%EB%AA%A8-%EB%85%B9%EC%9D%8C%EC%97%90%EC%84%9C-%EA%B0%80%EC%9E%A5-%EC%9E%90%EC%A3%BC-%EB%B0%9B%EB%8A%94-3%EA%B0%80%EC%A7%80-%EC%A7%88%EB%AC%B8",voiceactor1,0,71,0.00,6.0
"https://studionol.co.kr/ko/stories/voicecare1#%EB%AA%A9%EC%86%8C%EB%A6%AC%EB%8A%94-%EB%AA%B8-%EC%A0%84%EC%B2%B4%EC%9D%98-%EC%83%81%ED%83%9C%EA%B0%80-%EB%B0%98%EC%98%81%EB%90%A9%EB%8B%88%EB%8B%A4",voicecare1,0,31,0.00,8.0
"https://studionol.co.kr/ko/stories/voicecare1#%EB%B3%B4%EC%BB%AC%EB%A6%AC%EC%8A%A4%ED%8A%B8-%EC%9D%BC%EC%9D%BC-%EB%A3%A8%ED%8B%B4",voicecare1,0,20,0.00,8.6
"https://studionol.co.kr/ko/stories/voicecare1#%EC%84%B1%EB%8C%80-%EA%B1%B4%EA%B0%95%EC%97%90-%EC%A2%8B%EC%9D%80-%EA%B2%83-vs-%EB%82%98%EC%81%9C-%EA%B2%83",voicecare1,0,29,0.00,7.8
"https://studionol.co.kr/ko/stories/vst-guide1#vst-%ED%94%8C%EB%9F%AC%EA%B7%B8%EC%9D%B8-%EB%94%94%EC%A7%80%ED%84%B8-%EC%8A%A4%ED%8A%9C%EB%94%94%EC%98%A4%EC%9D%98-%EA%B0%80%EC%83%81-%EC%9E%A5%EB%B9%84",vst-guide1,0,5,0.00,5.6
"https://studionol.co.kr/ko/stories/vst-guide1#vst-%ED%94%8C%EB%9F%AC%EA%B7%B8%EC%9D%B8-%EC%B9%B4%ED%85%8C%EA%B3%A0%EB%A6%AC",vst-guide1,0,5,0.00,5.6
"https://studionol.co.kr/ko/stories/wedding-song-recording-cost-comparison#%EC%9E%90%EC%A3%BC-%EB%AC%BB%EB%8A%94-%EC%A7%88%EB%AC%B8",wedding-song-recording-cost-comparison,0,1,0.00,9.0
"https://studionol.co.kr/ko/stories/wedding-song-recording-cost-comparison#%ED%8C%A8%ED%82%A4%EC%A7%80-vs-%EC%8B%9C%EA%B0%84%EB%8B%B9-%EB%8B%A8%EC%9D%BC-%EA%B3%A1-%EC%B6%95%EA%B0%80%EC%97%90%EC%84%9C-%EC%96%B4%EB%96%A4-%EA%B2%8C-%EC%9C%A0%EB%A6%AC%ED%95%9C%EA%B0%80",wedding-song-recording-cost-comparison,0,1,0.00,9.0
"https://studionol.co.kr/ko/stories/wedding-song-recording-cost-comparison#studio-nol-%EC%B6%95%EA%B0%80-%ED%8C%A8%ED%82%A4%EC%A7%80-35%EB%A7%8C%EC%9D%98-%EA%B5%AC%EC%84%B1",wedding-song-recording-cost-comparison,0,1,0.00,9.0
"https://studionol.co.kr/ko/stories/yangcheon-omokgyo1",yangcheon-omokgyo1,0,1,0.00,10.0
"https://studionol.co.kr/ko/stories/youtube-bgm1#%EC%8B%A4%EC%9A%A9%EC%A0%81%EC%9D%B8-bgm-%EB%A3%A8%ED%94%84-%EA%B5%AC%EC%A1%B0",youtube-bgm1,0,6,0.00,6.0
"https://studionol.co.kr/ko/stories/youtube-bgm1#%EC%9C%A0%ED%8A%9C%EB%B8%8C-bgm-%EC%A7%81%EC%A0%91-%EB%A7%8C%EB%93%9C%EB%8A%94-%EC%A0%80%EC%9E%91%EA%B6%8C-%EC%9E%90%EC%9C%A0-%EB%B0%B0%EA%B2%BD%EC%9D%8C%EC%95%85",youtube-bgm1,0,12,0.00,5.8
"https://studionol.co.kr/ko/stories/youtube-bgm1#%EC%B1%84%EB%84%90-%EC%9C%A0%ED%98%95%EB%B3%84-bgm-%EC%84%A0%ED%83%9D-%EA%B0%80%EC%9D%B4%EB%93%9C",youtube-bgm1,0,11,0.00,5.5
"https://studionol.co.kr/th/stories/category/recording",category,0,5,0.00,3.4
"https://studionol.co.kr/th/stories/category/region",category,0,1,0.00,7.0
"https://studionol.co.kr/th/stories/mixing6",mixing6,0,1,0.00,6.0
"https://studionol.co.kr/uz/about",,0,1,0.00,10.0
"https://studionol.co.kr/uz/stories/bulgwang-mixing-club-3rd",bulgwang-mixing-club-3rd,0,1,0.00,3.0
"https://studionol.co.kr/uz/stories/category/region",category,0,3,0.00,8.3
"https://studionol.co.kr/uz/stories/mixing14",mixing14,0,3,0.00,5.3
"https://studionol.co.kr/uz/stories/mixing15",mixing15,0,1,0.00,1.0
"https://studionol.co.kr/uz/stories/mixing19",mixing19,0,2,0.00,4.0
"https://studionol.co.kr/uz/stories/mixing20",mixing20,0,1,0.00,3.0
"https://studionol.co.kr/uz/stories/mixing21",mixing21,0,2,0.00,7.5
"https://studionol.co.kr/uz/stories/mixing22",mixing22,0,1,0.00,10.0
"https://studionol.co.kr/uz/stories/mixing23",mixing23,0,1,0.00,11.0
"https://studionol.co.kr/uz/stories/mixing3",mixing3,0,1,0.00,6.0
"https://studionol.co.kr/uz/stories/mixing4",mixing4,0,1,0.00,2.0
"https://studionol.co.kr/uz/stories/mixing7",mixing7,0,2,0.00,7.5
"https://studionol.co.kr/uz/stories/mixing8",mixing8,0,6,0.00,6.2
"https://studionol.co.kr/vi/stories/category/event",category,0,2,0.00,6.0
"https://studionol.co.kr/vi/stories/category/recording",category,0,1,0.00,3.0
"https://studionol.co.kr/vi/stories/mixing20",mixing20,0,2,0.00,6.5
"https://studionol.co.kr/zh",,0,2,0.00,13.5
"https://studionol.co.kr/zh/lesson",,0,35,0.00,1.5
"https://studionol.co.kr/zh/portfolio/jung-jin-seok-i-ttang",,0,14,0.00,1.6
"https://studionol.co.kr/zh/portfolio/moredo-toyoil-we-will-sail",,0,3,0.00,3.0
"https://studionol.co.kr/zh/portfolio/various-artists-fish-die",,0,34,0.00,2.1
"https://studionol.co.kr/zh/pricing",,0,1,0.00,8.0
"https://studionol.co.kr/zh/stories/chinese-music-lessons-seoul",chinese-music-lessons-seoul,0,5,0.00,4.4
"https://studionol.co.kr/zh/stories/interview1",interview1,0,3,0.00,3.0
"https://studionol.co.kr/zh/stories/mixing13",mixing13,0,3,0.00,21.3
"https://studionol.co.kr/zh/stories/mixing14",mixing14,0,1,0.00,20.0
"https://studionol.co.kr/zh/stories/mixing20",mixing20,0,9,0.00,2.6
"https://studionol.co.kr/zh/stories/mixing21",mixing21,0,14,0.00,2.3
"https://studionol.co.kr/zh/studio-info",,0,2,0.00,34.0
"https://www.studionol.co.kr/ko/stories/practice-room-speed1",practice-room-speed1,0,1,0.00,1.0