cluster,slug,title,content_len,clicks,impressions,tier
other,808-bass1,"808 베이스 믹싱 완전 가이드 — 트랩·힙합에서 808 사운드 다듬는 법",3014,0,21,WATCH
other,ableton1,"Ableton Live 보컬 녹음 — Arrangement View·Warp·EQ Eight 설정법",3397,2,78,KEEP
other,acapella1,"아카펠라 녹음 가이드 — 솔로 다성부터 그룹 하모니까지",2356,1,32,KEEP
other,acoustic-recording1,"어쿠스틱 기타·어쿠스틱 음악 녹음 완전 가이드 — 자연스러운 사운드 녹음 팁",2793,0,0,NOINDEX_CANDIDATE
other,acoustic-treatment1,"방음·흡음 완전 가이드 — 홈 레코딩 공간 어쿠스틱 처리 방법",3453,0,0,NOINDEX_CANDIDATE
other,acoustic1,"어쿠스틱 기타·피아노 녹음 가이드 — 홈레코딩과 전문 스튜디오의 차이",2231,0,0,NOINDEX_CANDIDATE
other,adlib1,"애드립·런 완전 가이드 — R&B·소울 보컬 즉흥 표현 기법",2747,0,0,NOINDEX_CANDIDATE
other,advertisement-music1,"CF·광고음악 제작 — 광고 BGM·CM송·싱크 라이센싱 가이드",5657,0,32,WATCH
other,ai-mastering1,"AI 마스터링 완전 가이드 — LANDR·eMastered·Ozone AI 비교와 한계",2762,0,0,NOINDEX_CANDIDATE
other,ai-music1,"AI 음악 제작 완전 가이드 — AI 작곡·AI 보컬·AI 믹싱 활용법과 한계",2996,0,0,NOINDEX_CANDIDATE
other,album-art1,"앨범 아트·재킷 제작 가이드 — 음원 발매를 위한 커버 아트 완전 가이드",2963,0,0,NOINDEX_CANDIDATE
other,album-artwork1,"음반 아트워크·앨범 커버 디자인 완전 가이드 — 음원 커버 이미지 제작 방법",3033,0,0,NOINDEX_CANDIDATE
other,album-cost1,"음반 제작 비용 완전 가이드 — 싱글·EP·정규 앨범 예산 계획",3049,0,0,NOINDEX_CANDIDATE
other,album-release1,"정규앨범 발매 완전 가이드 — 인디 아티스트 풀앨범 제작·출시 전략",2649,3,101,KEEP
other,album1,"연신내에서 음반 제작하기 — 디지털 싱글부터 EP·정규 앨범까지 원스톱 프로세스",2284,0,0,NOINDEX_CANDIDATE
other,ambient-music1,"앰비언트 음악 제작 완전 가이드 — 공간감·질감·레이어링 사운드 디자인",4349,0,0,NOINDEX_CANDIDATE
other,amp-simulator1,"앰프 시뮬레이터·DI 레코딩 완전 가이드 — 집에서 기타·베이스 전문 사운드 만들기",3260,5,150,KEEP
city-ktx-visit,andong1,"안동·경북에서 서울 녹음실 방문 가이드 — KTX 중앙선으로 스튜디오 놀 당일 왕복",3160,3,12,KEEP
other,ansan-danseon1,"안산 고잔·단원·중앙동 녹음실 — 4호선으로 서울 연신내 스튜디오 놀 방문 가이드",3227,0,25,WATCH
seoul-district-studio,ansan-sangnok1,"안산 상록구 사동·본오동·성포동·반월 녹음실 — 4호선으로 연신내 스튜디오 놀 방문 가이드",3137,0,0,NOINDEX_CANDIDATE
city-ktx-visit,ansan1,"안산·시흥에서 서울 녹음실 방문 가이드 — 지하철 4호선·서해선으로 연신내 이동",2997,0,0,NOINDEX_CANDIDATE
city-ktx-visit,anseong1,"안성에서 서울 녹음실 방문 가이드 — KTX 평택역 또는 고속버스로 당일 왕복",3216,0,0,NOINDEX_CANDIDATE
seoul-district-studio,anyang-manan1,"안양 만안구 안양·박달·석수 녹음실 — 1호선으로 연신내 스튜디오 놀 방문 가이드",3292,0,0,NOINDEX_CANDIDATE
city-ktx-visit,anyang1,"안양·군포·의왕에서 서울 녹음실 방문 가이드 — 지하철 1·4호선으로 연신내까지",2924,0,0,NOINDEX_CANDIDATE
other,apgujeong1,"압구정·청담 근처 녹음실 — 강남구에서 연신내 스튜디오 놀 방문 가이드",3550,1,37,KEEP
other,arrangement-tips1,"보컬곡 편곡 팁 — 레이어링·다이나믹·드롭·빌드업 설계법",2217,0,24,WATCH
other,arrangement1,"보컬 중심 편곡 방법 — 파트 역할·미디 vs 실연 어레인지먼트 차이",2385,0,59,WATCH
other,articulation1,"보컬 아티큘레이션 훈련 — 자음·모음 정확도로 가사 전달력 높이기",2405,0,44,WATCH
other,artist-branding1,"아티스트 브랜딩 완전 가이드 — 인디 아티스트를 위한 음악 브랜드 구축",2477,4,62,KEEP
city-ktx-visit,asan1,"아산에서 서울 녹음실 방문 가이드 — KTX 천안아산역으로 연신내 당일 왕복",3018,0,0,NOINDEX_CANDIDATE
other,asmr1,"ASMR 녹음 방법 완전 가이드 — ASMR 제작을 위한 마이크·환경·편집 기초",2980,6,187,KEEP
other,aspiring1,"가수 지망생이 해야 할 일 — 데뷔 전 준비 로드맵과 첫 녹음 가이드",2612,0,0,NOINDEX_CANDIDATE
other,audio-interface1,"오디오 인터페이스 완전 가이드 — 보컬 녹음용 인터페이스 선택·설정·추천",3481,0,0,NOINDEX_CANDIDATE
other,audiobook-guide1,"오디오북 직접 만드는 법 — 원고 준비부터 녹음·편집·플랫폼 등록까지",5087,1,88,KEEP
other,audiobook-narration-recording-cost-time,"오디오북 1시간 녹음 비용과 시간 — 작가·낭독자 가이드",3859,0,0,NOINDEX_CANDIDATE
other,audioformat1,"WAV vs MP3 어느 파일을 써야 할까 — 녹음·발매·유튜브 상황별",3585,4,741,KEEP
other,audition-vocal1,"보컬 오디션 완전 가이드 — 오디션 준비·곡 선택·현장 대처법",2697,0,0,NOINDEX_CANDIDATE
other,audition1,"오디션 데모 녹음 — 심사위원이 주목하는 곡 선택·녹음 퀄리티 기준",3967,2,39,KEEP
other,autotune1,"오토튠 vs 멜로다인 — 자연스러운 보컬 피치 교정법과 Retune Speed 설정",2838,9,433,KEEP
other,background-vocal1,"백 보컬·코러스 녹음 완전 가이드 — 음반 완성도를 높이는 방법",2721,5,265,KEEP
other,backing-vocal1,"백보컬·코러스 녹음 완전 가이드 — 하모니 레이어링과 믹스 배치 전략",2836,0,0,NOINDEX_CANDIDATE
other,ballad-production1,"발라드 프로덕션 완전 가이드 — 한국 발라드 제작·편곡·보컬 프로덕션 전략",3629,0,0,NOINDEX_CANDIDATE
other,ballad-vocal1,"발라드 보컬 녹음 완전 가이드 — 감정 표현과 다이나믹 컨트롤 실전 기법",2728,4,55,KEEP
other,ballad1,"발라드 보컬 녹음 가이드 — 감정 표현과 롱 노트를 완성하는 방법",2175,0,0,NOINDEX_CANDIDATE
other,balladstyle1,"발라드 창법 완전 가이드 — 감성 발라드 보컬 스타일과 훈련법",2581,0,18,WATCH
other,band-arrangement1,"밴드 편성·세션 구성 완전 가이드 — 장르별 악기 배치와 세션 뮤지션 활용법",2833,0,0,NOINDEX_CANDIDATE
other,band-recording-guide1,"밴드 레코딩 준비 가이드 — 합주실에서 스튜디오까지",4540,11,174,KEEP
other,band-recording1,"밴드 녹음 완전 가이드 — 스튜디오 밴드 세션 준비부터 믹싱까지",2606,0,0,NOINDEX_CANDIDATE
other,band1,"밴드·합창 단체 녹음 가이드 — 멀티트랙 세션과 라이브 동시 녹음의 차이",3087,0,45,WATCH
other,bangbae1,"방배·서초·내방·이수 녹음실 — 2호선·4호선으로 연신내 스튜디오 놀 방문 가이드",3088,0,71,WATCH
other,banghwa1,"방화·개화·김포공항·가양 녹음실 — 강서구 서부에서 연신내 스튜디오 놀 방문 가이드",3125,0,5,WATCH_LOW
other,bangi1,"방이·가락·문정 녹음실 — 송파구 올림픽공원 인근에서 연신내 스튜디오 놀 방문 가이드",3151,0,21,WATCH
other,banpo1,"반포·방배·이수·사당 녹음실 — 서초구 북부에서 연신내 스튜디오 놀 방문 가이드",3278,0,0,NOINDEX_CANDIDATE
other,bass-mixing1,"베이스 믹싱 완전 가이드 — 탄탄한 저역을 만드는 EQ·컴프레서 설정",3546,16,246,KEEP
other,bass-recording1,"베이스 녹음 완전 가이드 — DI·앰프 마이킹·베이스 EQ 실전 방법",3446,3,71,KEEP
other,beatmaker1,"비트메이커·프로듀서와 협업하는 방법 완전 가이드 — 보컬리스트와 프로듀서의 협업 전략",2730,0,0,NOINDEX_CANDIDATE
other,beatmaking1,"비트 메이킹 입문 가이드 — 처음 시작하는 DAW 음악 제작",2933,0,0,NOINDEX_CANDIDATE
other,belting1,"벨팅 발성법 완전 가이드 — 강한 고음을 내는 보컬 기술",2487,0,0,NOINDEX_CANDIDATE
other,blues-music1,"블루스 음악 제작 완전 가이드 — 12마디 블루스·기타 톤·감성 표현",2990,1,37,KEEP
city-ktx-visit,boeun1,"보은에서 서울 녹음실 방문 가이드 — KTX 대전역 경유로 당일 왕복",2791,0,0,NOINDEX_CANDIDATE
city-ktx-visit,bonghwa1,"봉화에서 서울 녹음실 방문 가이드 — 고속버스 또는 영주역 기차 경유",3097,0,9,WATCH_LOW
other,booking1,"스튜디오 놀 예약 방법 완전 가이드 — 카카오톡 문의부터 세션 확정까지",2343,0,0,NOINDEX_CANDIDATE
city-ktx-visit,boryeong1,"보령에서 서울 녹음실 방문 가이드 — 고속버스로 스튜디오 놀 이용하기",3002,0,4,WATCH_LOW
city-ktx-visit,boseong1,"보성에서 서울 녹음실 방문 가이드 — KTX 순천역 또는 광주송정역 경유",3527,0,0,NOINDEX_CANDIDATE
other,brand-collab1,"뮤지션 브랜드 협업·스폰서십 완전 가이드 — 아티스트 브랜드 딜·광고 협업 방법",2254,0,0,NOINDEX_CANDIDATE
other,brass-arrangement1,"금관·목관 편곡 완전 가이드 — 팝·재즈·R&B를 위한 브라스 어레인지먼트",4037,2,82,KEEP
other,breath-support1,"보컬 호흡 지지(Breath Support) 완전 가이드 — 복식호흡과 아포지오 트레이닝",2784,4,230,KEEP
other,breathing1,"보컬 호흡법 완전 가이드 — 복식 호흡부터 프레이즈 호흡까지 녹음·노래 향상 방법",3063,2,195,KEEP
other,broadcast-music1,"방송 음악 사용 완전 가이드 — TV·라디오·유튜브 배경음악 저작권과 활용법",3793,0,0,NOINDEX_CANDIDATE
seoul-district-studio,buam1,"종로구 부암동·청운동 녹음실 — 3호선으로 연신내 스튜디오 놀 15분 직통",3139,0,18,WATCH
city-ktx-visit,buan1,"부안에서 서울 녹음실 방문 가이드 — KTX 정읍역 또는 새만금 경유",3263,0,7,WATCH_LOW
seoul-district-studio,bucheon-ojeong1,"부천 오정구 오정동·고강동·원종동 녹음실 — 1호선으로 연신내 스튜디오 놀 방문 가이드",3155,0,0,NOINDEX_CANDIDATE
other,bucheon-sosa1,"부천 소사·심곡·역곡·중동 녹음실 — 1호선·7호선으로 연신내 스튜디오 놀 방문 가이드",2014,0,0,NOINDEX_CANDIDATE
other,bucheon-wonmi1,"부천시 원미구 상동·중동·춘의·도당 녹음실",3334,0,0,NOINDEX_CANDIDATE
other,bucheon1,"부천·안양·안산 녹음실 — 경기도 서부에서 연신내 스튜디오 놀 방문 가이드",3352,0,0,NOINDEX_CANDIDATE
other,bulgwang-mixing-club-2nd,"""불광믹싱클럽"" 두 번째 모임 안내 — 스튜디오 놀 믹싱클럽",888,0,2,WATCH_LOW
other,bulgwang-mixing-club-3rd,"불광믹싱클럽 3회 모임 — 연신내 뮤지션 믹싱 피드백 네트워킹",1134,0,27,WATCH
other,bulgwang-mixing-club,"불광·연신내 뮤지션 ""불광믹싱클럽"" 첫 모임 안내",1546,1,8,KEEP
other,bulgwang1,"불광·수색·증산·역촌 녹음실 — 연신내역 5분 거리 전문 레코딩 스튜디오",3124,0,0,NOINDEX_CANDIDATE
other,bundang-pangyo1,"판교·운중동·삼평동 녹음실 — 신분당선으로 연신내 스튜디오 놀 방문 가이드",3146,0,0,NOINDEX_CANDIDATE
other,bundang-seohyun1,"분당 서현·이매·수내·정자·미금 녹음실 — 수인분당선으로 연신내 스튜디오 놀 방문 가이드",2460,0,0,NOINDEX_CANDIDATE
other,bundang-yatap1,"분당 야탑·모란·복정·태평 녹음실 — 8호선·수인분당선으로 연신내 스튜디오 놀 방문 가이드",3173,0,0,NOINDEX_CANDIDATE
other,bundang1,"분당·판교 근처 녹음실 — 성남시에서 연신내 스튜디오 놀 방문 가이드",3206,2,57,KEEP
other,bupyeong1,"부평·계양·서구 녹음실 — 인천 북부에서 연신내 스튜디오 놀 방문 가이드",3349,0,0,NOINDEX_CANDIDATE
other,bus-compression1,"버스 컴프레션 완전 가이드 — 믹스 버스 컴프레서 설정과 활용법",4161,0,0,NOINDEX_CANDIDATE
other,busan-seomyeon1,"부산 서면·부산진·연제 녹음실 스튜디오 방문 가이드",3544,0,0,NOINDEX_CANDIDATE
city-ktx-visit,busan1,"부산에서 서울 녹음실 방문 가이드 — KTX로 스튜디오 놀 당일 왕복",1591,0,9,WATCH_LOW
other,busking1,"버스킹 준비 — 거리 공연 음원 제작과 버스킹 세트리스트 녹음 가이드",2684,0,0,NOINDEX_CANDIDATE
city-ktx-visit,buyeo1,"부여에서 서울 녹음실 방문 가이드 — KTX 대전역 또는 논산역 경유",2810,0,0,NOINDEX_CANDIDATE
other,byeolnae1,"별내·다산·오남·화도 녹음실 — 남양주 서부에서 연신내 스튜디오 놀 방문 가이드",2978,0,0,NOINDEX_CANDIDATE
other,ccm-vocal1,"CCM 보컬 훈련 — 찬양·예배 감정 표현과 CCM 녹음 준비",2036,0,27,WATCH
other,ccm1,"CCM·찬양 보컬 녹음 가이드 — 예배 음원부터 스트리밍 찬양 발매까지",2938,0,0,NOINDEX_CANDIDATE
other,changdong1,"창동·노원·도봉 근처 녹음실 — 서울 북부에서 연신내 스튜디오 놀 방문 가이드",3050,1,46,KEEP
city-ktx-visit,changnyeong1,"창녕에서 서울 녹음실 방문 가이드 — KTX 동대구역 또는 마산역 경유",2943,0,0,NOINDEX_CANDIDATE
other,changwon-center1,"창원 의창구·성산구·마산 녹음실 스튜디오 방문 가이드",2141,0,0,NOINDEX_CANDIDATE
city-ktx-visit,changwon1,"창원·마산·진해에서 서울 녹음실 방문 가이드 — KTX로 스튜디오 놀 이용하기",3222,0,0,NOINDEX_CANDIDATE
other,cheonan-seobu1,"천안시 서북구 불당·두정·직산·성환 녹음실",2982,0,0,NOINDEX_CANDIDATE
other,cheonan1,"천안·아산에서 서울 녹음실 — KTX·전철로 스튜디오 놀 방문 가이드",3238,1,34,KEEP
city-ktx-visit,cheongdo1,"청도에서 서울 녹음실 방문 가이드 — KTX 동대구역 또는 신경주역 경유",2973,0,0,NOINDEX_CANDIDATE
other,cheongju-center1,"청주 흥덕구·상당구·서원구 녹음실 스튜디오 방문 가이드",3625,0,0,NOINDEX_CANDIDATE
city-ktx-visit,cheongju1,"청주에서 서울 녹음실 방문 가이드 — KTX 오송역으로 스튜디오 놀 당일 왕복",2865,0,0,NOINDEX_CANDIDATE
other,cheongnyangni1,"청량리·왕십리·신답 근처 녹음실 — 동대문구에서 연신내 스튜디오 놀 방문 가이드",3067,3,26,KEEP
city-ktx-visit,cheongsong1,"청송에서 서울 녹음실 방문 가이드 — KTX 안동역 경유로 방문",3017,0,0,NOINDEX_CANDIDATE
city-ktx-visit,cheongyang1,"청양에서 서울 녹음실 방문 가이드 — KTX 대전역 경유로 당일 왕복",3013,0,0,NOINDEX_CANDIDATE
other,cheonho1,"천호·암사·길동·명일 녹음실 — 강동구 서부에서 연신내 스튜디오 놀 방문 가이드",3223,0,0,NOINDEX_CANDIDATE
city-ktx-visit,cheorwon1,"철원에서 서울 녹음실 방문 가이드 — 버스로 의정부 경유 당일 왕복",3402,0,6,WATCH_LOW
other,chest-voice1,"흉성(Chest Voice) 완전 가이드 — 두껍고 파워풀한 저음역 발성 트레이닝",3557,3,110,KEEP
other,children1,"어린이·청소년 보컬 녹음 가이드 — 아이의 목소리를 담는 특별한 경험",2345,0,0,NOINDEX_CANDIDATE
city-ktx-visit,chilgok1,"칠곡에서 서울 녹음실 방문 가이드 — KTX 동대구역 또는 김천구미역 경유",2851,0,0,NOINDEX_CANDIDATE
other,choir1,"합창·코랄 보컬 녹음 완전 가이드 — 스튜디오에서 합창 녹음하는 방법",2462,2,16,KEEP
other,chord-progression1,"코드 진행 완전 가이드 — 장르별 코드 패턴·감정 표현·작곡 응용",2859,6,295,KEEP
other,chord-progressions1,"코드 진행 완전 가이드 — 장르별 코드 진행과 작곡 활용법",2212,0,0,NOINDEX_CANDIDATE
other,chordprog1,"코드 진행 기초 가이드 — 팝·발라드·R&B 코드 패턴 입문",2336,7,178,KEEP
other,chorus-effect1,"코러스·플랜저·페이저 활용법 — 모듈레이션 이펙트 보컬·기타·건반 세팅",2772,0,39,WATCH
city-ktx-visit,chuncheon1,"춘천에서 서울 녹음실 방문 가이드 — ITX·버스로 스튜디오 놀 당일 왕복",3177,0,0,NOINDEX_CANDIDATE
other,chungbuk1,"충청북도 녹음실 — 충북 주요 도시에서 서울 연신내 스튜디오 놀 방문 가이드",2366,1,9,KEEP
city-ktx-visit,chungju1,"충주에서 서울 녹음실 방문 가이드 — KTX 오송역 경유 또는 충주역 기차",2929,0,16,WATCH
other,chungnam1,"충남·당진·서산·태안 녹음실 — 충청남도 서해안에서 연신내 스튜디오 놀 방문 가이드",1929,0,9,WATCH_LOW
other,church1,"교회 찬양·성가 녹음 가이드 — 찬양팀·성가대 음원 제작부터 예배 음원 발매까지",2183,1,14,KEEP
other,classical-vocal1,"클래식 성악·오페라 보컬 완전 가이드 — 발성 원리·레퍼토리·녹음 기법",4280,0,0,NOINDEX_CANDIDATE
other,clipper1,"클리퍼·소프트 클리핑 완전 가이드 — 믹스 음압 높이기와 클리핑 방지",3377,1,95,KEEP
other,collab-tools1,"음악 온라인 협업 도구 완전 가이드 협업 도구 가이드",2948,0,0,NOINDEX_CANDIDATE
other,commission1,"음악 작업 의뢰 방법 — MR·편곡·작사 외주 완전 가이드",2543,0,0,NOINDEX_CANDIDATE
other,comp1176,"1176 컴프레서 완전 가이드 — 클래식 FET 컴프레서 활용법",3511,0,0,NOINDEX_CANDIDATE
other,comping1,"보컬 컴핑 완전 가이드 — 최고의 보컬 테이크 선택·편집·조합 방법",3289,2,57,KEEP
other,compose1,"악기 없이 작곡하는 방법 — 보컬 멜로디 중심 작곡 완전 가이드",2991,0,0,NOINDEX_CANDIDATE
other,compress1,"보컬 컴프레서 사용법 — 어택·릴리즈·레시오 설정과 보컬에 맞는 컴프레싱",1969,7,233,KEEP
other,compression-guide1,"컴프레서 완전 가이드 — 보컬·드럼·베이스 컴프레션 설정과 원리",3432,5,223,KEEP
other,compressor1,"보컬 컴프레서 완전 가이드 — 다이나믹 컨트롤과 믹싱 세팅",2835,7,232,KEEP
other,concert-vocal1,"콘서트·공연 보컬 준비 완전 가이드 — 무대 전날부터 당일 관리까지",2969,3,52,KEEP
other,condenser-mic1,"콘덴서 마이크 완전 가이드 — 보컬 녹음용 콘덴서 마이크 선택·추천·사용법",3053,8,272,KEEP
other,contract1,"음악 계약 주의사항 — 전속 계약·음반 계약 체결 전 반드시 확인할 것",2394,5,211,KEEP
other,copyright-cover1,"유튜브 커버곡 저작권 — 삭제·수익화 조건 한눈에 (KOMCA 기준)",2670,31,1985,KEEP
other,copyright1,"음악 저작권 등록 방법 — KOMCA 등록, 저작권 보호, 인디 뮤지션 저작권 관리",2887,0,0,NOINDEX_CANDIDATE
other,corporate1,"기업 행사·회사 기념 음원 제작 — 창립기념일·시상식·홍보 영상 음원 가이드",2270,1,6,KEEP
other,country-vocal1,"컨트리 보컬 창법 — 트윙 음색·스토리텔링·내추럴 비브라토 훈련",3928,1,30,KEEP
other,cover-song1,"커버송 녹음 완전 가이드 — 유튜브·SNS용 커버 음원 제작부터 업로드까지",2258,4,124,KEEP
other,cover1,"커버곡 녹음 가이드 — 유튜브·SNS용 고음질 커버 음원 만드는 법",2060,5,148,KEEP
other,coverart1,"음반 커버 아트 완전 가이드 — 스트리밍 플랫폼 기준 이미지 제작 방법",3009,1,50,KEEP
other,coverrecording1,"커버 곡 녹음 완전 가이드 — 원곡보다 나은 커버 만들기",2527,10,143,KEEP
other,coverright1,"커버곡 저작권 처리 방법 — 유튜브·SNS에 커버 영상 올릴 때 주의할 점",2618,0,0,NOINDEX_CANDIDATE
other,creative-block1,"작곡가·뮤지션 창작 슬럼프 극복 완전 가이드 — 창작 막힘에서 벗어나는 방법",2771,0,3,WATCH_LOW
other,creative-slump1,"창작 슬럼프 극복 완전 가이드 — 음악 창작 블록 해소 방법",2632,1,19,KEEP
other,cubase1,"Cubase 보컬 녹음 완전 가이드 — Steinberg DAW로 스튜디오급 보컬",3454,0,0,NOINDEX_CANDIDATE
other,daechi1,"대치·개포·도곡 녹음실 — 강남구 학원가에서 연신내 스튜디오 놀 방문 가이드",3133,0,420,WATCH
other,daegu-dalseo1,"대구 달서구·서구·남구 녹음실 스튜디오 방문 가이드",3499,3,33,KEEP
city-ktx-visit,daegu1,"대구에서 서울 녹음실 방문 가이드 — KTX로 스튜디오 놀 당일 왕복",1513,0,4,WATCH_LOW
other,daehak1,"대학로·혜화 근처 녹음실 — 종로구에서 연신내 스튜디오 놀 방문 가이드",2199,1,46,KEEP
seoul-district-studio,daejeon-daedeok1,"대전시 대덕구 신탄진·회덕·법동 녹음실 — KTX로 연신내 스튜디오 놀 방문 가이드",3016,0,0,NOINDEX_CANDIDATE
seoul-district-studio,daejeon-donggu1,"대전시 동구·중구 대전역·동대전 녹음실 — KTX로 연신내 스튜디오 놀 방문 가이드",3053,0,0,NOINDEX_CANDIDATE
other,daejeon-yuseong1,"대전 유성구·둔산·서구 녹음실 스튜디오 방문 가이드",3628,5,53,KEEP
city-ktx-visit,daejeon1,"대전에서 서울 녹음실 방문 가이드 — KTX 50분으로 스튜디오 놀 당일 왕복",1449,0,40,WATCH
other,daerim1,"대림·남구로·도림·가리봉 녹음실 — 2호선·7호선으로 연신내 스튜디오 놀 방문 가이드",3273,0,0,NOINDEX_CANDIDATE
city-ktx-visit,damyang1,"담양에서 서울 녹음실 방문 가이드 — KTX 광주송정역 경유로 스튜디오 놀 당일 왕복",3181,0,9,WATCH_LOW
city-ktx-visit,dangjin1,"당진에서 서울 녹음실 방문 가이드 — KTX 천안아산역 또는 고속버스 경유",3141,0,72,WATCH
city-ktx-visit,danyang1,"단양에서 서울 녹음실 방문 가이드 — ITX 제천역 또는 버스 경유",2845,0,0,NOINDEX_CANDIDATE
other,daw-choice1,"큐베이스 vs 로직 프로 vs 에이블톤 — 나에게 맞는 DAW 선택 가이드",24317,69,1204,KEEP
other,daw-comparison1,"DAW 비교 완전 가이드 완전 비교 가이드",3050,0,0,NOINDEX_CANDIDATE
other,daw-performance1,"DAW 퍼포먼스 최적화 완전 가이드 — CPU·레이턴시·버퍼 설정",2651,2,183,KEEP
other,daw-template1,"DAW 믹싱 템플릿 완전 가이드 — 보컬 녹음·믹싱 세션 파일 세팅 방법",3071,3,69,KEEP
other,daw1,"DAW 선택 가이드 — GarageBand·Logic·Ableton·FL Studio 비교",2820,4,133,KEEP
other,de-esser1,"디에서(De-esser) 완전 가이드 — 시빌런스 제거와 보컬 믹싱 세팅",2891,1,52,KEEP
other,debut1,"가수 데뷔 준비 완전 가이드 — 인디 아티스트로 음원 발매하는 방법",2918,2,231,KEEP
other,deepvoice1,"목소리 굵어지는 방법 — 풍부하고 두꺼운 보컬 사운드 만들기",2443,0,0,NOINDEX_CANDIDATE
other,deesser1,"디에서(De-esser) 완전 가이드 — 보컬 치찰음 제거 방법",2571,0,0,NOINDEX_CANDIDATE
other,delay-mixing1,"딜레이 믹싱 완전 가이드 — 슬랩백·에코·핑퐁 딜레이 보컬·악기 적용법",3972,0,0,NOINDEX_CANDIDATE
other,delay-types1,"딜레이 종류 완전 가이드 — 슬랩백·핑퐁·테이프 딜레이 차이와 보컬 활용법",5141,18,428,KEEP
other,delay1,"딜레이 vs 리버브 차이 완전 가이드 — 보컬 믹싱에서 올바르게 사용하는 방법",2854,6,275,KEEP
other,demo-recording1,"오디션 데모 녹음 완전 가이드 — 오디션·콩쿠르·레이블 제출용 보컬 데모",2612,0,0,NOINDEX_CANDIDATE
other,demo-tape1,"데모 녹음·데모 테이프 완전 가이드 — 오디션·기획사 제출용 데모 제작 방법",2837,0,0,NOINDEX_CANDIDATE
other,demotrack1,"기획사·레이블 제출용 데모 트랙 완성 가이드 — 심사위원이 원하는 데모란",2233,1,22,KEEP
other,diaphragm1,"복식호흡·횡격막 발성 완전 가이드 — 보컬 호흡 훈련법",2922,0,0,NOINDEX_CANDIDATE
other,diction1,"보컬 딕션 완전 가이드 — 발음 명확도를 높이는 발성 훈련",2762,0,0,NOINDEX_CANDIDATE
other,direction1,"보컬 디렉팅이란? — 스튜디오 녹음에서 엔지니어가 하는 일",2192,0,0,NOINDEX_CANDIDATE
other,distribution1,"인디 음원 유통 방법 — DistroKid·국내 유통사 비교와 멜론·스포티파이 발매 절차",4464,26,1168,KEEP
seoul-district-studio,dobong-banghak1,"도봉구 방학·쌍문·도봉·창동 녹음실 — 1호선·4호선으로 연신내 스튜디오 놀 방문 가이드",3581,0,14,WATCH
other,dobong1,"도봉구에서 스튜디오 놀 방문 가이드 — 4호선으로 연신내까지 30분",3591,0,0,NOINDEX_CANDIDATE
other,done1,"스튜디오 놀 공식 웹사이트 새 단장 완료 안내",1654,0,5,WATCH_LOW
other,dongdaemun-sinseol1,"동대문구 신설·용두·제기·답십리 녹음실",3275,0,0,NOINDEX_CANDIDATE
other,dongdaemun1,"동대문구 녹음실 — 청량리·회기·제기·신설에서 연신내까지",3206,0,0,NOINDEX_CANDIDATE
city-ktx-visit,dongducheon1,"동두천에서 서울 녹음실 방문 가이드 — 1호선으로 당일 왕복",2941,0,0,NOINDEX_CANDIDATE
other,donghae1,"동해시 녹음실 — 강원 동해에서 연신내 스튜디오 놀까지",3118,0,0,NOINDEX_CANDIDATE
seoul-district-studio,dongjak-heukseok1,"동작구 흑석동·동작동·본동 녹음실 — 9호선·4호선으로 연신내 스튜디오 놀 방문 가이드",2577,0,0,NOINDEX_CANDIDATE
seoul-district-studio,dongjak-noryangjin1,"동작구 노량진·대방·신대방 녹음실 — 9호선으로 연신내 스튜디오 놀 방문 가이드",3109,0,14,WATCH
seoul-district-studio,dongjak-sadang1,"동작구 사당·방배·상도·이수 녹음실 — 2호선·7호선으로 연신내 스튜디오 놀 방문 가이드",3160,0,0,NOINDEX_CANDIDATE
other,dongjak1,"동작구 녹음실 — 노량진·사당·이수·대방에서 연신내까지",2639,0,14,WATCH
other,dongtan1,"동탄·용인·수지 녹음실 — 경기 남동부에서 서울 전문 스튜디오 이용 가이드",3114,1,32,KEEP
other,doubletracking1,"보컬 더블 트래킹 완전 가이드 — 소리를 두껍게 만드는 녹음 기술",2794,0,0,NOINDEX_CANDIDATE
other,drama-ost1,"드라마·영화 OST 녹음 가이드 — OST 보컬 준비부터 납품까지",2511,0,0,NOINDEX_CANDIDATE
other,drum-mixing1,"드럼 믹싱 완전 가이드 — 킥·스네어·하이햇 EQ·컴프레서 실전 설정",3265,11,310,KEEP
other,drum-programming1,"드럼 프로그래밍 완전 가이드 — MIDI 드럼 패턴과 휴머나이징",2149,4,62,KEEP
other,drum-recording1,"드럼 녹음 완전 가이드 — 마이킹 배치·룸 어쿠스틱·드럼 EQ 실전 방법",2549,0,0,NOINDEX_CANDIDATE
other,drum1,"드럼 녹음 방법 완전 가이드 — 홈 레코딩과 전문 스튜디오 드럼 세션",2737,11,159,KEEP
other,duet1,"듀엣 녹음 가이드 — 커플·친구·밴드 2인 보컬 녹음을 완성하는 방법",2162,0,19,WATCH
other,dynamics1,"보컬 다이나믹 컨트롤 완전 가이드 — 소리 크기를 자유자재로 다루는 발성 기술",3749,0,0,NOINDEX_CANDIDATE
other,ear-fatigue1,"귀 피로 방지 완전 가이드 — 믹싱 중 청각 피로 관리와 올바른 모니터링 습관",2690,0,0,NOINDEX_CANDIDATE
other,ear-training1,"음감 훈련(Ear Training) 완전 가이드",2212,0,0,NOINDEX_CANDIDATE
other,eartraining1,"음감 키우는 청음 훈련 — 인터벌·코드·멜로디 청음 단계별 방법과 무료 앱",3223,0,117,WATCH
other,edm-production1,"EDM 프로덕션 완전 가이드 — 일렉트로닉 댄스 뮤직 제작·드롭·빌드업 전략",3044,0,0,NOINDEX_CANDIDATE
other,electronic-music1,"전자 음악 제작 완전 가이드 — EDM·신스팝·앰비언트 사운드 디자인",3133,0,0,NOINDEX_CANDIDATE
other,ep-album1,"인디 EP 앨범 만들기 — 기획·녹음·믹싱·발매까지 단계별 제작 순서",2678,0,53,WATCH
other,ep-making1,"EP 제작 완전 가이드 — 인디 아티스트를 위한 미니앨범 제작 전 과정",2241,3,92,KEEP
other,ep-production1,"EP 제작 완전 가이드 — 인디 아티스트를 위한 미니 앨범 제작 과정",2949,3,121,KEEP
other,ep-release1,"EP 발매 완전 가이드 — 미니앨범 제작·출시 절차·타임라인",2784,1,20,KEEP
other,epk1,"EPK 만드는 법 — 인디 뮤지션 홍보 자료 5가지 필수 요소",2118,8,475,KEEP
other,eq-guide1,"보컬 EQ 완전 가이드 — 주파수 대역별 역할과 믹싱 실전 세팅",2969,0,0,NOINDEX_CANDIDATE
other,eq1,"보컬 EQ 설정법 — 주파수별 역할과 믹싱 포인트 한눈에",3207,20,595,KEEP
seoul-district-studio,euljiro1,"을지로·명동·중구 근처 녹음실 — 도심에서 연신내 스튜디오 놀 방문 가이드",3126,0,0,NOINDEX_CANDIDATE
city-ktx-visit,eumseong1,"음성에서 서울 녹음실 방문 가이드 — KTX 오송역 경유로 당일 왕복",2817,0,2,WATCH_LOW
other,eungam1,"응암·역촌·구산·수색 녹음실 — 은평구 서부에서 연신내 스튜디오 놀 방문 가이드",3204,1,22,KEEP
other,eunpyeong1,"은평구 녹음실 — 응암·역촌·구산·녹번 주민이 이용하는 전문 레코딩 스튜디오",3532,0,0,NOINDEX_CANDIDATE
other,fabfilter1,"FabFilter Pro-Q3 완전 가이드 — 보컬 믹싱을 위한 최고의 EQ 플러그인",3205,7,149,KEEP
other,falsetto1,"가성 내는 법 — 두성·팔세토 차이와 성구 전환 단계별 훈련",4030,7,1098,KEEP
other,fan-community1,"팬 커뮤니티 완전 가이드 — 인디 아티스트의 팬덤 구축·유지·소통 전략",3258,0,0,NOINDEX_CANDIDATE
other,film-scoring1,"영화음악·영상음악 작곡 완전 가이드 — 싱크 라이센싱부터 스코어링까지",2955,3,88,KEEP
other,flstudio1,"FL Studio 보컬 녹음 완전 가이드 — 힙합·EDM 프로듀서를 위한 보컬 세팅",3155,7,148,KEEP
other,folk-music1,"포크 음악 제작 완전 가이드 — 어쿠스틱 사운드·보컬 녹음·편곡 방법",2971,0,0,NOINDEX_CANDIDATE
other,folk1,"포크·통기타 자작곡 녹음 가이드 — 싱어송라이터 어쿠스틱 사운드 완성하기",2481,0,0,NOINDEX_CANDIDATE
other,frequency-masking1,"주파수 마스킹 완전 가이드 — 악기 간 공간 분리와 보컬 명료도",3328,0,0,NOINDEX_CANDIDATE
other,frequency-spectrum1,"EQ 주파수 대역 이해 — 보컬·악기별 스펙트럼 분포와 마스킹 방지법",3779,8,358,KEEP
other,funk-music1,"펑크 음악 제작 완전 가이드 — 그루브·리듬·앙상블 레코딩",4095,0,0,NOINDEX_CANDIDATE
other,future-bass1,"퓨처 베이스 프로덕션 완전 가이드 — 슈퍼소우·이모셔널 드롭·보컬 쵸핑 기법",2831,0,0,NOINDEX_CANDIDATE
other,gaebong1,"개봉·오류·천왕·항동 녹음실 — 1호선으로 연신내 스튜디오 놀 방문 가이드",2936,0,0,NOINDEX_CANDIDATE
other,gaepodong1,"개포·일원·수서·대치 녹음실 — 강남구 남부에서 연신내 스튜디오 놀 방문 가이드",3131,0,0,NOINDEX_CANDIDATE
other,gain-staging1,"게인 스테이징 완전 가이드 — 클리핑 없는 깨끗한 레코딩과 믹스 세팅",3067,3,39,KEEP
other,game-music1,"게임 음악 제작 — BGM 루프·효과음·Wwise·FMOD 인터랙티브 오디오",4533,3,61,KEEP
other,gangbuk1,"강북구·도봉구 녹음실 — 수유·미아·방학·쌍문에서 가까운 전문 레코딩 스튜디오",3285,0,15,WATCH
seoul-district-studio,gangdong-amsa1,"강동구 암사동·강일동 녹음실 — 5호선·9호선으로 연신내 스튜디오 놀",3099,0,13,WATCH
seoul-district-studio,gangdong-dunchon1,"강동구 둔촌·성내·오금·방이동 녹음실 — 5호선으로 연신내 스튜디오 놀 방문 가이드",3046,0,0,NOINDEX_CANDIDATE
other,gangdong1,"강동구 녹음실 — 강동·길동·천호·암사에서 연신내까지",3284,0,35,WATCH
city-ktx-visit,ganghwa1,"강화에서 서울 녹음실 방문 가이드 — 버스로 신촌까지 당일 왕복",2790,0,0,NOINDEX_CANDIDATE
city-ktx-visit,gangjin1,"강진에서 서울 녹음실 방문 가이드 — KTX 광주송정역 또는 나주역 경유",3657,0,0,NOINDEX_CANDIDATE
other,gangnam1,"강남에서 스튜디오 놀 방문 가이드 — 지하철 2호선으로 연신내까지 25분",3507,0,0,NOINDEX_CANDIDATE
city-ktx-visit,gangneung1,"강릉·강원도에서 서울 녹음실 방문 가이드 — KTX 강릉선으로 스튜디오 놀 당일 왕복",3171,0,0,NOINDEX_CANDIDATE
seoul-district-studio,gangseo-gayang1,"강서구 가양·등촌·염창 녹음실 — 9호선으로 연신내 스튜디오 놀 방문 가이드",2970,1,18,KEEP
seoul-district-studio,gangseo-hwagok1,"강서구 화곡·등촌·가양동 녹음실 — 5호선으로 연신내 스튜디오 놀 방문 가이드",3629,1,31,KEEP
other,gangseo1,"강서구 녹음실 — 화곡·발산·개화·방화에서 연신내까지",3273,0,31,WATCH
other,gangwon1,"강원도 녹음실 — 강원 주요 도시에서 서울 연신내 스튜디오 놀 방문 가이드",1442,0,6,WATCH_LOW
city-ktx-visit,gapyeong1,"가평에서 서울 녹음실 방문 가이드 — ITX·버스로 연신내 스튜디오 놀 당일 왕복",2984,1,64,KEEP
other,garageband1,"GarageBand 보컬 녹음 완전 가이드 — 무료 DAW로 고퀄리티 녹음",3332,0,0,NOINDEX_CANDIDATE
other,garak1,"가락·오금·마천·거여 녹음실 — 송파구 동부에서 연신내 스튜디오 놀 방문 가이드",3248,0,0,NOINDEX_CANDIDATE
other,garibong1,"가리봉·구로역·구일·개봉 녹음실 — 구로구 남부에서 연신내 스튜디오 놀 방문 가이드",3149,0,0,NOINDEX_CANDIDATE
seoul-district-studio,gasan1,"가산·독산·금천구 근처 녹음실 — 금천구에서 연신내 스튜디오 놀 방문 가이드",3270,0,0,NOINDEX_CANDIDATE
other,genre-choice1,"내 목소리에 맞는 음악 장르 찾기 — 음색·음역·성격에 따른 장르 선택 가이드",2775,0,0,NOINDEX_CANDIDATE
city-ktx-visit,geochang1,"거창에서 서울 녹음실 방문 가이드 — KTX 진주역 경유로 당일 왕복",3193,0,18,WATCH
city-ktx-visit,geoje1,"거제에서 서울 녹음실 방문 가이드 — KTX 창원중앙역(마산역) 경유",3066,0,0,NOINDEX_CANDIDATE
other,geumcheon1,"금천구·독산·시흥·가산 녹음실 — 금천구에서 연신내 스튜디오 놀 방문 가이드",3218,0,15,WATCH
other,geumho1,"금호·옥수·행당·마장 녹음실 — 성동구 남부에서 연신내 스튜디오 놀 방문 가이드",3271,1,10,KEEP
other,geumsan1,"금산 녹음실 — 충남 금산에서 연신내 스튜디오 놀까지",3072,0,4,WATCH_LOW
other,gift1,"노래 녹음 선물 — 결혼기념일·생일·부모님께 특별한 음원 만들기",1657,0,22,WATCH
other,gileum1,"길음·정릉·삼선·성북 녹음실 — 성북구에서 연신내 스튜디오 놀 방문 가이드",3162,0,0,NOINDEX_CANDIDATE
city-ktx-visit,gimcheon1,"김천에서 서울 녹음실 방문 가이드 — KTX 김천구미역으로 2시간 10분",2990,0,0,NOINDEX_CANDIDATE
city-ktx-visit,gimhae1,"김해에서 서울 녹음실 방문 가이드 — KTX 부산역 경유로 스튜디오 놀 당일 왕복",3312,0,0,NOINDEX_CANDIDATE
city-ktx-visit,gimje1,"김제에서 서울 녹음실 방문 가이드 — KTX 전주역 또는 정읍역 경유",3344,0,1,WATCH_LOW
other,gimpo-janggi1,"김포 장기동·마산동·통진·양촌 녹음실",3069,3,42,KEEP
other,gimpo-sauong1,"김포 사우·풍무·고촌·운양 녹음실 스튜디오 방문 안내",3252,0,0,NOINDEX_CANDIDATE
other,gimpo1,"김포·김포공항 녹음실 — 김포한강신도시·공항에서 가까운 전문 스튜디오",3102,0,0,NOINDEX_CANDIDATE
other,global-release1,"해외 음원 발매·글로벌 배포 완전 가이드 — K-pop·인디 음악 해외 스트리밍 진출 방법",4190,0,0,NOINDEX_CANDIDATE
other,glossary1,"녹음실 용어 사전 — 초보자가 알아야 할 스튜디오·음악 제작 용어 완전 정리",3170,7,113,KEEP
city-ktx-visit,gochang1,"고창에서 서울 녹음실 방문 가이드 — KTX 정읍역 경유로 당일 왕복",3226,0,0,NOINDEX_CANDIDATE
other,godeok1,"고덕·상일·강일·하남 녹음실 — 강동구 동부에서 연신내 스튜디오 놀 방문 가이드",3207,0,0,NOINDEX_CANDIDATE
city-ktx-visit,goesan1,"괴산에서 서울 녹음실 방문 가이드 — KTX 오송역 경유로 당일 왕복",2803,0,13,WATCH
city-ktx-visit,goheung1,"고흥에서 서울 녹음실 방문 가이드 — KTX 순천역 경유로 스튜디오 놀 당일 왕복",3530,0,14,WATCH
city-ktx-visit,gokseong1,"곡성에서 서울 녹음실 방문 가이드 — KTX 순천역 또는 광주송정역 경유",3466,0,4,WATCH_LOW
other,gongdeok1,"공덕·아현·도화·용강 녹음실 — 마포구 중심부에서 연신내 스튜디오 놀 방문 가이드",3171,0,0,NOINDEX_CANDIDATE
city-ktx-visit,gongju1,"공주·논산에서 서울 녹음실 방문 가이드 — KTX 공주역으로 스튜디오 놀 당일 왕복",2963,0,0,NOINDEX_CANDIDATE
city-ktx-visit,goryeong1,"고령에서 서울 녹음실 방문 가이드 — KTX 동대구역 경유로 당일 왕복",2978,0,0,NOINDEX_CANDIDATE
city-ktx-visit,goseong-gangwon1,"고성(강원)에서 서울 녹음실 방문 가이드 — KTX 속초역 또는 동해선 경유",3207,0,0,NOINDEX_CANDIDATE
city-ktx-visit,goseong-gyeongnam1,"고성(경남)에서 서울 녹음실 방문 가이드 — KTX 진주역 경유로 당일 왕복",3028,0,22,WATCH
other,gospel-music1,"가스펠·CCM 음악 제작 — 합창 그룹 녹음·보컬 하모니 편곡법",3513,0,23,WATCH
seoul-district-studio,goyang-deokyang1,"고양 덕양구 능곡·원당·원흥·화전 녹음실 — 경의중앙선으로 연신내 스튜디오 놀 방문 가이드",3148,0,11,WATCH
other,goyang-haengsin1,"고양 행신·화정·삼송·신원 녹음실 — 경의중앙선으로 연신내 스튜디오 놀 방문 가이드",2046,0,0,NOINDEX_CANDIDATE
other,goyang1,"고양시·파주 녹음실 — 일산·화정·삼송에서 가까운 전문 레코딩 스튜디오",3228,0,0,NOINDEX_CANDIDATE
other,growthplan1,"보컬 실력 향상 로드맵 — 초보부터 전문가까지 단계별 성장 계획",2389,0,0,NOINDEX_CANDIDATE
other,gugak-recording1,"국악·전통 음악 레코딩 완전 가이드 — 가야금·판소리·해금·대금 녹음 방법",2756,1,6,KEEP
other,guide1,"녹음실 처음 방문 전 체크리스트 — 보컬 녹음 준비물과 당일 진행 순서",2113,0,0,NOINDEX_CANDIDATE
other,guitar-mixing1,"기타 믹싱 완전 가이드 — 일렉·어쿠스틱 기타 EQ·컴프레서 실전 설정",3124,0,0,NOINDEX_CANDIDATE
other,guitar-recording1,"기타 녹음 완전 가이드 — 어쿠스틱·일렉 기타 마이킹과 DI 녹음 방법",2725,0,0,NOINDEX_CANDIDATE
other,guitar1,"기타 녹음 방법 완전 가이드 — 어쿠스틱·일렉 기타 녹음의 차이와 실전 팁",2523,0,0,NOINDEX_CANDIDATE
city-ktx-visit,gumi1,"구미·김천에서 서울 녹음실 방문 가이드 — KTX 김천구미역으로 스튜디오 놀 당일 왕복",3080,0,0,NOINDEX_CANDIDATE
other,gunpo-sanbon1,"군포 산본·금정·당동·속달동 녹음실 — 4호선으로 연신내 스튜디오 놀 방문 가이드",3204,0,23,WATCH
other,gunpo1,"군포·안산 녹음실 — 군포·산본·수리산에서 연신내까지",3327,0,39,WATCH
city-ktx-visit,gunsan1,"군산에서 서울 녹음실 방문 가이드 — KTX 익산역 경유 2시간 30분",3329,0,0,NOINDEX_CANDIDATE
city-ktx-visit,gunwi1,"군위에서 서울 녹음실 방문 가이드 — 대구 경유 KTX로 3시간",3194,0,0,NOINDEX_CANDIDATE
city-ktx-visit,guri1,"구리에서 서울 녹음실 방문 가이드 — 경의중앙선으로 연신내까지 50분",3001,0,0,NOINDEX_CANDIDATE
other,guro-gasan1,"구로·가산디지털단지 녹음실 — 1호선·7호선으로 연신내 스튜디오 놀 방문 가이드",3113,2,64,KEEP
seoul-district-studio,guro-oryu1,"구로구 오류·개봉·고척 녹음실 — 1호선으로 연신내 스튜디오 놀 방문 가이드",2979,0,0,NOINDEX_CANDIDATE
other,guro1,"구로·금천구 녹음실 — 구로디지털단지·가산디지털단지에서 연신내까지",3282,0,0,NOINDEX_CANDIDATE
city-ktx-visit,gurye1,"구례에서 서울 녹음실 방문 가이드 — KTX 순천역 경유로 스튜디오 놀 당일 왕복",3513,0,0,NOINDEX_CANDIDATE
city-ktx-visit,gwacheon1,"과천에서 서울 녹음실 방문 가이드 — 4호선으로 연신내까지 40분",3152,0,0,NOINDEX_CANDIDATE
seoul-district-studio,gwanak-bongcheon1,"관악구 봉천동·서원동·중앙동 녹음실 — 2호선 봉천역에서 연신내 스튜디오 놀 방문 가이드",2518,2,47,KEEP
seoul-district-studio,gwanak-sillim1,"관악구 신림·서원·미성 녹음실 — 2호선으로 연신내 스튜디오 놀 방문 가이드",3242,0,0,NOINDEX_CANDIDATE
other,gwanak1,"관악구·동작구 녹음실 — 신림·봉천·상도·노량진에서 가까운 전문 스튜디오",2660,0,0,NOINDEX_CANDIDATE
seoul-district-studio,gwangjin-gunja1,"광진구 군자·광장·중곡·화양동 녹음실 — 5호선·7호선으로 연신내 스튜디오 놀 방문 가이드",3126,0,0,NOINDEX_CANDIDATE
seoul-district-studio,gwangjin-jayang1,"광진구 자양·화양·중곡 녹음실 — 2호선으로 연신내 스튜디오 놀 방문 가이드",3024,0,5,WATCH_LOW
other,gwangjin1,"광진구·성동구 녹음실 — 건대·왕십리·성수·뚝섬에서 가까운 전문 스튜디오",3178,0,31,WATCH
city-ktx-visit,gwangju-gyeonggi1,"경기 광주에서 서울 녹음실 방문 가이드 — 경강선·광역버스로 당일 왕복",3242,1,35,KEEP
other,gwangju-opoong1,"경기 광주시 오포읍·곤지암·퇴촌면 녹음실 — 경강선으로 연신내 스튜디오 놀 방문 가이드",3408,0,0,NOINDEX_CANDIDATE
other,gwangju-sangmu1,"광주 상무지구·충장로·서구·북구 녹음실",2250,0,0,NOINDEX_CANDIDATE
city-ktx-visit,gwangju1,"광주에서 서울 녹음실 방문 가이드 — KTX·SRT로 스튜디오 놀 이용하기",1579,0,0,NOINDEX_CANDIDATE
other,gwangmyeong-haean1,"광명 하안·철산·소하·역전마을 녹음실 — 지하철 7호선으로 연신내 스튜디오 놀 방문 가이드",3214,0,0,NOINDEX_CANDIDATE
other,gwangmyeong1,"광명·과천·의왕 녹음실 — 경기 서부에서 가까운 전문 보컬 레코딩 스튜디오",3121,0,0,NOINDEX_CANDIDATE
city-ktx-visit,gwangyang1,"광양에서 서울 녹음실 방문 가이드 — KTX 광양역 또는 순천역 경유로 당일 왕복",3519,0,16,WATCH
other,gyeongbuk1,"경상북도 녹음실 — 경북 주요 도시에서 서울 연신내 스튜디오 놀 방문 가이드",2280,0,9,WATCH_LOW
other,gyeonggi1,"경기도 녹음실 — 분당·일산·수원·성남·고양에서 연신내 스튜디오 접근법",2725,0,25,WATCH
city-ktx-visit,gyeongju1,"경주에서 서울 녹음실 방문 가이드 — KTX 신경주역 경유로 당일 왕복",3166,0,0,NOINDEX_CANDIDATE
other,gyeongnam1,"경상남도 녹음실 — 경남 주요 도시에서 서울 연신내 스튜디오 놀 방문 가이드",2171,0,9,WATCH_LOW
city-ktx-visit,gyeongsan1,"경산·영천에서 서울 녹음실 방문 가이드 — KTX 동대구역 경유",3132,0,31,WATCH
city-ktx-visit,gyeryong1,"계룡에서 서울 녹음실 방문 가이드 — KTX 계룡역으로 당일 왕복",2481,1,9,KEEP
other,gyeyang1,"인천 계양·작전·귤현·임학 녹음실 — 인천 계양구에서 연신내 스튜디오 놀 방문 가이드",3159,0,0,NOINDEX_CANDIDATE
city-ktx-visit,hadong1,"하동에서 서울 녹음실 방문 가이드 — KTX 순천역 또는 진주역 경유",2982,0,0,NOINDEX_CANDIDATE
other,haebangchon1,"해방촌·경리단길 근처 녹음실 — 용산구에서 연신내 스튜디오 놀 방문 가이드",3202,0,7,WATCH_LOW
city-ktx-visit,haenam1,"해남에서 서울 녹음실 방문 가이드 — KTX 나주역 또는 광주송정역 경유",3584,0,2,WATCH_LOW
other,haengdang1,"행당·왕십리·마장·답십리 녹음실 — 성동구 서부에서 연신내 스튜디오 놀 방문 가이드",3209,0,0,NOINDEX_CANDIDATE
other,haeundae1,"해운대·센텀시티·수영 녹음실 — 부산 동부에서 서울 연신내 스튜디오 놀 방문 가이드",3525,1,18,KEEP
city-ktx-visit,haman1,"함안에서 서울 녹음실 방문 가이드 — KTX 창원중앙역(마산) 경유로 당일 왕복",2915,0,0,NOINDEX_CANDIDATE
city-ktx-visit,hampyeong1,"함평에서 서울 녹음실 방문 가이드 — KTX 나주역 또는 광주송정역 경유",3303,0,0,NOINDEX_CANDIDATE
city-ktx-visit,hamyang1,"함양에서 서울 녹음실 방문 가이드 — KTX 전주역 또는 동대구역 경유",3012,0,19,WATCH
other,hanam1,"하남·구리·광주 녹음실 — 경기 동부에서 서울 전문 스튜디오 이용 가이드",3124,3,43,KEEP
other,hannam1,"한남동·동빙고·한강진 녹음실 — 6호선으로 연신내 스튜디오 놀 방문 가이드",3073,0,13,WATCH
city-ktx-visit,hapcheon1,"합천에서 서울 녹음실 방문 가이드 — KTX 동대구역 또는 마산역 경유",3074,0,10,WATCH
other,hapjeong1,"합정·상수·망원 근처 녹음실 — 마포구에서 연신내 스튜디오 놀 방문 가이드",3214,1,56,KEEP
other,harmonizer1,"보컬 하모나이저 완전 가이드 — 플러그인으로 자동 하모니 만들기",3055,0,0,NOINDEX_CANDIDATE
other,harmony-singing1,"하모니 노래 완전 가이드 — 코러스·화음 보컬 녹음과 어레인지",2755,0,0,NOINDEX_CANDIDATE
other,harmony1,"코러스·화음 녹음 가이드 — 혼자 화음 쌓는 방법부터 그룹 코러스까지",2488,0,0,NOINDEX_CANDIDATE
other,head-voice1,"두성·헤드보이스 완전 가이드 — 두성 발성법·팔세토와의 차이·훈련 방법",3113,0,0,NOINDEX_CANDIDATE
other,headphone-mix1,"헤드폰 믹싱 완전 가이드 — 헤드폰으로 정확한 믹스 만들기",2726,0,0,NOINDEX_CANDIDATE
other,headphone-mixing1,"헤드폰 믹싱 완전 가이드 — 스피커 없이 정확하게 믹싱하는 방법",2914,4,52,KEEP
other,headphone1,"녹음 헤드폰 완전 가이드 — 모니터 헤드폰 선택과 보컬 녹음 시 주의사항",2375,0,0,NOINDEX_CANDIDATE
other,headvoice1,"두성(헤드 보이스) 찾는 법 — 팔세토와 차이·허밍 슬라이딩 훈련법",2622,12,451,KEEP
other,heukseok1,"흑석·노들·본동·신대방 녹음실 — 동작구 서부에서 연신내 스튜디오 놀 방문 가이드",3270,0,0,NOINDEX_CANDIDATE
other,high-note1,"고음 발성 완전 가이드 — 고음 올리는 방법과 고음 훈련법",2350,0,0,NOINDEX_CANDIDATE
other,highnote1,"고음 내는 방법 — 믹스 보이스·두성으로 힘 빼고 올라가는 발성 훈련",2662,15,658,KEEP
other,hip-hop-vocal1,"힙합 보컬·랩 녹음 — 플로우·딜리버리·오토튠·더블 트래킹 기법",2708,2,49,KEEP
other,hip1,"힙합·래퍼 보컬 녹음 가이드 — 플로우·딜리버리·레이어 보컬 완성하기",2033,0,0,NOINDEX_CANDIDATE
other,hiphop-production1,"힙합 프로덕션 완전 가이드 — 비트 제작·샘플링·보컬 레코딩·믹싱 전략",2821,0,0,NOINDEX_CANDIDATE
other,hiphop-vocal1,"힙합 래핑·플로우 보컬 완전 가이드 — 리듬감·라임·딕션 훈련 방법",2798,2,250,KEEP
other,hoarse1,"쉰 목소리 원인과 치료법 — 성대 보호 응급 가이드",2462,0,18,WATCH
other,hobbymusic1,"취미로 노래 배우기 — 직장인·성인 보컬 취미 시작 가이드",2497,0,0,NOINDEX_CANDIDATE
seoul-district-studio,hoegi1,"동대문구 회기·경희대·외대앞·이문동 녹음실 — 1호선으로 연신내 스튜디오 놀 방문 가이드",3088,0,15,WATCH
city-ktx-visit,hoengseong1,"횡성에서 서울 녹음실 방문 가이드 — KTX 원주역 경유로 당일 왕복",3214,0,6,WATCH_LOW
other,home-recording1,"홈 레코딩 완전 가이드 — 자택 녹음 환경 구축과 보컬 녹음 퀄리티 높이기",2785,1,95,KEEP
other,home-vs-studio1,"홈레코딩 vs 스튜디오 녹음 — 언제 어디서 녹음해야 하나",3141,2,34,KEEP
other,homegear1,"홈 레코딩 첫 장비 구입 가이드 — 보컬 녹음 시작에 필요한 최소 장비 구성",3065,3,147,KEEP
other,homestudio1,"홈 레코딩 vs 전문 스튜디오 녹음 — 내 상황에 맞는 선택 가이드",2765,0,0,NOINDEX_CANDIDATE
city-ktx-visit,hongcheon1,"홍천에서 서울 녹음실 방문 가이드 — ITX-청춘 춘천역 경유로 당일 왕복",3236,0,21,WATCH
other,hongdae1,"홍대·신촌 근처 녹음실 — 연신내 스튜디오 놀 이용 가이드",3027,0,0,NOINDEX_CANDIDATE
other,hongjei1,"홍제·홍은·남가좌·북가좌 녹음실 — 서대문구 북부에서 연신내 스튜디오 놀 방문 가이드",3058,0,0,NOINDEX_CANDIDATE
city-ktx-visit,hongseong1,"홍성에서 서울 녹음실 방문 가이드 — KTX 홍성역에서 당일 왕복",2775,0,0,NOINDEX_CANDIDATE
city-ktx-visit,hwacheon1,"화천에서 서울 녹음실 방문 가이드 — 경춘선 춘천 경유로 당일 왕복",3233,0,0,NOINDEX_CANDIDATE
other,hwaseong-bongdam1,"화성 봉담·향남·남양·마도 녹음실 — 화성시 서부에서 연신내 스튜디오 놀 방문 가이드",3021,0,0,NOINDEX_CANDIDATE
other,hwaseong-dongtan1,"화성시 동탄·동탄2 녹음실 — SRT·GTX-A로 연신내 스튜디오 놀 방문 가이드",3427,0,0,NOINDEX_CANDIDATE
other,hwaseong1,"화성·시흥·안산 녹음실 — 경기 서남부에서 가까운 전문 보컬 레코딩 스튜디오",3272,0,17,WATCH
city-ktx-visit,hwasun1,"화순에서 서울 녹음실 방문 가이드 — KTX 광주송정역 경유로 스튜디오 놀 당일 왕복",3235,0,0,NOINDEX_CANDIDATE
other,hwayang1,"화양·구의·광나루·아차산 녹음실 — 광진구 동부에서 연신내 스튜디오 놀 방문 가이드",3188,0,0,NOINDEX_CANDIDATE
other,hyehwa1,"혜화·대학로·창신·종로5가 녹음실 — 종로구 동부에서 연신내 스튜디오 놀 방문 가이드",3242,0,0,NOINDEX_CANDIDATE
other,icheon1,"이천·여주·안성 녹음실 — 경기 동남부에서 가까운 전문 보컬 레코딩 스튜디오",3372,0,0,NOINDEX_CANDIDATE
other,ichon1,"이촌·서빙고·한남·보광 녹음실 — 용산구 한강변에서 연신내 스튜디오 놀 방문 가이드",3198,0,20,WATCH
other,idol-vocal1,"아이돌·K팝 보컬 완전 가이드 — 훈련·녹음·퍼포먼스까지",2766,0,0,NOINDEX_CANDIDATE
city-ktx-visit,iksan1,"익산·군산에서 서울 녹음실 방문 가이드 — KTX 호남선으로 스튜디오 놀 당일 왕복",3159,0,0,NOINDEX_CANDIDATE
seoul-district-studio,ilsan-donggu1,"일산동구 백석·마두·정발산·주엽 녹음실 — 3호선으로 연신내 스튜디오 놀 방문 가이드",3032,0,0,NOINDEX_CANDIDATE
seoul-district-studio,ilsan-seogu1,"일산서구 정발산·주엽·대화·탄현 녹음실 — 3호선으로 연신내 스튜디오 놀 방문 가이드",3162,0,0,NOINDEX_CANDIDATE
city-ktx-visit,ilsan1,"일산·덕양구에서 서울 녹음실 방문 가이드 — 경의중앙선으로 스튜디오 놀까지",3310,2,37,KEEP
city-ktx-visit,imsil1,"임실에서 서울 녹음실 방문 가이드 — KTX 전주역 경유로 스튜디오 놀 당일 왕복",3349,0,6,WATCH_LOW
other,imun1,"이문·외대앞·석계·중화 녹음실 — 동대문구 북부에서 연신내 스튜디오 놀 방문 가이드",3103,0,0,NOINDEX_CANDIDATE
other,in-ear-monitor1,"인이어 모니터 완전 가이드 — 무대·녹음 시 IEM 선택과 사용 방법",2800,0,0,NOINDEX_CANDIDATE
seoul-district-studio,incheon-bupyeong1,"인천 부평구 부평·갈산·삼산·부개동 녹음실 — 1호선으로 연신내 스튜디오 놀 방문 가이드",3019,0,21,WATCH
other,incheon-geomdan1,"인천 검단신도시·원당·계양 녹음실 — 인천 서구 북부에서 스튜디오 놀 방문 가이드",3393,1,16,KEEP
seoul-district-studio,incheon-junggu1,"인천 중구 동인천·신포·차이나타운 녹음실 — 1호선으로 연신내 스튜디오 놀 방문 가이드",3064,0,0,NOINDEX_CANDIDATE
other,incheon-namdong1,"인천 남동구 구월·만수·논현·소래포구 녹음실",3131,0,0,NOINDEX_CANDIDATE
other,incheon-seo1,"인천 서구 석남·신현·가좌·청라 녹음실",3132,1,26,KEEP
other,incheon-yeonsu1,"인천 연수구 연수·청학·동춘·옥련동 녹음실",3062,0,0,NOINDEX_CANDIDATE
other,incheon1,"인천·부천 녹음실 — 부평역에서 연신내 스튜디오까지 교통 안내",1749,1,40,KEEP
other,indie-label1,"인디 레이블 설립 방법 — 사업자 등록·저작권·유통 계약 절차 한눈에",2374,8,340,KEEP
other,indie-musician-studio1,"인디 뮤지션 녹음실 선택 — 예산별 옵션·인디 친화 스튜디오 5가지 특징",18986,3,119,KEEP
other,indie-pop1,"인디팝 보컬 스타일·녹음 — 날것의 감성과 로우파이·드림팝 특성",2611,0,34,WATCH
other,indie-production1,"인디 음악 제작 완전 가이드 — 홈 레코딩부터 스튜디오 음반 제작까지",3230,0,0,NOINDEX_CANDIDATE
other,indie-rock1,"인디 록·어쿠스틱 기타 레코딩 완전 가이드 — 밴드 사운드·어쿠스틱 녹음 기법",4760,0,0,NOINDEX_CANDIDATE
other,indie-showcase1,"인디 쇼케이스·미니콘서트 기획 완전 가이드 — 첫 공연부터 팬 확보까지",3108,0,0,NOINDEX_CANDIDATE
other,indie1,"인디 뮤지션 음원 발매 가이드 — 독립 음반 제작부터 스트리밍까지",2508,1,11,KEEP
city-ktx-visit,inje1,"인제에서 서울 녹음실 방문 가이드 — 경춘선 춘천 경유로 당일 왕복",3548,0,0,NOINDEX_CANDIDATE
other,insadong1,"인사동·북촌·광화문 근처 녹음실 — 종로구에서 연신내 스튜디오 놀 방문 가이드",3139,0,0,NOINDEX_CANDIDATE
other,instagram-music1,"인스타그램 음악 업로드·릴스 활용 완전 가이드 — 보컬 아티스트를 위한 SNS 전략",2692,0,0,NOINDEX_CANDIDATE
other,interface1,"오디오 인터페이스 완전 가이드 — 보컬 홈 레코딩 입문 장비 선택",2889,0,0,NOINDEX_CANDIDATE
other,interview1,"박찬울 프로듀서 인터뷰 — 자이 Golden Hour 프로듀싱 비하인드",10860,0,14,WATCH
other,interview2,"믹싱 엔지니어 인터뷰 — ""좋은 소리는 결국 사람에서 나옵니다""",2694,1,56,KEEP
other,interview4,"프로덕션 레슨 강사 인터뷰 — MIDI 작곡·믹싱 커리큘럼과 레슨 철학",1281,0,40,WATCH
other,itaewon1,"이태원·한남동 근처 녹음실 — 용산구에서 연신내 스튜디오 놀 방문 가이드",3207,1,13,KEEP
other,jamsil1,"잠실·석촌·가락 근처 녹음실 — 송파구에서 연신내 스튜디오 놀 방문 가이드",3100,0,0,NOINDEX_CANDIDATE
other,jangandong1,"장안동·중화·상봉·면목 녹음실 — 중랑구에서 연신내 스튜디오 놀 방문 가이드",3167,1,19,KEEP
other,janggi1,"장기·대화·화정 녹음실 — 일산 서구에서 연신내 스튜디오 놀 방문 가이드",3074,0,0,NOINDEX_CANDIDATE
city-ktx-visit,jangheung1,"장흥에서 서울 녹음실 방문 가이드 — KTX 광주송정역 또는 순천역 경유",3398,0,0,NOINDEX_CANDIDATE
city-ktx-visit,jangseong1,"장성에서 서울 녹음실 방문 가이드 — KTX 광주역 경유로 당일 왕복",3212,0,3,WATCH_LOW
city-ktx-visit,jangsu1,"장수에서 서울 녹음실 방문 가이드 — KTX 전주역 경유로 당일 왕복",3516,0,13,WATCH
seoul-district-studio,jangwi1,"성북구 장위·석관·월곡·하월곡 녹음실 — 1호선·6호선으로 연신내 스튜디오 놀 방문 가이드",2979,0,0,NOINDEX_CANDIDATE
other,jayang1,"자양·구의·화양·능동 녹음실 — 광진구 서부에서 연신내 스튜디오 놀 방문 가이드",3109,0,12,WATCH
other,jazz-chord1,"재즈 코드 진행 완전 가이드 — ii-V-I·재즈 화성·보이싱 기법",2769,0,0,NOINDEX_CANDIDATE
other,jazz-harmony1,"재즈 화성학 기초 완전 가이드 — 코드 텐션·보이싱·ii-V-I 진행",2534,2,144,KEEP
other,jazz-production1,"재즈 음악 제작 방법 — 앙상블 레코딩·마이킹·믹싱 접근법",3170,0,49,WATCH
other,jazz-vocal1,"재즈 보컬 녹음 완전 가이드 — 스캣·즉흥·재즈 발성과 레코딩 기법",2220,0,6,WATCH_LOW
other,jazz1,"재즈 보컬 녹음 가이드 — 스윙·보사노바·라틴 재즈 보컬을 살리는 레코딩 방법",4191,0,0,NOINDEX_CANDIDATE
city-ktx-visit,jecheon1,"제천·충주에서 서울 녹음실 방문 가이드 — 버스·열차로 스튜디오 놀 이용하기",2966,0,0,NOINDEX_CANDIDATE
city-ktx-visit,jeju1,"제주에서 서울 녹음실 방문 가이드 — 비행기로 스튜디오 놀 당일 왕복",1796,0,0,NOINDEX_CANDIDATE
other,jeonbuk1,"전라북도 녹음실 — 전주·익산·군산에서 서울 연신내 스튜디오 접근법",1870,0,14,WATCH
city-ktx-visit,jeongeup1,"정읍·김제에서 서울 녹음실 방문 가이드 — KTX 정읍역으로 스튜디오 놀 당일 왕복",3236,1,18,KEEP
city-ktx-visit,jeongseon1,"정선에서 서울 녹음실 방문 가이드 — KTX 원주역 경유로 당일 왕복",3500,0,0,NOINDEX_CANDIDATE
city-ktx-visit,jeonju1,"전주에서 서울 녹음실 방문 가이드 — KTX·SRT로 스튜디오 놀 당일 이용",2856,0,0,NOINDEX_CANDIDATE
other,jeonnam1,"전라남도 녹음실 — 전남 주요 도시에서 서울 연신내 스튜디오 놀 방문 가이드",1935,1,5,KEEP
city-ktx-visit,jeungpyeong1,"증평에서 서울 녹음실 방문 가이드 — KTX 오송역 경유로 당일 왕복",2823,0,18,WATCH
city-ktx-visit,jinan1,"진안에서 서울 녹음실 방문 가이드 — KTX 전주역 경유로 당일 왕복",3488,0,0,NOINDEX_CANDIDATE
city-ktx-visit,jincheon1,"진천에서 서울 녹음실 방문 가이드 — KTX 오송역 경유로 당일 왕복",2807,0,0,NOINDEX_CANDIDATE
city-ktx-visit,jindo1,"진도에서 서울 녹음실 방문 가이드 — KTX 목포역 또는 나주역 경유",3398,0,23,WATCH
other,jingwan1,"진관·구파발·갈현·신사 녹음실 — 은평구 최북부에서 연신내 스튜디오 놀 방문 가이드",3095,0,13,WATCH
other,jinhae1,"진해 녹음실 — 창원 진해구에서 연신내 스튜디오 놀까지",2644,0,25,WATCH
city-ktx-visit,jinju1,"진주·사천에서 서울 녹음실 방문 가이드",2849,0,0,NOINDEX_CANDIDATE
seoul-district-studio,jongno-changsin1,"종로구 창신동·숭인동 녹음실 — 동대문·신설동에서 연신내 스튜디오 놀",3191,0,0,NOINDEX_CANDIDATE
other,jongno1,"종로구·중구 녹음실 — 광화문·을지로·동대문·혜화에서 가까운 전문 스튜디오",3169,2,39,KEEP
other,jukga1,"축가 녹음 완전 가이드 — 결혼식 축가를 위한 선곡·준비·스튜디오 녹음",3534,0,0,NOINDEX_CANDIDATE
seoul-district-studio,junggu-hoehyeon1,"중구 회현동·남산·충무로 녹음실 — 2호선으로 연신내 스튜디오 놀 25분",3259,1,19,KEEP
other,junggu1,"중구 녹음실 — 명동·을지로·시청·충무로에서 연신내까지",3244,0,0,NOINDEX_CANDIDATE
seoul-district-studio,jungnang-myeonmok1,"중랑구 면목·중화·묵동 녹음실 — 6·7호선으로 연신내 스튜디오 놀 방문 가이드",3153,0,0,NOINDEX_CANDIDATE
seoul-district-studio,jungnang-sinnae1,"중랑구 신내·망우·상봉·묵동 녹음실 — 6호선·7호선으로 연신내 스튜디오 놀 방문 가이드",3178,0,0,NOINDEX_CANDIDATE
other,jungnang1,"중랑구 녹음실 — 상봉·망우·중화·면목에서 연신내까지",2038,0,0,NOINDEX_CANDIDATE
other,k-pop-demo-recording-cost-guide,"K-pop 데모 녹음, 입문자가 알아야 할 비용과 절차",4507,0,0,NOINDEX_CANDIDATE
other,karaoke-practice1,"노래방 연습 방법 완전 가이드 — 노래방을 효과적으로 활용하는 보컬 훈련법",2510,0,0,NOINDEX_CANDIDATE
other,karaoke-vs-studio1,"노래방 vs 녹음실 차이 — 어디서 녹음해야 하나요?",2493,5,129,KEEP
other,karaoke1,"노래방 녹음 vs 스튜디오 녹음 — 음질 차이와 목적별 선택 기준",1950,0,109,WATCH
city-ktx-visit,kimje1,"김제에서 서울 녹음실 방문 가이드 — KTX 익산역 경유 2시간 10분",3206,0,0,NOINDEX_CANDIDATE
other,konkuk1,"건대입구·광진구 녹음실 — 건국대·화양동에서 연신내 스튜디오 놀 방문 가이드",3175,0,44,WATCH
other,kpop-audition1,"K-POP 오디션 준비 완전 가이드 — 기획사 오디션 곡 선택부터 데모 녹음까지",2237,0,0,NOINDEX_CANDIDATE
other,kpop-production1,"K-POP 프로덕션 완전 가이드 — 아이돌 음반 제작 흐름과 보컬 제작",2751,4,123,KEEP
other,kpop-trainee1,"K팝 연습생 준비 완전 가이드 — 트레이닝부터 데뷔까지 로드맵",2647,1,144,KEEP
other,kpop-vocal1,"K-팝 보컬 스타일 완전 가이드 — K-POP 창법의 특징과 훈련법",2333,0,1,WATCH_LOW
other,ktx-gyeongbu-guide1,"경부선 KTX 도시별 녹음실 방문 가이드 — 대전·대구·부산에서 서울 스튜디오 놀까지",3348,0,7,WATCH_LOW
other,ktx-honam-guide1,"호남선 KTX 도시별 녹음실 방문 가이드 — 광주·전주·목포에서 서울 스튜디오 놀까지",4143,0,12,WATCH
other,la2a1,"LA-2A 컴프레서 완전 가이드 — 클래식 Optical 컴프레서 활용법",4076,15,413,KEEP
other,latin-music1,"라틴 음악 제작 완전 가이드 — 살사·보사노바·레게톤·플라멩코 레코딩",2775,3,30,KEEP
other,lesson1,"연신내 보컬 레슨 — 성인 입문자부터 발매 준비 싱어까지, 무엇이 다른가",2037,0,0,NOINDEX_CANDIDATE
other,lessonguide1,"보컬 레슨 선택법 — 온라인·오프라인·개인·그룹 레슨 장단점 비교",2665,0,48,WATCH
other,limiter1,"마스터링 리미터 설정 — True Peak·LUFS 기준과 추천 플러그인",2459,1,66,KEEP
other,live-performance1,"라이브 공연 준비 완전 가이드 — 무대 위 퍼포먼스·셋리스트·사운드 체크",2806,2,102,KEEP
other,live-recording1,"라이브 녹음 완전 가이드 — 공연·라이브 세션 녹음 방법과 활용",2598,4,135,KEEP
other,live-streaming-music1,"뮤지션 라이브 스트리밍 — 장비 세팅·저작권 처리·수익화 전략",2421,0,41,WATCH
other,livesound1,"라이브 공연 음향 기초 — PA 시스템·모니터·사운드체크 보컬리스트 가이드",2595,2,57,KEEP
other,lofi-music1,"Lo-Fi 음악 제작 완전 가이드 — Lo-Fi Hip Hop·Chillhop 제작 방법",3118,0,0,NOINDEX_CANDIDATE
other,lofi-production1,"로파이 음악 제작 완전 가이드 — Lo-Fi Hip Hop·Lo-Fi 팝 사운드 만들기",5229,4,75,KEEP
other,logic-pro1,"Logic Pro 보컬 녹음·믹싱 완전 가이드 — 맥 홈 레코딩 필수 팁",4286,0,0,NOINDEX_CANDIDATE
other,logicpro1,"Logic Pro 보컬 녹음 완전 가이드 — Mac 전용 DAW로 프로급 녹음",3390,0,0,NOINDEX_CANDIDATE
other,loudness1,"스트리밍 음압 기준 — LUFS -14 목표 설정과 True Peak 마스터링 방법",18803,19,711,KEEP
other,low-note1,"저음 내리는 방법 — 흉성 공명·성대 이완으로 저음역 확장 훈련법",2453,0,103,WATCH
other,lufs-guide1,"LUFS 완전 가이드 — 스트리밍 음압 기준과 마스터링 목표값 설정",3177,0,0,NOINDEX_CANDIDATE
other,lyric-writing1,"작사 완전 가이드 — 한국어 작사법·가사 쓰는 방법·보컬 친화적 가사 작성",2666,0,0,NOINDEX_CANDIDATE
other,lyrics-memo1,"노래 가사 빨리 외우는 방법 — 효과적인 암기 전략과 녹음 전 준비",2268,2,217,KEEP
other,lyrics1,"작사 방법 완전 가이드 — 처음 가사 쓰는 법부터 감동적인 가사 만들기까지",2720,0,0,NOINDEX_CANDIDATE
other,magok1,"마곡·발산·화곡 근처 녹음실 — 강서구에서 연신내 스튜디오 놀 방문 가이드",3284,0,0,NOINDEX_CANDIDATE
other,manwon1,"망원·연남·성산·합정 녹음실 — 마포구 홍대 인근에서 연신내 스튜디오 놀 방문 가이드",3236,1,56,KEEP
seoul-district-studio,mapo-gongdeok1,"마포구 공덕·도화·용강·아현동 녹음실 — 6호선으로 연신내 스튜디오 놀 방문 가이드",3081,0,16,WATCH
seoul-district-studio,mapo-mangwon1,"마포구 망원·연남·동교 녹음실 — 6호선으로 연신내 스튜디오 놀 직통 가이드",3179,0,0,NOINDEX_CANDIDATE
other,mapo1,"마포구 녹음실 — 합정·홍대·망원·상암 주민을 위한 전문 레코딩 스튜디오",3320,0,0,NOINDEX_CANDIDATE
other,mastering-chain1,"마스터링 체인 완전 가이드 — 스트리밍 시대의 마스터링 신호 체인",3570,0,0,NOINDEX_CANDIDATE
other,mastering-tips1,"마스터링 팁 완전 가이드 — 스트리밍 최적화·LUFS·리미터 실전 설정",3879,4,162,KEEP
other,mastering1,"마스터링이란 — 믹싱과 다른 점, LUFS -14 맞추는 방법",14439,1,418,KEEP
other,melody-writing1,"멜로디 작곡 완전 가이드 — 기억에 남는 훅과 보컬 라인 만드는 법",2719,0,43,WATCH
other,melodyne1,"Melodyne 보컬 피치 교정 완전 가이드 — 자연스럽고 정밀한 음정 보정",3153,3,156,KEEP
other,melon-chart1,"멜론 차트 진입 전략 완전 가이드 — 인디 아티스트가 멜론 실시간 차트에 오르는 방법",2478,0,0,NOINDEX_CANDIDATE
other,mia1,"미아·수유·방학·우이 녹음실 — 강북구에서 연신내 스튜디오 놀 방문 가이드",3551,1,20,KEEP
other,mic-placement1,"보컬·기타 마이크 배치법 — 거리·각도·팝 필터 위치 세팅",2440,14,580,KEEP
other,mic-technique1,"마이크 테크닉 완전 가이드 — 보컬 녹음과 라이브를 위한 마이크 사용법",2582,0,0,NOINDEX_CANDIDATE
other,mic1,"마이크 종류별 보컬 녹음 차이 — USB·다이나믹·콘덴서 마이크를 비교합니다",1996,2,177,KEEP
other,michuhol1,"인천 미추홀구 주안·도화·숭의·용현 녹음실",3181,0,0,NOINDEX_CANDIDATE
other,microphone-types1,"보컬·홈레코딩 마이크 선택 가이드 — 다이나믹·콘덴서·리본 차이 한눈에",4121,1,306,KEEP
other,microphone1,"보컬 녹음 마이크 종류 가이드 — 콘덴서 vs 다이나믹, 지향성 패턴 완전 이해",3089,0,0,NOINDEX_CANDIDATE
other,mictechnique1,"마이크 테크닉 완전 가이드 — 마이크 앞에서 더 잘 들리는 보컬 퍼포먼스",2657,0,0,NOINDEX_CANDIDATE
other,mid-side1,"미드사이드(Mid-Side) 처리 완전 가이드 — 스테레오 폭 정밀 조절",3512,2,58,KEEP
other,midi-arrangement1,"MIDI 편곡 완전 가이드 — DAW에서 MIDI로 완성하는 음악 제작",2756,1,10,KEEP
other,midi-composition1,"MIDI 작곡·편곡 완전 가이드 — DAW로 MIDI 시퀀싱·편곡하는 방법",3403,2,111,KEEP
other,midi-groove1,"미디 그루브·휴머나이제이션 완전 가이드 — MIDI를 인간적으로 만드는 법",3468,0,0,NOINDEX_CANDIDATE
other,midirecord1,"MIDI 편곡 후 보컬 녹음 연계 — 스템 파일 준비와 스튜디오 세션 방법",2711,0,54,WATCH
city-ktx-visit,miryang1,"밀양에서 서울 녹음실 방문 가이드 — KTX 밀양역으로 스튜디오 놀 당일 왕복",2963,0,0,NOINDEX_CANDIDATE
other,mistakes1,"보컬 녹음 전 흔히 하는 실수 10가지 — 스튜디오 엔지니어가 알려주는 주의 사항",2558,0,0,NOINDEX_CANDIDATE
other,mix-automation1,"믹싱 오토메이션 완전 가이드 — 볼륨·팬·플러그인 오토메이션 실전 활용",2916,4,111,KEEP
other,mix-bus1,"믹스 버스 라우팅 완전 가이드 — 드럼·보컬·악기 버스 설정",2787,0,0,NOINDEX_CANDIDATE
other,mix-checklist1,"믹싱 최종 체크리스트 완전 가이드 — 납품 전 반드시 확인해야 할 30가지",2835,0,0,NOINDEX_CANDIDATE
other,mix-delivery1,"믹스 납품 준비 완전 가이드 — 최종 믹스·마스터링 파일 납품 기준",3075,1,61,KEEP
other,mix-prep1,"마스터링 전 믹스 준비 완전 가이드 — 엔지니어가 요구하는 믹스 납품 기준",2740,0,0,NOINDEX_CANDIDATE
other,mix-reference1,"믹싱할 때 레퍼런스 트랙 쓰는 법 — 선택 기준과 DAW 비교 세팅",4125,2,90,KEEP
other,mixdown1,"믹스 다운 완전 가이드 — DAW 최종 출력 설정과 유통사 스펙",2818,0,0,NOINDEX_CANDIDATE
other,mixedvoice1,"믹스보이스(혼합 발성) 훈련법 — K팝 고음 브릿지 구간 흉성·두성 전환",2392,1,107,KEEP
other,mixing-automation1,"믹싱 오토메이션 완전 가이드 — 볼륨·팬·이펙트 자동화로 살아있는 믹스 만들기",4914,0,0,NOINDEX_CANDIDATE
other,mixing-chain1,"믹싱 체인 완전 가이드 — 보컬 플러그인 순서·신호 흐름 최적화",3277,0,0,NOINDEX_CANDIDATE
other,mixing-complete-guide,"믹싱 완전 가이드 — 입문부터 마스터링까지 23편 로드맵",9396,11,295,KEEP
other,mixing-mastering-price-by-track-count,"믹싱·마스터링 가격 가이드 — 트랙 수별 비용 차이",4032,0,0,NOINDEX_CANDIDATE
other,mixing-reference1,"믹싱 레퍼런스 트랙 완전 가이드 — 프로처럼 A/B 비교하는 방법",3970,0,0,NOINDEX_CANDIDATE
other,mixing-vs-mastering1,"믹싱 vs 마스터링 차이 — 음원 후반 작업 두 단계 목적과 순서",3135,1,53,KEEP
other,mixing-workflow1,"믹싱 워크플로우 — 클리닝·레벨·EQ·다이나믹·공간감 단계 순서",3286,0,13,WATCH
other,mixing1,"믹싱이란? 초보자를 위한 과정·준비물·워크플로 | 믹싱 강좌 1부",2444,1,12,KEEP
other,mixing10,"모니터링 환경·청음 훈련·레퍼런스 믹싱 방법 | 믹싱 강좌 10부",2701,1,37,KEEP
other,mixing11,"믹싱 전 오디오 에디팅 — 타이밍·피치 교정 순서 (강좌 11부)",2101,5,354,KEEP
other,mixing12,"믹싱 템플릿 만들기·DAW 세션 프리셋·작업 속도 향상 | 믹싱 강좌 12부",2337,0,11,WATCH
other,mixing13,"스태틱 믹스(Static Mix) 뜻·첫 레벨 세팅법·순서 | 믹싱 강좌 13부",2345,1,9,KEEP
other,mixing14,"믹싱 볼륨 밸런스 맞추는 법·페이더 설정 순서 | 믹싱 강좌 14부",3803,1,14,KEEP
other,mixing15,"패닝(Panning) 뜻·스테레오 이미지 만들기·악기별 배치 | 믹싱 강좌 15부",2734,4,81,KEEP
other,mixing16,"EQ(이퀄라이저) 활용법 — 보컬·드럼 주파수 세팅과 서브트랙티브·애디티브 차이 | 믹싱 16부",2808,0,31,WATCH
other,mixing17,"컴프레서 사용법·어택/릴리즈·플러그인 추천 | 믹싱 강좌 17부",2974,1,47,KEEP
other,mixing18,"리버브(Reverb) 종류·프리딜레이·디케이 파라미터 설정법 | 믹싱 강좌 18부",3987,3,116,KEEP
other,mixing19,"딜레이(Delay) 종류·슬랩백·핑퐁·테이프 딜레이 활용 | 믹싱 강좌 19부",2618,7,225,KEEP
other,mixing2,"홈스튜디오 룸 어쿠스틱 체크 — 스피커 배치·방음으로 믹스 판단력 높이기",2212,1,35,KEEP
other,mixing20,"모듈레이션 이펙트 종류·코러스·플랜저·페이저 활용법 | 믹싱 강좌 20부",2681,1,23,KEEP
other,mixing21,"믹싱에서 새츄레이션 활용법 — 디스토션 vs 테이프 새츄레이션 차이와 드럼·보컬 적용",3197,0,75,WATCH
other,mixing22,"오토메이션 사용법·볼륨/팬 라이딩·믹스 다이나믹 | 믹싱 강좌 22부",2663,0,7,WATCH_LOW
other,mixing23,"마스터링 역할·믹싱 차이·-14 LUFS 기준 | 믹싱 23부",3258,0,31,WATCH
other,mixing3,"홈레코딩 장비 추천 — 인터페이스·모니터 선택 | 믹싱 3부",2577,0,12,WATCH
other,mixing4,"48kHz vs 96kHz 샘플레이트·비트뎁스 뜻·디지털 오디오 해상도 | 믹싱 강좌 4부",2637,1,223,KEEP
other,mixing5,"디지털 클리핑·지터·그라운드 노이즈 방지 완벽 가이드 | 믹싱 강좌 5부",2613,1,110,KEEP
other,mixing6,"미터링이란? VU·피크·LUFS 미터 차이 — 믹싱 강좌 6부",2647,6,297,KEEP
other,mixing7,"DAW 믹싱 세션 정리법: 트랙 네이밍·그룹핑·버스 라우팅 | 믹싱 강좌 7부",2344,4,90,KEEP
other,mixing8,"게인 스테이징(Gain Staging) 뜻·설정법·홈레코딩 적용 | 믹싱 강좌 8부",2353,2,107,KEEP
other,mixing9,"위상(Phase) 뜻·상쇄 원리·마이크 다중 녹음 정렬법 | 믹싱 강좌 9부",2468,2,66,KEEP
other,mixvoice1,"믹스 보이스 훈련법 — 패시지오 돌파와 흉성·두성 연결 단계별 연습",2714,14,403,KEEP
other,mokdong1,"목동·신정 근처 녹음실 — 양천구에서 연신내 스튜디오 놀 방문 가이드",2002,0,0,NOINDEX_CANDIDATE
city-ktx-visit,mokpo1,"목포·전남에서 서울 녹음실 방문 가이드 — KTX 호남선으로 스튜디오 놀 이용하기",2854,0,0,NOINDEX_CANDIDATE
other,monitor-speakers1,"모니터 스피커 완전 가이드 — 스튜디오 모니터 선택·추천·비교",2462,7,131,KEEP
other,monitoring1,"보컬 녹음 헤드폰 모니터링 가이드 — 최적의 헤드폰 믹스 설정 방법",2677,7,165,KEEP
other,mono-compat1,"모노 호환성 체크법 — 스마트폰·블루투스 페이즈 캔슬레이션 발견과 해결",2578,0,52,WATCH
other,mr-guide1,"MR(반주) 구하는 방법 완전 가이드 — 유료 사이트부터 키 조정까지",2511,0,0,NOINDEX_CANDIDATE
city-ktx-visit,muan1,"무안에서 서울 녹음실 방문 가이드 — KTX 나주역 또는 광주송정역 경유",3411,0,6,WATCH_LOW
city-ktx-visit,muju1,"무주에서 서울 녹음실 방문 가이드 — KTX 전주역 또는 김천구미역 경유",2925,0,0,NOINDEX_CANDIDATE
other,multiband1,"멀티밴드 컴프레서 완전 가이드 — 주파수 대역별 다이나믹 제어",3369,0,0,NOINDEX_CANDIDATE
city-ktx-visit,mungyeong1,"문경에서 서울 녹음실 방문 가이드 — KTX 김천구미역 또는 고속버스 경유",2882,0,0,NOINDEX_CANDIDATE
other,munjeong1,"문정·장지·위례·복정 녹음실 — 송파구 동남부에서 연신내 스튜디오 놀 방문 가이드",3171,0,0,NOINDEX_CANDIDATE
other,music-analytics1,"음악 스트리밍 데이터 분석 완전 가이드",2907,6,145,KEEP
other,music-business1,"뮤지션 음악 비즈니스 완전 가이드 — 음악으로 수익 창출하는 모든 방법",4209,4,252,KEEP
other,music-collab1,"온라인 음악 협업 — 원격 파일 공유·보컬 협업·계약 핵심 정리",2785,1,34,KEEP
other,music-copyright1,"음악 저작권·저작인접권 완전 가이드 — 아티스트가 알아야 할 저작권 기초",2966,0,0,NOINDEX_CANDIDATE
other,music-crowdfunding1,"음악 크라우드펀딩 완전 가이드 — 텀블벅·와디즈로 앨범 제작비 모금하기",2736,0,0,NOINDEX_CANDIDATE
other,music-distribution1,"음원 유통 완전 가이드 — 멜론·스포티파이·애플뮤직 등록 방법",2376,0,0,NOINDEX_CANDIDATE
other,music-grants1,"뮤지션 음악 지원금·창작 지원 제도 완전 가이드",3599,3,80,KEEP
other,music-income1,"뮤지션 수입 다각화 완전 가이드 — 스트리밍 외 음악으로 돈 버는 7가지 방법",3077,0,0,NOINDEX_CANDIDATE
other,music-licensing1,"음악 라이센싱 완전 가이드 — 싱크·광고·영상에 음악 허락하는 방법",5100,0,0,NOINDEX_CANDIDATE
other,music-management1,"음악 매니지먼트 완전 가이드 — 아티스트 매니저 역할과 좋은 매니저 찾는 방법",4749,7,60,KEEP
other,music-marketing1,"음악 마케팅 완전 가이드 — 인디 아티스트 음악 홍보·SNS·스트리밍 노출 전략",5012,26,459,KEEP
other,music-merchandise1,"음악 굿즈·머천다이징 완전 가이드 — 뮤지션 수익 다각화와 팬 경험 강화",2929,3,86,KEEP
other,music-network1,"뮤지션 네트워크·인맥 구축 완전 가이드 — 음악 업계 연결망 만드는 법",2939,2,39,KEEP
other,music-newsletter1,"뮤지션 이메일 마케팅·뉴스레터 완전 가이드 — 팬과 직접 소통하는 채널 구축법",3381,0,0,NOINDEX_CANDIDATE
other,music-podcast1,"뮤지션 팟캐스트·오디오 콘텐츠 제작 완전 가이드 — 음악 팟캐스트 시작부터 성장까지",2809,0,0,NOINDEX_CANDIDATE
other,music-pr1,"독립 아티스트 음악 PR 방법 — 프레스 릴리즈·블로거 피치·SNS 홍보",2917,2,75,KEEP
other,music-producer1,"음악 프로듀서 입문 완전 가이드 — 프로듀서 역할·필요 스킬·커리어 시작 방법",3119,0,0,NOINDEX_CANDIDATE
other,music-publishing1,"음악 퍼블리싱 완전 가이드 — 작곡가·작사가 저작권 수익 극대화 방법",2909,0,0,NOINDEX_CANDIDATE
other,music-scale1,"음계와 조성 완전 가이드 — 장음계·단음계·모드·펜타토닉 완전 정복",2644,0,0,NOINDEX_CANDIDATE
other,music-sns1,"음악 SNS 마케팅 완전 가이드 — 인스타그램·틱톡·유튜브 활용법",2780,5,178,KEEP
other,music-tax1,"음악인 세금 신고 완전 가이드 — 음원 수익·공연 수익·저작권료 종합소득세 신고",3130,0,0,NOINDEX_CANDIDATE
other,music-theory1,"보컬리스트를 위한 음악 이론 기초 — 음정·조성·코드를 이해하는 방법",2502,0,0,NOINDEX_CANDIDATE
other,music-touring1,"인디 뮤지션 전국 공연 투어 기획 — 지방 공연장 섭외·이동·예산 계획",3019,0,30,WATCH
other,music-video1,"뮤직비디오 제작 완전 가이드 — 기획·촬영·편집·유통까지",2983,6,249,KEEP
other,musical-vocal1,"뮤지컬 보컬 녹음 완전 가이드 — 벨칸토·팝 오페라·뮤지컬 발성 레코딩 기법",2535,0,0,NOINDEX_CANDIDATE
other,musical1,"뮤지컬 보컬 녹음 가이드 — 오디션 데모·캐스팅 포트폴리오 완성하기",2747,0,0,NOINDEX_CANDIDATE
other,mv1,"뮤직비디오·유튜브 영상을 위한 음원 녹음 — 영상 퀄리티를 결정하는 음질",2314,0,0,NOINDEX_CANDIDATE
other,myeongdong1,"명동·회현·충무로·남대문 녹음실 — 3호선·4호선으로 연신내 스튜디오 놀 방문 가이드",3029,0,0,NOINDEX_CANDIDATE
city-ktx-visit,naju1,"나주에서 서울 녹음실 방문 가이드 — KTX 나주역으로 스튜디오 놀 당일 왕복",3336,0,9,WATCH_LOW
other,nakseongdae1,"낙성대·봉천·관악·신림 녹음실 — 관악구 서부에서 연신내 스튜디오 놀 방문 가이드",3296,0,0,NOINDEX_CANDIDATE
other,namdong1,"인천 남동구 간석·구월·만수·논현 녹음실",3227,1,13,KEEP
city-ktx-visit,namhae1,"남해에서 서울 녹음실 방문 가이드 — KTX 진주역 또는 순천역 경유",3044,0,0,NOINDEX_CANDIDATE
city-ktx-visit,namwon1,"남원에서 서울 녹음실 방문 가이드 — KTX 남원역으로 스튜디오 놀 당일 왕복",3153,0,0,NOINDEX_CANDIDATE
other,namyangju-dasan1,"남양주시 다산·와부·도농·토평 녹음실 — 경의중앙선으로 연신내 스튜디오 놀 방문 가이드",3122,0,0,NOINDEX_CANDIDATE
other,namyangju-jincheop1,"남양주 진접·사능·장현·퇴계원 녹음실",3019,0,0,NOINDEX_CANDIDATE
other,namyangju1,"남양주·구리·퇴계원 녹음실 — 경기 동북부에서 가까운 전문 보컬 레코딩 스튜디오",3182,0,0,NOINDEX_CANDIDATE
other,narration1,"내레이션 녹음 가이드 — 오디오북·광고·유튜브 보이스 제작 준비",2362,6,134,KEEP
other,nationwide1,"지방에서 서울 녹음실 이용 — 방문 녹음과 온라인 믹싱 의뢰 두 가지 방법",1724,0,27,WATCH
other,nectar1,"iZotope Nectar 보컬 처리 완전 가이드 — AI 올인원 보컬 플러그인",3085,2,75,KEEP
other,neo-soul1,"네오소울 프로덕션 완전 가이드 — 그루브·사운드·보컬 제작 기법",2378,1,43,KEEP
other,neunggok1,"능곡·행신·원흥 녹음실 — 고양 덕양구에서 연신내 스튜디오 놀 방문 가이드",3150,0,0,NOINDEX_CANDIDATE
other,noise-gate1,"노이즈 게이트 완전 가이드 — Threshold·Attack·Hold·Release 설정법",2940,0,0,NOINDEX_CANDIDATE
other,noise-reduction1,"홈 레코딩 노이즈 제거 — 잡음·배경 소음 없애는 5가지 방법",3003,17,876,KEEP
other,nokbeon1,"녹번동 녹음실 — 은평구 녹번역 도보 10분 스튜디오 놀 방문 안내",3079,0,27,WATCH
seoul-district-studio,nonhyeon1,"강남구 논현·신논현 녹음실 — 7호선·9호선으로 연신내 스튜디오 놀 방문 가이드",3089,0,0,NOINDEX_CANDIDATE
city-ktx-visit,nonsan1,"논산에서 서울 녹음실 방문 가이드 — KTX 대전역 경유로 당일 왕복",2868,0,0,NOINDEX_CANDIDATE
other,noryangjin1,"노량진·흑석·상도·대방 녹음실 — 동작구 동부에서 연신내 스튜디오 놀 방문 가이드",3122,0,18,WATCH
seoul-district-studio,nowon-gongreung1,"노원구 공릉·월계·수락산 녹음실 — 6호선으로 연신내 스튜디오 놀 직통 가이드",3284,0,0,NOINDEX_CANDIDATE
other,nowon1,"노원구·도봉구 녹음실 — 노원·창동·방학·도봉에서 가까운 전문 스튜디오",1957,0,0,NOINDEX_CANDIDATE
city-ktx-visit,okcheon1,"옥천에서 서울 녹음실 방문 가이드 — KTX 대전역 경유로 당일 왕복",2804,0,0,NOINDEX_CANDIDATE
other,one-on-one-lesson-monthly-vs-single-session,"1:1 음악 레슨 월정액 vs 단건 — 비용 효과 분석",4303,0,0,NOINDEX_CANDIDATE
other,onlinelesson1,"온라인 보컬 레슨 vs 오프라인 레슨 — 장단점 비교와 선택 가이드",2607,0,0,NOINDEX_CANDIDATE
other,onlinemix1,"온라인 믹싱 의뢰 방법 — 파일 전송부터 납품까지 완전 가이드",2512,0,0,NOINDEX_CANDIDATE
other,orchestral-sampling1,"오케스트라 샘플링 완전 가이드 — 스트링·브라스·목관 샘플 라이브러리 활용법",2745,1,44,KEEP
other,orchestration1,"편곡·오케스트레이션 완전 가이드 — 보컬 곡 편곡 방법과 악기 배치 전략",2861,5,103,KEEP
other,original-song1,"오리지널 곡 만드는 방법 — 아이디어·작사·작곡·데모 녹음 단계",2816,0,95,WATCH
city-ktx-visit,osan1,"오산에서 서울 녹음실 방문 가이드 — 1호선으로 당일 왕복",2438,0,45,WATCH
other,overdubbing1,"오버더빙 완전 가이드 — 기존 녹음에 보컬·악기 추가하기",2690,2,83,KEEP
other,paju-geumchon1,"파주 금촌·파주읍·문산 녹음실 — 경의중앙선으로 연신내 스튜디오 놀 방문 가이드",3131,0,0,NOINDEX_CANDIDATE
other,paju-unjeong1,"파주 운정·교하·야당 녹음실 — 운정신도시에서 연신내 스튜디오 놀 방문 가이드",3238,0,0,NOINDEX_CANDIDATE
city-ktx-visit,paju1,"파주·고양에서 서울 녹음실 방문 가이드 — 지하철·버스로 연신내까지 30~40분",3299,0,37,WATCH
other,panning-guide1,"믹싱 패닝 완전 가이드 — 악기별 좌우 배치와 스테레오 필드 구성법",2968,2,55,KEEP
other,parallel-compression1,"패럴렐 컴프레션 완전 가이드 — 다이나믹을 살리면서 펀치감 더하기",2559,0,0,NOINDEX_CANDIDATE
other,parametric-eq1,"파라메트릭 EQ 완전 가이드 — Q값·주파수·게인 설정과 보컬·악기 활용법",2923,0,0,NOINDEX_CANDIDATE
other,passaggio1,"패사지오(Passaggio) 완전 가이드 — 보컬 브리지 통과와 레지스터 연결",2488,0,0,NOINDEX_CANDIDATE
other,performance-anxiety1,"무대 공연 불안 극복 완전 가이드 — 스테이지 프라이트 해소 방법",2385,0,0,NOINDEX_CANDIDATE
other,performance-prep1,"공연·무대 전 보컬 컨디션 관리 — 콘서트·행사 당일 보컬 준비 완전 가이드",2580,0,0,NOINDEX_CANDIDATE
other,phase1,"오디오 위상(Phase) 완전 가이드 — 문제 식별과 교정",2659,10,350,KEEP
other,phrasing1,"보컬 프레이징 훈련 — 호흡 분절·감정 강조·다이나믹으로 노래 감동 높이기",2310,1,36,KEEP
other,piano-mixing1,"피아노 믹싱 완전 가이드 — EQ·컴프레서·공간감 실전 설정",2766,0,0,NOINDEX_CANDIDATE
other,piano-recording1,"피아노 녹음 완전 가이드 — 그랜드 피아노·업라이트·디지털 피아노 마이킹",2879,0,0,NOINDEX_CANDIDATE
other,piano1,"피아노 녹음 방법 완전 가이드 — 전문 스튜디오 vs 홈 레코딩 비교",2362,0,0,NOINDEX_CANDIDATE
other,pitch-correction1,"피치 교정 완전 가이드 — 오토튠·멜로다인 보컬 피치 수정 방법과 설정값",3282,6,213,KEEP
other,pitch-training1,"음정 교정 완전 가이드 — 보컬 음정 이탈 원인과 자연 교정 훈련법",2656,0,0,NOINDEX_CANDIDATE
other,pitch1,"보컬 피치 교정이란? — Melodyne·Auto-Tune 차이와 자연스러운 편집 기준",2194,0,0,NOINDEX_CANDIDATE
other,pitchfix1,"음정 불안정 원인과 해결 방법 — 음정 이탈을 고치는 완전 가이드",2463,0,0,NOINDEX_CANDIDATE
other,pitchtool1,"음정 교정 도구 완전 가이드 피치 교정 도구 가이드",2786,2,73,KEEP
other,placement1,"보컬 포지션(발성 위치) 완전 가이드 — 앞 울림 vs 뒤 울림, 마스크 공명",2212,3,217,KEEP
other,playlist-pitch1,"플레이리스트 피칭 완전 가이드 — Spotify·멜론·인디 큐레이터에게 음원 제출하기",3161,0,0,NOINDEX_CANDIDATE
other,playlist1,"스트리밍 플레이리스트 피칭 완전 가이드 — 멜론·스포티파이 피칭으로 음원 노출 늘리기",3470,0,0,NOINDEX_CANDIDATE
other,plugins1,"보컬 믹싱 플러그인 추천 — EQ·컴프레서·리버브·피치 교정 도구 완전 가이드",4882,35,537,KEEP
other,pocheon1,"포천·연천·동두천·양주 녹음실 — 경기 북부에서 연신내 스튜디오 놀 방문 가이드",3281,0,17,WATCH
other,podcast-music1,"팟캐스트·유튜브 인트로 음악 제작 완전 가이드 — 브랜드 사운드 아이덴티티 만들기",2960,0,0,NOINDEX_CANDIDATE
other,podcast-vocal1,"팟캐스트·오디오드라마 보컬 녹음 — 장비·환경·보이스 톤 세팅법",3513,1,44,KEEP
other,podcast1,"팟캐스트 녹음 스튜디오 — 연신내에서 고음질 팟캐스트·유튜브 오디오 제작하기",2459,0,0,NOINDEX_CANDIDATE
city-ktx-visit,pohang1,"포항·경주에서 서울 녹음실 방문 가이드 — KTX로 스튜디오 놀 당일 왕복",2923,0,0,NOINDEX_CANDIDATE
other,pop-production1,"팝 음악 프로덕션 — 드럼·베이스·신스 레이어링과 후크 중심 어레인지",3171,0,43,WATCH
other,pop-vocal1,"팝 보컬 녹음 완전 가이드 — K팝·팝 장르 보컬 레코딩 세팅과 표현 전략",2440,0,0,NOINDEX_CANDIDATE
other,pop1,"케이팝·팝 보컬 녹음 — 음정 안정성·레이어·피치 교정으로 상업 음원 완성",2278,0,27,WATCH
other,portfolio1,"보컬 포트폴리오 만들기 — 오디션·레이블 제출·SNS용 보컬 데모 완성 가이드",2174,0,0,NOINDEX_CANDIDATE
other,posture1,"노래할 때 자세 교정법 — 머리·어깨·흉강이 발성에 미치는 영향",2281,2,78,KEEP
other,practice-room-accompanist1,"피아노 반주자·반주 연습 — 솔리스트와 함께하는 반주 완성법",2390,1,11,KEEP
other,practice-room-acoustic-guitar1,"통기타·어쿠스틱 기타 연습실 — 방음 개인 연습 공간 가이드",2166,0,0,NOINDEX_CANDIDATE
other,practice-room-adult-beginner1,"성인 악기 입문 — 어른이 처음 시작할 때 악기 선택과 레슨·연습 병행법",2708,1,29,KEEP
other,practice-room-anxiety1,"무대 공포증 극복 훈련 — 녹음→소수 청중→공연 단계별 긴장 줄이기",2325,0,27,WATCH
other,practice-room-arts-high1,"예술고·음악고 입시 준비 — 예중·예고 실기 완성 가이드",2679,0,0,NOINDEX_CANDIDATE
other,practice-room-audition1,"보컬 오디션 준비 — K-pop 기획사·방송·입시 오디션 유형별 연습 전략",2687,0,20,WATCH
other,practice-room-band-vocal1,"밴드 보컬 — 밴드 보컬리스트를 위한 개인 연습 공간 가이드",2275,0,0,NOINDEX_CANDIDATE
other,practice-room-bass-5string1,"베이스 5현 기타·저음 확장 완전 가이드 — 실전 연습",3170,7,292,KEEP
other,practice-room-bass-beginner1,"베이스 기타 독학 입문 — 베이스 독학 완성 가이드",2445,0,0,NOINDEX_CANDIDATE
other,practice-room-bass-blues1,"베이스 블루스·12마디 블루스 베이스라인 — 완전 가이드",4081,2,36,KEEP
other,practice-room-bass-chord-melody1,"베이스 코드 멜로디·솔로 편곡법 — 완전 가이드",3065,3,23,KEEP
other,practice-room-bass-chord1,"베이스 코드·코드 주법 — 베이스 코드 완성 가이드",2665,0,0,NOINDEX_CANDIDATE
other,practice-room-bass-chords-harmony1,"베이스 코드·하모닉스 솔로 베이스 — 완전 가이드",3309,0,0,NOINDEX_CANDIDATE
other,practice-room-bass-country-bluegrass1,"베이스 컨트리·블루그래스 — 루트-5도 패턴과 빠른 템포 훈련",3701,0,20,WATCH
other,practice-room-bass-country1,"베이스 컨트리·록어빌리 주법 — 베이스 컨트리 완성 가이드",2660,0,3,WATCH_LOW
other,practice-room-bass-detuning1,"베이스 드롭튜닝·다운튜닝 — 베이스 드롭튜닝 완성 가이드",2710,5,102,KEEP
other,practice-room-bass-effects1,"베이스 이펙터·페달 보드 활용 — 베이스 이펙터 완성 가이드",2624,0,0,NOINDEX_CANDIDATE
other,practice-room-bass-ensemble1,"베이스 앙상블·밴드 연주 — 베이스 앙상블 완성 가이드",2646,0,0,NOINDEX_CANDIDATE
other,practice-room-bass-extended-range1,"5현·6현 베이스 활용법 — 확장 음역과 저음 현 운지 훈련",3450,1,54,KEEP
other,practice-room-bass-fingering1,"베이스 핑거링·오른손 테크닉 — 베이스 핑거링 완성 가이드",2685,4,127,KEEP
other,practice-room-bass-fingerstyle-technique1,"베이스 핑거스타일 테크닉·터치 향상 — 완전 가이드",2797,2,20,KEEP
other,practice-room-bass-fingerstyle1,"베이스 핑거스타일·손가락 주법 — 베이스 핑거스타일 완성 가이드",2530,0,0,NOINDEX_CANDIDATE
other,practice-room-bass-fretless-jazz1,"프렛리스 베이스 재즈 — Jaco Pastorius 스타일 인토네이션 훈련",3616,0,16,WATCH
other,practice-room-bass-fretless1,"프렛리스 베이스 훈련법 — 인토네이션 교정과 글리산도 기법",2789,0,51,WATCH
other,practice-room-bass-funk-groove1,"베이스 펑크 그루브 — 원 드롭 베이스라인·고스트노트 마스터링",3616,0,19,WATCH
other,practice-room-bass-funk1,"베이스 펑크 그루브·리듬 베이스 — 베이스 펑크 완성 가이드",2708,0,0,NOINDEX_CANDIDATE
other,practice-room-bass-ghost-notes1,"베이스 고스트노트·뮤트라인 완전 마스터 — 실전 가이드",3351,1,93,KEEP
other,practice-room-bass-gospel1,"가스펠 베이스·교회 리듬·소울 그루브·찬양팀 베이스 — 완전 가이드",3522,1,34,KEEP
other,practice-room-bass-groove-construction1,"베이스 그루브 구성·리듬 설계 원리 — 완전 가이드",3496,0,0,NOINDEX_CANDIDATE
other,practice-room-bass-groove-locks1,"베이스 그루브 락 — 킥드럼과 동조해 밴드 사운드 단단하게",3132,0,20,WATCH
other,practice-room-bass-groove1,"베이스 그루브·리듬감 훈련 — 베이스 그루브 완성 가이드",2741,0,0,NOINDEX_CANDIDATE
other,practice-room-bass-harmonic1,"베이스 플래절렛·하모닉스 주법 — 베이스 하모닉스 완성 가이드",2665,0,0,NOINDEX_CANDIDATE
other,practice-room-bass-harmonics1,"베이스 하모닉스·플래절렛 완전 마스터 — 실전 가이드",2812,3,159,KEEP
other,practice-room-bass-hip-hop1,"베이스 힙합·로우엔드 그루브·네오소울 — 완전 가이드",3548,0,12,WATCH
other,practice-room-bass-jazz-bass1,"베이스 재즈 베이스·스윙 그루브 — 완전 가이드",4170,0,0,NOINDEX_CANDIDATE
other,practice-room-bass-jazz-comping1,"베이스 재즈 콤핑·워킹 라인 고급 — 완전 가이드",4147,0,0,NOINDEX_CANDIDATE
other,practice-room-bass-jazz-fusion1,"재즈퓨전 베이스·Stanley Clarke·Weather Report·Jaco 스타일",3476,0,3,WATCH_LOW
other,practice-room-bass-jazz1,"베이스 재즈 스타일·재즈 베이스 — 베이스 재즈 완성 가이드",2615,2,23,KEEP
other,practice-room-bass-latin1,"베이스 라틴·살사·보사노바 베이스라인 — 완전 가이드",3327,0,0,NOINDEX_CANDIDATE
other,practice-room-bass-left-hand1,"베이스 왼손 기법·레가토·슬라이드·비브라토 — 완전 가이드",4167,0,0,NOINDEX_CANDIDATE
other,practice-room-bass-metal-rock1,"베이스 메탈·헤비록 베이스라인 — 완전 가이드",3074,4,35,KEEP
other,practice-room-bass-muting1,"베이스 뮤팅·노이즈 컨트롤 — 베이스 뮤팅 완성 가이드",2708,0,0,NOINDEX_CANDIDATE
other,practice-room-bass-neck-position1,"베이스 넥 포지션·전체 지판 활용 — 옥타브 패턴으로 지판 전체 마스터하기",3078,0,42,WATCH
other,practice-room-bass-neo-soul1,"네오소울 베이스·D'Angelo·Erykah Badu·그루브 완전 가이드",3571,1,13,KEEP
other,practice-room-bass-octave1,"베이스 옥타브 주법·옥타브 그루브 — 베이스 옥타브 완성 가이드",2746,2,200,KEEP
other,practice-room-bass-orchestral1,"베이스 오케스트라·더블베이스 기법 — 완전 가이드",3201,2,112,KEEP
other,practice-room-bass-pentatonic1,"베이스 펜타토닉·블루스 스케일 응용 — 완전 가이드",3050,6,121,KEEP
other,practice-room-bass-pick-fingerstyle1,"베이스 핑거스타일 vs 픽 주법 — 톤 차이와 장르별 선택법",3594,1,26,KEEP
other,practice-room-bass-pick1,"베이스 픽 주법·피크 테크닉 — 베이스 픽 완성 가이드",2702,0,0,NOINDEX_CANDIDATE
other,practice-room-bass-pop-groove1,"베이스 팝 그루브·차트 팝 베이스라인 — 완전 가이드",3592,0,8,WATCH_LOW
other,practice-room-bass-prog-metal1,"프로그레시브 메탈 베이스·Tool·Primus·변박 베이스 라인 — 완전 가이드",3572,0,0,NOINDEX_CANDIDATE
other,practice-room-bass-reggae-dub1,"베이스 레게·덥 베이스라인 — 완전 가이드",3372,1,6,KEEP
other,practice-room-bass-reggae1,"베이스 레게·스카 완전 가이드 — 실전 연습",2894,0,0,NOINDEX_CANDIDATE
other,practice-room-bass-rhythm-locking1,"베이스 리듬 락킹 훈련 — 킥드럼 파악과 그루브 포켓 맞추기",3550,0,34,WATCH
other,practice-room-bass-rock-groove1,"베이스 록 그루브·파워 베이스 — 베이스 록 그루브 완성 가이드",2661,0,5,WATCH_LOW
other,practice-room-bass-root-adv1,"베이스 루트 노트 고급 — 코드톤·3도·7도 활용과 전위형 베이스 라인",2712,0,33,WATCH
other,practice-room-bass-root-fifth1,"베이스 루트·5도 패턴 — 기초 코드 라인으로 화성 기초 훈련",2664,0,19,WATCH
other,practice-room-bass-slap-adv1,"베이스 슬랩·팝핑 고급 테크닉 — 슬랩 베이스 완성 가이드",2644,0,0,NOINDEX_CANDIDATE
other,practice-room-bass-slap-advanced1,"베이스 슬랩·팝 고급 기법 — 아르페지오·더블팝·섬그레이스 실전 훈련",3093,0,68,WATCH
other,practice-room-bass-slap-pop1,"베이스 슬랩·팝 기법 완전 마스터 — 실전 가이드",3041,0,31,WATCH
other,practice-room-bass-slap1,"베이스 슬랩·팝핑 테크닉 — 슬랩베이스 완성 가이드",2652,0,9,WATCH_LOW
other,practice-room-bass-slide1,"베이스 슬라이드·포르타멘토 베이스 — 베이스 슬라이드 완성 가이드",2669,0,0,NOINDEX_CANDIDATE
other,practice-room-bass-solo-grooving1,"베이스 솔로·그루브 솔로잉 — Victor Wooten·Jaco Pastorius 스타일 기법",3671,0,20,WATCH
other,practice-room-bass-soul-groove1,"베이스 소울·모타운 그루브·클래식 R&B — 완전 가이드",4051,0,0,NOINDEX_CANDIDATE
other,practice-room-bass-string-muting1,"베이스 스트링 뮤팅 — 노이즈 컨트롤 오른손·왼손 뮤팅 기법",2715,0,19,WATCH
other,practice-room-bass-sustain1,"베이스 서스테인·노트 컨트롤 훈련 — 스타카토·레가토·뮤팅 기법",2656,0,26,WATCH
other,practice-room-bass-tapping1,"베이스 태핑·양손 태핑 테크닉 — 완전 가이드",2999,3,86,KEEP
other,practice-room-bass-technique1,"베이스 슬랩·테크닉 연습 — 펑크 베이스 완성 가이드",2303,0,0,NOINDEX_CANDIDATE
other,practice-room-bass-theory-harmony1,"베이스 화성 이론 적용법 — 코드 진행 분석과 스케일 베이스 라인 구성",3257,0,41,WATCH
other,practice-room-bass-thumb-technique1,"베이스 썸 테크닉 훈련법 — 더블 썸핑·Victor Wooten 슬랩 고급 기법",4189,2,71,KEEP
other,practice-room-bass-thumb1,"베이스 썸피킹·핑거스타일 혼합 — 베이스 썸피킹 완성 가이드",2614,0,0,NOINDEX_CANDIDATE
other,practice-room-bass-two-hand-tapping1,"베이스 투핸드 탭핑 — 오른손 해머온·왼손 역할 분리 기초 훈련",2938,0,18,WATCH
other,practice-room-bass-walking-bass2,"베이스 워킹 베이스라인 심화편 — 재즈 워킹 완전 가이드",3522,2,76,KEEP
other,practice-room-bass-walking-lines1,"베이스 워킹 라인 구성·크로매틱 접근·가이드 톤 — 완전 가이드",4587,0,0,NOINDEX_CANDIDATE
other,practice-room-bass-walking1,"베이스 워킹베이스·재즈 라인 — 워킹베이스 완성 가이드",2605,0,0,NOINDEX_CANDIDATE
other,practice-room-bass1,"베이스 연습실 완벽 가이드 — 베이시스트를 위한 개인 연습실 선택법",3200,9,72,KEEP
other,practice-room-blues1,"블루스 기타 연습 — 12마디 진행·블루스 스케일·벤딩 필링 훈련",2301,0,26,WATCH
other,practice-room-booking1,"연습실 예약 방법 완전 가이드 — 시간 대여부터 월세 입주까지",15259,0,0,NOINDEX_CANDIDATE
other,practice-room-breath-control1,"복식호흡 보컬 훈련법 — 횡격막 호흡으로 발성 지지력 키우기",2673,2,81,KEEP
other,practice-room-bucheon1,"부천·인천·김포 음악연습실 — 서울 서부 경기 24시간 방음 연습실 가이드",2109,1,66,KEEP
practice-room-station,practice-room-bulgwang1,"불광 음악연습실 — 불광역 7번 출구 도보 7분, 24시간 방음 개인실 월 36만원 입주",2931,0,17,WATCH
other,practice-room-burnout1,"음악 번아웃 극복·재도약 — 연습이 싫어졌을 때 다시 시작하는 법",2058,0,0,NOINDEX_CANDIDATE
other,practice-room-busking1,"버스킹 준비 — 거리 공연 전 연습 공간 완벽 가이드",2436,4,100,KEEP
other,practice-room-cajon1,"카혼·타악기 연습 — 방음 퍼커션 연습 완성 가이드",2615,4,74,KEEP
other,practice-room-ccm1,"CCM·복음성가 연습 — 찬양 리더 준비와 교회 예배 보컬 훈련",2723,0,23,WATCH
other,practice-room-cello1,"첼로 연습 — 낮은 현악기 방음 연습 완벽 가이드",2639,0,0,NOINDEX_CANDIDATE
other,practice-room-certification1,"피아노·음악 자격증·능력 시험 준비 — 시험 합격까지",2221,0,0,NOINDEX_CANDIDATE
other,practice-room-choir1,"합창단 개인 파트 연습 — 음정·리듬 완성 후 합창 합류 전략",2272,0,20,WATCH
other,practice-room-chord-melody1,"코드 멜로디·솔로 기타 편곡 연습 — 솔로 기타 완성 가이드",2269,0,0,NOINDEX_CANDIDATE
other,practice-room-church1,"교회 찬양팀·성가대 — 예배 보컬·악기 연습 공간 가이드",2189,0,0,NOINDEX_CANDIDATE
other,practice-room-classical-guitar1,"클래식 기타 연습 — 나일론 기타 테크닉 완성 가이드",2308,0,0,NOINDEX_CANDIDATE
other,practice-room-classical1,"클래식 연주 연습실 — 피아노·바이올린·첼로 방음 환경 선택 기준",2244,0,16,WATCH
other,practice-room-college-student1,"대학생 — 대학생·실용음악과 재학생을 위한 연습 공간 가이드",2120,0,0,NOINDEX_CANDIDATE
other,practice-room-comeback1,"음악 다시 시작하는 분을 위한 연습실 가이드 — 음악 복귀 완벽 안내",2236,0,0,NOINDEX_CANDIDATE
other,practice-room-competition1,"음악 경연대회·가요제 준비 — 무대 경험을 위한 집중 연습",2740,0,1,WATCH_LOW
other,practice-room-composition1,"작곡·편곡 — 작곡가·음악 프로듀서를 위한 연습 공간 가이드",2341,0,0,NOINDEX_CANDIDATE
other,practice-room-concentration1,"집중 연습과 슬럼프 극복 — 25분 포모도로와 몰입 환경 만들기",2460,0,15,WATCH
other,practice-room-content-creator1,"음악 유튜버·SNS 크리에이터 — 커버 영상 촬영 연습 공간",2272,1,9,KEEP
other,practice-room-contract1,"연습실 월세 계약 전 꼭 확인할 것 — 입주 계약 완벽 가이드",2709,1,7,KEEP
other,practice-room-cooling1,"냉난방 — 여름·겨울 쾌적한 연습 공간 선택 가이드",2597,0,4,WATCH_LOW
other,practice-room-couple1,"커플·연인 음악 취미 연습실 — 함께 노래·연주하는 데이트 방법",2743,1,15,KEEP
other,practice-room-cover1,"커버 연습실 — 팝·K-POP 커버 연습 공간 가이드",2383,0,1,WATCH_LOW
practice-room-station,practice-room-daejo1,"대조동 음악연습실 — 동명여고 옆 스튜디오 놀, 24시간 방음 개인실 월 36만원 입주",4243,0,10,WATCH
other,practice-room-demo1,"데모 녹음 준비 — 오디션 데모 2~3주 연습 후 완성도 확보법",2313,0,17,WATCH
practice-room-station,practice-room-deogyang1,"덕양구 음악연습실 — 3호선 라인, 24시간 방음 개인실 월 36만원 입주",4416,1,9,KEEP
other,practice-room-digital-piano1,"전자 피아노·디지털 피아노 연습 — 터치·표현력 완성 가이드",2467,0,0,NOINDEX_CANDIDATE
practice-room-station,practice-room-dokbawi1,"독바위 음악연습실 — 6호선 1정거장, 24시간 방음 개인실 월 36만원 입주",3945,0,11,WATCH
other,practice-room-dongdaemun1,"동대문·성동·광진구 음악연습실 — 서울 동부권 24시간 방음 연습실 가이드",3279,1,27,KEEP
other,practice-room-drum-accent1,"드럼 악센트·강세 패턴 훈련 — 드럼 악센트 완성 가이드",2617,0,16,WATCH
other,practice-room-drum-afro-cuban-clave1,"드럼 아프로큐반 리듬·클라베 — 완전 가이드",4130,2,118,KEEP
other,practice-room-drum-afrobeat1,"드럼 아프로비트·월드 그루브 — 완전 가이드",3354,2,9,KEEP
other,practice-room-drum-bossa-nova1,"보사노바 드럼 패턴 훈련 — 클라베·이파네마 리듬 단계별 연습법",3457,0,53,WATCH
other,practice-room-drum-brush1,"드럼 브러시 주법·재즈 브러시 — 드럼 브러시 완성 가이드",2606,0,0,NOINDEX_CANDIDATE
other,practice-room-drum-brushes-advanced1,"드럼 브러시 고급 기법·재즈 발라드 완전 가이드 — 실전 연습",3168,1,50,KEEP
other,practice-room-drum-brushwork-advanced1,"드럼 브러시 고급 주법 — 재즈 발라드 스월·탭 스트로크 훈련법",3342,1,54,KEEP
other,practice-room-drum-brushwork-jazz-waltz1,"드럼 재즈 왈츠 훈련 — 3박자 스윙과 브러시 왈츠 기본 패턴",3250,0,42,WATCH
other,practice-room-drum-brushwork1,"드럼 브러시워크·재즈 스위핑 — 드럼 브러시워크 완성 가이드",2643,0,0,NOINDEX_CANDIDATE
other,practice-room-drum-buildup1,"드럼 크레셴도·다이나믹 빌드업 — 드럼 빌드업 완성 가이드",2606,0,0,NOINDEX_CANDIDATE
other,practice-room-drum-cajon1,"카혼 연주 훈련법 — 바스·스네어·플라멩코 리듬 기초부터 어쿠스틱 세션까지",3610,1,51,KEEP
other,practice-room-drum-count1,"드럼 카운트·리듬 카운팅 훈련 — 드럼 박자 감각 완성 가이드",2623,2,57,KEEP
other,practice-room-drum-country1,"드럼 컨트리·블루그래스 비트 — 드럼 컨트리 완성 가이드",2791,0,8,WATCH_LOW
other,practice-room-drum-cymbal-techniques1,"드럼 심벌 기법·라이드·크래쉬 활용법 — 완전 가이드",3105,2,245,KEEP
other,practice-room-drum-cymbal1,"드럼 크래시·라이드 심벌 활용 — 드럼 심벌 완성 가이드",2649,3,126,KEEP
other,practice-room-drum-double-kick1,"드럼 더블 킥·더블 배스 드럼 훈련 — 완전 가이드",3160,1,79,KEEP
other,practice-room-drum-electronic1,"전자 드럼 연습실 활용법 — 패드·모듈 설정과 어쿠스틱 드럼 전환 훈련",2674,1,128,KEEP
other,practice-room-drum-fill-adv1,"드럼 필인·트랜지션 고급 훈련 — 드럼 필인 완성 가이드",2603,0,0,NOINDEX_CANDIDATE
other,practice-room-drum-fill1,"드럼 필인·전환 패턴 연습 — 드럼 필인 완성 가이드",2644,0,0,NOINDEX_CANDIDATE
other,practice-room-drum-fills-advanced1,"드럼 고급 필인·전환 기법·John Bonham — 완전 가이드",4134,0,6,WATCH_LOW
other,practice-room-drum-fills-transitions1,"드럼 필·트랜지션 훈련 — 16비트 필과 섹션 전환 트리플렛",3252,0,42,WATCH
other,practice-room-drum-foot-technique1,"드럼 발 테크닉·더블 베이스 페달 — 완전 가이드",3071,0,0,NOINDEX_CANDIDATE
other,practice-room-drum-funk-pocket1,"드럼 펑크 포켓·타이트 그루브·James Brown 스타일 — 완전 가이드",3943,0,0,NOINDEX_CANDIDATE
other,practice-room-drum-funk1,"드럼 펑크 그루브 훈련 — 16분음표 킥·고스트노트·오픈하이햇",2628,0,18,WATCH
other,practice-room-drum-fusion1,"퓨전 드럼·Weather Report·Vinnie Colaiuta·복잡한 그루브",3577,0,0,NOINDEX_CANDIDATE
other,practice-room-drum-ghost-notes1,"드럼 고스트 노트로 그루브 만드는 법 — 다이나믹 레이어링 훈련",3926,0,134,WATCH
other,practice-room-drum-ghost1,"드럼 고스트 노트·유령음 훈련 — 드럼 고스트 노트 완성 가이드",2605,0,0,NOINDEX_CANDIDATE
other,practice-room-drum-groove-construction-advanced1,"드럼 그루브 구성 고급·포켓·레이어링 — 완전 가이드",4597,0,7,WATCH_LOW
other,practice-room-drum-groove-pocket1,"드럼 그루브·포켓 연주·리듬 감각 — 완전 가이드",2535,0,7,WATCH_LOW
other,practice-room-drum-groove1,"드럼 그루브 심화 — 메트로놈 레이드백과 장르별 리듬 패턴",2457,0,23,WATCH
other,practice-room-drum-hand-technique1,"드럼 핸드 테크닉·그립·프렌치·독일·아메리칸 스타일 — 완전 가이드",3771,0,0,NOINDEX_CANDIDATE
other,practice-room-drum-hihat-patterns1,"드럼 하이햇 패턴·개폐 컨트롤 — 완전 가이드",3062,0,0,NOINDEX_CANDIDATE
other,practice-room-drum-hihat1,"드럼 하이햇 컨트롤·오픈 하이햇 — 드럼 하이햇 완성 가이드",2615,0,0,NOINDEX_CANDIDATE
other,practice-room-drum-hip-hop-lofi1,"힙합·로파이 드럼·붐뱁·드럼머신 그루브 — 완전 가이드",3446,0,0,NOINDEX_CANDIDATE
other,practice-room-drum-hiphop1,"드럼 힙합·트랩 비트 훈련 — 레이드백 그루브와 하이햇 변주",2574,2,47,KEEP
other,practice-room-drum-jazz-adv1,"재즈 드럼 고급·스윙 필 심화 — 재즈 드럼 완성 가이드",2641,3,30,KEEP
other,practice-room-drum-jazz-bebop1,"드럼 비밥·재즈 비밥 드러밍·Max Roach — 완전 가이드",4359,0,12,WATCH
other,practice-room-drum-jazz-brushwork-bossa1,"드럼 보사노바·재즈 브러시 보사 — 완전 가이드",4126,1,29,KEEP
other,practice-room-drum-jazz-coordination1,"드럼 재즈 독립성·사지 조율 완전 가이드 — 실전 연습",2883,0,0,NOINDEX_CANDIDATE
other,practice-room-drum-jazz-funk1,"재즈펑크 드럼·James Brown·The Meters·뉴올리언스 그루브 — 완전 가이드",3675,0,1,WATCH_LOW
other,practice-room-drum-jazz-ride1,"드럼 재즈 라이드·스윙 패턴 — 재즈 드럼 완성 가이드",2619,1,21,KEEP
other,practice-room-drum-jazz-swing-comping1,"드럼 재즈 스윙 콤핑 — 4/4 재즈 드럼 완전 가이드",4442,0,0,NOINDEX_CANDIDATE
other,practice-room-drum-jazz1,"재즈 드럼·브러쉬 연주 — 재즈 드럼 완성 가이드",2593,2,45,KEEP
other,practice-room-drum-kick1,"드럼 킥·베이스 드럼 테크닉 — 킥 드럼 완성 가이드",2597,0,0,NOINDEX_CANDIDATE
other,practice-room-drum-latin-jazz1,"드럼 맘보·라틴재즈 비트 완성 가이드 — 실전 연습",3405,1,15,KEEP
other,practice-room-drum-latin-percussion1,"드럼 라틴 리듬 훈련 — 클라베 패턴·살사·삼바 드럼 그루브",4319,1,46,KEEP
other,practice-room-drum-linear-patterns1,"드럼 리니어 패턴·비트 분산 기법 — 완전 가이드",3743,0,0,NOINDEX_CANDIDATE
other,practice-room-drum-linear1,"드럼 리니어 그루브·선형 비트 — 리니어 드럼 완성 가이드",2592,0,0,NOINDEX_CANDIDATE
other,practice-room-drum-metal-blast-beat1,"드럼 메탈·블래스트 비트·더블 킥 메탈 — 완전 가이드",3666,0,0,NOINDEX_CANDIDATE
other,practice-room-drum-metal-death1,"데스메탈 드럼·블라스트비트·더블 베이스·익스트림 테크닉 — 완전 가이드",4385,0,15,WATCH
other,practice-room-drum-metronome1,"드럼 메트로놈 타이밍 훈련 — 내부 클릭·레이드백·그루브 포켓 감각 키우기",2616,0,29,WATCH
other,practice-room-drum-odd-time1,"드럼 홀수박자 훈련 — 7/8·5/4 변박자 그루핑으로 이해하기",3524,0,55,WATCH
other,practice-room-drum-odd-times1,"드럼 홀수박자·변박 리듬 — 완전 가이드",3244,0,0,NOINDEX_CANDIDATE
other,practice-room-drum-offbeat1,"드럼 오프비트·싱코페이션 훈련법 — 엇박 그루브 만드는 단계별 연습",2632,1,90,KEEP
other,practice-room-drum-paradiddle1,"드럼 패러디들·루디먼트·스틱 컨트롤 심화 — 완전 가이드",4466,7,79,KEEP
other,practice-room-drum-polyrhythm-advanced1,"드럼 폴리리듬 심화 — 아프리카 리듬·비대칭 리듬 패턴 훈련",3668,0,18,WATCH
other,practice-room-drum-polyrhythm1,"드럼 폴리리듬·크로스리듬 완전 가이드 — 실전 연습",3180,1,63,KEEP
other,practice-room-drum-post-punk1,"드럼 포스트펑크·뉴웨이브 리듬 — 완전 가이드",3771,0,0,NOINDEX_CANDIDATE
other,practice-room-drum-prog-rock1,"프로그레시브 록 드럼·Neil Peart·John Bonham·변박 완전 가이드",3470,0,7,WATCH_LOW
other,practice-room-drum-recording-overdub1,"드럼 레코딩·오버더빙 기법 — 완전 가이드",3742,0,11,WATCH
other,practice-room-drum-reggae1,"드럼 레게·스카 비트 — 레게 드럼 완성 가이드",2607,0,10,WATCH
other,practice-room-drum-rim-techniques1,"드럼 림샷·크로스스틱·림 기법 완전 가이드",2907,3,134,KEEP
other,practice-room-drum-rimshot-adv1,"드럼 림샷·크로스스틱 고급 훈련 — 드럼 림샷 완성 가이드",2608,1,58,KEEP
other,practice-room-drum-rimshot1,"드럼 림샷·고스트노트 테크닉 — 오픈 림샷·사이드스틱 단계별 훈련법",2594,0,47,WATCH
other,practice-room-drum-rock-fills1,"드럼 록 필인·트랜지션 — John Bonham 스타일 필인 기법 훈련",3916,1,27,KEEP
other,practice-room-drum-rock1,"드럼 록·하드록 비트 — 드럼 록 완성 가이드",2587,0,0,NOINDEX_CANDIDATE
other,practice-room-drum-rockabilly1,"드럼 락카빌리·로큰롤 비트 완성 가이드 — 실전 연습",3056,0,12,WATCH
other,practice-room-drum-rudiment1,"드럼 루디먼트·스틱 컨트롤 연습 — 드럼 기초 완성 가이드",3199,0,0,NOINDEX_CANDIDATE
other,practice-room-drum-rudiments-advanced1,"드럼 루디멘트 고급·스트로크 조합 — 완전 가이드",3216,1,29,KEEP
other,practice-room-drum-rudiments1,"드럼 루디먼트란? 26개 기초 스트로크 단계별 연습 가이드",3870,9,309,KEEP
other,practice-room-drum-samba1,"드럼 삼바·브라질 리듬 드럼셋 — 완전 가이드",3959,1,44,KEEP
other,practice-room-drum-shuffle1,"드럼 셔플·블루스 셔플 리듬 — 완전 가이드",4029,0,0,NOINDEX_CANDIDATE
other,practice-room-drum-snare-techniques1,"스네어 테크닉 완전 가이드 — 림샷·크로스 스틱·다이나믹 3가지 핵심",3110,2,91,KEEP
other,practice-room-drum-snare-tuning1,"드럼 스네어 튜닝·드럼 헤드 세팅 — 스네어 튜닝 완성 가이드",2590,1,95,KEEP
other,practice-room-drum-snare1,"드럼 스네어 림샷 치는 법 — 고스트 노트 단계별 훈련",2655,7,328,KEEP
other,practice-room-drum-speed-training1,"드럼 스피드 트레이닝·빠른 싱글 스트로크 — 완전 가이드",2907,1,69,KEEP
other,practice-room-drum-speed1,"드럼 스피드 훈련법 — 리바운드 활용과 BPM 5% 점진 속도 증가",2591,0,35,WATCH
other,practice-room-drum-stick-control1,"드럼 스틱 컨트롤·모엘러 기법·속도 훈련 — 완전 가이드",4593,0,0,NOINDEX_CANDIDATE
other,practice-room-drum-tempo-control1,"드럼 템포 컨트롤·메트로놈 훈련법 — 완전 가이드",2952,0,0,NOINDEX_CANDIDATE
other,practice-room-drum-tempo1,"드럼 템포 안정·리타르단도 훈련 — 드럼 템포 완성 가이드",2594,0,14,WATCH
other,practice-room-drum-timing1,"드럼 타이밍·포켓 그루브 훈련 — 드럼 타이밍 완성 가이드",2627,1,9,KEEP
other,practice-room-drum-world1,"드럼 월드 리듬·아프리카·아프로비트·쿠반 패턴 — 완전 가이드",3944,0,0,NOINDEX_CANDIDATE
other,practice-room-drum1,"드럼 연습실 완벽 가이드 — 24시간 드럼 연습 공간 선택법과 방음 기준",2648,8,246,KEEP
other,practice-room-drumless1,"드럼 없는 — 피아노·보컬·기타 전용 방음 연습 공간",2466,0,0,NOINDEX_CANDIDATE
other,practice-room-ear-training1,"청음·귀 훈련 — 상대음감 훈련과 음정·화음 청취 향상법",2233,0,30,WATCH
other,practice-room-electric-bass1,"일렉 베이스·베이스 기타 입문 연습 — 베이스 기초 완성 가이드",2470,3,148,KEEP
other,practice-room-electric-guitar1,"일렉기타·전기기타 연습실 — 방음 개인 연습 공간 가이드",2794,5,89,KEEP
other,practice-room-ensemble-prep1,"앙상블·합주 준비 개인 연습실 — 함께 연주 전 완벽한 파트 숙지",2240,0,7,WATCH_LOW
other,practice-room-entrance1,"실용음악 입시생을 위한 — 입시 준비 연습 공간 완벽 가이드",2593,0,0,NOINDEX_CANDIDATE
other,practice-room-equipment1,"연습실 장비 완전 가이드 — 좋은 연습실이 갖춰야 할 필수 시설",2574,5,33,KEEP
other,practice-room-etiquette1,"연습실 에티켓 완전 가이드 — 처음 이용하는 분이 꼭 알아야 할 규칙",2740,3,44,KEEP
practice-room-station,practice-room-eungam1,"응암 음악연습실 — 6호선 3정거장, 24시간 방음 개인실 월 36만원 입주",4099,1,8,KEEP
practice-room-station,practice-room-eunpyeong1,"은평구 음악연습실 — 연신내·불광·구산·역촌·응암 24시간 방음 개인실 월 36만원 입주",3097,4,59,KEEP
other,practice-room-event1,"생일·기념일 이벤트 노래 준비 — 특별한 날을 위한 음악",2644,0,2,WATCH_LOW
other,practice-room-expression1,"음악 표현력·감정 표현 훈련 — 기술을 넘어 감동을 주는 연주",2394,0,7,WATCH_LOW
other,practice-room-family1,"가족 음악 취미 연습실 — 온 가족이 함께하는 음악 생활",2752,0,6,WATCH_LOW
other,practice-room-fingerpicking1,"핑거피킹·아르페지오 기타 연습 — 핑거스타일 기초 완성 가이드",2597,0,6,WATCH_LOW
other,practice-room-fingerstyle1,"핑거스타일 기타 연습 — 손가락 연주 기타 마스터 가이드",2632,2,53,KEEP
other,practice-room-first1,"연습실 처음 이용 가이드 — 예약부터 퇴실까지 완벽 설명",2885,3,43,KEEP
other,practice-room-flute1,"플루트 연습 — 방음 환경에서 목관악기 연습 가이드",2171,0,0,NOINDEX_CANDIDATE
other,practice-room-gangbuk1,"강북·도봉·노원구 음악연습실 — 서울 북동권 24시간 방음 연습실 가이드",3419,2,58,KEEP
other,practice-room-gangnam1,"강남·서초구 음악연습실 — 서울 강남권 24시간 방음 연습실 가이드",2628,0,0,NOINDEX_CANDIDATE
other,practice-room-gangseo1,"강서구·양천구 음악연습실 — 목동·화곡·가양 24시간 방음 연습실 가이드",3462,8,67,KEEP
other,practice-room-genre-switch1,"클래식·팝·재즈 장르 전환 — 새로운 음악 세계 도전",2301,0,0,NOINDEX_CANDIDATE
other,practice-room-goal-setting1,"음악 목표 설정·달성 — 실력 향상을 위한 연습 전략",2427,0,10,WATCH
practice-room-station,practice-room-goyang1,"고양시 음악연습실 — 3호선 라인, 24시간 방음 개인실 월 36만원 입주",2678,2,24,KEEP
other,practice-room-gugak1,"국악·민요·가야금 연습 — 전통 음악 방음 개인 연습 공간",2326,0,10,WATCH
other,practice-room-guide1,"연습실 고르는 법 — 2026년 체크리스트 완벽 가이드",3109,3,45,KEEP
other,practice-room-guitar-12string1,"12현 기타 연습 — Roger McGuinn 스타일과 옥타브 코러스 특성",4417,0,17,WATCH
other,practice-room-guitar-acoustic-fingerpick1,"통기타 핑거피킹·핑거스타일 입문 — 핑거피킹 완성 가이드",2700,0,0,NOINDEX_CANDIDATE
other,practice-room-guitar-acoustic-fingerstyle1,"기타 어쿠스틱 핑거스타일·DADGAD 튜닝 — 완전 가이드",3304,4,99,KEEP
other,practice-room-guitar-alternate-tuning1,"기타 올터네이트 튜닝·DADGAD·오픈 코드 탐구 — 완전 가이드",4646,0,0,NOINDEX_CANDIDATE
other,practice-room-guitar-ambient-textures1,"앰비언트 기타 훈련 — 리버브·딜레이·볼륨 스웰로 텍스처 사운드 만들기",3896,0,35,WATCH
other,practice-room-guitar-archtop1,"아치탑 기타·재즈 기타 톤·할로우 바디 세팅 — 완전 가이드",4328,2,95,KEEP
other,practice-room-guitar-arpeggio1,"기타 아르페지오·분산 화음 연습 — 기타 아르페지오 완성 가이드",2595,1,86,KEEP
other,practice-room-guitar-arpeggios-advanced1,"기타 아르페지오 고급 훈련 — 스윕 피킹과 이코노미 피킹 단계별 연습",3428,0,37,WATCH
other,practice-room-guitar-arpeggios1,"기타 아르페지오·클래식 패턴 완전 가이드",2958,0,0,NOINDEX_CANDIDATE
other,practice-room-guitar-baritone1,"바리톤 기타·다운 튜닝·헤비 사운드 — 완전 가이드",3725,0,0,NOINDEX_CANDIDATE
other,practice-room-guitar-barre1,"기타 바레 코드·F코드 극복 훈련 — 검지 강화와 정확한 누르는 위치",2653,0,37,WATCH
other,practice-room-guitar-beginner1,"기타 독학 연습실 — 기타 초보자를 위한 연습 공간 완벽 가이드",2306,0,0,NOINDEX_CANDIDATE
other,practice-room-guitar-bends1,"기타 벤딩·비브라토 테크닉 — 1음 벤딩 정확도와 표현 기법 훈련",3362,0,54,WATCH
other,practice-room-guitar-blues-licks1,"기타 블루스 릭·스케일 완전 가이드 — 실전 연습",3592,5,45,KEEP
other,practice-room-guitar-blues-rhythm1,"기타 블루스 리듬·셔플 패턴 — 완전 가이드",2973,0,0,NOINDEX_CANDIDATE
other,practice-room-guitar-blues-rock1,"블루스 록 기타 훈련 — SRV·Eric Clapton 스타일 펜타토닉 솔로",3831,0,32,WATCH
other,practice-room-guitar-blues-scale1,"블루스 스케일·펜타토닉 기타 연습 — 블루스 기타 솔로 완성 가이드",2585,2,100,KEEP
other,practice-room-guitar-blues-slide1,"블루스 슬라이드 기타·Duane Allman·Derek Trucks·보틀넥 주법",3659,0,0,NOINDEX_CANDIDATE
other,practice-room-guitar-blues1,"기타 블루스 훈련 — 블루스 스케일·벤딩 표현·12마디 진행 연습",2622,0,28,WATCH
other,practice-room-guitar-bossa1,"보사노바 기타 리듬 훈련 — João Gilberto 스타일 삼바·코드 보이싱",3847,1,101,KEEP
other,practice-room-guitar-capo-techniques1,"기타 카포·키 변환 활용법 — 완전 가이드",2942,5,198,KEEP
other,practice-room-guitar-capo1,"기타 카포 활용·카포 테크닉 — 기타 카포 완성 가이드",2847,0,0,NOINDEX_CANDIDATE
other,practice-room-guitar-celtic1,"기타 켈틱·아이리쉬 핑거피킹·전통 멜로디 — 완전 가이드",4234,0,1,WATCH_LOW
other,practice-room-guitar-chord-adv1,"기타 코드 고급·확장 코드 연주 — 기타 확장 코드 완성 가이드",2778,0,7,WATCH_LOW
other,practice-room-guitar-chord-arpeggio1,"기타 코드 아르페지오·코드 분산 연주 — 코드 분산 기타 완성 가이드",2768,2,58,KEEP
other,practice-room-guitar-chord-change1,"기타 코드 전환 속도·스무스 체인지 — 코드 전환 완성 가이드",2742,0,0,NOINDEX_CANDIDATE
other,practice-room-guitar-chord-melody1,"기타 코드 멜로디·솔로 기타 편곡 — 기타 코드 멜로디 완성 가이드",2780,1,32,KEEP
other,practice-room-guitar-chord-prog1,"기타 코드 진행 화성 이해 — I-IV-V·ii-V-I·차용 화음 훈련",2780,1,35,KEEP
other,practice-room-guitar-chord-progressions1,"기타 코드 진행·전조 기법 — ii-V-I·피벗 코드 전조·평행단조 실전 훈련",3693,0,72,WATCH
other,practice-room-guitar-chord-substitution1,"기타 코드 대체·리하모니제이션 기법 — 완전 가이드",3455,1,59,KEEP
other,practice-room-guitar-chord1,"기타 코드·코드 전환 연습 — 코드 자동화 완성 가이드",2804,2,37,KEEP
other,practice-room-guitar-chord21,"기타 오픈 코드·기본 코드 완전 정복 — 기타 기초 코드 완성 가이드",2793,1,128,KEEP
other,practice-room-guitar-clean-tone1,"기타 클린톤 완벽 세팅법 — 앰프 소리 만들기",3508,7,170,KEEP
other,practice-room-guitar-country-chicken-picking1,"기타 컨트리 치킨 피킹·하이브리드 피킹 — 완전 가이드",3858,3,46,KEEP
other,practice-room-guitar-country1,"기타 컨트리·치킨피킹 기법 — 완전 가이드",2667,0,0,NOINDEX_CANDIDATE
other,practice-room-guitar-delta-blues1,"기타 델타 블루스·Robert Johnson 오픈 튜닝 — 완전 가이드",4741,0,7,WATCH_LOW
other,practice-room-guitar-dobro1,"도브로·레조네이터 기타·슬라이드 기법 — 완전 가이드",4222,0,0,NOINDEX_CANDIDATE
other,practice-room-guitar-double-stop1,"기타 더블 스탑·두음 화성 기법 — 완전 가이드",4045,0,0,NOINDEX_CANDIDATE
other,practice-room-guitar-economy-picking1,"이코노미 피킹이란? 기타 스위핑 기초 단계별 훈련법",2944,2,151,KEEP
other,practice-room-guitar-finger-vibrato1,"기타 왼손 비브라토·핑거 비브라토 — 기타 비브라토 완성 가이드",2661,1,54,KEEP
other,practice-room-guitar-fingering1,"기타 핑거링·왼손 운지 훈련 — 기타 핑거링 완성 가이드",2542,0,0,NOINDEX_CANDIDATE
other,practice-room-guitar-fingerpick-adv1,"기타 핑거스타일 고급·솔로 기타 편곡 — 고급 핑거스타일 완성 가이드",2730,0,0,NOINDEX_CANDIDATE
other,practice-room-guitar-fingerpick-pattern1,"기타 핑거피킹 패턴 다양화 — 핑거피킹 완성 가이드",2701,0,8,WATCH_LOW
other,practice-room-guitar-fingerpicking-patterns1,"기타 핑거피킹 패턴·아르페지오 완전 마스터 — 실전 가이드",3155,1,55,KEEP
other,practice-room-guitar-fingerpicking-travis1,"기타 핑거피킹·Travis Picking 패턴 — 완전 가이드",4036,2,27,KEEP
other,practice-room-guitar-fingerpicking1,"기타 핑거피킹·핑거스타일 입문 — 핑거피킹 완성 가이드",2680,1,90,KEEP
other,practice-room-guitar-fingerstyle-adv1,"기타 핑거스타일 고급 테크닉 — 핑거스타일 완성 가이드",2734,1,18,KEEP
other,practice-room-guitar-fingerstyle-arrangement1,"기타 핑거스타일 편곡·솔로 기타 어레인지 — 완전 가이드",3534,0,0,NOINDEX_CANDIDATE
other,practice-room-guitar-fingerstyle21,"핑거스타일 기타 고급 훈련 — 퍼커시브 히팅·탭 하모닉스·레이헨더 주법",2698,0,19,WATCH
other,practice-room-guitar-flamenco1,"기타 플라멩코 기법 — 라스게아도·피카도 훈련으로 플라멩코 기타 입문",4182,1,52,KEEP
other,practice-room-guitar-funk-rhythm1,"기타 펑크 리듬·치킨 피킹·클린 그루브 — 완전 가이드",3786,0,0,NOINDEX_CANDIDATE
other,practice-room-guitar-gypsy-jazz1,"집시 재즈 기타·Django Reinhardt·라 뽕프·Manouche 스타일",3506,0,0,NOINDEX_CANDIDATE
other,practice-room-guitar-hammer-pull1,"기타 해머온·풀오프 연속 훈련 — 해머온 풀오프 완성 가이드",2582,0,0,NOINDEX_CANDIDATE
other,practice-room-guitar-harmonics1,"기타 하모닉스·인공 하모닉스 기법 — 완전 가이드",4003,1,272,KEEP
other,practice-room-guitar-hybrid-picking1,"기타 하이브리드 피킹·핑거스타일 융합 — 완전 가이드",3351,1,58,KEEP
other,practice-room-guitar-hybrid1,"기타 하이브리드 피킹·치킨 피킹 — 하이브리드 피킹 완성 가이드",2610,0,0,NOINDEX_CANDIDATE
other,practice-room-guitar-improv1,"기타 즉흥 연주 훈련법 — 스케일 응용·코드톤·모티프 발전으로 임프로비제이션",2508,1,38,KEEP
other,practice-room-guitar-indie-alternative1,"기타 인디·얼터너티브 사운드 — 이펙터 페달과 포스트록 기법",2968,0,19,WATCH
other,practice-room-guitar-indie-pop1,"인디팝 기타·The Strokes·Vampire Weekend·코드 스타일 — 완전 가이드",3535,0,5,WATCH_LOW
other,practice-room-guitar-jazz-bebop1,"재즈 기타 비밥 훈련 — Wes Montgomery·Joe Pass 스타일 즉흥 연주",4294,0,24,WATCH
other,practice-room-guitar-jazz-chord-melody1,"재즈 기타 코드 멜로디 — Joe Pass 스타일 솔로 기타 기법",3555,1,20,KEEP
other,practice-room-guitar-jazz-chord1,"기타 재즈 코드·재즈 보이싱 — 기타 재즈 코드 완성 가이드",2632,0,0,NOINDEX_CANDIDATE
other,practice-room-guitar-jazz-chords1,"기타 재즈 코드·텐션 코드 보이싱 — 완전 가이드",2959,3,80,KEEP
other,practice-room-guitar-jazz-rhythm1,"기타 재즈 리듬·콤핑 기법 — 완전 가이드",3327,1,21,KEEP
other,practice-room-guitar-jazz-voicing1,"기타 재즈 보이싱·코드 멜로디 — 재즈 기타 완성 가이드",2650,1,24,KEEP
other,practice-room-guitar-left-hand1,"기타 왼손 독립·핑거링 훈련 — 크롤링·링거·소지 단독 훈련법",2566,1,18,KEEP
other,practice-room-guitar-legato1,"기타 레가토·해머온 풀오프 연습 — 기타 레가토 완성 가이드",2557,1,69,KEEP
other,practice-room-guitar-math-rock1,"수학록 기타·폴리리듬·Animals as Leaders·Don Caballero 스타일",3662,0,0,NOINDEX_CANDIDATE
other,practice-room-guitar-memory1,"기타 뮤직 메모리·악보 없이 연주하기 — 기타 암보 완성 가이드",2389,1,16,KEEP
other,practice-room-guitar-metal-distortion1,"기타 메탈·디스토션 완벽 세팅 가이드 — 실전 연습",3740,3,28,KEEP
other,practice-room-guitar-modal-playing1,"기타 모달 연주·모드 스케일 활용 — 완전 가이드",3176,0,18,WATCH
other,practice-room-guitar-mute1,"기타 팜 뮤트·왼손 뮤트 훈련 — 피치카토 주법과 뮤트 강도 조절",2552,0,32,WATCH
other,practice-room-guitar-neo-soul1,"기타 네오소울·코드 멜로디 기법 — 완전 가이드",3710,1,40,KEEP
other,practice-room-guitar-neofolk1,"네오포크 기타·Bon Iver·Iron and Wine·핑거피킹 스타일 — 완전 가이드",3812,0,2,WATCH_LOW
other,practice-room-guitar-nylon1,"나일론 현 기타·클래식 기타 자세·포지션 연주 — 완전 가이드",4137,0,0,NOINDEX_CANDIDATE
other,practice-room-guitar-open-chord-sonority1,"기타 오픈 코드·소노리티 기법 — 완전 가이드",3899,0,14,WATCH
other,practice-room-guitar-open-tuning1,"기타 오픈 튜닝·드론 코드 완전 가이드 — 실전 연습",3131,2,60,KEEP
other,practice-room-guitar-palm-muting1,"기타 팜 뮤팅·헤비 리듬 기타 — 완전 가이드",3517,0,10,WATCH
other,practice-room-guitar-pentatonic-advanced1,"기타 펜타토닉 고급·포지션 연결 — 완전 가이드",3565,0,0,NOINDEX_CANDIDATE
other,practice-room-guitar-pentatonic-modes1,"기타 모드 스케일·모달 연주 — 기타 모드 완성 가이드",2650,1,24,KEEP
other,practice-room-guitar-picking-adv1,"기타 피킹 테크닉 고급 훈련 — 기타 피킹 완성 가이드",2718,0,0,NOINDEX_CANDIDATE
other,practice-room-guitar-picking1,"기타 피킹·스트로크 패턴 연습 — 리듬 기타 완성 가이드",2756,0,0,NOINDEX_CANDIDATE
other,practice-room-guitar-pinch-harmonic1,"기타 핀치 하모닉스·스퀼 테크닉 — 핀치 하모닉스 완성 가이드",2618,0,0,NOINDEX_CANDIDATE
other,practice-room-guitar-post-rock1,"포스트록 기타·빌드업·Explosions in the Sky·Mogwai 스타일",3552,0,0,NOINDEX_CANDIDATE
other,practice-room-guitar-reggae1,"레게 기타·스카·록스테디·오프비트 리듬 — 완전 가이드",3943,2,17,KEEP
other,practice-room-guitar-riff1,"기타 리프·반복 패턴 작성 — 기타 리프 완성 가이드",2549,0,0,NOINDEX_CANDIDATE
other,practice-room-guitar-rock-lead1,"기타 록 리드·파워풀 솔로 — 벤딩·스크리밍 기법 단계별 훈련",3424,0,17,WATCH
other,practice-room-guitar-scale-pos1,"기타 스케일 연습 — 펜타토닉 5포지션에서 다이아토닉 스케일 확장",2607,1,22,KEEP
other,practice-room-guitar-scale-position1,"기타 스케일 포지션 — 마이너 펜타토닉 5가지 포지션 넥 전체 이동",2624,0,20,WATCH
other,practice-room-guitar-shoegaze1,"슈게이징 기타·Wall of Sound·My Bloody Valentine·Slowdive",3731,0,0,NOINDEX_CANDIDATE
other,practice-room-guitar-slide-advanced1,"기타 슬라이드 고급·보틀넥 기법 — 완전 가이드",4221,0,0,NOINDEX_CANDIDATE
other,practice-room-guitar-slide-electric1,"일렉 슬라이드 기타·보틀넥·Duane Allman 스타일 — 완전 가이드",4048,1,87,KEEP
other,practice-room-guitar-slide1,"기타 슬라이드·보틀넥 주법 — 완전 가이드",3205,0,0,NOINDEX_CANDIDATE
other,practice-room-guitar-solo1,"기타 솔로 연습법 — 마이너 펜타토닉·벤딩·비브라토 즉흥 연주 훈련",2227,0,62,WATCH
other,practice-room-guitar-stretch1,"기타 핑거링 스트레칭 훈련 — 손가락 유연성·독립·워밍업 루틴",2630,2,60,KEEP
other,practice-room-guitar-string1,"기타 줄 교체·스트링 선택 — 기타 줄 관리 완성 가이드",2571,0,0,NOINDEX_CANDIDATE
other,practice-room-guitar-strumming1,"기타 스트러밍 패턴·리듬 연주 — 스트러밍 완성 가이드",2522,1,33,KEEP
other,practice-room-guitar-sweep-picking1,"기타 스윕 피킹·아르페지오 속주 — 기타 스윕 피킹 완성 가이드",2706,1,53,KEEP
other,practice-room-guitar-sweep1,"기타 스위핑·이코노미 피킹 연습 — 속주 테크닉 완성 가이드",2744,1,51,KEEP
other,practice-room-guitar-tapping1,"기타 탭핑·라이트핸드 기법 — 완전 가이드",3285,0,0,NOINDEX_CANDIDATE
other,practice-room-guitar-theory-modes1,"기타 모드 이론·7가지 교회 선법 — 완전 가이드",3357,0,0,NOINDEX_CANDIDATE
other,practice-room-guitar-theory1,"기타 음악 이론·음악 이론 기타 적용 — 기타 이론 완성 가이드",2584,0,8,WATCH_LOW
other,practice-room-guitar-tremolo-picking1,"기타 트레몰로 피킹·고속 얼터네이트 피킹 — 완전 가이드",3270,1,53,KEEP
other,practice-room-guitar-vibrato1,"기타 비브라토 훈련법 — 클래식·록·손목 비브라토 종류와 피치 컨트롤",2720,1,37,KEEP
other,practice-room-guitar-volume-swell1,"기타 볼륨 스웰·바이올린 주법·앰비언트 표현 — 완전 가이드",3631,2,84,KEEP
other,practice-room-guitar-whammy-bar1,"기타 왐미바·트레몰로 암 기법 — 완전 가이드",3255,1,74,KEEP
other,practice-room-guitar-whammy1,"기타 웜바 암(트레몰로) 테크닉 — 다이브 밤·스쿱·비브라토 활용법",2426,0,38,WATCH
other,practice-room-guitar1,"기타 연습실 완벽 가이드 — 기타리스트를 위한 개인 연습실 선택법",2882,0,0,NOINDEX_CANDIDATE
practice-room-station,practice-room-gupabal1,"구파발 음악연습실 — 3호선 1정거장, 24시간 방음 개인실 월 36만원 입주",4134,1,6,KEEP
other,practice-room-guro1,"구로·금천·영등포 음악연습실 — 서울 서남권 24시간 방음 연습실 가이드",3319,0,0,NOINDEX_CANDIDATE
practice-room-station,practice-room-gusan1,"구산 음악연습실 — 6호선 1정거장, 24시간 방음 개인실 월 36만원 입주",4003,0,8,WATCH_LOW
other,practice-room-gwanak1,"관악구·동작구 음악연습실 — 신림·서울대입구·사당 24시간 방음 연습실 가이드",3261,3,68,KEEP
other,practice-room-habit1,"음악 연습 습관 만들기 — 꾸준히 연습하는 루틴 설계",2218,0,6,WATCH_LOW
other,practice-room-harmony1,"보컬 하모니·화음 연습 — 듀엣·그룹 하모니 완성 가이드",2482,0,0,NOINDEX_CANDIDATE
other,practice-room-healing1,"음악 치유·힐링 — 음악으로 마음을 회복하는 공간",2456,0,3,WATCH_LOW
other,practice-room-hobby1,"취미 음악인을 위한 연습실 완벽 가이드 — 직장인·성인 연습생 필독",2588,0,0,NOINDEX_CANDIDATE
other,practice-room-hongdae1,"홍대 음악연습실 vs 연신내 — 서울 음악연습실 지역 비교 가이드",3406,1,43,KEEP
other,practice-room-hourly-vs-monthly-cost,"음악 연습실 시간당 vs 월세 — 어느 게 가성비 더 좋나",4192,0,0,NOINDEX_CANDIDATE
other,practice-room-housewife1,"주부·육아맘 — 육아 중에도 나만의 음악 시간 갖기",2208,0,0,NOINDEX_CANDIDATE
other,practice-room-idol1,"아이돌 준비생·연습생 연습 공간 — 보컬·퍼포먼스·오디션 대비법",2133,0,96,WATCH
practice-room-station,practice-room-ilsan1,"일산 음악연습실 — 3호선 라인, 24시간 방음 개인실 월 36만원 입주",4709,6,42,KEEP
other,practice-room-improvisation1,"즉흥 연주 훈련법 — 펜타토닉·블루스 스케일로 임프로비제이션 시작하기",2628,0,64,WATCH
other,practice-room-indie1,"인디 뮤지션·독립 음악가 — 혼자 음악 만드는 공간 가이드",2732,0,3,WATCH_LOW
other,practice-room-instrument-change1,"악기 전향·교체 연습 — 새 악기로 빠르게 적응하는 방법",2108,0,7,WATCH_LOW
other,practice-room-jazz-piano1,"재즈 피아노 연습 — 보이싱·즉흥 연주 완성 가이드",2475,0,0,NOINDEX_CANDIDATE
other,practice-room-jazz-theory1,"재즈 이론·스케일 연습 — 재즈 화성 완성 가이드",2594,0,11,WATCH
other,practice-room-jazz-vocal1,"재즈 보컬 스캣·즉흥 보컬 — 재즈 보컬 완성 가이드",2605,2,26,KEEP
other,practice-room-jazz1,"재즈 — 재즈 보컬·피아노·기타 연습 공간 가이드",2301,0,3,WATCH_LOW
practice-room-station,practice-room-jeungsan1,"증산 음악연습실 — 6호선 라인, 24시간 방음 개인실 월 36만원 입주",4039,0,6,WATCH_LOW
practice-room-station,practice-room-jichuk1,"지축 음악연습실 — 3호선 2정거장, 24시간 방음 개인실 월 36만원 입주",3732,2,15,KEEP
other,practice-room-jongno1,"종로구·중구 음악연습실 — 서울 도심권 24시간 방음 연습실 가이드",1968,0,0,NOINDEX_CANDIDATE
other,practice-room-journal1,"음악 연습 일지 — 기록·녹음으로 실력 향상 속도 높이는 방법",2233,2,41,KEEP
other,practice-room-keyboard-synth1,"신디사이저·전자 키보드 연주 연습 — 신스 사운드 완성 가이드",2745,1,32,KEEP
other,practice-room-keyboard1,"건반·키보드 연습실 선택 — 88건반·신디사이저·음악연습실 장비 조건",2592,1,35,KEEP
other,practice-room-kids1,"어린이·청소년 — 아이 음악 연습 공간 선택 가이드",2900,0,6,WATCH_LOW
other,practice-room-kpop1,"K-POP 보컬·댄스보컬 — 방음실 풀 볼륨 커버·오디션 준비",2150,0,15,WATCH
other,practice-room-latin-music1,"라틴·보사노바 음악 연습 — 리듬 그루브 완성 가이드",2303,0,0,NOINDEX_CANDIDATE
other,practice-room-lesson1,"보컬 레슨과 연습실 병행하는 방법 — 레슨 효과를 극대화하는 연습실 활용 전략",2742,2,26,KEEP
other,practice-room-livestream1,"유튜브·라이브 스트리밍 음악 연습 — 라이브 방송 전 완벽 준비",2417,0,0,NOINDEX_CANDIDATE
other,practice-room-mapo1,"마포구 음악연습실 — 홍대·합정·연남동 권역 24시간 방음 연습실 가이드",3562,0,0,NOINDEX_CANDIDATE
other,practice-room-medley1,"메들리·연속 곡 연습 — 여러 곡을 끊김 없이 연결하는 방법",2369,0,6,WATCH_LOW
other,practice-room-memory1,"음악 암기·악보 없이 연주하기 연습 — 외워서 연주하는 법",2342,0,0,NOINDEX_CANDIDATE
other,practice-room-mental-training1,"음악 멘탈 트레이닝·집중력 — 연주 심리 완성 가이드",2538,0,8,WATCH_LOW
other,practice-room-midi1,"미디 작업실·음악 프로덕션 연습실 — DAW 작업에 최적화된 연습실 가이드",2573,3,86,KEEP
other,practice-room-mix-voice1,"믹스 보이스·팔세토 — 고음 발성 기법 완전 정복",2199,1,65,KEEP
other,practice-room-monthly1,"음악연습실 월세 입주 비용·계약 완전 가이드 — 시간 대여 vs 월세 비교",2578,12,270,KEEP
other,practice-room-motivation1,"음악 연습 동기부여 유지 가이드 — 꾸준한 연습을 위한 심리 전략",2698,0,0,NOINDEX_CANDIDATE
other,practice-room-music-college1,"실용연습실 완전 가이드 — 음대 입시·실용음악과 준비생을 위한 선택 기준",2605,1,74,KEEP
other,practice-room-music-portfolio1,"음악 포트폴리오·오디션 영상 준비 — 내 음악 기록 완성",2740,0,0,NOINDEX_CANDIDATE
other,practice-room-musical-theater1,"뮤지컬 넘버·무대 노래 연습 — 뮤지컬 보컬 완성 가이드",2621,0,8,WATCH_LOW
other,practice-room-musical1,"뮤지컬 연습실 — 뮤지컬 배우·지망생을 위한 연습실 가이드",2263,1,28,KEEP
other,practice-room-namyangju1,"남양주·구리·하남 음악연습실 — 경기 동부 서울 접근 방음 연습실 가이드",3267,0,0,NOINDEX_CANDIDATE
other,practice-room-night1,"야간 연습실 완벽 가이드 — 새벽에도 쓸 수 있는 24시간 연습실 선택법",2745,3,29,KEEP
other,practice-room-nodeposit1,"보증금 없는 — 부담 없이 시작하는 입주 연습실 가이드",2872,2,92,KEEP
practice-room-station,practice-room-nokbeon1,"녹번 음악연습실 — 3호선 1정거장, 24시간 방음 개인실 월 36만원 입주",4375,1,7,KEEP
other,practice-room-nowon1,"노원·중랑구 음악연습실 — 경춘선·7호선 서울 동북권 24시간 연습실 가이드",3182,1,41,KEEP
other,practice-room-oboe1,"오보에·더블 리드 악기 연습 — 목관악기 완성 가이드",2589,1,81,KEEP
other,practice-room-office-worker1,"직장인 — 퇴근 후 야간 연습 완벽 가이드",2716,1,19,KEEP
other,practice-room-online-lesson1,"온라인 레슨 연계 연습실 활용 — 화상 레슨 효과를 극대화하는 방법",2522,0,6,WATCH_LOW
other,practice-room-opera1,"오페라·성악 연습 — 클래식 성악 발성 완성 가이드",2202,0,0,NOINDEX_CANDIDATE
other,practice-room-percussion1,"퍼커션·손 드럼 타악기 연습 — 핸드퍼커션 완성 가이드",2616,1,62,KEEP
other,practice-room-physical1,"음악가 부상 예방·신체 관리 — 연주 전 워밍업과 통증 대처법",2184,0,33,WATCH
other,practice-room-piano-ballad-technique1,"피아노 발라드 연주 기법·감성 표현 — 완전 가이드",3761,0,0,NOINDEX_CANDIDATE
other,practice-room-piano-ballad1,"피아노 발라드 연주 연습 — 감성 피아노 완성 가이드",2308,0,0,NOINDEX_CANDIDATE
other,practice-room-piano-ballad21,"피아노 발라드 반주 훈련 — 아르페지오 패턴·페달·감정 표현 완성",2425,1,34,KEEP
other,practice-room-piano-baroque1,"피아노 바로크·바흐 인벤션 — 피아노 바로크 완성 가이드",2674,0,11,WATCH
other,practice-room-piano-bebop1,"피아노 비밥·Bud Powell·Thelonious Monk 스타일 — 완전 가이드",3798,0,0,NOINDEX_CANDIDATE
other,practice-room-piano-beginner-adult1,"성인 피아노 입문·처음 시작하는 어른 — 성인 피아노 완성 가이드",2680,1,20,KEEP
other,practice-room-piano-beginner1,"피아노 독학 연습실 — 초보자를 위한 피아노 연습 공간 완벽 가이드",2203,1,65,KEEP
other,practice-room-piano-blues-comping1,"피아노 블루스 콤핑·블루스 피아노 반주 — 완전 가이드",4349,0,0,NOINDEX_CANDIDATE
other,practice-room-piano-boogie-woogie1,"피아노 부기우기·블루스 피아노 기초 — 완전 가이드",3970,2,46,KEEP
other,practice-room-piano-chord-adv1,"피아노 화성·코드 고급 이론 — 피아노 화성 완성 가이드",2647,0,0,NOINDEX_CANDIDATE
other,practice-room-piano-chord-substitution1,"피아노 코드 대리·리하모나이제이션 — 완전 가이드",4466,0,4,WATCH_LOW
other,practice-room-piano-chord-voicing1,"피아노 코드 보이싱·화성 배치 — 피아노 보이싱 완성 가이드",2582,2,32,KEEP
other,practice-room-piano-chord-voicings-advanced1,"피아노 코드 보이싱 고급 — 텐션 노트 9도·11도·13도 활용",3651,0,34,WATCH
other,practice-room-piano-chromatic1,"피아노 반음계·크로매틱 스케일 — 반음계 테크닉 완성 가이드",2656,1,28,KEEP
other,practice-room-piano-church1,"교회 피아노·찬양 반주·코드 반주법·예배 피아노 — 완전 가이드",4049,0,0,NOINDEX_CANDIDATE
other,practice-room-piano-classical-technique1,"피아노 클래식 테크닉 — 핑거 독립성·하농·음계 아르페지오 훈련",3033,0,29,WATCH
other,practice-room-piano-classical1,"클래식 피아노 — 소나타·에튀드 독학 순서와 암보 전략",2429,0,11,WATCH
other,practice-room-piano-comp-jazz1,"재즈 피아노 컴핑 훈련 — Red Garland·Wynton Kelly 스타일 밴드 앙상블",3831,0,52,WATCH
other,practice-room-piano-comping1,"피아노 콤핑·리듬 반주 기법 — 완전 가이드",3484,2,39,KEEP
other,practice-room-piano-concerto1,"피아노 협주곡·오케스트라 반주 연습 — 피아노 협주곡 완성 가이드",2649,0,0,NOINDEX_CANDIDATE
other,practice-room-piano-contemporary1,"피아노 현대음악·무조성 작품 연습법 — 완전 가이드",3249,0,0,NOINDEX_CANDIDATE
other,practice-room-piano-cross-hand-technique1,"피아노 크로스핸드 테크닉 — Scarlatti·Chopin 클래식 기교 훈련",3581,0,17,WATCH
other,practice-room-piano-crosshand1,"피아노 크로스핸드 연주 — 손 교차 레퍼토리와 준비 훈련",3777,0,14,WATCH
other,practice-room-piano-duet1,"피아노 듀엣·앙상블 개인 연습 — 피아노 앙상블 완성 가이드",2785,0,4,WATCH_LOW
other,practice-room-piano-dynamics1,"피아노 다이나믹·강약 표현 — 피아노 강약 완성 가이드",2637,0,0,NOINDEX_CANDIDATE
other,practice-room-piano-ear-training1,"피아노 귀 훈련·청음 완전 가이드 완전 가이드",2942,0,0,NOINDEX_CANDIDATE
other,practice-room-piano-etude1,"피아노 에튀드 활용법 — 하농·체르니·쇼팽 에튀드 단계별 연습",3172,0,26,WATCH
other,practice-room-piano-film-score1,"피아노 영화음악·시네마틱 피아노 연주 — 완전 가이드",3641,0,0,NOINDEX_CANDIDATE
other,practice-room-piano-four-hands1,"피아노 연탄·네 손 피아노 — 피아노 연탄 완성 가이드",2570,0,0,NOINDEX_CANDIDATE
other,practice-room-piano-funk1,"피아노 펑크·클라비넷 스타일 — Herbie Hancock 그루브 패턴 훈련",3719,0,24,WATCH
other,practice-room-piano-gospel-organ1,"피아노 가스펠·오르간 스타일 훈련 — 클러스터 코드와 가스펠 리듬 패턴",3930,1,28,KEEP
other,practice-room-piano-gospel1,"피아노 가스펠·R&B 피아노 — 완전 가이드",3315,0,0,NOINDEX_CANDIDATE
other,practice-room-piano-impressionism1,"피아노 인상주의·드뷔시 스타일 — 피아노 인상주의 완성 가이드",2654,0,0,NOINDEX_CANDIDATE
other,practice-room-piano-impressionist1,"피아노 인상주의·드뷔시·라벨·색채 화성 — 완전 가이드",4232,1,6,KEEP
other,practice-room-piano-improv-blues1,"피아노 블루스 즉흥·블루스 스케일 — 피아노 블루스 즉흥 완성 가이드",2695,2,24,KEEP
other,practice-room-piano-improv1,"피아노 즉흥 연주 훈련 — 펜타토닉 스케일로 시작하는 임프로비제이션",2679,0,21,WATCH
other,practice-room-piano-improvisation1,"피아노 즉흥연주·블루스 스케일 — 완전 가이드",3571,0,0,NOINDEX_CANDIDATE
other,practice-room-piano-inner-voice1,"피아노 내성부·보조 선율 훈련 — 4성부 화음 속 중간 성부 표현",2542,0,29,WATCH
other,practice-room-piano-interval1,"피아노 인터벌 훈련 — 3도·6도 이중음과 음정 청음 인식",2635,1,36,KEEP
other,practice-room-piano-intro-outro1,"피아노 인트로·아웃트로 작곡법 — 완전 가이드",3822,0,0,NOINDEX_CANDIDATE
other,practice-room-piano-jazz-chord1,"재즈 피아노 보이싱·텐션 코드 연습 — 재즈 코드 완성 가이드",2453,0,0,NOINDEX_CANDIDATE
other,practice-room-piano-jazz-improv1,"재즈 피아노 즉흥 솔로·임프로비제이션 — 재즈 피아노 즉흥 완성 가이드",2741,1,20,KEEP
other,practice-room-piano-jazz-standard-analysis1,"피아노 재즈 스탠다드 분석·All the Things You Are — 완전 가이드",3717,4,75,KEEP
other,practice-room-piano-jazz-standard1,"피아노 재즈 스탠다드·재즈 레퍼토리 — 재즈 스탠다드 완성 가이드",2459,0,8,WATCH_LOW
other,practice-room-piano-jazz-voicings1,"피아노 재즈 보이싱·코드 완전 가이드 — 실전 연습",3473,4,120,KEEP
other,practice-room-piano-jazz1,"피아노 즉흥 연주·재즈 피아노 — 재즈 피아노 완성 가이드",2749,0,0,NOINDEX_CANDIDATE
other,practice-room-piano-key-signature1,"피아노 조표·조성 이해 — 5도권과 장단조 전조 방법",2575,0,29,WATCH
other,practice-room-piano-latin-rhythms1,"피아노 라틴 리듬 훈련 — 몽투노·살사·차차차 피아노 패턴",3134,1,24,KEEP
other,practice-room-piano-lead-sheet-improvisation1,"피아노 리드시트 즉흥반주·코드 읽기 — 완전 가이드",3642,1,245,KEEP
other,practice-room-piano-leadsheet1,"피아노 리드시트·즉흥 반주 — 피아노 리드시트 완성 가이드",2657,1,19,KEEP
other,practice-room-piano-leaps1,"피아노 넓은 도약·음정 점프 훈련 — 손 이동 정확도와 근육 기억 만들기",2545,1,42,KEEP
other,practice-room-piano-left-hand-bass1,"피아노 왼손 베이스·스트라이드 강화 완전 가이드 — 실전 연습",3243,0,0,NOINDEX_CANDIDATE
other,practice-room-piano-left-hand1,"피아노 왼손 베이스·알베르티 베이스 — 피아노 왼손 완성 가이드",2641,0,0,NOINDEX_CANDIDATE
other,practice-room-piano-memorization1,"피아노 악보 암기·연주 암기 — 피아노 암기 완성 가이드",2691,0,6,WATCH_LOW
other,practice-room-piano-minimalism-glass1,"피아노 미니멀리즘·Philip Glass·Steve Reich·반복 패턴 — 완전 가이드",3540,4,25,KEEP
other,practice-room-piano-minimalism1,"피아노 미니멀리즘·필립 글래스 스타일 연주 — 완전 가이드",3601,0,0,NOINDEX_CANDIDATE
other,practice-room-piano-modal1,"피아노 모달 재즈·마일스 데이비스·모드 스케일 — 완전 가이드",4598,0,0,NOINDEX_CANDIDATE
other,practice-room-piano-modulation1,"피아노 전조(모듈레이션) 훈련 — 피벗 코드·반음계·관계조 전조 연습",2630,1,30,KEEP
other,practice-room-piano-new-age1,"피아노 뉴에이지·Einaudi·George Winston 스타일 — 완전 가이드",3981,0,21,WATCH
other,practice-room-piano-parallel1,"피아노 음계 병행·두 손 스케일 — 피아노 음계 병행 완성 가이드",2583,0,4,WATCH_LOW
other,practice-room-piano-pedal-technique1,"피아노 페달 테크닉·서스테인 페달 완전 가이드",3383,0,0,NOINDEX_CANDIDATE
other,practice-room-piano-pedal1,"피아노 페달 테크닉·소스텐우토 — 피아노 페달 완성 가이드",2591,0,0,NOINDEX_CANDIDATE
other,practice-room-piano-polyphony1,"피아노 폴리포니·독립 성부 연주 — 피아노 다성부 완성 가이드",2665,0,13,WATCH
other,practice-room-piano-pop-accompaniment1,"피아노 팝 반주법·코드 보이싱 — 완전 가이드",4109,1,12,KEEP
other,practice-room-piano-pop-arrangement1,"피아노 팝 편곡·발라드 반주법 — 레이어링·코드 보이싱·반주 패턴",3393,0,15,WATCH
other,practice-room-piano-pop1,"팝 피아노·감성 피아노 연주 — 팝 피아노 완성 가이드",2613,0,3,WATCH_LOW
other,practice-room-piano-quartal1,"피아노 쿼탈 하모니 훈련 — 4도 보이싱·McCoy Tyner·Bill Evans 스타일",4107,0,30,WATCH
other,practice-room-piano-ragtime1,"피아노 래그타임·Scott Joplin 스타일 — 완전 가이드",4483,0,0,NOINDEX_CANDIDATE
other,practice-room-piano-reharmonization1,"피아노 리하모나이제이션·화성 재창조 — 완전 가이드",3459,0,11,WATCH
other,practice-room-piano-rhythm-patterns1,"피아노 리듬 패턴·왼손 반주 기법 — 완전 가이드",3185,4,109,KEEP
other,practice-room-piano-rhythm-training1,"피아노 리듬 훈련·박자감 완전 가이드 — 실전 연습",3286,0,0,NOINDEX_CANDIDATE
other,practice-room-piano-rhythm1,"피아노 리듬 읽기·박자 훈련 — 피아노 리듬 완성 가이드",2628,0,0,NOINDEX_CANDIDATE
other,practice-room-piano-romantic1,"피아노 낭만파·쇼팽 스타일 — 피아노 낭만파 완성 가이드",2665,0,0,NOINDEX_CANDIDATE
other,practice-room-piano-rubato1,"피아노 루바토 연습법 — 쇼팽 스타일 템포 자유 표현과 보상 원리",2567,0,49,WATCH
other,practice-room-piano-scale-adv1,"피아노 스케일·아르페지오 고급 훈련 — 피아노 스케일 완성 가이드",2587,0,0,NOINDEX_CANDIDATE
other,practice-room-piano-scales-modes1,"피아노 모드 스케일·교회선법 완전 가이드",3740,0,0,NOINDEX_CANDIDATE
other,practice-room-piano-sight-adv1,"피아노 초견 고급 훈련 — 시야 선행·패턴 인식으로 빠른 악보 읽기",2682,0,44,WATCH
other,practice-room-piano-sight-play1,"피아노 즉흥 반주·코드 반주 — 피아노 코드 반주 완성 가이드",2696,1,66,KEEP
other,practice-room-piano-sight-reading1,"피아노 초견 연습·악보 읽기 훈련 — 완전 가이드",2833,0,21,WATCH
other,practice-room-piano-sonata1,"피아노 소나타·클래식 레퍼토리 — 피아노 소나타 완성 가이드",2641,1,10,KEEP
other,practice-room-piano-stride-advanced1,"피아노 스트라이드 고급 테크닉 — 완전 가이드",4212,0,0,NOINDEX_CANDIDATE
other,practice-room-piano-stride-beginner1,"피아노 스트라이드 입문 — 왼손 점프 기초와 기본 스트라이드 패턴",4378,1,31,KEEP
other,practice-room-piano-stride1,"피아노 스트라이드·뉴올리언스 피아노 — 완전 가이드",3058,1,29,KEEP
other,practice-room-piano-tango1,"피아노 탱고·피아졸라 스타일 완전 가이드 — 실전 연습",3189,0,0,NOINDEX_CANDIDATE
other,practice-room-piano-technique-adv1,"피아노 고급 테크닉·연주 기법 종합 — 피아노 테크닉 완성 가이드",2598,0,0,NOINDEX_CANDIDATE
other,practice-room-piano-technique1,"피아노 테크닉·손가락 독립 연습 — 기술 완성 집중 가이드",2417,4,127,KEEP
other,practice-room-piano-technique21,"피아노 스케일·아르페지오 테크닉 — 피아노 기초 테크닉 완성 가이드",2625,0,0,NOINDEX_CANDIDATE
other,practice-room-piano-technique31,"피아노 옥타브·넓은 음정 도약 연습 — 피아노 도약 완성 가이드",2576,1,104,KEEP
other,practice-room-piano-touch1,"피아노 터치·아티큘레이션 — 레가토·스타카토·테누토 표현 훈련",2640,0,15,WATCH
other,practice-room-piano-tremolo1,"피아노 트레몰로·옥타브 트레몰로 — 피아노 트레몰로 완성 가이드",2698,4,127,KEEP
other,practice-room-piano-trills1,"피아노 트릴·장식음 기법 — 피아노 트릴 완성 가이드",2590,0,0,NOINDEX_CANDIDATE
other,practice-room-piano-two-hand-independence1,"피아노 양손 독립 훈련 — 폴리리듬과 손 협응 분리 훈련",3539,0,29,WATCH
other,practice-room-piano-voicing1,"피아노 보이싱·코드 배치 — 피아노 보이싱 완성 가이드",2652,2,42,KEEP
other,practice-room-piano-wedding1,"피아노 반주·웨딩 피아노 연습 — 결혼식 피아노 완성 가이드",2751,1,18,KEEP
other,practice-room-piano-worship1,"피아노 워십·CCM 반주법 — 워십 코드 보이싱과 반주 패턴",3311,0,26,WATCH
other,practice-room-piano1,"피아노 연습실 선택법 — 어쿠스틱 vs 디지털·방음 등급·24시간 조건",2846,1,70,KEEP
other,practice-room-pop-piano1,"팝·K-POP 피아노 코드 연습 — 팝 피아노 완성 가이드",2306,0,0,NOINDEX_CANDIDATE
other,practice-room-pop-vocal1,"팝·K-POP 보컬 스타일 — 팝 보컬 완성 가이드",2761,0,16,WATCH
other,practice-room-posture1,"음악 연주 자세 교정 — 올바른 자세가 실력을 만든다",2279,0,6,WATCH_LOW
other,practice-room-pre-recording1,"녹음 전 연습 — 스튜디오 세션 2주 전부터 준비하는 전략",3057,0,13,WATCH
other,practice-room-price1,"연습실 가격 완벽 정리 — 시간 대여·월세 입주 비용 비교 (2026)",2779,0,0,NOINDEX_CANDIDATE
other,practice-room-private1,"개인 연습실 완벽 가이드 — 나만의 음악 공간을 갖는 가장 현명한 방법",2706,0,0,NOINDEX_CANDIDATE
other,practice-room-pronunciation1,"영어 팝송 발음 연습법 — 원어 가사 청취·발음 교정·노래 발음 완성",2234,0,41,WATCH
other,practice-room-rappers1,"래퍼 힙합 연습 — 방음실 풀 볼륨 플로우·딕션 실전 훈련",2628,0,22,WATCH
other,practice-room-recital1,"발표회·연주회 장기 준비 — D-90일 계획부터 당일 리허설까지",2534,0,0,NOINDEX_CANDIDATE
other,practice-room-recording1,"녹음 가능한 — 연습실 내 셀프 녹음 완벽 가이드",2758,2,53,KEEP
other,practice-room-rehearsal-vocal1,"공연 전날 리허설 — 셋리스트 논스톱 완주와 최종 점검 루틴",2273,0,32,WATCH
other,practice-room-rental1,"연습실 대여 방법 — 예약부터 이용까지 단계별 가이드",2486,4,111,KEEP
other,practice-room-repertoire1,"음악 레퍼토리 구성·확장 — 나만의 곡 목록 만들기",2631,0,0,NOINDEX_CANDIDATE
other,practice-room-rhythm1,"리듬·박자 훈련 — 정확한 박자감으로 실력 도약",2209,1,114,KEEP
other,practice-room-rnb1,"R&B·소울 보컬 연습 — 멜리스마·애드립 완성 가이드",2502,3,33,KEEP
other,practice-room-rock-band1,"록 밴드·하드록 음악 개인 연습 — 록 사운드 완성 가이드",2682,0,0,NOINDEX_CANDIDATE
practice-room-station,practice-room-saejeol1,"새절 음악연습실 — 6호선 라인, 24시간 방음 개인실 월 36만원 입주",3988,1,5,KEEP
practice-room-station,practice-room-samsong1,"삼송 음악연습실 — 3호선 3정거장, 24시간 방음 개인실 월 36만원 입주",4006,2,9,KEEP
practice-room-station,practice-room-sangam1,"상암 음악연습실 — DMC 6호선 라인, 24시간 방음 개인실 월 36만원 입주",4435,1,14,KEEP
other,practice-room-saxophone1,"색소폰 연습 — 방음 공간에서 색소폰 소리 마음껏",2120,5,62,KEEP
other,practice-room-saxophone21,"색소폰 바이브레이토·리드 고급 테크닉 — 즉흥 솔로 훈련",2567,0,10,WATCH
other,practice-room-self-study1,"음악 독학 — 유튜브·앱으로 기초에서 중급까지 혼자 배우는 법",2253,0,15,WATCH
other,practice-room-senior1,"중장년·시니어 — 50대 이후 악기 취미를 위한 연습 공간 가이드",2211,1,8,KEEP
practice-room-station,practice-room-seodaemun1,"서대문 음악연습실 — 3호선 3~4정거장, 24시간 방음 개인실 월 36만원 입주",4301,1,30,KEEP
other,practice-room-seongnam1,"성남·분당·과천 음악연습실 — 3호선으로 연신내 연습실 접근 가이드",3337,0,20,WATCH
other,practice-room-seoul1,"서울 음악연습실 추천 — 권역별 비교와 가성비 좋은 선택 가이드",2465,4,141,KEEP
other,practice-room-session1,"세션 뮤지션 훈련 — 초견 능력·장르 대응력·현장 빠른 습득 키우기",2288,0,25,WATCH
other,practice-room-shortterm1,"단기 집중 연습 — 1주일로 실력을 끌어올리는 스프린트 전략",2515,0,0,NOINDEX_CANDIDATE
other,practice-room-sight-reading1,"초견·악보 읽기 실전 연습 — 악보 읽기 속도 향상 가이드",2389,0,0,NOINDEX_CANDIDATE
other,practice-room-sinchon1,"신촌·이대·서대문구 음악연습실 — 24시간 방음 연습실 완전 가이드",2322,0,0,NOINDEX_CANDIDATE
other,practice-room-singer-songwriter1,"싱어송라이터 — 자작곡 작업·작사·작곡 연습 공간 가이드",2532,0,0,NOINDEX_CANDIDATE
other,practice-room-smart-practice1,"스마트폰·앱으로 연습실 스마트하게 활용하기",2365,0,0,NOINDEX_CANDIDATE
other,practice-room-songpa1,"송파구·잠실 음악연습실 — 서울 동남권 24시간 방음 연습실 가이드",3408,6,129,KEEP
other,practice-room-songwriting1,"작사·작곡 연습 — 나만의 노래 만들기 가이드",2673,0,0,NOINDEX_CANDIDATE
other,practice-room-soundproof1,"방음 연습실 선택 가이드 — STC 등급·방음 vs 흡음 차이 완벽 정리",3055,2,96,KEEP
other,practice-room-speed1,"음악 속도 향상·빠른 템포 연습 — BPM을 끌어올리는 체계적 방법",2453,0,0,NOINDEX_CANDIDATE
other,practice-room-stage-manner1,"무대 매너·퍼포먼스 연습 — 눈 맞춤·MC 멘트·동선 실전 준비",2382,1,19,KEEP
other,practice-room-stamina1,"음악 연습 체력·지구력 관리 — 오래 연습해도 지치지 않는 법",2625,1,27,KEEP
other,practice-room-startup1,"연습실 창업 가이드 — 비용·인허가·수익 구조 완벽 분석 (2026)",5858,47,598,KEEP
other,practice-room-storage1,"악기 보관 가능한 — 월세 입주 악기 보관 완벽 가이드",2794,3,36,KEEP
other,practice-room-stress1,"스트레스 해소 — 음악으로 힐링하는 방음 연습 공간",2328,1,8,KEEP
other,practice-room-string1,"현악기 연습실 — 바이올린·비올라·첼로 방음 연습 공간 가이드",2189,2,46,KEEP
other,practice-room-suwon1,"수원·안양·의왕 음악연습실 — 경기 남부 1호선 연신내 연습실 이용 가이드",3415,2,52,KEEP
other,practice-room-teacher1,"음악 교사·강사 레슨 준비 — 레슨 시범·교재 연습 공간",2400,0,8,WATCH_LOW
other,practice-room-theory1,"음악 이론·악보 읽기 연습 — 이론과 실습을 함께",2191,0,17,WATCH
other,practice-room-transfer1,"연습실 양도·인수 완전 가이드 — 권리금·절차·주의사항",2793,21,214,KEEP
other,practice-room-trot1,"트로트·성인 가요 연습 — 트로트 보컬 완성 가이드",2426,0,7,WATCH_LOW
other,practice-room-trumpet1,"트럼펫·금관악기 연습 — 방음 환경에서 금관 연습 가이드",2319,0,0,NOINDEX_CANDIDATE
other,practice-room-uijeongbu1,"의정부·양주·동두천 음악연습실 — 북부 경기 24시간 방음 연습실 가이드",3510,2,21,KEEP
other,practice-room-ukulele1,"우쿨렐레 독학 입문 — 4줄 코드·스트러밍·멜로디 연주 기초",2739,0,48,WATCH
other,practice-room-unmanned1,"무인 연습실 완벽 가이드 — 24시간 무인 운영 연습실 선택 기준",3066,4,141,KEEP
other,practice-room-vibrato1,"비브라토·음정 안정화 연습 — 보컬·현악기 비브라토 가이드",2003,0,0,NOINDEX_CANDIDATE
other,practice-room-video-audition1,"오디션 영상·포트폴리오 촬영 — 방음실 연습 후 스마트폰 촬영 전략",2529,0,18,WATCH
other,practice-room-violin1,"바이올린 연습 — 방음 개인실에서 현악기 집중 연습",2172,0,0,NOINDEX_CANDIDATE
other,practice-room-vocal-acappella-group1,"아카펠라 그룹 퍼포먼스 훈련 — 파트 구성·편곡·보컬 퍼커션 합창 연습",3957,0,42,WATCH
other,practice-room-vocal-accent1,"보컬 악센트·다이나믹 컨트롤 — 표현력 있는 노래 완성 가이드",2632,1,29,KEEP
other,practice-room-vocal-agility1,"보컬 어질리티·멜리스마 훈련 — 완전 가이드",3239,2,73,KEEP
other,practice-room-vocal-articulation1,"보컬 아티큘레이션·발음·자음 기법 — 완전 가이드",4437,1,47,KEEP
other,practice-room-vocal-audition1,"보컬 오디션 준비·심사 기준 이해 — 보컬 오디션 완성 가이드",2630,0,4,WATCH_LOW
other,practice-room-vocal-beginner1,"보컬 독학·처음 노래 배우는 연습실 가이드",2304,0,0,NOINDEX_CANDIDATE
other,practice-room-vocal-belting1,"보컬 벨팅·파워 벨팅 — 벨팅 발성 완성 가이드",2547,0,13,WATCH
other,practice-room-vocal-breath-adv1,"보컬 호흡·성대 컨트롤 고급 훈련 — 보컬 호흡 완성 가이드",2611,0,0,NOINDEX_CANDIDATE
other,practice-room-vocal-breath-control1,"보컬 호흡 컨트롤·폐활량 훈련 — 완전 가이드",3119,0,0,NOINDEX_CANDIDATE
other,practice-room-vocal-breath1,"보컬 브레스 컨트롤 훈련법 — 복식호흡 지지력과 호흡 포인트 설정",2617,0,42,WATCH
other,practice-room-vocal-breath21,"보컬 숨소리·브레시 보컬 스타일 — 브레시 보컬 완성 가이드",2626,0,11,WATCH
other,practice-room-vocal-breathing1,"보컬 호흡법·복식호흡·지지·버팀 기법 — 완전 가이드",4319,0,0,NOINDEX_CANDIDATE
other,practice-room-vocal-chest-voice1,"흉성(체스트 보이스) 강화 훈련법 — 저음역 파워와 흉성 공명 발달",2737,0,67,WATCH
other,practice-room-vocal-classical1,"클래식 성악 발성 훈련 — 벨 칸토·아포지오·비브라토 기초 연습",2585,0,112,WATCH
other,practice-room-vocal-color-adv1,"보컬 음색 고급 개발 — 포먼트·후두 위치 조절로 음색 개성 확립",2676,0,14,WATCH
other,practice-room-vocal-color1,"보컬 음색·개성 개발 — 공명·호흡 혼합으로 나만의 보컬 아이덴티티",2586,0,28,WATCH
other,practice-room-vocal-consonant1,"보컬 자음 명료도 훈련 — 딕션 향상과 노래 가사 전달력 완성",2597,0,24,WATCH
other,practice-room-vocal-cover1,"보컬 커버곡 완성·원곡 재현 — 보컬 커버 완성 가이드",2617,0,6,WATCH_LOW
other,practice-room-vocal-crooning1,"보컬 크루닝 훈련법 — 마이크 인티머시와 저음 발성 감성 표현",2496,0,39,WATCH
other,practice-room-vocal-diction1,"보컬 딕션 훈련법 — 한국어·영어 발음 명확도를 높이는 단계별 루틴",3151,0,551,WATCH
other,practice-room-vocal-dynamics1,"보컬 다이나믹스·크레셴도 데크레셴도 — 보컬 다이나믹스 완성 가이드",2674,0,0,NOINDEX_CANDIDATE
other,practice-room-vocal-emotion1,"보컬 감정 표현 훈련법 — 가사 해석·감정 매핑·다이나믹 표현",2575,1,41,KEEP
other,practice-room-vocal-ensemble1,"보컬 앙상블·코러스 개인 파트 훈련 — 코러스 보컬 완성 가이드",2704,0,0,NOINDEX_CANDIDATE
other,practice-room-vocal-falsetto-advanced1,"보컬 팔세토 고급·위스퍼·팔세토 강화 — 완전 가이드",4602,0,0,NOINDEX_CANDIDATE
other,practice-room-vocal-falsetto-technique1,"팔세토 내는 법 — 가성·두성 성구 전환 단계별 훈련 (3단계)",2964,7,588,KEEP
other,practice-room-vocal-falsetto1,"보컬 팔세토·두성 트레이닝 — 완전 가이드",3610,0,0,NOINDEX_CANDIDATE
other,practice-room-vocal-genre1,"장르별 보컬 특성·크로스오버 보컬 — 크로스오버 보컬 완성 가이드",2784,0,0,NOINDEX_CANDIDATE
other,practice-room-vocal-gospel1,"보컬 가스펠·소울 스타일 — 보컬 가스펠 완성 가이드",2490,0,10,WATCH
other,practice-room-vocal-harmony-close1,"보컬 클로즈 하모니·바버샵·4성부 합창 — 완전 가이드",3824,1,8,KEEP
other,practice-room-vocal-harmony-ensemble1,"보컬 하모니·앙상블 합창 기법 — 완전 가이드",3494,1,38,KEEP
other,practice-room-vocal-harmony1,"보컬 코러스·하모니 훈련 — 보컬 하모니 완성 가이드",2577,0,0,NOINDEX_CANDIDATE
other,practice-room-vocal-head-voice1,"보컬 두성·헤드 보이스 발성법 — 완전 가이드",3035,2,54,KEEP
other,practice-room-vocal-indie1,"보컬 인디·포크 스타일 — 인디 보컬 완성 가이드",2510,0,0,NOINDEX_CANDIDATE
other,practice-room-vocal-intonation1,"보컬 인토네이션 훈련법 — 음정 정확도 교정과 음치 탈출 단계별 연습",2663,1,41,KEEP
other,practice-room-vocal-jazz-scat1,"보컬 재즈 스캣·즉흥 보이싱 — 스캣 음절·코드 아르페지오 기초",3635,0,55,WATCH
other,practice-room-vocal-korean-ballad1,"한국 발라드 보컬·감정 표현·직접적 감성·이모션 완전 가이드",3531,0,0,NOINDEX_CANDIDATE
other,practice-room-vocal-kpop-technique1,"보컬 K-Pop 창법·아이돌 보컬 테크닉 — 완전 가이드",3314,0,0,NOINDEX_CANDIDATE
other,practice-room-vocal-legato1,"보컬 레가토·이어 부르기 훈련 — 보컬 레가토 완성 가이드",2653,0,0,NOINDEX_CANDIDATE
other,practice-room-vocal-live1,"보컬 라이브 퍼포먼스·공연 전 루틴 — 라이브 보컬 완성 가이드",2612,1,9,KEEP
other,practice-room-vocal-low1,"저음·저음역대 보컬 연습 — 중저음 보컬 개발 가이드",2040,1,11,KEEP
other,practice-room-vocal-mic1,"보컬 마이크 테크닉 — 거리·각도 조절과 모니터 활용 PA 활용법",2755,0,19,WATCH
other,practice-room-vocal-microphone-technique1,"보컬 마이크 기법·녹음실 발성 — 완전 가이드",2582,0,0,NOINDEX_CANDIDATE
other,practice-room-vocal-middle1,"보컬 중음역 강화 — 흉성·두성 연결과 혼합 공명 훈련",2569,0,27,WATCH
other,practice-room-vocal-mix-voice1,"보컬 믹스 보이스·중간 음역 연결 — 완전 가이드",2809,0,0,NOINDEX_CANDIDATE
other,practice-room-vocal-mix1,"보컬 믹스 보이스·체스트 헤드 연결 — 믹스 보이스 완성 가이드",2803,0,4,WATCH_LOW
other,practice-room-vocal-musical-style1,"뮤지컬 보컬 훈련 — 딕션·프로젝션·역할 감정 표현 연습",2527,0,34,WATCH
other,practice-room-vocal-musical-theatre1,"뮤지컬 씨어터 보컬·브로드웨이·레미제라블·막강한 드라마틱 발성 — 완전 가이드",3446,0,0,NOINDEX_CANDIDATE
other,practice-room-vocal-musical1,"보컬 뮤지컬 넘버·브로드웨이 스타일 — 뮤지컬 보컬 완성 가이드",2533,1,15,KEEP
other,practice-room-vocal-opera-technique1,"보컬 오페라 창법·벨칸토 발성 기초 — 완전 가이드",3440,0,0,NOINDEX_CANDIDATE
other,practice-room-vocal-overtone1,"보컬 오버톤·배음 발성 훈련 — 배음 보컬 완성 가이드",2633,0,0,NOINDEX_CANDIDATE
other,practice-room-vocal-performance-skills1,"보컬 퍼포먼스·무대 기술 고급 — 완전 가이드",3000,0,0,NOINDEX_CANDIDATE
other,practice-room-vocal-pitch-training1,"보컬 음정 훈련법 — 인터벌 이어링으로 음정 편차 교정하는 방법",3202,0,64,WATCH
other,practice-room-vocal-pitch1,"보컬 피치·음정 교정 훈련 — 보컬 음정 완성 가이드",2630,0,0,NOINDEX_CANDIDATE
other,practice-room-vocal-pop-adlib1,"보컬 팝 애드립·스타일링 — Beyoncé·Ariana Grande 스타일 기법",3423,0,21,WATCH
other,practice-room-vocal-pop-belting1,"팝 벨팅·고음 파워·Mix Voice·두성 전환 — 완전 가이드",3563,0,0,NOINDEX_CANDIDATE
other,practice-room-vocal-pop-runs1,"보컬 팝 런·멜리스마 — Mariah Carey·Christina Aguilera 스타일 훈련",4644,0,12,WATCH
other,practice-room-vocal-pop1,"보컬 팝 스타일·팝 보컬 테크닉 — 보컬 팝 완성 가이드",2523,0,0,NOINDEX_CANDIDATE
other,practice-room-vocal-power1,"보컬 파워·성량 키우기 연습 — 강한 목소리 완성 가이드",2410,2,130,KEEP
other,practice-room-vocal-projection1,"보컬 프로젝션·소리 울림 훈련 — 보컬 프로젝션 완성 가이드",2612,0,0,NOINDEX_CANDIDATE
other,practice-room-vocal-range-extension1,"보컬 레인지 확장 훈련 — 완전 가이드",3170,0,0,NOINDEX_CANDIDATE
other,practice-room-vocal-range1,"음역대 확장·고음 훈련 — 고음 발성 완성 가이드",2650,1,124,KEEP
other,practice-room-vocal-rasp1,"보컬 그릿·래스프 발성 훈련 — 거친 보컬 테크닉 완성 가이드",2808,1,7,KEEP
other,practice-room-vocal-recording1,"보컬 녹음 준비·레코딩 보컬 — 보컬 녹음 완성 가이드",2925,1,30,KEEP
other,practice-room-vocal-register1,"보컬 성구 전환·흉성·두성 — 보컬 성구 전환 완성 가이드",2817,2,82,KEEP
other,practice-room-vocal-registers1,"보컬 레지스터 훈련 — 흉성·두성·믹스보이스 음역별 발성 전략",2603,0,28,WATCH
other,practice-room-vocal-resonance-chest1,"보컬 흉성·두성 공명 배치법 — 음색 개발과 성종 전환 훈련",4537,1,215,KEEP
other,practice-room-vocal-resonance1,"보컬 공명 훈련 — 두강·비강·구강 배치로 음색 개발하는 방법",2829,0,77,WATCH
other,practice-room-vocal-rhythm1,"보컬 리듬·박자감 훈련 — 보컬 리듬 완성 가이드",2579,1,12,KEEP
other,practice-room-vocal-riff-melody1,"보컬 리프·멜로디 변주 기법 — 완전 가이드",4550,0,0,NOINDEX_CANDIDATE
other,practice-room-vocal-rnb-phrasing1,"보컬 R&B 프레이징·그루브·어택 포인트 — 완전 가이드",4056,0,0,NOINDEX_CANDIDATE
other,practice-room-vocal-rnb1,"보컬 R&B·리듬앤블루스 스타일 — 보컬 R&B 완성 가이드",2550,0,0,NOINDEX_CANDIDATE
other,practice-room-vocal-rock1,"보컬 록 스타일·파워보이스 완성 가이드 — 실전 연습",3237,0,9,WATCH_LOW
other,practice-room-vocal-scat-improvisation1,"보컬 스캣 즉흥연주 — 재즈 보컬 완전 가이드",4351,0,0,NOINDEX_CANDIDATE
other,practice-room-vocal-scatting1,"스캣 싱잉 입문 — 재즈 즉흥 음절 선택과 코드 톤 중심 멜로디 만드는 법",4099,0,117,WATCH
other,practice-room-vocal-solfege1,"보컬 솔페지오·구음 훈련 — 도레미 음계로 상대음감과 초견 향상",2658,1,16,KEEP
other,practice-room-vocal-song-interpretation1,"보컬 노래 해석·감정 표현 완전 가이드",3100,0,0,NOINDEX_CANDIDATE
other,practice-room-vocal-soul-rn1,"보컬 소울·R&B·그루브 느낌·Aretha Franklin 스타일 — 완전 가이드",3781,0,10,WATCH
other,practice-room-vocal-soul1,"멜리즈마란? 한 음에서 여러 음 — R&B·소울 보컬 핵심 테크닉",3183,4,309,KEEP
other,practice-room-vocal-staccato1,"보컬 스타카토·단음 발성 훈련 — 스타카토 보컬 완성 가이드",2619,0,0,NOINDEX_CANDIDATE
other,practice-room-vocal-stage-adv1,"보컬 무대 퍼포먼스 고급·스테이지 존재감 — 무대 퍼포먼스 완성 가이드",2658,0,0,NOINDEX_CANDIDATE
other,practice-room-vocal-stage-fright1,"보컬 무대 공포증 극복·퍼포먼스 자신감 — 완전 가이드",3151,0,0,NOINDEX_CANDIDATE
other,practice-room-vocal-stage-performance1,"보컬 무대 퍼포먼스·마이크 기법 완전 가이드 — 실전 연습",3059,0,0,NOINDEX_CANDIDATE
other,practice-room-vocal-stage1,"보컬 무대 퍼포먼스 — 무대 동작·표정 연기·스테이지 연기 훈련",2776,0,13,WATCH
other,practice-room-vocal-style1,"보컬 스타일·장르별 보컬 표현 — 보컬 스타일 완성 가이드",2486,1,46,KEEP
other,practice-room-vocal-sustain1,"보컬 서스테인·롱톤 훈련 — 음정 안정·호흡으로 긴 음 유지",2628,0,16,WATCH
other,practice-room-vocal-technique1,"보컬 테크닉·런·멜리스마 연습 — 화려한 보컬 기술 완성",2135,0,0,NOINDEX_CANDIDATE
other,practice-room-vocal-technique21,"보컬 딕션 훈련 — 한국어·영어 노래 발음 교정과 가사 전달력 향상",2642,0,21,WATCH
other,practice-room-vocal-tone-color1,"보컬 음색·목소리 색깔 개발 — 완전 가이드",3467,3,72,KEEP
other,practice-room-vocal-tongue-twisters1,"보컬 발음 훈련·딕션 스피드 연습 — 완전 가이드",2764,2,23,KEEP
other,practice-room-vocal-vibrato1,"보컬 비브라토·트릴 훈련법 — 완전 가이드",3003,0,0,NOINDEX_CANDIDATE
other,practice-room-vocal-vowel-modification1,"고음에서 모음 수정(Vowel Modification)하는 법 — 자연스러운 고음 발성 훈련",3383,0,89,WATCH
other,practice-room-vocal-warm-up1,"보컬 발성 준비 루틴 — 음악연습실 워밍업으로 성대 보호하는 방법",2730,0,62,WATCH
other,practice-room-vocal-warmup-routine1,"보컬 워밍업 루틴 — 신체 이완·호흡·성대 웜업 20분 발성 준비",2636,0,42,WATCH
other,practice-room-vocal-warmup1,"보컬 워밍업 음악연습실 활용 — 성대 스트레칭·허밍·스케일 단계별 루틴",2696,0,39,WATCH
other,practice-room-vocal-whistle1,"휘슬 레지스터·초고음 보컬 연습 — 초고음 발성 완성 가이드",2945,1,61,KEEP
other,practice-room-vocal1,"보컬 연습실 완전 활용법 — 노래 실력 빠르게 키우는 환경 가이드",3493,7,148,KEEP
other,practice-room-voice-health1,"보컬·성대 건강 관리 — 올바른 발성으로 목 건강 지키기",2543,1,137,KEEP
other,practice-room-voice-training1,"발성 연습 — 올바른 발성 훈련을 위한 방음 공간 가이드",2560,0,0,NOINDEX_CANDIDATE
other,practice-room-vs-home1,"홈 스튜디오 vs — 어떤 선택이 더 현명할까?",2426,0,0,NOINDEX_CANDIDATE
other,practice-room-vs-karaoke1,"연습실 vs 노래방 — 보컬 연습 공간 완전 비교 가이드",2973,7,92,KEEP
other,practice-room-vs-rehearsal1,"합주실 vs 음악연습실 — 차이점과 목적별 선택 가이드",2511,0,98,WATCH
other,practice-room-vs-studio1,"연습실 vs 녹음 스튜디오 — 무엇이 다르고 어떻게 선택할까?",2460,0,0,NOINDEX_CANDIDATE
other,practice-room-warm-up1,"악기 연주 전 완벽한 워밍업 루틴 — 준비된 연주가 다르다",2263,0,7,WATCH_LOW
other,practice-room-wedding1,"결혼식 축가 연습 — 축가 준비 완벽 가이드",2092,7,78,KEEP
other,practice-room-weekend1,"주말 연습실 이용 가이드 — 직장인·학생을 위한 주말 연습 전략",2850,0,0,NOINDEX_CANDIDATE
other,practice-room-wind1,"관악기 연습실 — 플루트·클라리넷·색소폰 방음 연습 공간 가이드",2557,3,34,KEEP
practice-room-station,practice-room-wondang1,"원당 음악연습실 — 3호선 5정거장, 24시간 방음 개인실 월 36만원 입주",3988,0,11,WATCH
practice-room-station,practice-room-wonheung1,"원흥 음악연습실 — 3호선 4정거장, 24시간 방음 개인실 월 36만원 입주",3948,0,0,NOINDEX_CANDIDATE
practice-room-station,practice-room-yeokchon1,"역촌 음악연습실 — 6호선 2정거장, 24시간 방음 개인실 월 36만원 입주",3883,0,4,WATCH_LOW
practice-room-station,practice-room-yeonsinnae1,"연신내 음악연습실 — 4번 출구 도보 5분, 24시간 방음 개인실 월 36만원 입주",3635,3,99,KEEP
other,practice-room-yongsan1,"용산·이태원·한남 음악연습실 — 서울 중심부 24시간 방음 연습실 가이드",3379,11,100,KEEP
other,practice-schedule1,"보컬 연습 스케줄 완전 가이드 — 하루 30분으로 목소리를 바꾸는 트레이닝 루틴",2749,5,222,KEEP
other,practice1,"연신내 음악연습실 — 24시간 입주 가능한 스튜디오 활용 가이드",1956,0,0,NOINDEX_CANDIDATE
other,preamp1,"마이크 프리앰프 완전 가이드 — 보컬 녹음 음색에 미치는 영향",2390,4,92,KEEP
other,pricing1,"보컬 녹음 가격 결정 요인 — 축가·커버·발매별 평균 비용 (2026)",2364,6,477,KEEP
other,producer1,"음악 프로듀서 되는 방법 완전 가이드 — DAW 입문부터 포트폴리오까지",2511,19,496,KEEP
other,protools1,"Pro Tools 보컬 녹음 완전 가이드 — 업계 표준 DAW로 스튜디오급 녹음",2519,5,84,KEEP
city-ktx-visit,pyeongchang1,"평창에서 서울 녹음실 방문 가이드 — KTX 강릉선 평창역으로 당일 왕복",3231,0,0,NOINDEX_CANDIDATE
other,pyeongchon1,"평촌·범계·산본 녹음실 — 안양 신도시에서 연신내 스튜디오 놀 방문 가이드",3276,0,61,WATCH
other,pyeongtaek-jisan1,"평택 지산·서정·안중·고덕 녹음실 스튜디오 방문 가이드",3072,0,0,NOINDEX_CANDIDATE
other,pyeongtaek-songtan1,"평택시 송탄·팽성·진위·서정리 녹음실 — 1호선으로 연신내 스튜디오 놀 방문 가이드",3007,0,0,NOINDEX_CANDIDATE
other,pyeongtaek1,"평택·천안·아산 녹음실 — 경기 남부·충남에서 가까운 전문 보컬 레코딩 스튜디오",3114,0,0,NOINDEX_CANDIDATE
other,rap-recording1,"랩·힙합 보컬 녹음 완전 가이드 — 플로우·딕션·마이크 세팅",2742,6,114,KEEP
other,rap1,"랩 잘하는 방법 — 플로우·딕션·녹음까지 입문 완전 가이드",2332,0,0,NOINDEX_CANDIDATE
other,reaper1,"Reaper 보컬 녹음 완전 가이드 — 저렴하고 강력한 DAW로 고퀄리티 녹음",3026,0,0,NOINDEX_CANDIDATE
other,record-deal1,"음반사·레이블 계약 완전 가이드 — 뮤지션이 알아야 할 레코드 딜의 모든 것",2758,6,145,KEEP
other,recording-anxiety1,"녹음 긴장·마이크 공포 극복법 — 스튜디오에서 편안하게 보컬 녹음하기",2653,1,44,KEEP
other,recording-cost1,"보컬 녹음 비용 투명하게 알기 — 시간당·곡당·패키지별 요금 구조 설명",2528,0,0,NOINDEX_CANDIDATE
other,recording-environment1,"녹음 환경 완전 가이드 — 흡음·방음·룸 어쿠스틱의 모든 것",3132,6,155,KEEP
other,recording-preparation1,"녹음 준비 완전 가이드 — 스튜디오 세션 전날부터 당일까지 완벽 체크리스트",2514,0,0,NOINDEX_CANDIDATE
other,recording-price1,"보컬 녹음·믹싱·마스터링 비용 — 2026 스튜디오 가격 기준표",2449,15,606,KEEP
other,recordingday1,"녹음 당일 완벽 루틴 — 스튜디오 방문 전 준비 체크리스트",2114,0,4,WATCH_LOW
other,rehearsal1,"합주실 vs 녹음실 차이 — 목적에 맞는 공간 선택 가이드",2296,0,0,NOINDEX_CANDIDATE
other,release-timeline1,"음원 발매 타임라인 완전 가이드 — 발매 D-8주부터 D-Day까지 단계별 계획",4149,0,0,NOINDEX_CANDIDATE
other,release1,"음원 발매 가이드 — 멜론·스포티파이에 내 음악을 올리는 전 과정",2853,0,0,NOINDEX_CANDIDATE
other,remotedir1,"원격 보컬 디렉팅이란 — 온라인으로 받는 보컬 디렉팅 서비스 완전 가이드",2301,0,0,NOINDEX_CANDIDATE
other,resonance1,"보컬 공명 훈련 완전 가이드 — 풍성하고 울리는 목소리 만드는 방법",2357,0,0,NOINDEX_CANDIDATE
other,revenue1,"스트리밍 수익 계산 방법 — 멜론·스포티파이 음원 수익 현실적으로 알기",4711,18,622,KEEP
other,reverb-guide1,"리버브 완전 가이드 — 보컬·악기 리버브 선택과 설정 방법",3202,0,0,NOINDEX_CANDIDATE
other,reverb-mixing1,"리버브 믹싱 완전 가이드 — 보컬·악기별 리버브 설정과 활용법",3022,11,329,KEEP
other,reverb-types1,"리버브 종류 완전 가이드 — 홀·룸·플레이트·스프링 리버브 차이와 보컬 활용법",2827,4,201,KEEP
other,reverb1,"보컬 리버브 완전 가이드 — 홀·룸·플레이트 차이와 보컬 믹싱 리버브 설정",2973,2,254,KEEP
other,review1,"결혼식 축가 녹음 후기 — 연신내 스튜디오 놀에서 완성한 특별한 선물",1438,0,0,NOINDEX_CANDIDATE
other,review2,"성우 지망생 포트폴리오 녹음 후기 — 내레이션·캐릭터 보이스 세션 경험",1645,0,23,WATCH
other,review3,"인디 보컬리스트의 셀프 디지털 싱글 녹음기 — 스튜디오 놀 세션 후기",1761,0,8,WATCH_LOW
other,review4,"90페이지 에세이를 직접 낭독했습니다 — 3일 오디오북 녹음 후기",1854,0,0,NOINDEX_CANDIDATE
other,review5,"음원 발매까지 한 번에 — 연신내 스튜디오 놀 믹싱·마스터링 의뢰 후기",1525,0,4,WATCH_LOW
other,review6,"연신내·불광·은평구 녹음실 비교 — 전문 스튜디오를 고를 때 체크해야 할 것들",2347,0,12,WATCH
other,review7,"앨범 믹싱·마스터링 의뢰 후기 — ""디지털 싱글이 완전히 달라졌습니다""",1124,0,0,NOINDEX_CANDIDATE
other,review8,"연습실 입주 3개월 후기 — ""월 36만원으로 나만의 작업실을 갖다""",1269,0,0,NOINDEX_CANDIDATE
other,review9,"음악 프로덕션 레슨 6개월 후기 — ""MIDI부터 음원 발매까지 혼자 해냈습니다""",1453,0,11,WATCH
other,rhythm-training1,"보컬 리듬 트레이닝 완전 가이드 — 그루브와 타이밍 감각 키우기",2937,2,72,KEEP
other,rnb-production1,"R&B 프로덕션 — 셔플 드럼·재즈 코드·보컬 레이어링 제작법",4126,0,41,WATCH
other,rnb-vocal1,"R&B 보컬 녹음 완전 가이드 — 멜리스마·런·애드립 레코딩 기법",2773,0,0,NOINDEX_CANDIDATE
other,rnb1,"알앤비·소울 보컬 녹음 가이드 — 멜리스마·애드립·레이어 사운드 완성하기",2805,0,0,NOINDEX_CANDIDATE
other,rock-production1,"록 음악 제작 완전 가이드 — 기타·드럼·보컬 레코딩과 록 사운드 완성",3019,0,0,NOINDEX_CANDIDATE
other,rock-vocal1,"록 보컬 녹음 완전 가이드 — 파워 록·메탈·인디 록 보컬 레코딩 기법",2906,0,0,NOINDEX_CANDIDATE
other,room-acoustic1,"룸 어쿠스틱 처리 — 흡음재·확산재·베이스 트랩 배치 방법",2223,0,39,WATCH
other,royalty1,"음악 저작권료 받는 방법 — KOMCA 등록과 저작인접권 완전 가이드",3136,0,0,NOINDEX_CANDIDATE
other,runs1,"보컬 런·애드립 훈련 — 멜리스마 기초와 화려한 패시지 기법",2282,1,22,KEEP
city-ktx-visit,sacheon1,"사천에서 서울 녹음실 방문 가이드 — KTX 진주역 경유로 스튜디오 놀 당일 왕복",3054,0,0,NOINDEX_CANDIDATE
other,sadang1,"사당·방배·노량진 근처 녹음실 — 동작구에서 연신내 스튜디오 놀 방문 가이드",2341,0,0,NOINDEX_CANDIDATE
city-ktx-visit,samcheok1,"삼척에서 서울 녹음실 방문 가이드 — KTX 동해역 또는 강릉역 경유",3316,0,0,NOINDEX_CANDIDATE
other,sample-rate1,"샘플레이트·비트뎁스 선택법 — 44.1kHz·48kHz·24bit 녹음 설정 비교",2290,12,511,KEEP
other,sampling-guide1,"샘플링 음악 제작 실전 가이드 — 샘플팩 저작권, 루프 편집, 초퍼 기법",3082,4,139,KEEP
city-ktx-visit,sancheong1,"산청에서 서울 녹음실 방문 가이드 — KTX 동대구역 또는 창원중앙역 경유",3072,0,0,NOINDEX_CANDIDATE
other,sangam-dmc1,"상암동·DMC·수색동 녹음실 — 6호선으로 연신내 스튜디오 놀 방문 가이드",3158,0,27,WATCH
other,sangam1,"상암·DMC 근처 녹음실 — 마포구 방송국 지역에서 연신내 스튜디오 놀 방문 가이드",3070,0,0,NOINDEX_CANDIDATE
other,sanggye1,"상계·중계·하계·공릉 녹음실 — 노원구 동부에서 연신내 스튜디오 놀 방문 가이드",3300,0,25,WATCH
city-ktx-visit,sangju1,"상주에서 서울 녹음실 방문 가이드 — KTX 김천구미역 경유로 스튜디오 놀 당일 왕복",3044,0,0,NOINDEX_CANDIDATE
other,saturation1,"새추레이션(Saturation) 완전 가이드 — 보컬·믹스에 아날로그 따뜻함 더하기",2511,0,42,WATCH
other,scat-singing1,"스캣 보컬 완전 가이드 — 재즈 스캣·즉흥 보컬 테크닉",2973,0,0,NOINDEX_CANDIDATE
city-ktx-visit,sejong1,"세종에서 서울 녹음실 방문 가이드 — KTX 오송역으로 스튜디오 놀 당일 왕복",1166,0,0,NOINDEX_CANDIDATE
other,self-recording1,"셀프 보컬 녹음 완전 가이드 — 혼자서 고퀄리티 보컬 녹음하기",2654,5,57,KEEP
other,selfmix1,"셀프 믹싱 vs 전문 믹싱 의뢰 — 내 음악에 맞는 선택 기준",2493,0,0,NOINDEX_CANDIDATE
other,selfrecord1,"보컬 셀프 녹음 방법 — 집에서 혼자 보컬 녹음하는 완전 가이드",2505,0,0,NOINDEX_CANDIDATE
city-ktx-visit,seocheon1,"서천에서 서울 녹음실 방문 가이드 — KTX 익산역 경유로 당일 왕복",3019,0,0,NOINDEX_CANDIDATE
seoul-district-studio,seocho-banpo1,"서초구 반포·잠원·서초동 녹음실 — 3호선·9호선으로 연신내 스튜디오 놀 방문 가이드",3445,0,21,WATCH
seoul-district-studio,seocho-yangjae1,"서초구 양재·우면·매봉 녹음실 — 3호선으로 연신내 스튜디오 놀 직통 가이드",3270,0,0,NOINDEX_CANDIDATE
other,seocho1,"서초구 녹음실 — 강남·서초·방배·양재에서 연신내까지",3593,0,0,NOINDEX_CANDIDATE
other,seochon1,"서촌·사직·무악재·독립문 녹음실 — 3호선으로 연신내 스튜디오 놀 방문 가이드",3105,0,0,NOINDEX_CANDIDATE
seoul-district-studio,seodaemun-yeonhui1,"서대문구 연희·연남·창천동 녹음실 — 2호선·6호선으로 연신내 스튜디오 놀 방문 가이드",3123,0,0,NOINDEX_CANDIDATE
other,seodaemun1,"서대문구 녹음실 — 홍제·홍은·남가좌·북가좌 주민을 위한 전문 스튜디오",3565,2,11,KEEP
other,seogwipo1,"서귀포·제주 서귀포시 녹음실 — 서귀포에서 연신내 스튜디오 놀까지",2311,0,0,NOINDEX_CANDIDATE
seoul-district-studio,seongbuk-anam1,"성북구 안암동·종암동·길음동 녹음실 — 6호선으로 연신내 스튜디오 놀 방문 가이드",3189,0,0,NOINDEX_CANDIDATE
seoul-district-studio,seongbuk-donam1,"성북구 돈암·성신여대·삼선동 녹음실 — 4호선으로 연신내 스튜디오 놀 방문 가이드",3110,0,0,NOINDEX_CANDIDATE
other,seongbuk1,"성북구·동대문구 녹음실 — 성신여대·미아·청량리·전농에서 가까운 전문 스튜디오",3222,0,31,WATCH
seoul-district-studio,seongdong-wangsimni1,"성동구 왕십리·마장·행당 녹음실 — 2호선·5호선으로 연신내 스튜디오 놀 방문 가이드",3023,0,13,WATCH
other,seongdong1,"성동구 녹음실 — 왕십리·성수·금호·행당에서 연신내까지",3238,0,0,NOINDEX_CANDIDATE
city-ktx-visit,seongju1,"성주에서 서울 녹음실 방문 가이드 — KTX 김천구미역 경유로 당일 왕복",2804,0,0,NOINDEX_CANDIDATE
other,seongnam-jungwon1,"성남 중원구 금광·중동·상대원·모란 녹음실",3224,0,0,NOINDEX_CANDIDATE
other,seongnam-sujeong1,"성남 수정구·중원구·신흥·단대·은행 녹음실",3220,0,0,NOINDEX_CANDIDATE
other,seongnam1,"성남·분당·판교 녹음실 — 판교·정자·야탑에서 서울 전문 스튜디오 이용 가이드",3153,0,0,NOINDEX_CANDIDATE
other,seongsan1,"망원·성산·연희·홍제 녹음실 — 6호선·3호선으로 연신내 스튜디오 놀 방문 가이드",3047,0,0,NOINDEX_CANDIDATE
other,seongsu1,"성수동·뚝섬 근처 녹음실 — 성동구에서 연신내 스튜디오 놀 방문 가이드",3075,0,31,WATCH
city-ktx-visit,seosan1,"서산·태안에서 서울 녹음실 방문 가이드 — 고속버스로 스튜디오 놀 이용하기",3033,0,0,NOINDEX_CANDIDATE
other,seoul-metro-guide1,"수도권 지하철로 연신내 녹음실 방문 가이드 — 서울·경기·인천에서 스튜디오 놀까지",4766,0,27,WATCH
other,seoul1,"서울 녹음실 — 강남·강북·마포·홍대·연신내 등 서울 전 지역에서 스튜디오 놀 방문 가이드",2873,1,69,KEEP
other,session-musician1,"세션 뮤지션 완전 가이드 — 세션 연주자·세션 싱어 활동 방법과 준비 전략",4654,4,276,KEEP
other,session1,"녹음 세션 준비 체크리스트 — 목 관리·MR 파일·스튜디오 첫 방문 전 확인",2622,0,46,WATCH
other,shorts-reels-music1,"인스타그램 릴스·유튜브 쇼츠 음악 마케팅 완전 가이드",2357,0,0,NOINDEX_CANDIDATE
other,sidechain1,"사이드체인 컴프레션 완전 가이드 — 보컬과 반주의 공간 분리",2965,2,98,KEEP
other,siheung-baegot1,"시흥 배곧신도시 녹음실 — 4호선·서해선으로 연신내 스튜디오 놀 방문 가이드",2992,0,22,WATCH
other,siheung-eungye1,"시흥 은계·정왕·장현·목감 녹음실 — 서해선·4호선으로 연신내 스튜디오 놀 방문 가이드",3119,1,14,KEEP
city-ktx-visit,siheung1,"시흥에서 서울 녹음실 방문 가이드 — 4호선으로 연신내까지 50분",3115,0,11,WATCH
seoul-district-studio,sillim1,"신림·서울대입구 근처 녹음실 — 관악구에서 연신내 스튜디오 놀 방문 가이드",2563,3,69,KEEP
city-ktx-visit,sinan1,"신안에서 서울 녹음실 방문 가이드 — KTX 목포역 또는 나주역 경유",3451,0,0,NOINDEX_CANDIDATE
other,sinchon1,"신촌·연세대·이화여대 근처 녹음실 — 연신내 스튜디오 놀 방문 가이드",3253,0,0,NOINDEX_CANDIDATE
other,sindang1,"신당·황학·약수·청구 녹음실 — 중구 동부에서 연신내 스튜디오 놀 방문 가이드",3147,0,0,NOINDEX_CANDIDATE
other,sindorim1,"신도림·구로디지털단지 근처 녹음실 — 구로구에서 연신내 스튜디오 놀 방문 가이드",3196,0,0,NOINDEX_CANDIDATE
other,singapp1,"보컬 연습 앱 추천 — 노래 실력 향상을 위한 최고의 앱 모음",3124,0,0,NOINDEX_CANDIDATE
other,singer-songwriter1,"싱어송라이터 녹음 완전 가이드 — 혼자서 만들고 녹음하는 방법",2397,1,41,KEEP
other,singer1,"싱어송라이터 녹음 가이드 — 혼자 만든 곡을 완성도 있는 음원으로 만드는 법",2985,1,10,KEEP
other,singil1,"신길·문래·양평·당산 녹음실 — 영등포구 내부에서 연신내 스튜디오 놀 방문 가이드",3240,0,28,WATCH
other,singing-lesson1,"보컬 레슨 완전 가이드 — 보컬 레슨 선택 방법과 효과적인 연습 루틴",2289,0,0,NOINDEX_CANDIDATE
other,single-release1,"싱글 발매 방법 — 디지털 발매 절차·타임라인·체크리스트",2831,9,330,KEEP
other,singswell1,"노래 잘하는 방법 — 보컬 실력을 올리는 5가지 핵심 원칙",3620,0,0,NOINDEX_CANDIDATE
other,sinjeong1,"신정·신월·화곡·까치산 녹음실 — 양천구 서부에서 연신내 스튜디오 놀 방문 가이드",3201,0,4,WATCH_LOW
other,sinsa1,"신사·가로수길·논현·압구정 녹음실 — 3호선으로 연신내 스튜디오 놀 방문 가이드",3075,0,0,NOINDEX_CANDIDATE
other,siryummusic1,"실용음악과 입시 준비 완전 가이드 — 보컬 전공 입시부터 데모 녹음까지",2513,3,201,KEEP
other,smartphone-recording1,"스마트폰 보컬 녹음 완전 가이드 — iPhone·Galaxy로 고퀄리티 녹음",2777,5,71,KEEP
other,snsmusic1,"인디 뮤지션 SNS 마케팅 가이드 — 인스타그램·유튜브·틱톡으로 팬 만들기",3126,1,59,KEEP
city-ktx-visit,sokcho1,"속초에서 서울 녹음실 방문 가이드 — 고속버스 또는 KTX 강릉선 환승",3474,1,71,KEEP
other,solo-album1,"혼자 앨범 내는 방법 — 작곡부터 음원 유통까지 현실적인 순서",3589,0,0,NOINDEX_CANDIDATE
other,song-choice1,"노래 선곡 완전 가이드 — 녹음·오디션·공연에 맞는 곡 고르는 법",3933,0,0,NOINDEX_CANDIDATE
other,song-key1,"나에게 맞는 노래 키 찾는 방법 — 음역대별 최적 키 설정 가이드",3973,31,651,KEEP
other,songdo1,"송도·인천 연수구 녹음실 — 송도국제도시에서 연신내까지",3182,0,0,NOINDEX_CANDIDATE
other,songpa-sincheon1,"송파구 신천·잠실본동·방이·오금 녹음실",3114,0,14,WATCH
other,songpa1,"송파구·강동구·강남구 녹음실 — 잠실·강남·천호에서 가까운 전문 스튜디오",3271,0,0,NOINDEX_CANDIDATE
other,songstructure1,"프리코러스·코러스·브릿지 차이 — K팝 곡 구조 한눈에 정리",4310,24,1921,KEEP
other,songwriting1,"초보자 작곡법 완전 가이드 — 악보·이론 몰라도 첫 곡 완성하는 7단계",4640,5,271,KEEP
other,soul-vocal1,"소울 보컬 완전 가이드 — 소울 창법·그루브·감성 표현 테크닉",2759,0,0,NOINDEX_CANDIDATE
other,sound-design1,"사운드 디자인 입문 — 신스 가산·FM 합성으로 원하는 소리 만드는 방법",2808,1,92,KEEP
other,sound-engineer1,"사운드 엔지니어 되는 방법 완전 가이드 — 레코딩·믹싱 엔지니어 커리어 로드맵",2404,3,84,KEEP
other,soundcloud1,"사운드클라우드 음원 업로드·공유 완전 가이드 — 인디 아티스트를 위한 활용법",2490,0,0,NOINDEX_CANDIDATE
other,soundproof-rehearsal-seoul1,"서울 방음 합주실 — 제대로 방음되는 곳 고르는 법",18000,16,378,KEEP
other,soundproof1,"홈 레코딩 방음 방법 — 집에서 녹음 소음 줄이기 완전 가이드",3208,0,0,NOINDEX_CANDIDATE
other,spatial-audio1,"돌비 애트모스·공간 음향 믹싱 — 스테레오 vs 3D 이머시브 오디오 차이",3123,0,84,WATCH
other,spectrum-analyzer1,"스펙트럼 분석기 완전 가이드 — 믹싱·마스터링에서 주파수 시각화 활용법",3148,0,0,NOINDEX_CANDIDATE
other,ssl-bus1,"SSL G-Bus 컴프레서 완전 가이드 — 믹스 버스 컴프레션의 표준",3199,0,0,NOINDEX_CANDIDATE
other,stage-vocal1,"무대 보컬·공연 보컬 완전 가이드 — 라이브 퍼포먼스를 위한 보컬 준비법",3083,3,49,KEEP
other,stagefright1,"보컬 긴장 극복 방법 — 무대 불안과 녹음 긴장을 이기는 완전 가이드",2859,0,0,NOINDEX_CANDIDATE
other,stem-mastering1,"스템 마스터링 완전 가이드 — 스템별 분리 납품과 마스터링 방법",2575,1,52,KEEP
other,stem-mixing1,"스템 믹싱 완전 가이드 — 스템 파일 준비부터 그룹 믹싱까지",3308,6,245,KEEP
other,stemfile1,"녹음 파일 납품 형식 완전 가이드 — WAV·스템·믹스다운 파일 이해하기",2808,1,77,KEEP
other,stereo-imaging1,"스테레오 이미징 완전 가이드 — 믹스 폭·깊이·공간감 만드는 실전 기법",2869,0,0,NOINDEX_CANDIDATE
other,store-bgm1,"매장 음악 저작권 총정리 — 카페·식당 BGM 합법적으로 트는 방법",2810,1,207,KEEP
other,streaming-algorithm1,"스포티파이·멜론 알고리즘 공략 — 발매 초기 48시간 노출 전략",3896,9,528,KEEP
other,streaming-optimization1,"스트리밍 플랫폼 최적화 완전 가이드 — 멜론·스포티파이·유튜브 음원 노출 전략",3858,4,170,KEEP
other,streaming-platforms1,"음악 스트리밍 플랫폼 완전 비교 — 멜론·지니·스포티파이·애플뮤직·유튜브뮤직 차이점",3481,0,0,NOINDEX_CANDIDATE
other,streaming-release1,"스트리밍 음악 출시 완전 가이드 완전 가이드",2627,0,0,NOINDEX_CANDIDATE
other,streaming-revenue1,"스트리밍 수익 극대화 완전 가이드 — 멜론·스포티파이·유튜브 음원 수익 전략",3332,0,0,NOINDEX_CANDIDATE
other,streaming1,"음원 스트리밍 수익 구조 완전 가이드 — 멜론·스포티파이 정산 방법",2796,0,0,NOINDEX_CANDIDATE
other,string-arrangement1,"현악 편곡 완전 가이드 — 팝·발라드·영화음악을 위한 스트링 어레인지먼트",3461,0,25,WATCH
other,strings-recording1,"현악기·관악기 레코딩 완전 가이드 — 스트링·브라스·목관 녹음 기법",3390,0,0,NOINDEX_CANDIDATE
other,studio-checklist1,"스튜디오 방문 체크리스트 — 녹음 세션 전 준비해야 할 모든 것",3734,0,16,WATCH
other,studio-compare1,"서울 녹음실 비교 — 홍대·합정·연신내·강남 스튜디오 선택 기준",2175,8,247,KEEP
other,studio-etiquette1,"녹음실 에티켓 — 예약·세션 중 소통·장비 사용 주의사항",2416,0,17,WATCH
other,studio-monitor1,"스튜디오 모니터 스피커 완전 가이드 — 니어필드 모니터 선택과 청음 환경 세팅",2860,0,0,NOINDEX_CANDIDATE
other,studioone1,"Studio One 보컬 녹음 완전 가이드 — PreSonus DAW로 직관적인 녹음",3633,5,121,KEEP
other,suji1,"수지·기흥·동백 근처 녹음실 — 용인시에서 연신내 스튜디오 놀 방문 가이드",3262,2,29,KEEP
city-ktx-visit,sunchang1,"순창에서 서울 녹음실 방문 가이드 — KTX 전주역 또는 남원역 경유",3415,0,0,NOINDEX_CANDIDATE
city-ktx-visit,suncheon1,"순천·여수·광양에서 서울 녹음실 방문 가이드 — SRT·KTX로 스튜디오 놀 이용하기",2942,0,0,NOINDEX_CANDIDATE
other,sungak1,"성악과 보컬의 차이 — 클래식 발성 vs 팝 발성 완전 비교 가이드",2459,0,0,NOINDEX_CANDIDATE
other,suseo1,"수서·개포·일원·세곡 녹음실 — 강남구 동부에서 연신내 스튜디오 놀 방문 가이드",3280,0,30,WATCH
other,suseong1,"수성구·동대구·범어 녹음실 — 대구 동부에서 서울 연신내 스튜디오 놀 방문 가이드",3178,0,19,WATCH
other,suwon-gwonseon1,"수원시 권선구 녹음실 — 수원역·세류역·고색역에서 연신내 스튜디오 놀 방문 가이드",3090,2,19,KEEP
other,suwon-jangan1,"수원 장안구·팔달구·권선구 녹음실 — 1호선으로 연신내 스튜디오 놀 방문 가이드",3075,0,0,NOINDEX_CANDIDATE
other,suwon-paldal1,"수원 팔달구·권선구 녹음실 — 수원역·화서역·세류역에서 연신내 스튜디오 놀 방문 가이드",3155,0,0,NOINDEX_CANDIDATE
other,suwon-yeongtong1,"수원 영통·광교·망포 녹음실 — 수원 동부·광교신도시에서 연신내 스튜디오 놀 방문 가이드",3016,0,0,NOINDEX_CANDIDATE
other,suwon1,"수원·안양·군포 녹음실 — 경기 남부에서 서울 전문 스튜디오 이용 가이드",3064,1,25,KEEP
other,sync-licensing1,"음악 싱크 라이센싱 완전 가이드 — 광고·영화·드라마·유튜브 배경음악 등록 방법",2582,2,65,KEEP
other,synth-programming1,"신스 프로그래밍 기초 — ADSR·오실레이터·필터·LFO 파라미터 설정법",3143,1,61,KEEP
city-ktx-visit,taean1,"태안에서 서울 녹음실 방문 가이드 — 고속버스 또는 KTX 천안아산역 경유",2908,0,1,WATCH_LOW
city-ktx-visit,taebaek1,"태백에서 서울 녹음실 방문 가이드 — KTX 동해역 경유 또는 버스",3279,0,0,NOINDEX_CANDIDATE
other,tiktok-music1,"틱톡 음악 업로드·보컬 활동 가이드 — 팔로워 없어도 노출되는 방법",2349,0,0,NOINDEX_CANDIDATE
other,tone-color1,"보컬 음색(Tone Color) 개발 가이드 — 나만의 목소리 특성 찾기와 음색 강화 훈련",2573,0,0,NOINDEX_CANDIDATE
city-ktx-visit,tongyeong1,"통영·거제에서 서울 녹음실 방문 가이드 — 고속버스 또는 창원 KTX 환승",3339,1,56,KEEP
other,track-order1,"앨범·EP 트랙 순서 결정 완전 가이드 — 곡 배열로 리스너 경험 설계하기",2680,0,0,NOINDEX_CANDIDATE
other,transcription1,"악보 없이 코드 찾는 방법 — 채보 기초 가이드 (귀로 음악 파악하기)",2665,0,0,NOINDEX_CANDIDATE
other,transient1,"트랜지언트 쉐이퍼 완전 가이드 — 어택과 서스테인 정밀 제어",3422,1,139,KEEP
other,transpose1,"노래 키 찾는 법 — 내 음역에 맞는 키 설정과 전조 방법",3016,3,324,KEEP
other,trap-production1,"트랩 음악 제작 완전 가이드 — 트랩 비트 만들기·808·하이햇 프로그래밍",2995,1,191,KEEP
other,trap1,"트랩 비트 제작 완전 가이드 — 드럼 패턴·808·신스 프로그래밍",3107,0,0,NOINDEX_CANDIDATE
other,trot-music1,"트로트 음악 제작 완전 가이드 — 뽕끼·엔카 리듬·트로트 보컬 녹음",4855,0,0,NOINDEX_CANDIDATE
other,trot-vocal1,"트로트 보컬 녹음 완전 가이드 — 꺾기·시김새·바이브레이션 표현과 녹음 기법",2817,0,0,NOINDEX_CANDIDATE
other,trot1,"트로트·성인가요 녹음 — 바이브레이션·꺾기·멜리스마 표현 살리기",2335,0,38,WATCH
other,tutorial1,"스튜디오 녹음 처음 해봤어요 — 첫 녹음 세션 실제 후기와 과정",2305,0,0,NOINDEX_CANDIDATE
other,twang1,"트왕(Twang) 발성 완전 가이드 — 밝고 날카로운 목소리를 내는 발성 기술",2678,1,95,KEEP
other,uijeongbu-ganeung1,"의정부시 가능·의정부·회룡·흥선 녹음실 — 1호선으로 연신내 스튜디오 놀 방문 가이드",3185,0,0,NOINDEX_CANDIDATE
other,uijeongbu-minjak1,"의정부 민락·호원·장암·송산 녹음실 스튜디오 방문 가이드",3371,0,27,WATCH
other,uijeongbu1,"의정부·양주·동두천 녹음실 — 경기 북동부에서 서울 전문 스튜디오 이용 가이드",3141,2,11,KEEP
city-ktx-visit,uiryeong1,"의령에서 서울 녹음실 방문 가이드 — KTX 창원중앙역(마산) 또는 동대구역 경유",3058,0,0,NOINDEX_CANDIDATE
city-ktx-visit,uiseong1,"의성에서 서울 녹음실 방문 가이드 — KTX 동대구역 또는 안동역 경유",3033,0,0,NOINDEX_CANDIDATE
city-ktx-visit,uiwang1,"의왕에서 서울 녹음실 방문 가이드 — 1호선으로 연신내까지 50분",3008,0,0,NOINDEX_CANDIDATE
city-ktx-visit,uljin1,"울진에서 서울 녹음실 방문 가이드 — 고속버스 또는 포항역 KTX 경유",3089,0,0,NOINDEX_CANDIDATE
city-ktx-visit,ulleungdo1,"울릉도에서 서울 녹음실 방문 가이드 — 배·비행기로 연신내 스튜디오 놀까지",3385,0,0,NOINDEX_CANDIDATE
other,ulsan-namgu1,"울산 남구·삼산·무거·신정 녹음실 스튜디오 방문 가이드",3559,5,51,KEEP
city-ktx-visit,ulsan1,"울산에서 서울 녹음실 방문 가이드 — KTX로 스튜디오 놀 당일 왕복",1519,0,0,NOINDEX_CANDIDATE
other,vibrato1,"비브라토 넣는 방법 완전 가이드 — 자연스러운 비브라토 훈련법",4444,0,0,NOINDEX_CANDIDATE
other,vintage-sound1,"빈티지·아날로그 사운드 제작 — 테이프 새추레이션·에뮬레이션",2899,0,26,WATCH
other,viral-music-marketing1,"음악 바이럴 마케팅 완전 가이드 — 틱톡·릴스·쇼츠로 신곡 폭발적 노출 전략",3083,0,0,NOINDEX_CANDIDATE
other,vocal-agility1,"보컬 애지리티 완전 가이드 — 멜리스마·리프·런 연습 방법",2613,0,0,NOINDEX_CANDIDATE
other,vocal-arrangement1,"보컬 편곡 완전 가이드 — 보컬 하모니·레이어링·코러스 편곡 방법",2652,0,0,NOINDEX_CANDIDATE
other,vocal-automation1,"보컬 오토메이션 완전 가이드 — 볼륨·팬·센드 오토메이션으로 생동감 있는 믹스",3224,0,0,NOINDEX_CANDIDATE
other,vocal-breath1,"보컬 브레스 처리 완전 가이드 — 녹음 후 숨소리 편집 & 활용법",2839,0,0,NOINDEX_CANDIDATE
other,vocal-chain1,"보컬 신호 체인 완전 가이드 — 플러그인 순서와 믹싱 체인 구성",3110,1,236,KEEP
other,vocal-classification1,"보컬 음역 분류 완전 가이드 — 소프라노·메조·알토·테너·바리톤·베이스",3468,0,0,NOINDEX_CANDIDATE
other,vocal-comping1,"보컬 콤핑 완전 가이드 — 최고의 테이크를 골라 완벽한 보컬 만들기",2795,0,0,NOINDEX_CANDIDATE
other,vocal-compression1,"보컬 컴프레서 완전 가이드 — 설정값·비율·어택·릴리즈 실전 적용",3338,8,244,KEEP
other,vocal-delay1,"보컬 딜레이 완전 가이드 — 슬랩백·쿼터노트·핑퐁 딜레이 활용법",2901,0,0,NOINDEX_CANDIDATE
other,vocal-demo1,"보컬 데모 녹음 완전 가이드 — 기획사 오디션·포트폴리오 데모 만드는 방법",2507,0,0,NOINDEX_CANDIDATE
other,vocal-diction1,"보컬 발음·발성 완전 가이드 — 가사 전달력과 노래 발음 향상 방법",2683,0,0,NOINDEX_CANDIDATE
other,vocal-directing1,"보컬 디렉팅 완전 가이드 — 녹음 세션에서 최고의 보컬 퍼포먼스 이끌어내기",2804,8,248,KEEP
other,vocal-doubling1,"보컬 더블링으로 두꺼운 사운드 만드는 법 — 실제 더블트래킹 vs 플러그인 비교",2646,1,210,KEEP
other,vocal-editing1,"보컬 편집 완전 가이드 — DAW에서 보컬 다듬기와 컴핑",2632,3,45,KEEP
other,vocal-emotion1,"보컬 감정 표현 완전 가이드 — 노래로 감정을 전달하는 기법",2953,0,0,NOINDEX_CANDIDATE
other,vocal-endurance1,"보컬 지구력 훈련 — 발성 시간 점진 증가와 세션·공연 목소리 관리",2634,0,25,WATCH
other,vocal-eq1,"보컬 EQ 완전 가이드 — 주파수 대역별 보컬 처리 방법",3120,0,0,NOINDEX_CANDIDATE
other,vocal-falsetto1,"보컬 가성(팔세토) 완전 가이드 — 가성 내는 방법·훈련·혼성 연결",3077,0,0,NOINDEX_CANDIDATE
other,vocal-fatigue1,"보컬 피로 완전 가이드 — 목이 지친 날 회복하는 방법과 예방법",2692,0,0,NOINDEX_CANDIDATE
other,vocal-food1,"보컬 음식·음료 완전 가이드 — 목소리에 좋은 음식과 피해야 할 음식",2615,0,0,NOINDEX_CANDIDATE
other,vocal-fry1,"보컬 프라이(크리피 보이스) 발성법 완전 가이드",2573,0,0,NOINDEX_CANDIDATE
other,vocal-health1,"보컬 건강 관리 완전 가이드 — 성대 보호와 컨디션 유지 방법",2624,0,0,NOINDEX_CANDIDATE
other,vocal-improvisation1,"보컬 즉흥 연주(임프로바이제이션) 완전 가이드 — 재즈·R&B·팝 보컬 즉흥",2355,0,0,NOINDEX_CANDIDATE
other,vocal-layering1,"보컬 레이어링 완전 가이드 — 두께감 있는 보컬 사운드 만들기",2584,2,99,KEEP
other,vocal-lesson1,"보컬 레슨·보컬 코치 선택 완전 가이드 — 초보부터 프로까지 보컬 트레이닝",2670,1,109,KEEP
other,vocal-microphone1,"보컬 녹음용 마이크 추천 — 콘덴서·다이나믹·가격대별 비교",4282,23,619,KEEP
other,vocal-mixing1,"보컬 믹싱 완전 가이드 — EQ·컴프레서·리버브 세팅 실전 노하우",2902,10,340,KEEP
other,vocal-nutrition1,"보컬 식단·영양 관리 완전 가이드 — 가수·성악가를 위한 목소리 건강 식이요법",2716,8,150,KEEP
other,vocal-performance1,"보컬 퍼포먼스 완전 가이드 — 무대 위 노래 실력을 극대화하는 퍼포먼스 전략",2544,1,14,KEEP
other,vocal-phrasing1,"보컬 프레이징 기법 — 호흡 포인트·다이나믹·장르별 표현으로 노래 살리기",2754,1,71,KEEP
other,vocal-posture1,"보컬 자세 완전 가이드 — 올바른 발성 자세와 몸 사용법",3130,0,0,NOINDEX_CANDIDATE
other,vocal-practice-routine1,"보컬 연습 루틴 완전 가이드 — 매일 꾸준히 실력을 높이는 연습법",2719,0,31,WATCH
other,vocal-prep1,"보컬 녹음 전날 준비 체크리스트 — 목 관리부터 MR 파일 포맷까지",3491,1,44,KEEP
other,vocal-producer1,"보컬 프로듀서 완전 가이드 — 보컬 프로듀싱·디렉팅·편곡의 모든 것",3063,0,0,NOINDEX_CANDIDATE
other,vocal-range-extension1,"보컬 음역대 확장 완전 가이드 — 고음 내기·두성·혼성 발성 훈련 방법",3088,1,137,KEEP
other,vocal-range1,"보컬 음역대 확장 완전 가이드 — 고음과 저음을 안전하게 넓히는 훈련법",2820,1,60,KEEP
other,vocal-recording-guide1,"처음 보컬 녹음하는 법 — 스튜디오 예약부터 완성까지",4849,0,0,NOINDEX_CANDIDATE
other,vocal-recording-setup1,"보컬 녹음 세팅 완전 가이드 — 마이크 위치·팝필터·방음 설정 방법",2937,14,197,KEEP
other,vocal-recording-tips1,"보컬 녹음 팁 완전 가이드 — 녹음 당일 최고의 테이크를 위한 준비",3009,0,0,NOINDEX_CANDIDATE
other,vocal-resonance1,"보컬 공명 완전 가이드 — 흉성·구강·비강·두개골 공명 활용법과 훈련",2987,0,0,NOINDEX_CANDIDATE
other,vocal-reverb1,"보컬 리버브 완전 가이드 — 공간감과 깊이를 만드는 핵심 설정",2943,0,0,NOINDEX_CANDIDATE
other,vocal-runs1,"보컬 런(멜리스마) 완전 가이드 — R&B·가스펠 스타일 빠른 음 연결 기법",2895,0,0,NOINDEX_CANDIDATE
other,vocal-saturation1,"보컬 새추레이션 완전 가이드 — 하모닉 디스토션으로 보컬 존재감 강화",3756,1,96,KEEP
other,vocal-sleep1,"보컬 수면·성대 휴식 완전 가이드 — 녹음·공연 전후 성대 회복법",2659,0,0,NOINDEX_CANDIDATE
other,vocal-solo-recording1,"1인 보컬 녹음 — 솔로 아티스트의 스튜디오 활용 가이드",16072,2,89,KEEP
other,vocal-stacking1,"보컬 스태킹·코러스 보컬 완전 가이드 — 두꺼운 보컬 사운드 만들기",2893,0,0,NOINDEX_CANDIDATE
other,vocal-vibrato1,"보컬 비브라토 완전 가이드 — 비브라토 내는 방법·훈련·종류",3077,0,0,NOINDEX_CANDIDATE
other,vocal-warmup1,"보컬 워밍업 루틴 — 녹음·공연 전 립 트릴·허밍 15분 목 풀기",2716,1,98,KEEP
other,vocal1,"보컬 독학 vs 레슨 — 어느 쪽이 더 빠르게 실력을 올릴 수 있을까?",2414,2,73,KEEP
other,vocalcoach1,"좋은 보컬 코치 찾는 방법 — 보컬 선생님 선택 기준 완전 가이드",2444,2,14,KEEP
other,vocalfeedback1,"보컬 피드백 받는 방법 — 본인 노래를 객관적으로 평가하는 완전 가이드",2256,0,0,NOINDEX_CANDIDATE
other,vocalfood1,"보컬 녹음 전 먹으면 안 되는 음식 — 성대 보호를 위한 식단 가이드",2352,5,117,KEEP
other,vocalrange1,"내 보컬 음역대 확인 방법 — 소프라노·테너·바리톤 음역 찾는 완전 가이드",4830,21,482,KEEP
other,voice-acting1,"성우 녹음실 보이스 레코딩 — 내레이션·더빙·광고 마이킹과 딕션",2558,4,83,KEEP
other,voice-actor-demo1,"성우 지망생 데모 녹음 — 오디션 합격을 위한 데모 테이프 제작 가이드",15944,2,108,KEEP
other,voice-type1,"목소리 유형(보이스 타입) 완전 가이드 — 소프라노·알토·테너·바리톤·베이스 분류",2462,0,0,NOINDEX_CANDIDATE
other,voice1,"유튜브 나레이션 녹음 — 홈 마이크와 전문 스튜디오의 차이, 그리고 선택 기준",2205,0,0,NOINDEX_CANDIDATE
other,voiceactor1,"성우 지망생 입문 — 오디션·프리랜서·직업 준비 방법",2396,6,78,KEEP
other,voicecare1,"보컬리스트 성대 관리 루틴 — 수분·수면·식단 일상 습관 체크리스트",2675,0,70,WATCH
other,volume1,"성량 키우는 방법 완전 가이드 — 보컬 볼륨을 늘리는 발성 훈련",2730,0,0,NOINDEX_CANDIDATE
other,vst-guide1,"VST 플러그인 완전 가이드 — 보컬 녹음·믹싱 필수 플러그인 무료·유료 추천",2911,10,148,KEEP
city-ktx-visit,wando1,"완도에서 서울 녹음실 방문 가이드 — KTX 나주역 또는 목포역 경유",3398,1,6,KEEP
city-ktx-visit,wanju1,"완주에서 서울 녹음실 방문 가이드 — KTX 전주역 경유로 스튜디오 놀 당일 왕복",3227,0,12,WATCH
other,warmup1,"녹음 전 보컬 워밍업 루틴 — 성대를 준비하는 15분 루틴",3072,0,0,NOINDEX_CANDIDATE
other,wedding-song-fail1,"축가 녹음 실패하는 이유 TOP 5 — 스튜디오 엔지니어가 본 공통점",2608,0,0,NOINDEX_CANDIDATE
other,wedding-song-guide1,"결혼식 축가 녹음 준비 가이드 — D-30일부터 당일까지",3792,0,0,NOINDEX_CANDIDATE
other,wedding-song-recording-cost-comparison,"결혼식 축가 녹음 비용 비교: 셀프 녹음 vs 스튜디오 패키지",4339,0,0,NOINDEX_CANDIDATE
other,wedding-song1,"결혼식 축가 선곡 추천 — 하객 축가·신부 입장곡·서약 배경음악 완전 가이드",2354,0,0,NOINDEX_CANDIDATE
other,wedding2,"결혼식 축가 녹음 — 선곡·녹음 준비·식장 납품 파일 규격 한눈에",2073,1,60,KEEP
other,wirye1,"위례·하남·미사강변 녹음실 — 경기 동남부에서 연신내 스튜디오 놀 방문 가이드",3142,0,0,NOINDEX_CANDIDATE
seoul-district-studio,wolgyei1,"노원구 월계·광운대·석계·태릉 녹음실 — 1호선·6호선으로 연신내 스튜디오 놀 방문 가이드",2977,1,30,KEEP
city-ktx-visit,wonju1,"원주·강원도에서 서울 녹음실 방문 가이드 — KTX로 스튜디오 놀 당일 왕복",3095,0,15,WATCH
other,worship-recording1,"교회 찬양팀 음원 제작법 — 예배 보컬·악기 레코딩과 CCM 믹싱 절차",3196,3,48,KEEP
seoul-district-studio,yangcheon-omokgyo1,"양천구 오목교·신정·목4동 녹음실 — 5호선·2호선으로 연신내 스튜디오 놀 방문 가이드",3055,2,20,KEEP
other,yangcheon1,"양천구·강서구 녹음실 — 목동·화곡·마곡·발산에서 가까운 전문 스튜디오",3106,0,0,NOINDEX_CANDIDATE
city-ktx-visit,yanggu1,"양구에서 서울 녹음실 방문 가이드 — ITX-청춘 춘천역 경유로 당일 왕복",3253,0,6,WATCH_LOW
other,yangjae1,"양재·서초·강남역 근처 녹음실 — 서초구에서 연신내 스튜디오 놀 방문 가이드",3257,0,0,NOINDEX_CANDIDATE
other,yangju-deokgye1,"양주 덕계·옥정·고읍·회천 녹음실 — 7호선으로 연신내 스튜디오 놀 방문 가이드",3144,0,31,WATCH
city-ktx-visit,yangju1,"양주에서 서울 녹음실 방문 가이드 — 7호선 직통으로 당일 왕복",2936,0,0,NOINDEX_CANDIDATE
other,yangpyeong1,"양평·가평·춘천 녹음실 — 경기 동부·강원에서 연신내 스튜디오 놀 방문 가이드",3164,0,0,NOINDEX_CANDIDATE
city-ktx-visit,yangsan1,"양산에서 서울 녹음실 방문 가이드 — KTX 부산역 또는 울산역 경유",3239,0,7,WATCH_LOW
city-ktx-visit,yangyang1,"양양에서 서울 녹음실 방문 가이드 — KTX 강릉역 경유 3시간",3442,0,0,NOINDEX_CANDIDATE
city-ktx-visit,yecheon1,"예천에서 서울 녹음실 방문 가이드 — KTX 안동역 경유로 당일 왕복",2987,0,0,NOINDEX_CANDIDATE
city-ktx-visit,yeoju1,"여주에서 서울 녹음실 방문 가이드 — 수도권 전철 경강선으로 연신내 당일 왕복",2813,0,0,NOINDEX_CANDIDATE
other,yeoksam1,"역삼·선릉·삼성·도곡 녹음실 — 강남구 테헤란로에서 연신내 스튜디오 놀 방문 가이드",3209,0,36,WATCH
city-ktx-visit,yeoncheon1,"연천에서 서울 녹음실 방문 가이드 — 경원선 전철로 당일 왕복",3261,0,14,WATCH
city-ktx-visit,yeongam1,"영암에서 서울 녹음실 방문 가이드 — KTX 나주역 경유로 스튜디오 놀 당일 왕복",3180,0,0,NOINDEX_CANDIDATE
city-ktx-visit,yeongcheon1,"영천에서 서울 녹음실 방문 가이드 — KTX 동대구역 경유로 당일 왕복",2983,0,0,NOINDEX_CANDIDATE
city-ktx-visit,yeongdeok1,"영덕에서 서울 녹음실 방문 가이드 — KTX 포항역 또는 동대구역 경유",3068,0,0,NOINDEX_CANDIDATE
seoul-district-studio,yeongdeungpo-mullae1,"영등포구 문래·당산·양평 녹음실 — 2호선으로 연신내 스튜디오 놀 방문 가이드",2977,0,0,NOINDEX_CANDIDATE
other,yeongdeungpo1,"영등포구·구로구·금천구 녹음실 — 영등포·신도림·구로에서 가까운 전문 스튜디오",3107,0,0,NOINDEX_CANDIDATE
city-ktx-visit,yeongdong1,"영동에서 서울 녹음실 방문 가이드 — KTX 영동역(경부선) 당일 왕복",2862,0,0,NOINDEX_CANDIDATE
city-ktx-visit,yeonggwang1,"영광에서 서울 녹음실 방문 가이드 — KTX 광주역 경유로 당일 왕복",3487,0,0,NOINDEX_CANDIDATE
city-ktx-visit,yeongju1,"영주·봉화에서 서울 녹음실 방문 가이드 — KTX 중앙선 안동역 경유",2952,0,0,NOINDEX_CANDIDATE
other,yeongnam1,"연남동·성산동·망원동 녹음실 지역 스튜디오 방문 가이드",3031,0,0,NOINDEX_CANDIDATE
city-ktx-visit,yeongwol1,"영월에서 서울 녹음실 방문 가이드 — KTX 원주역 또는 제천역 기차 경유",3166,0,0,NOINDEX_CANDIDATE
city-ktx-visit,yeongyang1,"영양에서 서울 녹음실 방문 가이드 — KTX 안동역 경유로 방문",2792,0,0,NOINDEX_CANDIDATE
other,yeonsinnae-recording-studio-pricing-guide,"연신내 녹음 스튜디오 비용 완전 가이드 2026",4690,0,0,NOINDEX_CANDIDATE
seoul-district-studio,yeonsu1,"인천 연수구 연수·청학·동춘·문학 녹음실 — 인천1호선으로 연신내 스튜디오 놀 방문 가이드",3135,1,21,KEEP
city-ktx-visit,yeosu1,"여수에서 서울 녹음실 방문 가이드 — SRT 순천역 경유로 스튜디오 놀 당일 왕복",3576,0,0,NOINDEX_CANDIDATE
other,yeouido1,"여의도·영등포 근처 녹음실 — 연신내 스튜디오 놀 방문 가이드",3096,0,0,NOINDEX_CANDIDATE
city-ktx-visit,yesan1,"예산에서 서울 녹음실 방문 가이드 — KTX 홍성역(서해선) 경유로 당일 왕복",2815,0,0,NOINDEX_CANDIDATE
other,yongin-cheoin1,"용인 처인구 용인역·동백·남사·원삼 녹음실",3285,0,0,NOINDEX_CANDIDATE
seoul-district-studio,yongin-giheung1,"용인시 기흥구 기흥·보정·동천·구성 녹음실 — 신분당선으로 연신내 스튜디오 놀 방문 가이드",3033,0,0,NOINDEX_CANDIDATE
other,yongin1,"용인·수지·기흥·동탄 녹음실 — 경기 남부에서 연신내 스튜디오 놀 방문 가이드",3099,0,0,NOINDEX_CANDIDATE
seoul-district-studio,yongsan-hyochang1,"용산구 효창·청파·원효로 녹음실 — 6호선으로 연신내 스튜디오 놀 방문 가이드",3532,0,17,WATCH
other,yongsan1,"용산구·강북구 녹음실 — 이태원·한남·미아·수유에서 가까운 전문 레코딩 스튜디오",3267,0,0,NOINDEX_CANDIDATE
other,youtube-bgm1,"유튜브·크리에이터 BGM 제작 완전 가이드 — 저작권 없는 배경음악 직접 만들기",3758,0,0,NOINDEX_CANDIDATE
other,youtube-music-channel1,"유튜브 음악 채널 운영 완전 가이드 — 뮤지션이 구독자를 늘리는 방법",2244,0,0,NOINDEX_CANDIDATE
other,youtube-shorts1,"유튜브 쇼츠로 보컬·음악 활동하는 방법 — 노출 극대화 전략",2498,0,0,NOINDEX_CANDIDATE
other,youtube1,"유튜브 보컬·음원 녹음 — 커버곡·오리지널 콘텐츠 음질 향상 방법",2142,0,48,WATCH